root_id,event,thread_type,label,is_rumour,misinformation,true,is_turnaround,category
553529101659566080,charliehebdo-all-rnr-threads,rumours,unverified,rumour,0,0,0,An armed man has taken a hostage in a kosher store in Paris (Porte de Vincennes)
553587735613952001,charliehebdo-all-rnr-threads,rumours,true,rumour,0,1,0,The two Charlie Hebdo suspects have been killed in a police assault in Dammartin
552816932643405824,charliehebdo-all-rnr-threads,rumours,unverified,rumour,0,0,0,Four cartoonists were killed in the Charlie Hebdo attack
553515399438811136,charliehebdo-all-rnr-threads,rumours,true,rumour,0,1,0,The Charlie Hebdo suspects are holed up inside printing business in Dammartin
552808620187217920,charliehebdo-all-rnr-threads,rumours,true,rumour,0,1,0,The gunmen confronted/had a shoot-out with police outside Charlie Hebdo
552784882687299584,charliehebdo-all-rnr-threads,rumours,true,rumour,0,1,0,(At least) 10 people are dead at Charlie Hebdo offices
552786099899494400,charliehebdo-all-rnr-threads,rumours,unverified,rumour,0,0,0,""" Multiple""  gunmen were involved in the Charlie Hebdo attack"
552793551231541249,charliehebdo-all-rnr-threads,rumours,unverified,rumour,0,0,0,"The gunmen at Charlie Hebdo yelled, ""The Prophet is avenged"""
552986187364065281,charliehebdo-all-rnr-threads,rumours,false,rumour,1,0,0,Banksy drew a tribute to Charlie Hebdo featuring 3 red pencils
553152215050125313,charliehebdo-all-rnr-threads,rumours,true,rumour,0,1,0,Police officer shot at Montrouge has died of her injuries
553588106587545600,charliehebdo-all-rnr-threads,rumours,true,rumour,0,1,0,Several hostages have been freed in Porte de Vincennes
552795585095671808,charliehebdo-all-rnr-threads,rumours,unverified,rumour,0,0,0,The gunmen were asking for the journalists by name
553532980871053312,charliehebdo-all-rnr-threads,rumours,unverified,rumour,0,0,0,An armed man has taken a hostage in a kosher store in Paris (Porte de Vincennes)
552830864187727876,charliehebdo-all-rnr-threads,rumours,false,rumour,1,0,0,Three gunmen are on the run after the Charlie Hebdo attack
553486439129038848,charliehebdo-all-rnr-threads,rumours,false,rumour,1,0,0,Hostages have been taken (at a business) in Dammartin-en-Goele
552787231468191744,charliehebdo-all-rnr-threads,rumours,unverified,rumour,0,0,0,5 people have been injured in the Charlie Hebdo attack
553535221828964352,charliehebdo-all-rnr-threads,rumours,unverified,rumour,0,0,0,An armed man has taken a hostage in a kosher store in Paris (Porte de Vincennes)
553588993993232384,charliehebdo-all-rnr-threads,rumours,true,rumour,0,1,0,The two Charlie Hebdo suspects have been killed in a police assault in Dammartin
552795566242279424,charliehebdo-all-rnr-threads,rumours,true,rumour,0,1,0,Two (masked) gunmen were involved in the Charlie Hebdo attack
552978099357237248,charliehebdo-all-rnr-threads,rumours,false,rumour,1,0,0,Banksy drew a tribute to Charlie Hebdo featuring 3 red pencils
553502180666531840,charliehebdo-all-rnr-threads,rumours,false,rumour,1,0,0,Hostages have been taken (at a business) in Dammartin-en-Goele
552785375161499649,charliehebdo-all-rnr-threads,rumours,true,rumour,0,1,0,(At least) 10 people are dead at Charlie Hebdo offices
552801958428700672,charliehebdo-all-rnr-threads,rumours,unverified,rumour,0,0,0,Nine journalists died in the Charlie Hebdo attack
552800045096259584,charliehebdo-all-rnr-threads,rumours,unverified,rumour,0,0,0,"Attackers yelled out ""Allahu Akbar"" on their way out"
552828474814398464,charliehebdo-all-rnr-threads,rumours,unverified,rumour,0,0,0,"The gunmen said, ""You tell the media it was al-Qaeda in Yemen"""
553549686129561600,charliehebdo-all-rnr-threads,rumours,unverified,rumour,0,0,0,Kosher supermarket gunman is asking for release of Charlie Hebdo suspects
553537537126694912,charliehebdo-all-rnr-threads,rumours,true,rumour,0,1,0,There are at least five hostages in Porte de Vincennes kosher store
552786016906383360,charliehebdo-all-rnr-threads,rumours,true,rumour,0,1,0,(At least) 10 people are dead at Charlie Hebdo offices
552810804186460161,charliehebdo-all-rnr-threads,rumours,false,rumour,1,0,1,Stephane Charbonnier was critically injured in the Charlie Hebdo attack
553475729187680258,charliehebdo-all-rnr-threads,rumours,unverified,rumour,0,0,0,Shots have been fired (and a car chase taken place) in Dammartin-en-Goele
553533499643547648,charliehebdo-all-rnr-threads,rumours,unverified,rumour,0,0,0,There was gunfire at the Porte de Vincennes
552806757672964097,charliehebdo-all-rnr-threads,rumours,true,rumour,0,1,0,12 people died in connection with the Charlie Hebdo attack
553476600985948160,charliehebdo-all-rnr-threads,rumours,unverified,rumour,0,0,0,Shots have been fired (and a car chase taken place) in Dammartin-en-Goele
553137849663361024,charliehebdo-all-rnr-threads,rumours,false,rumour,1,0,0,Ahmed Merabet was the first victim of the Charlie Hebdo attack
553544252563935234,charliehebdo-all-rnr-threads,rumours,unverified,rumour,0,0,0,At least two dead in hostage-taking in Porte de Vincennes
552813461953323008,charliehebdo-all-rnr-threads,rumours,true,rumour,0,1,0,12 people died in connection with the Charlie Hebdo attack
553536236493615104,charliehebdo-all-rnr-threads,rumours,true,rumour,0,1,0,The gunman at the kosher store is linked to the killing of the police officer in Montrouge
553530558614351873,charliehebdo-all-rnr-threads,rumours,unverified,rumour,0,0,0,One person was injured in shootout in kosher store
553184958958022657,charliehebdo-all-rnr-threads,rumours,unverified,rumour,0,0,0,Two Charlie Hebdo suspects have been spotted (in a town/gas station in Northern France)
552786361758265344,charliehebdo-all-rnr-threads,rumours,true,rumour,0,1,0,(At least) 10 people are dead at Charlie Hebdo offices
553495922639122432,charliehebdo-all-rnr-threads,rumours,false,rumour,1,0,0,Hostages have been taken (at a business) in Dammartin-en-Goele
552996335319007233,charliehebdo-all-rnr-threads,rumours,false,rumour,1,0,0,Ahmed Merabet was the first victim of the Charlie Hebdo attack
553473416905629696,charliehebdo-all-rnr-threads,rumours,false,rumour,1,0,0,Hostages have been taken (at a business) in Dammartin-en-Goele
553552293371871233,charliehebdo-all-rnr-threads,rumours,unverified,rumour,0,0,0,At least two dead in hostage-taking in Porte de Vincennes
553479222434729984,charliehebdo-all-rnr-threads,rumours,unverified,rumour,0,0,0,Shots have been fired (and a car chase taken place) in Dammartin-en-Goele
553198972287082497,charliehebdo-all-rnr-threads,rumours,unverified,rumour,0,0,0,ID card of one of the Charlie Hebdo suspects found in car abandoned by gunmen
553480082996879360,charliehebdo-all-rnr-threads,rumours,false,rumour,1,0,0,At least one person has been killed (and several injured) in shootout with Charlie Hebdo suspects northeast of Paris
553536269972942849,charliehebdo-all-rnr-threads,rumours,true,rumour,0,1,0,There are at least five hostages in Porte de Vincennes kosher store
553529196216344576,charliehebdo-all-rnr-threads,rumours,unverified,rumour,0,0,0,An armed man has taken a hostage in a kosher store in Paris (Porte de Vincennes)
553488054640340992,charliehebdo-all-rnr-threads,rumours,unverified,rumour,0,0,0,Shots have been fired (and a car chase taken place) in Dammartin-en-Goele
552788945017516032,charliehebdo-all-rnr-threads,rumours,true,rumour,0,1,0,(At least) 10 people are dead at Charlie Hebdo offices
552818821460148226,charliehebdo-all-rnr-threads,rumours,unverified,rumour,0,0,0,Four cartoonists were killed in the Charlie Hebdo attack
553586897168392192,charliehebdo-all-rnr-threads,rumours,true,rumour,0,1,0,The two Charlie Hebdo suspects have been killed in a police assault in Dammartin
553557308937363458,charliehebdo-all-rnr-threads,rumours,false,rumour,1,0,0,There is a gunman/has been a shooting incident in Trocadero (police clearing the area)
553535829017370625,charliehebdo-all-rnr-threads,rumours,true,rumour,0,1,0,There are at least five hostages in Porte de Vincennes kosher store
552829580579323904,charliehebdo-all-rnr-threads,rumours,unverified,rumour,0,0,0,"The gunmen said, ""You tell the media it was al-Qaeda in Yemen"""
553535441828605953,charliehebdo-all-rnr-threads,rumours,true,rumour,0,1,0,There are at least five hostages in Porte de Vincennes kosher store
553530524183326720,charliehebdo-all-rnr-threads,rumours,true,rumour,0,1,0,The gunman at the kosher store is linked to the killing of the police officer in Montrouge
553551286793416704,charliehebdo-all-rnr-threads,rumours,true,rumour,0,1,0,The gunman at the kosher store is linked to the killing of the police officer in Montrouge
553587329626292224,charliehebdo-all-rnr-threads,rumours,true,rumour,0,1,0,The hostage in Dammartin has been freed following police assault
552791034447794176,charliehebdo-all-rnr-threads,rumours,true,rumour,0,1,0,11 people died during the Charlie Hebdo attack
553556984273072128,charliehebdo-all-rnr-threads,rumours,false,rumour,1,0,0,There is a gunman/has been a shooting incident in Trocadero (police clearing the area)
553540739058376704,charliehebdo-all-rnr-threads,rumours,unverified,rumour,0,0,0,"Kosher restaurants /Jewish shops (and schools, synagogues, etc.) are closing in Paris in wake of Porte de Vincennes hostage-taking"
553561170637238272,charliehebdo-all-rnr-threads,rumours,unverified,rumour,0,0,0,"Kosher restaurants /Jewish shops (and schools, synagogues, etc.) are closing in Paris in wake of Porte de Vincennes hostage-taking"
553469733656203264,charliehebdo-all-rnr-threads,rumours,false,rumour,1,0,0,Hostages have been taken (at a business) in Dammartin-en-Goele
553130148107943937,charliehebdo-all-rnr-threads,rumours,false,rumour,1,0,0,Banksy drew a tribute to Charlie Hebdo featuring 3 red pencils
553471987411324929,charliehebdo-all-rnr-threads,rumours,unverified,rumour,0,0,0,Shots have been fired (and a car chase taken place) in Dammartin-en-Goele
553542235661553665,charliehebdo-all-rnr-threads,rumours,unverified,rumour,0,0,0,At least two dead in hostage-taking in Porte de Vincennes
553477554041257985,charliehebdo-all-rnr-threads,rumours,false,rumour,1,0,0,Hostages have been taken (at a business) in Dammartin-en-Goele
553133704881917952,charliehebdo-all-rnr-threads,rumours,unverified,rumour,0,0,0,ID card of one of the Charlie Hebdo suspects found in car abandoned by gunmen
553532980896231424,charliehebdo-all-rnr-threads,rumours,true,rumour,0,1,0,The gunman at the kosher store is linked to the killing of the police officer in Montrouge
552982443511144448,charliehebdo-all-rnr-threads,rumours,false,rumour,1,0,0,Ahmed Merabet was the first victim of the Charlie Hebdo attack
553188382403477505,charliehebdo-all-rnr-threads,rumours,false,rumour,1,0,0,Banksy drew a tribute to Charlie Hebdo featuring 3 red pencils
552807210041212928,charliehebdo-all-rnr-threads,rumours,false,rumour,1,0,0,Stephane Charbonnier was critically injured in the Charlie Hebdo attack
553476471470432256,charliehebdo-all-rnr-threads,rumours,false,rumour,1,0,0,Hostages have been taken (at a business) in Dammartin-en-Goele
553541676229472256,charliehebdo-all-rnr-threads,rumours,unverified,rumour,0,0,0,At least two dead in hostage-taking in Porte de Vincennes
553588012752568321,charliehebdo-all-rnr-threads,rumours,true,rumour,0,1,0,The two Charlie Hebdo suspects have been killed in a police assault in Dammartin
552799640488517632,charliehebdo-all-rnr-threads,rumours,true,rumour,0,1,0,The gunmen confronted/had a shoot-out with police outside Charlie Hebdo
553515054503821312,charliehebdo-all-rnr-threads,rumours,true,rumour,0,1,0,Killing of Montrouge police officer is linked to Charlie Hebdo attack (or killer is linked to CH suspects)
553501773517033472,charliehebdo-all-rnr-threads,rumours,true,rumour,0,1,0,"A police operation (convoy, helicopters) is underway to catch the Charlie Hebdo suspects northeast of Paris"
552829386773516290,charliehebdo-all-rnr-threads,rumours,true,rumour,0,1,0,The attack took place during the (weekly) editorial meeting
552815274848964608,charliehebdo-all-rnr-threads,rumours,true,rumour,0,1,0,11 people died during the Charlie Hebdo attack
552799591255384065,charliehebdo-all-rnr-threads,rumours,unverified,rumour,0,0,0,"Attackers yelled out ""Allahu Akbar"" on their way out"
553512735192141826,charliehebdo-all-rnr-threads,rumours,true,rumour,0,1,0,Killing of Montrouge police officer is linked to Charlie Hebdo attack (or killer is linked to CH suspects)
553185370108878849,charliehebdo-all-rnr-threads,rumours,unverified,rumour,0,0,0,ID card of one of the Charlie Hebdo suspects found in car abandoned by gunmen
552805735885991936,charliehebdo-all-rnr-threads,rumours,unverified,rumour,0,0,0,5 people have been injured in the Charlie Hebdo attack
553176411541098499,charliehebdo-all-rnr-threads,rumours,false,rumour,1,0,0,Ahmed Merabet was the first victim of the Charlie Hebdo attack
553017543330648064,charliehebdo-all-rnr-threads,rumours,false,rumour,1,0,0,Ahmed Merabet was the first victim of the Charlie Hebdo attack
552783745565347840,charliehebdo-all-rnr-threads,rumours,true,rumour,0,1,0,(At least) 10 people are dead at Charlie Hebdo offices
553216909022605312,charliehebdo-all-rnr-threads,rumours,unverified,rumour,0,0,0,Two Charlie Hebdo suspects have been spotted (in a town/gas station in Northern France)
553475269873643520,charliehebdo-all-rnr-threads,rumours,true,rumour,0,1,0,"A police operation (convoy, helicopters) is underway to catch the Charlie Hebdo suspects northeast of Paris"
553544419602104320,charliehebdo-all-rnr-threads,rumours,unverified,rumour,0,0,0,At least two dead in hostage-taking in Porte de Vincennes
553529941938425857,charliehebdo-all-rnr-threads,rumours,unverified,rumour,0,0,0,An armed man has taken a hostage in a kosher store in Paris (Porte de Vincennes)
553536603998945280,charliehebdo-all-rnr-threads,rumours,true,rumour,0,1,0,There are at least five hostages in Porte de Vincennes kosher store
553476880339599360,charliehebdo-all-rnr-threads,rumours,true,rumour,0,1,0,"A police operation (convoy, helicopters) is underway to catch the Charlie Hebdo suspects northeast of Paris"
552783238415265792,charliehebdo-all-rnr-threads,rumours,true,rumour,0,1,0,(At least) 10 people are dead at Charlie Hebdo offices
553561452318322688,charliehebdo-all-rnr-threads,rumours,unverified,rumour,0,0,0,"Kosher restaurants /Jewish shops (and schools, synagogues, etc.) are closing in Paris in wake of Porte de Vincennes hostage-taking"
553472488462901248,charliehebdo-all-rnr-threads,rumours,unverified,rumour,0,0,0,Shots have been fired (and a car chase taken place) in Dammartin-en-Goele
553544694765215745,charliehebdo-all-rnr-threads,rumours,true,rumour,0,1,0,The gunman at the kosher store is linked to the killing of the police officer in Montrouge
552790371848040449,charliehebdo-all-rnr-threads,rumours,unverified,rumour,0,0,0,"The gunmen at Charlie Hebdo yelled, ""The Prophet is avenged"""
552983615747796994,charliehebdo-all-rnr-threads,rumours,false,rumour,1,0,0,Banksy drew a tribute to Charlie Hebdo featuring 3 red pencils
552801829290270720,charliehebdo-all-rnr-threads,rumours,unverified,rumour,0,0,0,"Attackers yelled out ""Allahu Akbar"" on their way out"
553551598954491904,charliehebdo-all-rnr-threads,rumours,true,rumour,0,1,0,The Kosher market suspect has links to the Charlie Hebdo suspects
553484365012148225,charliehebdo-all-rnr-threads,rumours,true,rumour,0,1,0,"A police operation (convoy, helicopters) is underway to catch the Charlie Hebdo suspects northeast of Paris"
553574501964079104,charliehebdo-all-rnr-threads,rumours,unverified,rumour,0,0,0,Kosher supermarket gunman is asking for release of Charlie Hebdo suspects
552979279039197186,charliehebdo-all-rnr-threads,rumours,false,rumour,1,0,0,Banksy drew a tribute to Charlie Hebdo featuring 3 red pencils
553144712920834048,charliehebdo-all-rnr-threads,rumours,unverified,rumour,0,0,0,Suspect Hamyd Mourad was in class at the time of the Charlie Hebdo shooting
553186555150749696,charliehebdo-all-rnr-threads,rumours,false,rumour,1,0,0,Banksy drew a tribute to Charlie Hebdo featuring 3 red pencils
552982613288157184,charliehebdo-all-rnr-threads,rumours,false,rumour,1,0,0,Banksy drew a tribute to Charlie Hebdo featuring 3 red pencils
553558513210105856,charliehebdo-all-rnr-threads,rumours,false,rumour,1,0,0,There is a gunman/has been a shooting incident in Trocadero (police clearing the area)
553221600955621376,charliehebdo-all-rnr-threads,rumours,true,rumour,0,1,0,Police officer shot at Montrouge has died of her injuries
553476073703620609,charliehebdo-all-rnr-threads,rumours,true,rumour,0,1,0,"A police operation (convoy, helicopters) is underway to catch the Charlie Hebdo suspects northeast of Paris"
553506608203169792,charliehebdo-all-rnr-threads,rumours,true,rumour,0,1,0,The Charlie Hebdo suspects are holed up inside printing business in Dammartin
552807528070131712,charliehebdo-all-rnr-threads,rumours,unverified,rumour,0,0,0,"The gunmen at Charlie Hebdo yelled, ""The Prophet is avenged"""
552791115599192064,charliehebdo-all-rnr-threads,rumours,unverified,rumour,0,0,0,""" Multiple""  gunmen were involved in the Charlie Hebdo attack"
553137946740932608,charliehebdo-all-rnr-threads,rumours,unverified,rumour,0,0,0,Two Charlie Hebdo suspects have been spotted (in a town/gas station in Northern France)
553470733180223489,charliehebdo-all-rnr-threads,rumours,unverified,rumour,0,0,0,Shots have been fired (and a car chase taken place) in Dammartin-en-Goele
552788886355996672,charliehebdo-all-rnr-threads,rumours,true,rumour,0,1,0,(At least) 10 people are dead at Charlie Hebdo offices
553477692591726592,charliehebdo-all-rnr-threads,rumours,false,rumour,1,0,0,At least one person has been killed (and several injured) in shootout with Charlie Hebdo suspects northeast of Paris
553585504093224962,charliehebdo-all-rnr-threads,rumours,true,rumour,0,1,0,The Kosher market suspect has links to the Charlie Hebdo suspects
553578029751226369,charliehebdo-all-rnr-threads,rumours,unverified,rumour,0,0,0,Kosher supermarket gunman is asking for release of Charlie Hebdo suspects
553474012446478336,charliehebdo-all-rnr-threads,rumours,true,rumour,0,1,0,"A police operation (convoy, helicopters) is underway to catch the Charlie Hebdo suspects northeast of Paris"
552785551930454016,charliehebdo-all-rnr-threads,rumours,unverified,rumour,0,0,0,""" Multiple""  gunmen were involved in the Charlie Hebdo attack"
552784168849907712,charliehebdo-all-rnr-threads,rumours,true,rumour,0,1,0,(At least) 10 people are dead at Charlie Hebdo offices
553152395371630592,charliehebdo-all-rnr-threads,rumours,false,rumour,1,0,0,Banksy drew a tribute to Charlie Hebdo featuring 3 red pencils
553478142791548928,charliehebdo-all-rnr-threads,rumours,unverified,rumour,0,0,0,Shots have been fired (and a car chase taken place) in Dammartin-en-Goele
553531316797718528,charliehebdo-all-rnr-threads,rumours,unverified,rumour,0,0,0,An armed man has taken a hostage in a kosher store in Paris (Porte de Vincennes)
552794942759010304,charliehebdo-all-rnr-threads,rumours,true,rumour,0,1,0,2 police officers died during the Charlie Hebdo attack
552795773180858368,charliehebdo-all-rnr-threads,rumours,true,rumour,0,1,0,11 people died during the Charlie Hebdo attack
553164985460068352,charliehebdo-all-rnr-threads,rumours,unverified,rumour,0,0,0,Two Charlie Hebdo suspects have been spotted (in a town/gas station in Northern France)
552789521646247936,charliehebdo-all-rnr-threads,rumours,true,rumour,0,1,0,The gunmen were armed with Kalashnikovs and rocket launchers
553586978017775616,charliehebdo-all-rnr-threads,rumours,true,rumour,0,1,0,Several hostages have been freed in Porte de Vincennes
553546063752478722,charliehebdo-all-rnr-threads,rumours,unverified,rumour,0,0,0,At least two dead in hostage-taking in Porte de Vincennes
552837132491186179,charliehebdo-all-rnr-threads,rumours,false,rumour,1,0,0,Three gunmen are on the run after the Charlie Hebdo attack
552804394727927808,charliehebdo-all-rnr-threads,rumours,true,rumour,0,1,0,12 people died in connection with the Charlie Hebdo attack
552803839490150400,charliehebdo-all-rnr-threads,rumours,true,rumour,0,1,0,12 people died in connection with the Charlie Hebdo attack
553098571323437056,charliehebdo-all-rnr-threads,rumours,false,rumour,1,0,0,Banksy drew a tribute to Charlie Hebdo featuring 3 red pencils
552816302780579840,charliehebdo-all-rnr-threads,rumours,false,rumour,1,0,0,Stephane Charbonnier was critically injured in the Charlie Hebdo attack
553503184174710784,charliehebdo-all-rnr-threads,rumours,unverified,rumour,0,0,0,The Charlie Hebdo suspects say they want/are ready to die as martyrs
553589121776898048,charliehebdo-all-rnr-threads,rumours,unverified,rumour,0,0,0,The Charlie Hebdo suspects came out firing from the Dammartin building
553529796601585664,charliehebdo-all-rnr-threads,rumours,unverified,rumour,0,0,0,An armed man has taken a hostage in a kosher store in Paris (Porte de Vincennes)
553557753558757376,charliehebdo-all-rnr-threads,rumours,true,rumour,0,1,0,There are at least five hostages in Porte de Vincennes kosher store
553590835850514433,charliehebdo-all-rnr-threads,rumours,true,rumour,0,1,0,The suspect in the hostage-taking at the Kosher market is dead
553538058440941568,charliehebdo-all-rnr-threads,rumours,unverified,rumour,0,0,0,At least two reportedly injured in Porte de Vincennes hostage situation
552821069036670976,charliehebdo-all-rnr-threads,rumours,unverified,rumour,0,0,0,Four cartoonists were killed in the Charlie Hebdo attack
552802128688078848,charliehebdo-all-rnr-threads,rumours,true,rumour,0,1,0,12 people died in connection with the Charlie Hebdo attack
552807027781947393,charliehebdo-all-rnr-threads,rumours,false,rumour,1,0,1,Stephane Charbonnier was critically injured in the Charlie Hebdo attack
553524086417424384,charliehebdo-all-rnr-threads,rumours,true,rumour,0,1,0,The Charlie Hebdo suspects are holed up inside printing business in Dammartin
553490238979727360,charliehebdo-all-rnr-threads,rumours,false,rumour,1,0,0,Hostages have been taken (at a business) in Dammartin-en-Goele
553484760233017344,charliehebdo-all-rnr-threads,rumours,unverified,rumour,0,0,0,Shots have been fired (and a car chase taken place) in Dammartin-en-Goele
552801438821515264,charliehebdo-all-rnr-threads,rumours,true,rumour,0,1,0,The gunmen were armed with Kalashnikovs and rocket launchers
553107921081749504,charliehebdo-all-rnr-threads,rumours,true,rumour,0,1,0,A police officer has been shot/wounded in Montrouge
553479315711864832,charliehebdo-all-rnr-threads,rumours,true,rumour,0,1,0,"A police operation (convoy, helicopters) is underway to catch the Charlie Hebdo suspects northeast of Paris"
553587511839444994,charliehebdo-all-rnr-threads,rumours,true,rumour,0,1,0,Several hostages have been freed in Porte de Vincennes
552821475066281984,charliehebdo-all-rnr-threads,rumours,unverified,rumour,0,0,0,Four cartoonists were killed in the Charlie Hebdo attack
553576010898497536,charliehebdo-all-rnr-threads,rumours,unverified,rumour,0,0,0,Kosher supermarket gunman is asking for release of Charlie Hebdo suspects
552833028201144320,charliehebdo-all-rnr-threads,rumours,false,rumour,1,0,0,Three gunmen are on the run after the Charlie Hebdo attack
553589372084162560,charliehebdo-all-rnr-threads,rumours,unverified,rumour,0,0,0,The Charlie Hebdo suspects came out firing from the Dammartin building
553554835203956736,charliehebdo-all-rnr-threads,rumours,false,rumour,1,0,0,There is a gunman/has been a shooting incident in Trocadero (police clearing the area)
553554585634496512,charliehebdo-all-rnr-threads,rumours,false,rumour,1,0,0,There is a gunman/has been a shooting incident in Trocadero (police clearing the area)
552804763461775360,charliehebdo-all-rnr-threads,rumours,true,rumour,0,1,0,12 people died in connection with the Charlie Hebdo attack
553115236992290816,charliehebdo-all-rnr-threads,rumours,false,rumour,1,0,0,Banksy drew a tribute to Charlie Hebdo featuring 3 red pencils
552792802309181440,charliehebdo-all-rnr-threads,rumours,true,rumour,0,1,0,2 police officers died during the Charlie Hebdo attack
553556844665659392,charliehebdo-all-rnr-threads,rumours,true,rumour,0,1,0,The gunman at the kosher store is linked to the killing of the police officer in Montrouge
552792271243210754,charliehebdo-all-rnr-threads,rumours,true,rumour,0,1,0,11 people died during the Charlie Hebdo attack
553478677359775744,charliehebdo-all-rnr-threads,rumours,true,rumour,0,1,0,"A police operation (convoy, helicopters) is underway to catch the Charlie Hebdo suspects northeast of Paris"
553467311261503488,charliehebdo-all-rnr-threads,rumours,unverified,rumour,0,0,0,Shots have been fired (and a car chase taken place) in Dammartin-en-Goele
553558385048944640,charliehebdo-all-rnr-threads,rumours,unverified,rumour,0,0,0,At least two dead in hostage-taking in Porte de Vincennes
552788396733906944,charliehebdo-all-rnr-threads,rumours,true,rumour,0,1,0,(At least) 10 people are dead at Charlie Hebdo offices
553558131369062400,charliehebdo-all-rnr-threads,rumours,false,rumour,1,0,0,There is a gunman/has been a shooting incident in Trocadero (police clearing the area)
553136604882014208,charliehebdo-all-rnr-threads,rumours,false,rumour,1,0,0,Banksy drew a tribute to Charlie Hebdo featuring 3 red pencils
553141087725170688,charliehebdo-all-rnr-threads,rumours,unverified,rumour,0,0,0,Two Charlie Hebdo suspects have been spotted (in a town/gas station in Northern France)
552985912901001218,charliehebdo-all-rnr-threads,rumours,false,rumour,1,0,0,Banksy drew a tribute to Charlie Hebdo featuring 3 red pencils
553589295525941248,charliehebdo-all-rnr-threads,rumours,true,rumour,0,1,0,Several hostages have been freed in Porte de Vincennes
553115168084074497,charliehebdo-all-rnr-threads,rumours,false,rumour,1,0,0,Banksy drew a tribute to Charlie Hebdo featuring 3 red pencils
552845136414380032,charliehebdo-all-rnr-threads,rumours,unverified,rumour,0,0,0,"The gunmen said, ""You tell the media it was al-Qaeda in Yemen"""
553521417598550016,charliehebdo-all-rnr-threads,rumours,unverified,rumour,0,0,0,The hostage being held by the Charlie Hebdo suspects is a 26-year-old male
553473550523580416,charliehebdo-all-rnr-threads,rumours,false,rumour,1,0,0,Hostages have been taken (at a business) in Dammartin-en-Goele
553587672137334785,charliehebdo-all-rnr-threads,rumours,true,rumour,0,1,0,The two Charlie Hebdo suspects have been killed in a police assault in Dammartin
553574345235103746,charliehebdo-all-rnr-threads,rumours,true,rumour,0,1,0,The Kosher market suspect has links to the Charlie Hebdo suspects
552817345887207425,charliehebdo-all-rnr-threads,rumours,unverified,rumour,0,0,0,Four cartoonists were killed in the Charlie Hebdo attack
552832817089236992,charliehebdo-all-rnr-threads,rumours,true,rumour,0,1,0,Two (masked) gunmen were involved in the Charlie Hebdo attack
552984347754897409,charliehebdo-all-rnr-threads,rumours,false,rumour,1,0,0,Ahmed Merabet was the first victim of the Charlie Hebdo attack
552784526955806720,charliehebdo-all-rnr-threads,rumours,true,rumour,0,1,0,(At least) 10 people are dead at Charlie Hebdo offices
552810138114195456,charliehebdo-all-rnr-threads,rumours,unverified,rumour,0,0,0,The gunmen were asking for the journalists by name
553136565296582657,charliehebdo-all-rnr-threads,rumours,unverified,rumour,0,0,0,Two Charlie Hebdo suspects have been spotted (in a town/gas station in Northern France)
552790074166108160,charliehebdo-all-rnr-threads,rumours,true,rumour,0,1,0,(At least) 10 people are dead at Charlie Hebdo offices
552787878351474688,charliehebdo-all-rnr-threads,rumours,true,rumour,0,1,0,(At least) 10 people are dead at Charlie Hebdo offices
552802606696136705,charliehebdo-all-rnr-threads,rumours,true,rumour,0,1,0,12 people died in connection with the Charlie Hebdo attack
553534768537939968,charliehebdo-all-rnr-threads,rumours,unverified,rumour,0,0,0,An armed man has taken a hostage in a kosher store in Paris (Porte de Vincennes)
553461741917863936,charliehebdo-all-rnr-threads,rumours,unverified,rumour,0,0,0,Two Charlie Hebdo suspects have been spotted (in a town/gas station in Northern France)
553486529231089664,charliehebdo-all-rnr-threads,rumours,false,rumour,1,0,0,Hostages have been taken (at a business) in Dammartin-en-Goele
553110339236409346,charliehebdo-all-rnr-threads,rumours,false,rumour,1,0,0,The shooting of two policemen in Montrouge is not connected to the Charlie Hebdo attack
552814767417876480,charliehebdo-all-rnr-threads,rumours,true,rumour,0,1,0,The attack took place during the (weekly) editorial meeting
552790878805168129,charliehebdo-all-rnr-threads,rumours,true,rumour,0,1,0,The gunmen were armed with Kalashnikovs and rocket launchers
552816020403269632,charliehebdo-all-rnr-threads,rumours,unverified,rumour,0,0,0,Four cartoonists were killed in the Charlie Hebdo attack
552808071387701248,charliehebdo-all-rnr-threads,rumours,unverified,rumour,0,0,0,"The gunmen at Charlie Hebdo yelled, ""The Prophet is avenged"""
553531413459660800,charliehebdo-all-rnr-threads,rumours,true,rumour,0,1,0,The gunman at the kosher store is linked to the killing of the police officer in Montrouge
553481076916883456,charliehebdo-all-rnr-threads,rumours,false,rumour,1,0,0,Hostages have been taken (at a business) in Dammartin-en-Goele
553121732387946496,charliehebdo-all-rnr-threads,rumours,true,rumour,0,1,0,One Charlie Hebdo suspect (H. Mourad) has handed himself in to police
552811386259386370,charliehebdo-all-rnr-threads,rumours,true,rumour,0,1,0,12 people died in connection with the Charlie Hebdo attack
552795693682032640,charliehebdo-all-rnr-threads,rumours,true,rumour,0,1,0,11 people died during the Charlie Hebdo attack
553535467065712640,charliehebdo-all-rnr-threads,rumours,unverified,rumour,0,0,0,An armed man has taken a hostage in a kosher store in Paris (Porte de Vincennes)
553589606307090432,charliehebdo-all-rnr-threads,rumours,true,rumour,0,1,0,The suspect in the hostage-taking at the Kosher market is dead
553141732452626432,charliehebdo-all-rnr-threads,rumours,unverified,rumour,0,0,0,Two Charlie Hebdo suspects have been spotted (in a town/gas station in Northern France)
553103334626701312,charliehebdo-all-rnr-threads,rumours,true,rumour,0,1,0,A police officer has been shot/wounded in Montrouge
552785367972450304,charliehebdo-all-rnr-threads,rumours,unverified,rumour,0,0,0,"Attackers yelled out ""Allahu Akbar"" on their way out"
552807834434699264,charliehebdo-all-rnr-threads,rumours,true,rumour,0,1,0,12 people died in connection with the Charlie Hebdo attack
553534707108155392,charliehebdo-all-rnr-threads,rumours,unverified,rumour,0,0,0,An armed man has taken a hostage in a kosher store in Paris (Porte de Vincennes)
552804839886184448,charliehebdo-all-rnr-threads,rumours,true,rumour,0,1,0,12 people died in connection with the Charlie Hebdo attack
553554351633858560,charliehebdo-all-rnr-threads,rumours,false,rumour,1,0,0,There is a gunman/has been a shooting incident in Trocadero (police clearing the area)
552978184413921281,charliehebdo-all-rnr-threads,rumours,false,rumour,1,0,0,Banksy drew a tribute to Charlie Hebdo featuring 3 red pencils
553553244845522945,charliehebdo-all-rnr-threads,rumours,true,rumour,0,1,0,The gunman at the kosher store is linked to the killing of the police officer in Montrouge
552788947219533824,charliehebdo-all-rnr-threads,rumours,true,rumour,0,1,0,(At least) 10 people are dead at Charlie Hebdo offices
553500238246608896,charliehebdo-all-rnr-threads,rumours,true,rumour,0,1,0,"A police operation (convoy, helicopters) is underway to catch the Charlie Hebdo suspects northeast of Paris"
553551225560764416,charliehebdo-all-rnr-threads,rumours,unverified,rumour,0,0,0,At least two dead in hostage-taking in Porte de Vincennes
553530667821457408,charliehebdo-all-rnr-threads,rumours,unverified,rumour,0,0,0,An armed man has taken a hostage in a kosher store in Paris (Porte de Vincennes)
553588080964558849,charliehebdo-all-rnr-threads,rumours,true,rumour,0,1,0,The two Charlie Hebdo suspects have been killed in a police assault in Dammartin
552805596198871040,charliehebdo-all-rnr-threads,rumours,unverified,rumour,0,0,0,"Attackers yelled out ""Allahu Akbar"" on their way out"
553483415954411520,charliehebdo-all-rnr-threads,rumours,true,rumour,0,1,0,"A police operation (convoy, helicopters) is underway to catch the Charlie Hebdo suspects northeast of Paris"
553184643055644674,charliehebdo-all-rnr-threads,rumours,false,rumour,1,0,0,Banksy drew a tribute to Charlie Hebdo featuring 3 red pencils
553503909692841984,charliehebdo-all-rnr-threads,rumours,true,rumour,0,1,0,"A police operation (convoy, helicopters) is underway to catch the Charlie Hebdo suspects northeast of Paris"
553559793940447234,charliehebdo-all-rnr-threads,rumours,true,rumour,0,1,0,A baby is among the hostages in the Kosher market
553502446769942528,charliehebdo-all-rnr-threads,rumours,unverified,rumour,0,0,0,The Charlie Hebdo suspects say they want/are ready to die as martyrs
552815540721291265,charliehebdo-all-rnr-threads,rumours,true,rumour,0,1,0,The Charlie Hebdo gunmen spoke French
552828658747187201,charliehebdo-all-rnr-threads,rumours,true,rumour,0,1,0,Two (masked) gunmen were involved in the Charlie Hebdo attack
552786818853113857,charliehebdo-all-rnr-threads,rumours,true,rumour,0,1,0,The gunmen were armed with Kalashnikovs and rocket launchers
553489393202499584,charliehebdo-all-rnr-threads,rumours,false,rumour,1,0,0,Hostages have been taken (at a business) in Dammartin-en-Goele
553545906155712512,charliehebdo-all-rnr-threads,rumours,true,rumour,0,1,0,The gunman at the kosher store is linked to the killing of the police officer in Montrouge
552792988376915969,charliehebdo-all-rnr-threads,rumours,true,rumour,0,1,0,11 people died during the Charlie Hebdo attack
553475824369012736,charliehebdo-all-rnr-threads,rumours,false,rumour,1,0,0,Two people (seriously) wounded in shootout in hunt for Charlie Hebdo suspects northeast of Paris
553470140042735616,charliehebdo-all-rnr-threads,rumours,false,rumour,1,0,0,Hostages have been taken (at a business) in Dammartin-en-Goele
553099685888790528,charliehebdo-all-rnr-threads,rumours,false,rumour,1,0,0,Banksy drew a tribute to Charlie Hebdo featuring 3 red pencils
553487544508493825,charliehebdo-all-rnr-threads,rumours,false,rumour,1,0,0,Hostages have been taken (at a business) in Dammartin-en-Goele
553116915325870083,charliehebdo-all-rnr-threads,rumours,unverified,rumour,0,0,0,Four cartoonists were killed in the Charlie Hebdo attack
552806117328568321,charliehebdo-all-rnr-threads,rumours,true,rumour,0,1,0,12 people died in connection with the Charlie Hebdo attack
553553173743677440,charliehebdo-all-rnr-threads,rumours,false,rumour,1,0,0,There is a gunman/has been a shooting incident in Trocadero (police clearing the area)
553575232867672064,charliehebdo-all-rnr-threads,rumours,unverified,rumour,0,0,0,Kosher supermarket gunman is asking for release of Charlie Hebdo suspects
553553813542797312,charliehebdo-all-rnr-threads,rumours,false,rumour,1,0,0,There is a gunman/has been a shooting incident in Trocadero (police clearing the area)
553102901619748864,charliehebdo-all-rnr-threads,rumours,false,rumour,1,0,0,The shooting of two policemen in Montrouge is not connected to the Charlie Hebdo attack
552790824971677696,charliehebdo-all-rnr-threads,rumours,true,rumour,0,1,0,11 people died during the Charlie Hebdo attack
552993818816299008,charliehebdo-all-rnr-threads,rumours,false,rumour,1,0,0,Ahmed Merabet was the first victim of the Charlie Hebdo attack
552792193992519680,charliehebdo-all-rnr-threads,rumours,true,rumour,0,1,0,11 people died during the Charlie Hebdo attack
553176753297162240,charliehebdo-all-rnr-threads,rumours,unverified,rumour,0,0,0,Two Charlie Hebdo suspects have been spotted (in a town/gas station in Northern France)
553471193110421504,charliehebdo-all-rnr-threads,rumours,false,rumour,1,0,0,Hostages have been taken (at a business) in Dammartin-en-Goele
553493785523400704,charliehebdo-all-rnr-threads,rumours,true,rumour,0,1,0,The Charlie Hebdo suspects are holed up inside printing business in Dammartin
552789127792717826,charliehebdo-all-rnr-threads,rumours,true,rumour,0,1,0,(At least) 10 people are dead at Charlie Hebdo offices
553118198741356544,charliehebdo-all-rnr-threads,rumours,true,rumour,0,1,0,Shots were fired at Montrouge in Paris
552795050502270976,charliehebdo-all-rnr-threads,rumours,true,rumour,0,1,0,2 police officers died during the Charlie Hebdo attack
553535430788780032,charliehebdo-all-rnr-threads,rumours,unverified,rumour,0,0,0,An armed man has taken a hostage in a kosher store in Paris (Porte de Vincennes)
553588340432572416,charliehebdo-all-rnr-threads,rumours,true,rumour,0,1,0,Several hostages have been freed in Porte de Vincennes
553529935789559808,charliehebdo-all-rnr-threads,rumours,unverified,rumour,0,0,0,An armed man has taken a hostage in a kosher store in Paris (Porte de Vincennes)
553513403512532992,charliehebdo-all-rnr-threads,rumours,true,rumour,0,1,0,Killing of Montrouge police officer is linked to Charlie Hebdo attack (or killer is linked to CH suspects)
552814494381256704,charliehebdo-all-rnr-threads,rumours,false,rumour,1,0,0,Stephane Charbonnier was critically injured in the Charlie Hebdo attack
552816600995614721,charliehebdo-all-rnr-threads,rumours,false,rumour,1,0,0,Stephane Charbonnier was critically injured in the Charlie Hebdo attack
552834445301256192,charliehebdo-all-rnr-threads,rumours,false,rumour,1,0,0,Three gunmen are on the run after the Charlie Hebdo attack
553566026030272512,charliehebdo-all-rnr-threads,rumours,true,rumour,0,1,0,The Kosher market suspect has links to the Charlie Hebdo suspects
552805619301097472,charliehebdo-all-rnr-threads,rumours,unverified,rumour,0,0,0,The Charlie Hebdo gunmen had military training
553555600911925249,charliehebdo-all-rnr-threads,rumours,false,rumour,1,0,0,There is a gunman/has been a shooting incident in Trocadero (police clearing the area)
553536887349325825,charliehebdo-all-rnr-threads,rumours,true,rumour,0,1,0,There are at least five hostages in Porte de Vincennes kosher store
553575984054951936,charliehebdo-all-rnr-threads,rumours,unverified,rumour,0,0,0,Kosher supermarket gunman is asking for release of Charlie Hebdo suspects
553477943616634880,charliehebdo-all-rnr-threads,rumours,false,rumour,1,0,0,At least one person has been killed (and several injured) in shootout with Charlie Hebdo suspects northeast of Paris
553553724548059137,charliehebdo-all-rnr-threads,rumours,true,rumour,0,1,0,The Kosher market suspect has links to the Charlie Hebdo suspects
553528788383191040,charliehebdo-all-rnr-threads,rumours,unverified,rumour,0,0,0,An armed man has taken a hostage in a kosher store in Paris (Porte de Vincennes)
553505858811080704,charliehebdo-all-rnr-threads,rumours,false,rumour,1,0,0,Hostages have been taken (at a business) in Dammartin-en-Goele
552804408233193473,charliehebdo-all-rnr-threads,rumours,true,rumour,0,1,0,12 people died in connection with the Charlie Hebdo attack
552790742700417024,charliehebdo-all-rnr-threads,rumours,true,rumour,0,1,0,(At least) 10 people are dead at Charlie Hebdo offices
553586781355278336,charliehebdo-all-rnr-threads,rumours,true,rumour,0,1,0,The two Charlie Hebdo suspects have been killed in a police assault in Dammartin
552981833189969921,charliehebdo-all-rnr-threads,rumours,false,rumour,1,0,0,Banksy drew a tribute to Charlie Hebdo featuring 3 red pencils
552809418417790976,charliehebdo-all-rnr-threads,rumours,true,rumour,0,1,0,2 police officers died during the Charlie Hebdo attack
553169307824177152,charliehebdo-all-rnr-threads,rumours,false,rumour,1,0,0,Banksy drew a tribute to Charlie Hebdo featuring 3 red pencils
553547270264979456,charliehebdo-all-rnr-threads,rumours,true,rumour,0,1,0,The Kosher market suspect has links to the Charlie Hebdo suspects
553502311872733184,charliehebdo-all-rnr-threads,rumours,true,rumour,0,1,0,"A police operation (convoy, helicopters) is underway to catch the Charlie Hebdo suspects northeast of Paris"
553541776854634496,charliehebdo-all-rnr-threads,rumours,true,rumour,0,1,0,The gunman at the kosher store is linked to the killing of the police officer in Montrouge
553573365798416385,charliehebdo-all-rnr-threads,rumours,unverified,rumour,0,0,0,Kosher supermarket gunman is asking for release of Charlie Hebdo suspects
552978476605923328,charliehebdo-all-rnr-threads,rumours,false,rumour,1,0,0,Banksy drew a tribute to Charlie Hebdo featuring 3 red pencils
552798891994009601,charliehebdo-all-rnr-threads,rumours,true,rumour,0,1,0,2 police officers died during the Charlie Hebdo attack
552796863297236992,charliehebdo-all-rnr-threads,rumours,unverified,rumour,0,0,0,The Charlie Hebdo gunmen fled in a stolen car
553542442373619712,charliehebdo-all-rnr-threads,rumours,unverified,rumour,0,0,0,At least two dead in hostage-taking in Porte de Vincennes
552802654641225728,charliehebdo-all-rnr-threads,rumours,true,rumour,0,1,0,12 people died in connection with the Charlie Hebdo attack
553588946039746560,charliehebdo-all-rnr-threads,rumours,true,rumour,0,1,0,Several hostages have been freed in Porte de Vincennes
552797406094716929,charliehebdo-all-rnr-threads,rumours,true,rumour,0,1,0,11 people died during the Charlie Hebdo attack
553531971457265664,charliehebdo-all-rnr-threads,rumours,true,rumour,0,1,0,The gunman at the kosher store is linked to the killing of the police officer in Montrouge
553587511864598529,charliehebdo-all-rnr-threads,rumours,true,rumour,0,1,0,The hostage in Dammartin has been freed following police assault
553124268196642816,charliehebdo-all-rnr-threads,rumours,false,rumour,1,0,0,Ahmed Merabet was the first victim of the Charlie Hebdo attack
553485452943302656,charliehebdo-all-rnr-threads,rumours,false,rumour,1,0,0,Hostages have been taken (at a business) in Dammartin-en-Goele
552791196247269378,charliehebdo-all-rnr-threads,rumours,true,rumour,0,1,0,(At least) 10 people are dead at Charlie Hebdo offices
553590891852886019,charliehebdo-all-rnr-threads,rumours,true,rumour,0,1,0,The suspect in the hostage-taking at the Kosher market is dead
552794157484634112,charliehebdo-all-rnr-threads,rumours,unverified,rumour,0,0,0,The gunmen were asking for the journalists by name
552984916070531072,charliehebdo-all-rnr-threads,rumours,false,rumour,1,0,0,Ahmed Merabet was the first victim of the Charlie Hebdo attack
553588494661337089,charliehebdo-all-rnr-threads,rumours,true,rumour,0,1,0,The two Charlie Hebdo suspects have been killed in a police assault in Dammartin
553534838880608256,charliehebdo-all-rnr-threads,rumours,true,rumour,0,1,0,The gunman at the kosher store is linked to the killing of the police officer in Montrouge
552838551071911936,charliehebdo-all-rnr-threads,rumours,false,rumour,1,0,0,Three gunmen are on the run after the Charlie Hebdo attack
553576849943826432,charliehebdo-all-rnr-threads,rumours,unverified,rumour,0,0,0,Kosher supermarket gunman is asking for release of Charlie Hebdo suspects
553505242554175489,charliehebdo-all-rnr-threads,rumours,unverified,rumour,0,0,0,The Charlie Hebdo suspects say they want/are ready to die as martyrs
553553288625672192,charliehebdo-all-rnr-threads,rumours,true,rumour,0,1,0,The Kosher market suspect has links to the Charlie Hebdo suspects
553469523945590784,charliehebdo-all-rnr-threads,rumours,unverified,rumour,0,0,0,Shots have been fired (and a car chase taken place) in Dammartin-en-Goele
553190393370923008,charliehebdo-all-rnr-threads,rumours,false,rumour,1,0,0,Banksy drew a tribute to Charlie Hebdo featuring 3 red pencils
553493222052605952,charliehebdo-all-rnr-threads,rumours,true,rumour,0,1,0,The Charlie Hebdo suspects are holed up inside printing business in Dammartin
553535971959275520,charliehebdo-all-rnr-threads,rumours,unverified,rumour,0,0,0,One person was injured in shootout in kosher store
553542565593878528,charliehebdo-all-rnr-threads,rumours,unverified,rumour,0,0,0,ISIS has claimed responsibility for Charlie Hebdo attack and announced more attacks to come in the West
553563668169125889,charliehebdo-all-rnr-threads,rumours,unverified,rumour,0,0,0,Kosher supermarket gunman is asking for release of Charlie Hebdo suspects
553555979238129664,charliehebdo-all-rnr-threads,rumours,false,rumour,1,0,0,There is a gunman/has been a shooting incident in Trocadero (police clearing the area)
552801880812691456,charliehebdo-all-rnr-threads,rumours,false,rumour,1,0,0,Stephane Charbonnier was critically injured in the Charlie Hebdo attack
553588374280601600,charliehebdo-all-rnr-threads,rumours,true,rumour,0,1,0,Several hostages have been freed in Porte de Vincennes
553484780093050880,charliehebdo-all-rnr-threads,rumours,true,rumour,0,1,0,"A police operation (convoy, helicopters) is underway to catch the Charlie Hebdo suspects northeast of Paris"
553587013409325058,charliehebdo-all-rnr-threads,rumours,true,rumour,0,1,0,The hostage in Dammartin has been freed following police assault
553590529548886016,charliehebdo-all-rnr-threads,rumours,true,rumour,0,1,0,The suspect in the hostage-taking at the Kosher market is dead
553480702067736578,charliehebdo-all-rnr-threads,rumours,false,rumour,1,0,0,Hostages have been taken (at a business) in Dammartin-en-Goele
553589051044151296,charliehebdo-all-rnr-threads,rumours,true,rumour,0,1,0,Several hostages have been freed in Porte de Vincennes
552978376424964097,charliehebdo-all-rnr-threads,rumours,false,rumour,1,0,0,Banksy drew a tribute to Charlie Hebdo featuring 3 red pencils
553474232596701184,charliehebdo-all-rnr-threads,rumours,false,rumour,1,0,0,Hostages have been taken (at a business) in Dammartin-en-Goele
553474965278691330,charliehebdo-all-rnr-threads,rumours,false,rumour,1,0,0,Hostages have been taken (at a business) in Dammartin-en-Goele
553550448154910720,charliehebdo-all-rnr-threads,rumours,true,rumour,0,1,0,There are at least five hostages in Porte de Vincennes kosher store
553470977972375553,charliehebdo-all-rnr-threads,rumours,false,rumour,1,0,0,Hostages have been taken (at a business) in Dammartin-en-Goele
552821287933202435,charliehebdo-all-rnr-threads,rumours,true,rumour,0,1,0,Two (masked) gunmen were involved in the Charlie Hebdo attack
552790082533752832,charliehebdo-all-rnr-threads,rumours,true,rumour,0,1,0,(At least) 10 people are dead at Charlie Hebdo offices
553589720480235522,charliehebdo-all-rnr-threads,rumours,true,rumour,0,1,0,The suspect in the hostage-taking at the Kosher market is dead
553474514496278528,charliehebdo-all-rnr-threads,rumours,true,rumour,0,1,0,"A police operation (convoy, helicopters) is underway to catch the Charlie Hebdo suspects northeast of Paris"
553493510306152448,charliehebdo-all-rnr-threads,rumours,false,rumour,1,0,0,Hostages have been taken (at a business) in Dammartin-en-Goele
553493707472011264,charliehebdo-all-rnr-threads,rumours,false,rumour,1,0,0,Hostages have been taken (at a business) in Dammartin-en-Goele
552810448324943872,charliehebdo-all-rnr-threads,rumours,unverified,rumour,0,0,0,"The gunmen at Charlie Hebdo yelled, ""The Prophet is avenged"""
553487971497041920,charliehebdo-all-rnr-threads,rumours,true,rumour,0,1,0,"A police operation (convoy, helicopters) is underway to catch the Charlie Hebdo suspects northeast of Paris"
552813549291315200,charliehebdo-all-rnr-threads,rumours,false,rumour,1,0,1,Stephane Charbonnier was critically injured in the Charlie Hebdo attack
553547836517007360,charliehebdo-all-rnr-threads,rumours,true,rumour,0,1,0,The gunman at the kosher store is linked to the killing of the police officer in Montrouge
552822434639126528,charliehebdo-all-rnr-threads,rumours,unverified,rumour,0,0,0,"The gunmen said, ""You tell the media it was al-Qaeda in Yemen"""
552830684021424128,charliehebdo-all-rnr-threads,rumours,false,rumour,1,0,0,Three gunmen are on the run after the Charlie Hebdo attack
553588760060125185,charliehebdo-all-rnr-threads,rumours,true,rumour,0,1,0,The hostage in Dammartin has been freed following police assault
553541988490825728,charliehebdo-all-rnr-threads,rumours,unverified,rumour,0,0,0,At least two dead in hostage-taking in Porte de Vincennes
553472225798795264,charliehebdo-all-rnr-threads,rumours,unverified,rumour,0,0,0,Shots have been fired (and a car chase taken place) in Dammartin-en-Goele
553590459688570880,charliehebdo-all-rnr-threads,rumours,true,rumour,0,1,0,Several hostages have been freed in Porte de Vincennes
553531343834202112,charliehebdo-all-rnr-threads,rumours,unverified,rumour,0,0,0,The Charlie Hebdo suspects say they want/are ready to die as martyrs
553508098825261056,charliehebdo-all-rnr-threads,rumours,true,rumour,0,1,0,The Charlie Hebdo suspects are holed up inside printing business in Dammartin
552985855854661633,charliehebdo-all-rnr-threads,rumours,true,rumour,0,1,0,Three suspects (inc. two brothers) have been identified in the Charlie Hebdo attacks
553477352542707712,charliehebdo-all-rnr-threads,rumours,false,rumour,1,0,0,Hostages have been taken (at a business) in Dammartin-en-Goele
552808282398924800,charliehebdo-all-rnr-threads,rumours,true,rumour,0,1,0,11 people died during the Charlie Hebdo attack
553139203320860672,charliehebdo-all-rnr-threads,rumours,unverified,rumour,0,0,0,Two Charlie Hebdo suspects have been spotted (in a town/gas station in Northern France)
553531130163773440,charliehebdo-all-rnr-threads,rumours,unverified,rumour,0,0,0,An armed man has taken a hostage in a kosher store in Paris (Porte de Vincennes)
553579224402235393,charliehebdo-all-rnr-threads,rumours,unverified,rumour,0,0,0,Kosher supermarket gunman is asking for release of Charlie Hebdo suspects
553588053348843520,charliehebdo-all-rnr-threads,rumours,true,rumour,0,1,0,The two Charlie Hebdo suspects have been killed in a police assault in Dammartin
552806937470201856,charliehebdo-all-rnr-threads,rumours,unverified,rumour,0,0,0,"Attackers yelled out ""Allahu Akbar"" on their way out"
553589285342175232,charliehebdo-all-rnr-threads,rumours,unverified,rumour,0,0,0,The Charlie Hebdo suspects came out firing from the Dammartin building
552798654495354880,charliehebdo-all-rnr-threads,rumours,true,rumour,0,1,0,The gunmen were armed with Kalashnikovs and rocket launchers
553587167394791424,charliehebdo-all-rnr-threads,rumours,true,rumour,0,1,0,The two Charlie Hebdo suspects have been killed in a police assault in Dammartin
552825753264717824,charliehebdo-all-rnr-threads,rumours,false,rumour,1,0,0,Stephane Charbonnier was critically injured in the Charlie Hebdo attack
552806309540528128,charliehebdo-all-rnr-threads,rumours,false,rumour,1,0,1,Stephane Charbonnier was critically injured in the Charlie Hebdo attack
552956517197303810,charliehebdo-all-rnr-threads,rumours,unverified,rumour,0,0,0,Suspect Hamyd Mourad was in class at the time of the Charlie Hebdo shooting
553548567420628992,charliehebdo-all-rnr-threads,rumours,unverified,rumour,0,0,0,At least two dead in hostage-taking in Porte de Vincennes
552799062421164032,charliehebdo-all-rnr-threads,rumours,unverified,rumour,0,0,0,The gunmen were asking for the journalists by name
553543369604210689,charliehebdo-all-rnr-threads,rumours,true,rumour,0,1,0,A baby is among the hostages in the Kosher market
552805267990413312,charliehebdo-all-rnr-threads,rumours,false,rumour,1,0,1,Stephane Charbonnier was critically injured in the Charlie Hebdo attack
552791578893619200,charliehebdo-all-rnr-threads,rumours,true,rumour,0,1,0,11 people died during the Charlie Hebdo attack
553589055116836864,charliehebdo-all-rnr-threads,rumours,true,rumour,0,1,0,The two Charlie Hebdo suspects have been killed in a police assault in Dammartin
552980261512949760,charliehebdo-all-rnr-threads,rumours,false,rumour,1,0,0,Banksy drew a tribute to Charlie Hebdo featuring 3 red pencils
553468492700454912,charliehebdo-all-rnr-threads,rumours,unverified,rumour,0,0,0,Shots have been fired (and a car chase taken place) in Dammartin-en-Goele
552812682626465792,charliehebdo-all-rnr-threads,rumours,true,rumour,0,1,0,12 people died in connection with the Charlie Hebdo attack
553580959661309952,charliehebdo-all-rnr-threads,rumours,unverified,rumour,0,0,0,Kosher supermarket gunman is asking for release of Charlie Hebdo suspects
552797638807281664,charliehebdo-all-rnr-threads,rumours,unverified,rumour,0,0,0,The gunmen were asking for the journalists by name
552793679082311680,charliehebdo-all-rnr-threads,rumours,true,rumour,0,1,0,11 people died during the Charlie Hebdo attack
553160652567498752,charliehebdo-all-rnr-threads,rumours,true,rumour,0,1,0,Three suspects (inc. two brothers) have been identified in the Charlie Hebdo attacks
553550301886955520,charliehebdo-all-rnr-threads,rumours,unverified,rumour,0,0,0,At least two reportedly injured in Porte de Vincennes hostage situation
552820736490889216,charliehebdo-all-rnr-threads,rumours,unverified,rumour,0,0,0,The Charlie Hebdo gunmen had military training
553486796534054912,charliehebdo-all-rnr-threads,rumours,false,rumour,1,0,0,Hostages have been taken (at a business) in Dammartin-en-Goele
553572740125712385,charliehebdo-all-rnr-threads,rumours,unverified,rumour,0,0,0,Kosher supermarket gunman is asking for release of Charlie Hebdo suspects
553136845589319680,charliehebdo-all-rnr-threads,rumours,unverified,rumour,0,0,0,Two Charlie Hebdo suspects have been spotted (in a town/gas station in Northern France)
553556060569862145,charliehebdo-all-rnr-threads,rumours,false,rumour,1,0,0,There is a gunman/has been a shooting incident in Trocadero (police clearing the area)
553470492565602305,charliehebdo-all-rnr-threads,rumours,unverified,rumour,0,0,0,Shots have been fired (and a car chase taken place) in Dammartin-en-Goele
553167429665587200,charliehebdo-all-rnr-threads,rumours,false,rumour,1,0,0,Banksy drew a tribute to Charlie Hebdo featuring 3 red pencils
552984502063337472,charliehebdo-all-rnr-threads,rumours,true,rumour,0,1,0,Three suspects (inc. two brothers) have been identified in the Charlie Hebdo attacks
553475430897156096,charliehebdo-all-rnr-threads,rumours,unverified,rumour,0,0,0,Shots have been fired (and a car chase taken place) in Dammartin-en-Goele
553096753898323968,charliehebdo-all-rnr-threads,rumours,true,rumour,0,1,0,Shots were fired at Montrouge in Paris
553129559173115904,charliehebdo-all-rnr-threads,rumours,true,rumour,0,1,0,Police officer shot at Montrouge has died of her injuries
553104503520890880,charliehebdo-all-rnr-threads,rumours,true,rumour,0,1,0,A police officer has been shot/wounded in Montrouge
553535829529100288,charliehebdo-all-rnr-threads,rumours,true,rumour,0,1,0,There are at least five hostages in Porte de Vincennes kosher store
553202028575731713,charliehebdo-all-rnr-threads,rumours,false,rumour,1,0,0,Banksy drew a tribute to Charlie Hebdo featuring 3 red pencils
553588178687655936,charliehebdo-all-rnr-threads,rumours,true,rumour,0,1,0,The two Charlie Hebdo suspects have been killed in a police assault in Dammartin
553529334892609536,charliehebdo-all-rnr-threads,rumours,unverified,rumour,0,0,0,There was gunfire at the Porte de Vincennes
552793539856588801,charliehebdo-all-rnr-threads,rumours,unverified,rumour,0,0,0,French media outlets to be placed under police protection
552801954733490176,charliehebdo-all-rnr-threads,rumours,true,rumour,0,1,0,12 people died in connection with the Charlie Hebdo attack
552792544132997121,charliehebdo-all-rnr-threads,rumours,true,rumour,0,1,0,11 people died during the Charlie Hebdo attack
553587225901154304,charliehebdo-all-rnr-threads,rumours,true,rumour,0,1,0,The two Charlie Hebdo suspects have been killed in a police assault in Dammartin
552791182670327808,charliehebdo-all-rnr-threads,rumours,unverified,rumour,0,0,0,"The gunmen at Charlie Hebdo yelled, ""The Prophet is avenged"""
553552825431883776,charliehebdo-all-rnr-threads,rumours,false,rumour,1,0,0,There is a gunman/has been a shooting incident in Trocadero (police clearing the area)
552796091255894016,charliehebdo-all-rnr-threads,rumours,unverified,rumour,0,0,0,"Attackers yelled out ""Allahu Akbar"" on their way out"
552831881847533568,charliehebdo-all-rnr-threads,rumours,false,rumour,1,0,0,Three gunmen are on the run after the Charlie Hebdo attack
553167814941761538,charliehebdo-all-rnr-threads,rumours,false,rumour,1,0,0,Banksy drew a tribute to Charlie Hebdo featuring 3 red pencils
553212962044149761,charliehebdo-all-rnr-threads,rumours,unverified,rumour,0,0,0,Two Charlie Hebdo suspects have been spotted (in a town/gas station in Northern France)
552790838015979520,charliehebdo-all-rnr-threads,rumours,true,rumour,0,1,0,11 people died during the Charlie Hebdo attack
553531695480463360,charliehebdo-all-rnr-threads,rumours,unverified,rumour,0,0,0,One person was injured in shootout in kosher store
552791065645027328,charliehebdo-all-rnr-threads,rumours,true,rumour,0,1,0,11 people died during the Charlie Hebdo attack
553546029212389376,charliehebdo-all-rnr-threads,rumours,unverified,rumour,0,0,0,At least two dead in hostage-taking in Porte de Vincennes
552805488631758849,charliehebdo-all-rnr-threads,rumours,true,rumour,0,1,0,12 people died in connection with the Charlie Hebdo attack
553470382129565696,charliehebdo-all-rnr-threads,rumours,false,rumour,1,0,0,Hostages have been taken (at a business) in Dammartin-en-Goele
552804668951511041,charliehebdo-all-rnr-threads,rumours,true,rumour,0,1,0,11 people died during the Charlie Hebdo attack
553519375521951744,charliehebdo-all-rnr-threads,rumours,false,rumour,1,0,0,Hostages have been taken (at a business) in Dammartin-en-Goele
553556643456507904,charliehebdo-all-rnr-threads,rumours,false,rumour,1,0,0,There is a gunman/has been a shooting incident in Trocadero (police clearing the area)
552822696200142850,charliehebdo-all-rnr-threads,rumours,unverified,rumour,0,0,0,Four cartoonists were killed in the Charlie Hebdo attack
553466230989144064,charliehebdo-all-rnr-threads,rumours,false,rumour,1,0,0,Hostages have been taken (at a business) in Dammartin-en-Goele
552991544731774976,charliehebdo-all-rnr-threads,rumours,false,rumour,1,0,0,Ahmed Merabet was the first victim of the Charlie Hebdo attack
552808904137408512,charliehebdo-all-rnr-threads,rumours,true,rumour,0,1,0,The gunmen confronted/had a shoot-out with police outside Charlie Hebdo
553518053838061568,charliehebdo-all-rnr-threads,rumours,false,rumour,1,0,0,Hostages have been taken (at a business) in Dammartin-en-Goele
553488824656203776,charliehebdo-all-rnr-threads,rumours,true,rumour,0,1,0,"A police operation (convoy, helicopters) is underway to catch the Charlie Hebdo suspects northeast of Paris"
552799317602615297,charliehebdo-all-rnr-threads,rumours,true,rumour,0,1,0,11 people died during the Charlie Hebdo attack
553572754746638337,charliehebdo-all-rnr-threads,rumours,unverified,rumour,0,0,0,At least two dead in hostage-taking in Porte de Vincennes
553503546382249984,charliehebdo-all-rnr-threads,rumours,false,rumour,1,0,0,Hostages have been taken (at a business) in Dammartin-en-Goele
552793552376569857,charliehebdo-all-rnr-threads,rumours,true,rumour,0,1,0,11 people died during the Charlie Hebdo attack
552783667052167168,charliehebdo-all-rnr-threads,rumours,true,rumour,0,1,0,(At least) 10 people are dead at Charlie Hebdo offices
553491540535156736,charliehebdo-all-rnr-threads,rumours,false,rumour,1,0,0,Hostages have been taken (at a business) in Dammartin-en-Goele
553590522800275456,charliehebdo-all-rnr-threads,rumours,unverified,rumour,0,0,0,The Charlie Hebdo suspects came out firing from the Dammartin building
553176929411825664,charliehebdo-all-rnr-threads,rumours,unverified,rumour,0,0,0,Two Charlie Hebdo suspects have been spotted (in a town/gas station in Northern France)
553197863971610624,charliehebdo-all-rnr-threads,rumours,false,rumour,1,0,1,Ahmed Merabet was the first victim of the Charlie Hebdo attack
553590653784195072,charliehebdo-all-rnr-threads,rumours,true,rumour,0,1,0,The suspect in the hostage-taking at the Kosher market is dead
552785695845396480,charliehebdo-all-rnr-threads,rumours,true,rumour,0,1,0,(At least) 10 people are dead at Charlie Hebdo offices
552815182708494336,charliehebdo-all-rnr-threads,rumours,unverified,rumour,0,0,0,"Attackers yelled out ""Allahu Akbar"" on their way out"
553587861837328385,charliehebdo-all-rnr-threads,rumours,true,rumour,0,1,0,The two Charlie Hebdo suspects have been killed in a police assault in Dammartin
553535862911541248,charliehebdo-all-rnr-threads,rumours,true,rumour,0,1,0,There are at least five hostages in Porte de Vincennes kosher store
552817101057318913,charliehebdo-all-rnr-threads,rumours,true,rumour,0,1,0,12 people died in connection with the Charlie Hebdo attack
553586860334010368,charliehebdo-all-rnr-threads,rumours,true,rumour,0,1,0,The two Charlie Hebdo suspects have been killed in a police assault in Dammartin
553123329561743361,charliehebdo-all-rnr-threads,rumours,false,rumour,1,0,0,Ahmed Merabet was the first victim of the Charlie Hebdo attack
552785443813457921,charliehebdo-all-rnr-threads,rumours,true,rumour,0,1,0,(At least) 10 people are dead at Charlie Hebdo offices
553558982476828674,charliehebdo-all-rnr-threads,rumours,true,rumour,0,1,0,A baby is among the hostages in the Kosher market
552842762505428992,charliehebdo-all-rnr-threads,rumours,false,rumour,1,0,0,Three gunmen are on the run after the Charlie Hebdo attack
553233728030650368,charliehebdo-all-rnr-threads,rumours,false,rumour,1,0,0,Ahmed Merabet was the first victim of the Charlie Hebdo attack
553478289474740224,charliehebdo-all-rnr-threads,rumours,false,rumour,1,0,0,At least one person has been killed (and several injured) in shootout with Charlie Hebdo suspects northeast of Paris
552787544837197824,charliehebdo-all-rnr-threads,rumours,true,rumour,0,1,0,(At least) 10 people are dead at Charlie Hebdo offices
553566877956734976,charliehebdo-all-rnr-threads,rumours,true,rumour,0,1,0,There are at least five hostages in Porte de Vincennes kosher store
553518472798683136,charliehebdo-all-rnr-threads,rumours,unverified,rumour,0,0,0,The Charlie Hebdo suspects say they want/are ready to die as martyrs
553495137314435072,charliehebdo-all-rnr-threads,rumours,unverified,rumour,0,0,0,The Charlie Hebdo suspects say they want/are ready to die as martyrs
553533607126388737,charliehebdo-all-rnr-threads,rumours,unverified,rumour,0,0,0,There was gunfire at the Porte de Vincennes
553476490315431937,charliehebdo-all-rnr-threads,rumours,true,rumour,0,1,0,"A police operation (convoy, helicopters) is underway to catch the Charlie Hebdo suspects northeast of Paris"
553505371290357761,charliehebdo-all-rnr-threads,rumours,unverified,rumour,0,0,0,The Charlie Hebdo suspects say they want/are ready to die as martyrs
552985611070881792,charliehebdo-all-rnr-threads,rumours,false,rumour,1,0,0,Banksy drew a tribute to Charlie Hebdo featuring 3 red pencils
553531781690163201,charliehebdo-all-rnr-threads,rumours,unverified,rumour,0,0,0,There was gunfire at the Porte de Vincennes
553591259672379392,charliehebdo-all-rnr-threads,rumours,true,rumour,0,1,0,The suspect in the hostage-taking at the Kosher market is dead
553472437644320769,charliehebdo-all-rnr-threads,rumours,unverified,rumour,0,0,0,Shots have been fired (and a car chase taken place) in Dammartin-en-Goele
552834461478715392,charliehebdo-all-rnr-threads,rumours,false,rumour,1,0,0,Three gunmen are on the run after the Charlie Hebdo attack
553536397731442688,charliehebdo-all-rnr-threads,rumours,true,rumour,0,1,0,There are at least five hostages in Porte de Vincennes kosher store
553587303172833280,charliehebdo-all-rnr-threads,rumours,true,rumour,0,1,0,Several hostages have been freed in Porte de Vincennes
552790875492073472,charliehebdo-all-rnr-threads,rumours,true,rumour,0,1,0,(At least) 10 people are dead at Charlie Hebdo offices
553540617540624385,charliehebdo-all-rnr-threads,rumours,unverified,rumour,0,0,0,"Kosher restaurants /Jewish shops (and schools, synagogues, etc.) are closing in Paris in wake of Porte de Vincennes hostage-taking"
553537939041701888,charliehebdo-all-rnr-threads,rumours,unverified,rumour,0,0,0,At least two reportedly injured in Porte de Vincennes hostage situation
553103772852191233,charliehebdo-all-rnr-threads,rumours,false,rumour,1,0,0,Banksy drew a tribute to Charlie Hebdo featuring 3 red pencils
552834961762709505,charliehebdo-all-rnr-threads,rumours,true,rumour,0,1,0,The gunmen were armed with Kalashnikovs and rocket launchers
553588913747808256,charliehebdo-all-rnr-threads,rumours,true,rumour,0,1,0,The two Charlie Hebdo suspects have been killed in a police assault in Dammartin
553501357156876290,charliehebdo-all-rnr-threads,rumours,unverified,rumour,0,0,0,The Charlie Hebdo suspects say they want/are ready to die as martyrs
553139825008599041,charliehebdo-all-rnr-threads,rumours,true,rumour,0,1,0,Three suspects (inc. two brothers) have been identified in the Charlie Hebdo attacks
553480292498153472,charliehebdo-all-rnr-threads,rumours,false,rumour,1,0,0,Hostages have been taken (at a business) in Dammartin-en-Goele
553474188259102720,charliehebdo-all-rnr-threads,rumours,unverified,rumour,0,0,0,Shots have been fired (and a car chase taken place) in Dammartin-en-Goele
552813494345940992,charliehebdo-all-rnr-threads,rumours,false,rumour,1,0,0,Stephane Charbonnier was critically injured in the Charlie Hebdo attack
552822696195932161,charliehebdo-all-rnr-threads,rumours,unverified,rumour,0,0,0,Four cartoonists were killed in the Charlie Hebdo attack
553590721207615488,charliehebdo-all-rnr-threads,rumours,true,rumour,0,1,0,Several hostages have been freed in Porte de Vincennes
553517713147301888,charliehebdo-all-rnr-threads,rumours,false,rumour,1,0,0,Hostages have been taken (at a business) in Dammartin-en-Goele
552817965813739520,charliehebdo-all-rnr-threads,rumours,unverified,rumour,0,0,0,Four cartoonists were killed in the Charlie Hebdo attack
552848620375261184,charliehebdo-all-rnr-threads,rumours,unverified,rumour,0,0,0,"The gunmen said, ""You tell the media it was al-Qaeda in Yemen"""
553473704060284928,charliehebdo-all-rnr-threads,rumours,unverified,rumour,0,0,0,Shots have been fired (and a car chase taken place) in Dammartin-en-Goele
553518024272379905,charliehebdo-all-rnr-threads,rumours,true,rumour,0,1,0,"A police operation (convoy, helicopters) is underway to catch the Charlie Hebdo suspects northeast of Paris"
553184482241814530,charliehebdo-all-rnr-threads,rumours,unverified,rumour,0,0,0,ID card of one of the Charlie Hebdo suspects found in car abandoned by gunmen
552792913910833152,charliehebdo-all-rnr-threads,rumours,true,rumour,0,1,0,11 people died during the Charlie Hebdo attack
552846463467024384,charliehebdo-all-rnr-threads,non-rumours,non-rumour,nonrumour,,,,
553589970775343104,charliehebdo-all-rnr-threads,non-rumours,non-rumour,nonrumour,,,,
552825459546030080,charliehebdo-all-rnr-threads,non-rumours,non-rumour,nonrumour,,,,
553586510260629505,charliehebdo-all-rnr-threads,non-rumours,non-rumour,nonrumour,,,,
552830668607348736,charliehebdo-all-rnr-threads,non-rumours,non-rumour,nonrumour,,,,
552985339011153920,charliehebdo-all-rnr-threads,non-rumours,non-rumour,nonrumour,,,,
553225809444749313,charliehebdo-all-rnr-threads,non-rumours,non-rumour,nonrumour,,,,
552837775498964992,charliehebdo-all-rnr-threads,non-rumours,non-rumour,nonrumour,,,,
553157600704204800,charliehebdo-all-rnr-threads,non-rumours,non-rumour,nonrumour,,,,
552829571750715392,charliehebdo-all-rnr-threads,non-rumours,non-rumour,nonrumour,,,,
553188115033387008,charliehebdo-all-rnr-threads,non-rumours,non-rumour,nonrumour,,,,
552802714816905216,charliehebdo-all-rnr-threads,non-rumours,non-rumour,nonrumour,,,,
553193866057506817,charliehebdo-all-rnr-threads,non-rumours,non-rumour,nonrumour,,,,
552822043490938881,charliehebdo-all-rnr-threads,non-rumours,non-rumour,nonrumour,,,,
553151201253294080,charliehebdo-all-rnr-threads,non-rumours,non-rumour,nonrumour,,,,
552825257707335680,charliehebdo-all-rnr-threads,non-rumours,non-rumour,nonrumour,,,,
553166766977740801,charliehebdo-all-rnr-threads,non-rumours,non-rumour,nonrumour,,,,
553537460920389633,charliehebdo-all-rnr-threads,non-rumours,non-rumour,nonrumour,,,,
553155988917075968,charliehebdo-all-rnr-threads,non-rumours,non-rumour,nonrumour,,,,
553567184002502656,charliehebdo-all-rnr-threads,non-rumours,non-rumour,nonrumour,,,,
552821573946982401,charliehebdo-all-rnr-threads,non-rumours,non-rumour,nonrumour,,,,
552834808121163776,charliehebdo-all-rnr-threads,non-rumours,non-rumour,nonrumour,,,,
553509146730176513,charliehebdo-all-rnr-threads,non-rumours,non-rumour,nonrumour,,,,
553129378969047043,charliehebdo-all-rnr-threads,non-rumours,non-rumour,nonrumour,,,,
552831506041683970,charliehebdo-all-rnr-threads,non-rumours,non-rumour,nonrumour,,,,
552851679905734657,charliehebdo-all-rnr-threads,non-rumours,non-rumour,nonrumour,,,,
553157352091025408,charliehebdo-all-rnr-threads,non-rumours,non-rumour,nonrumour,,,,
553180005514366976,charliehebdo-all-rnr-threads,non-rumours,non-rumour,nonrumour,,,,
553194557316542465,charliehebdo-all-rnr-threads,non-rumours,non-rumour,nonrumour,,,,
553589869810028544,charliehebdo-all-rnr-threads,non-rumours,non-rumour,nonrumour,,,,
552831524002103297,charliehebdo-all-rnr-threads,non-rumours,non-rumour,nonrumour,,,,
553110783761338368,charliehebdo-all-rnr-threads,non-rumours,non-rumour,nonrumour,,,,
553106869615472640,charliehebdo-all-rnr-threads,non-rumours,non-rumour,nonrumour,,,,
553147368913506304,charliehebdo-all-rnr-threads,non-rumours,non-rumour,nonrumour,,,,
553145422097969152,charliehebdo-all-rnr-threads,non-rumours,non-rumour,nonrumour,,,,
552847505763737600,charliehebdo-all-rnr-threads,non-rumours,non-rumour,nonrumour,,,,
553212702714499074,charliehebdo-all-rnr-threads,non-rumours,non-rumour,nonrumour,,,,
552823198484819969,charliehebdo-all-rnr-threads,non-rumours,non-rumour,nonrumour,,,,
552841583251701761,charliehebdo-all-rnr-threads,non-rumours,non-rumour,nonrumour,,,,
553195808930410496,charliehebdo-all-rnr-threads,non-rumours,non-rumour,nonrumour,,,,
552811772038881280,charliehebdo-all-rnr-threads,non-rumours,non-rumour,nonrumour,,,,
553172609211596800,charliehebdo-all-rnr-threads,non-rumours,non-rumour,nonrumour,,,,
553214939838836736,charliehebdo-all-rnr-threads,non-rumours,non-rumour,nonrumour,,,,
553128548526227456,charliehebdo-all-rnr-threads,non-rumours,non-rumour,nonrumour,,,,
552840606074953728,charliehebdo-all-rnr-threads,non-rumours,non-rumour,nonrumour,,,,
553542093683974144,charliehebdo-all-rnr-threads,non-rumours,non-rumour,nonrumour,,,,
553211397782654976,charliehebdo-all-rnr-threads,non-rumours,non-rumour,nonrumour,,,,
552851433247477760,charliehebdo-all-rnr-threads,non-rumours,non-rumour,nonrumour,,,,
552841049467400192,charliehebdo-all-rnr-threads,non-rumours,non-rumour,nonrumour,,,,
553590750701551616,charliehebdo-all-rnr-threads,non-rumours,non-rumour,nonrumour,,,,
553545857304629248,charliehebdo-all-rnr-threads,non-rumours,non-rumour,nonrumour,,,,
552825739075022848,charliehebdo-all-rnr-threads,non-rumours,non-rumour,nonrumour,,,,
552837561119686656,charliehebdo-all-rnr-threads,non-rumours,non-rumour,nonrumour,,,,
553178273895956480,charliehebdo-all-rnr-threads,non-rumours,non-rumour,nonrumour,,,,
553152448077258753,charliehebdo-all-rnr-threads,non-rumours,non-rumour,nonrumour,,,,
552796625467621376,charliehebdo-all-rnr-threads,non-rumours,non-rumour,nonrumour,,,,
553210869010935808,charliehebdo-all-rnr-threads,non-rumours,non-rumour,nonrumour,,,,
553541838494515200,charliehebdo-all-rnr-threads,non-rumours,non-rumour,nonrumour,,,,
552820384039706624,charliehebdo-all-rnr-threads,non-rumours,non-rumour,nonrumour,,,,
553096943455727617,charliehebdo-all-rnr-threads,non-rumours,non-rumour,nonrumour,,,,
553479401296625664,charliehebdo-all-rnr-threads,non-rumours,non-rumour,nonrumour,,,,
553188225691684864,charliehebdo-all-rnr-threads,non-rumours,non-rumour,nonrumour,,,,
553496228055777280,charliehebdo-all-rnr-threads,non-rumours,non-rumour,nonrumour,,,,
553116149333114880,charliehebdo-all-rnr-threads,non-rumours,non-rumour,nonrumour,,,,
553227258782306304,charliehebdo-all-rnr-threads,non-rumours,non-rumour,nonrumour,,,,
553144448452792321,charliehebdo-all-rnr-threads,non-rumours,non-rumour,nonrumour,,,,
553559880599359488,charliehebdo-all-rnr-threads,non-rumours,non-rumour,nonrumour,,,,
553119235904643072,charliehebdo-all-rnr-threads,non-rumours,non-rumour,nonrumour,,,,
552819649599897601,charliehebdo-all-rnr-threads,non-rumours,non-rumour,nonrumour,,,,
553480876315901953,charliehebdo-all-rnr-threads,non-rumours,non-rumour,nonrumour,,,,
552819316702199811,charliehebdo-all-rnr-threads,non-rumours,non-rumour,nonrumour,,,,
552842580929826816,charliehebdo-all-rnr-threads,non-rumours,non-rumour,nonrumour,,,,
553584868685520897,charliehebdo-all-rnr-threads,non-rumours,non-rumour,nonrumour,,,,
553538483474534400,charliehebdo-all-rnr-threads,non-rumours,non-rumour,nonrumour,,,,
553485654030446592,charliehebdo-all-rnr-threads,non-rumours,non-rumour,nonrumour,,,,
553155289235881984,charliehebdo-all-rnr-threads,non-rumours,non-rumour,nonrumour,,,,
552835109372825601,charliehebdo-all-rnr-threads,non-rumours,non-rumour,nonrumour,,,,
553544266526760960,charliehebdo-all-rnr-threads,non-rumours,non-rumour,nonrumour,,,,
552815122897727488,charliehebdo-all-rnr-threads,non-rumours,non-rumour,nonrumour,,,,
552818334643658752,charliehebdo-all-rnr-threads,non-rumours,non-rumour,nonrumour,,,,
552836829234614272,charliehebdo-all-rnr-threads,non-rumours,non-rumour,nonrumour,,,,
552837086425128961,charliehebdo-all-rnr-threads,non-rumours,non-rumour,nonrumour,,,,
553172900270727169,charliehebdo-all-rnr-threads,non-rumours,non-rumour,nonrumour,,,,
553200115079712768,charliehebdo-all-rnr-threads,non-rumours,non-rumour,nonrumour,,,,
552843236797349889,charliehebdo-all-rnr-threads,non-rumours,non-rumour,nonrumour,,,,
552807101442322432,charliehebdo-all-rnr-threads,non-rumours,non-rumour,nonrumour,,,,
552844104418091008,charliehebdo-all-rnr-threads,non-rumours,non-rumour,nonrumour,,,,
552840805678084096,charliehebdo-all-rnr-threads,non-rumours,non-rumour,nonrumour,,,,
553481335948709888,charliehebdo-all-rnr-threads,non-rumours,non-rumour,nonrumour,,,,
553540580912156672,charliehebdo-all-rnr-threads,non-rumours,non-rumour,nonrumour,,,,
552836775191019520,charliehebdo-all-rnr-threads,non-rumours,non-rumour,nonrumour,,,,
552791159232540673,charliehebdo-all-rnr-threads,non-rumours,non-rumour,nonrumour,,,,
553227288859664384,charliehebdo-all-rnr-threads,non-rumours,non-rumour,nonrumour,,,,
553143179038715904,charliehebdo-all-rnr-threads,non-rumours,non-rumour,nonrumour,,,,
552801667855695873,charliehebdo-all-rnr-threads,non-rumours,non-rumour,nonrumour,,,,
552982560146726912,charliehebdo-all-rnr-threads,non-rumours,non-rumour,nonrumour,,,,
552829176018112513,charliehebdo-all-rnr-threads,non-rumours,non-rumour,nonrumour,,,,
552817367995002880,charliehebdo-all-rnr-threads,non-rumours,non-rumour,nonrumour,,,,
553560219981459457,charliehebdo-all-rnr-threads,non-rumours,non-rumour,nonrumour,,,,
553492417023057920,charliehebdo-all-rnr-threads,non-rumours,non-rumour,nonrumour,,,,
552812040926941185,charliehebdo-all-rnr-threads,non-rumours,non-rumour,nonrumour,,,,
553509591888441344,charliehebdo-all-rnr-threads,non-rumours,non-rumour,nonrumour,,,,
553196263064498176,charliehebdo-all-rnr-threads,non-rumours,non-rumour,nonrumour,,,,
552844436460560384,charliehebdo-all-rnr-threads,non-rumours,non-rumour,nonrumour,,,,
552978972963643392,charliehebdo-all-rnr-threads,non-rumours,non-rumour,nonrumour,,,,
553531802347122689,charliehebdo-all-rnr-threads,non-rumours,non-rumour,nonrumour,,,,
552837814946394112,charliehebdo-all-rnr-threads,non-rumours,non-rumour,nonrumour,,,,
553591980748734464,charliehebdo-all-rnr-threads,non-rumours,non-rumour,nonrumour,,,,
553545386082979841,charliehebdo-all-rnr-threads,non-rumours,non-rumour,nonrumour,,,,
553126517187047424,charliehebdo-all-rnr-threads,non-rumours,non-rumour,nonrumour,,,,
552849157694947328,charliehebdo-all-rnr-threads,non-rumours,non-rumour,nonrumour,,,,
553573432554979328,charliehebdo-all-rnr-threads,non-rumours,non-rumour,nonrumour,,,,
553139573019406336,charliehebdo-all-rnr-threads,non-rumours,non-rumour,nonrumour,,,,
552802098602319873,charliehebdo-all-rnr-threads,non-rumours,non-rumour,nonrumour,,,,
553567076728963073,charliehebdo-all-rnr-threads,non-rumours,non-rumour,nonrumour,,,,
553582011324329984,charliehebdo-all-rnr-threads,non-rumours,non-rumour,nonrumour,,,,
552818868604129280,charliehebdo-all-rnr-threads,non-rumours,non-rumour,nonrumour,,,,
553561169923829760,charliehebdo-all-rnr-threads,non-rumours,non-rumour,nonrumour,,,,
553099800951136256,charliehebdo-all-rnr-threads,non-rumours,non-rumour,nonrumour,,,,
552820265994829824,charliehebdo-all-rnr-threads,non-rumours,non-rumour,nonrumour,,,,
552808461940301825,charliehebdo-all-rnr-threads,non-rumours,non-rumour,nonrumour,,,,
552831101312303104,charliehebdo-all-rnr-threads,non-rumours,non-rumour,nonrumour,,,,
553221281181859841,charliehebdo-all-rnr-threads,non-rumours,non-rumour,nonrumour,,,,
553590072373968897,charliehebdo-all-rnr-threads,non-rumours,non-rumour,nonrumour,,,,
553227220765130752,charliehebdo-all-rnr-threads,non-rumours,non-rumour,nonrumour,,,,
552838479844216833,charliehebdo-all-rnr-threads,non-rumours,non-rumour,nonrumour,,,,
553141935482093568,charliehebdo-all-rnr-threads,non-rumours,non-rumour,nonrumour,,,,
552849662991151104,charliehebdo-all-rnr-threads,non-rumours,non-rumour,nonrumour,,,,
553540478403366912,charliehebdo-all-rnr-threads,non-rumours,non-rumour,nonrumour,,,,
552814216550563840,charliehebdo-all-rnr-threads,non-rumours,non-rumour,nonrumour,,,,
552832721945628672,charliehebdo-all-rnr-threads,non-rumours,non-rumour,nonrumour,,,,
553162401940770816,charliehebdo-all-rnr-threads,non-rumours,non-rumour,nonrumour,,,,
553184082277187585,charliehebdo-all-rnr-threads,non-rumours,non-rumour,nonrumour,,,,
552839843999645697,charliehebdo-all-rnr-threads,non-rumours,non-rumour,nonrumour,,,,
553559095798931456,charliehebdo-all-rnr-threads,non-rumours,non-rumour,nonrumour,,,,
553174536028303360,charliehebdo-all-rnr-threads,non-rumours,non-rumour,nonrumour,,,,
553551435762503681,charliehebdo-all-rnr-threads,non-rumours,non-rumour,nonrumour,,,,
552842140188147712,charliehebdo-all-rnr-threads,non-rumours,non-rumour,nonrumour,,,,
552822450824962048,charliehebdo-all-rnr-threads,non-rumours,non-rumour,nonrumour,,,,
553570659805454336,charliehebdo-all-rnr-threads,non-rumours,non-rumour,nonrumour,,,,
553152400832606208,charliehebdo-all-rnr-threads,non-rumours,non-rumour,nonrumour,,,,
553555705945288704,charliehebdo-all-rnr-threads,non-rumours,non-rumour,nonrumour,,,,
552830433688571904,charliehebdo-all-rnr-threads,non-rumours,non-rumour,nonrumour,,,,
552796522904297472,charliehebdo-all-rnr-threads,non-rumours,non-rumour,nonrumour,,,,
552830599002857472,charliehebdo-all-rnr-threads,non-rumours,non-rumour,nonrumour,,,,
553588326578417664,charliehebdo-all-rnr-threads,non-rumours,non-rumour,nonrumour,,,,
552833795142209536,charliehebdo-all-rnr-threads,non-rumours,non-rumour,nonrumour,,,,
552803757864787968,charliehebdo-all-rnr-threads,non-rumours,non-rumour,nonrumour,,,,
553591055833382913,charliehebdo-all-rnr-threads,non-rumours,non-rumour,nonrumour,,,,
552818870281850881,charliehebdo-all-rnr-threads,non-rumours,non-rumour,nonrumour,,,,
553200769671761920,charliehebdo-all-rnr-threads,non-rumours,non-rumour,nonrumour,,,,
553567850301231106,charliehebdo-all-rnr-threads,non-rumours,non-rumour,nonrumour,,,,
552816933851394048,charliehebdo-all-rnr-threads,non-rumours,non-rumour,nonrumour,,,,
553136237083889664,charliehebdo-all-rnr-threads,non-rumours,non-rumour,nonrumour,,,,
553231516290269184,charliehebdo-all-rnr-threads,non-rumours,non-rumour,nonrumour,,,,
553113395487330304,charliehebdo-all-rnr-threads,non-rumours,non-rumour,nonrumour,,,,
553487579077550082,charliehebdo-all-rnr-threads,non-rumours,non-rumour,nonrumour,,,,
552791678881660928,charliehebdo-all-rnr-threads,non-rumours,non-rumour,nonrumour,,,,
553201523577331712,charliehebdo-all-rnr-threads,non-rumours,non-rumour,nonrumour,,,,
553205372719472640,charliehebdo-all-rnr-threads,non-rumours,non-rumour,nonrumour,,,,
552807536894947329,charliehebdo-all-rnr-threads,non-rumours,non-rumour,nonrumour,,,,
552985973445783552,charliehebdo-all-rnr-threads,non-rumours,non-rumour,nonrumour,,,,
553585838056280064,charliehebdo-all-rnr-threads,non-rumours,non-rumour,nonrumour,,,,
553168646051475456,charliehebdo-all-rnr-threads,non-rumours,non-rumour,nonrumour,,,,
552811254667288576,charliehebdo-all-rnr-threads,non-rumours,non-rumour,nonrumour,,,,
552804784819154944,charliehebdo-all-rnr-threads,non-rumours,non-rumour,nonrumour,,,,
553214576956043264,charliehebdo-all-rnr-threads,non-rumours,non-rumour,nonrumour,,,,
552818922798727168,charliehebdo-all-rnr-threads,non-rumours,non-rumour,nonrumour,,,,
552817785949396992,charliehebdo-all-rnr-threads,non-rumours,non-rumour,nonrumour,,,,
552833527444566016,charliehebdo-all-rnr-threads,non-rumours,non-rumour,nonrumour,,,,
553544078768766977,charliehebdo-all-rnr-threads,non-rumours,non-rumour,nonrumour,,,,
552805830677258240,charliehebdo-all-rnr-threads,non-rumours,non-rumour,nonrumour,,,,
553107939926736896,charliehebdo-all-rnr-threads,non-rumours,non-rumour,nonrumour,,,,
552836854085459968,charliehebdo-all-rnr-threads,non-rumours,non-rumour,nonrumour,,,,
553161458931236864,charliehebdo-all-rnr-threads,non-rumours,non-rumour,nonrumour,,,,
553592108699758592,charliehebdo-all-rnr-threads,non-rumours,non-rumour,nonrumour,,,,
553486601146617856,charliehebdo-all-rnr-threads,non-rumours,non-rumour,nonrumour,,,,
552832142397296641,charliehebdo-all-rnr-threads,non-rumours,non-rumour,nonrumour,,,,
552846287314640897,charliehebdo-all-rnr-threads,non-rumours,non-rumour,nonrumour,,,,
552833197084778496,charliehebdo-all-rnr-threads,non-rumours,non-rumour,nonrumour,,,,
553539504146231298,charliehebdo-all-rnr-threads,non-rumours,non-rumour,nonrumour,,,,
553170912129056770,charliehebdo-all-rnr-threads,non-rumours,non-rumour,nonrumour,,,,
552830521340723200,charliehebdo-all-rnr-threads,non-rumours,non-rumour,nonrumour,,,,
553545000110538753,charliehebdo-all-rnr-threads,non-rumours,non-rumour,nonrumour,,,,
553584366803488770,charliehebdo-all-rnr-threads,non-rumours,non-rumour,nonrumour,,,,
553114307383541761,charliehebdo-all-rnr-threads,non-rumours,non-rumour,nonrumour,,,,
552807013764575232,charliehebdo-all-rnr-threads,non-rumours,non-rumour,nonrumour,,,,
553203538579701760,charliehebdo-all-rnr-threads,non-rumours,non-rumour,nonrumour,,,,
553490241445965824,charliehebdo-all-rnr-threads,non-rumours,non-rumour,nonrumour,,,,
553551148280729602,charliehebdo-all-rnr-threads,non-rumours,non-rumour,nonrumour,,,,
552980299769200640,charliehebdo-all-rnr-threads,non-rumours,non-rumour,nonrumour,,,,
553177822312013825,charliehebdo-all-rnr-threads,non-rumours,non-rumour,nonrumour,,,,
553160213839486976,charliehebdo-all-rnr-threads,non-rumours,non-rumour,nonrumour,,,,
552831230735962113,charliehebdo-all-rnr-threads,non-rumours,non-rumour,nonrumour,,,,
552835339325558785,charliehebdo-all-rnr-threads,non-rumours,non-rumour,nonrumour,,,,
552824456557887488,charliehebdo-all-rnr-threads,non-rumours,non-rumour,nonrumour,,,,
553544336475168769,charliehebdo-all-rnr-threads,non-rumours,non-rumour,nonrumour,,,,
553219651594125312,charliehebdo-all-rnr-threads,non-rumours,non-rumour,nonrumour,,,,
552980760500916225,charliehebdo-all-rnr-threads,non-rumours,non-rumour,nonrumour,,,,
553584173420920833,charliehebdo-all-rnr-threads,non-rumours,non-rumour,nonrumour,,,,
552814978823385088,charliehebdo-all-rnr-threads,non-rumours,non-rumour,nonrumour,,,,
552831978522021890,charliehebdo-all-rnr-threads,non-rumours,non-rumour,nonrumour,,,,
552831624283693056,charliehebdo-all-rnr-threads,non-rumours,non-rumour,nonrumour,,,,
552825664307744769,charliehebdo-all-rnr-threads,non-rumours,non-rumour,nonrumour,,,,
552820735513612288,charliehebdo-all-rnr-threads,non-rumours,non-rumour,nonrumour,,,,
553529789794250753,charliehebdo-all-rnr-threads,non-rumours,non-rumour,nonrumour,,,,
552846874432909312,charliehebdo-all-rnr-threads,non-rumours,non-rumour,nonrumour,,,,
553234456522522624,charliehebdo-all-rnr-threads,non-rumours,non-rumour,nonrumour,,,,
553462249562832897,charliehebdo-all-rnr-threads,non-rumours,non-rumour,nonrumour,,,,
553591841996951553,charliehebdo-all-rnr-threads,non-rumours,non-rumour,nonrumour,,,,
553145690424344576,charliehebdo-all-rnr-threads,non-rumours,non-rumour,nonrumour,,,,
552825236715208707,charliehebdo-all-rnr-threads,non-rumours,non-rumour,nonrumour,,,,
553575803733426176,charliehebdo-all-rnr-threads,non-rumours,non-rumour,nonrumour,,,,
552981889619722241,charliehebdo-all-rnr-threads,non-rumours,non-rumour,nonrumour,,,,
552807582113730560,charliehebdo-all-rnr-threads,non-rumours,non-rumour,nonrumour,,,,
553127274829328385,charliehebdo-all-rnr-threads,non-rumours,non-rumour,nonrumour,,,,
553111157738057728,charliehebdo-all-rnr-threads,non-rumours,non-rumour,nonrumour,,,,
552841460681572352,charliehebdo-all-rnr-threads,non-rumours,non-rumour,nonrumour,,,,
552789252690706432,charliehebdo-all-rnr-threads,non-rumours,non-rumour,nonrumour,,,,
552830674357334016,charliehebdo-all-rnr-threads,non-rumours,non-rumour,nonrumour,,,,
553106200242700289,charliehebdo-all-rnr-threads,non-rumours,non-rumour,nonrumour,,,,
553537322218553344,charliehebdo-all-rnr-threads,non-rumours,non-rumour,nonrumour,,,,
553148984509100032,charliehebdo-all-rnr-threads,non-rumours,non-rumour,nonrumour,,,,
553516197283893248,charliehebdo-all-rnr-threads,non-rumours,non-rumour,nonrumour,,,,
553135991083769856,charliehebdo-all-rnr-threads,non-rumours,non-rumour,nonrumour,,,,
552805956619628544,charliehebdo-all-rnr-threads,non-rumours,non-rumour,nonrumour,,,,
553542245966958592,charliehebdo-all-rnr-threads,non-rumours,non-rumour,nonrumour,,,,
552802515969138688,charliehebdo-all-rnr-threads,non-rumours,non-rumour,nonrumour,,,,
552812572731527168,charliehebdo-all-rnr-threads,non-rumours,non-rumour,nonrumour,,,,
553583867664535552,charliehebdo-all-rnr-threads,non-rumours,non-rumour,nonrumour,,,,
553096978788515840,charliehebdo-all-rnr-threads,non-rumours,non-rumour,nonrumour,,,,
552845393541988352,charliehebdo-all-rnr-threads,non-rumours,non-rumour,nonrumour,,,,
552838287929663489,charliehebdo-all-rnr-threads,non-rumours,non-rumour,nonrumour,,,,
553151700950065152,charliehebdo-all-rnr-threads,non-rumours,non-rumour,nonrumour,,,,
553519997956669440,charliehebdo-all-rnr-threads,non-rumours,non-rumour,nonrumour,,,,
553216451780554752,charliehebdo-all-rnr-threads,non-rumours,non-rumour,nonrumour,,,,
553105460887572480,charliehebdo-all-rnr-threads,non-rumours,non-rumour,nonrumour,,,,
552806077755326464,charliehebdo-all-rnr-threads,non-rumours,non-rumour,nonrumour,,,,
552830966411321344,charliehebdo-all-rnr-threads,non-rumours,non-rumour,nonrumour,,,,
552812140479148032,charliehebdo-all-rnr-threads,non-rumours,non-rumour,nonrumour,,,,
552805799106732032,charliehebdo-all-rnr-threads,non-rumours,non-rumour,nonrumour,,,,
552839416620658688,charliehebdo-all-rnr-threads,non-rumours,non-rumour,nonrumour,,,,
552834501383290880,charliehebdo-all-rnr-threads,non-rumours,non-rumour,nonrumour,,,,
553152208691539968,charliehebdo-all-rnr-threads,non-rumours,non-rumour,nonrumour,,,,
552831705351225344,charliehebdo-all-rnr-threads,non-rumours,non-rumour,nonrumour,,,,
552821030117711872,charliehebdo-all-rnr-threads,non-rumours,non-rumour,nonrumour,,,,
552845028130037760,charliehebdo-all-rnr-threads,non-rumours,non-rumour,nonrumour,,,,
553209232712294401,charliehebdo-all-rnr-threads,non-rumours,non-rumour,nonrumour,,,,
553126492579053568,charliehebdo-all-rnr-threads,non-rumours,non-rumour,nonrumour,,,,
553209843939831809,charliehebdo-all-rnr-threads,non-rumours,non-rumour,nonrumour,,,,
552806610490646528,charliehebdo-all-rnr-threads,non-rumours,non-rumour,nonrumour,,,,
553171841913602048,charliehebdo-all-rnr-threads,non-rumours,non-rumour,nonrumour,,,,
552850022271033344,charliehebdo-all-rnr-threads,non-rumours,non-rumour,nonrumour,,,,
552839975843016706,charliehebdo-all-rnr-threads,non-rumours,non-rumour,nonrumour,,,,
552832584045330432,charliehebdo-all-rnr-threads,non-rumours,non-rumour,nonrumour,,,,
552822604206460928,charliehebdo-all-rnr-threads,non-rumours,non-rumour,nonrumour,,,,
552836586191474689,charliehebdo-all-rnr-threads,non-rumours,non-rumour,nonrumour,,,,
553591518619893760,charliehebdo-all-rnr-threads,non-rumours,non-rumour,nonrumour,,,,
553582251616010240,charliehebdo-all-rnr-threads,non-rumours,non-rumour,nonrumour,,,,
553542628097019904,charliehebdo-all-rnr-threads,non-rumours,non-rumour,nonrumour,,,,
552838134627860480,charliehebdo-all-rnr-threads,non-rumours,non-rumour,nonrumour,,,,
553098796108750848,charliehebdo-all-rnr-threads,non-rumours,non-rumour,nonrumour,,,,
553189840913989633,charliehebdo-all-rnr-threads,non-rumours,non-rumour,nonrumour,,,,
553538939076624384,charliehebdo-all-rnr-threads,non-rumours,non-rumour,nonrumour,,,,
553185062829948928,charliehebdo-all-rnr-threads,non-rumours,non-rumour,nonrumour,,,,
552986374765563904,charliehebdo-all-rnr-threads,non-rumours,non-rumour,nonrumour,,,,
553215362058440704,charliehebdo-all-rnr-threads,non-rumours,non-rumour,nonrumour,,,,
552814770542628865,charliehebdo-all-rnr-threads,non-rumours,non-rumour,nonrumour,,,,
552812416485294080,charliehebdo-all-rnr-threads,non-rumours,non-rumour,nonrumour,,,,
552841650582847488,charliehebdo-all-rnr-threads,non-rumours,non-rumour,nonrumour,,,,
553590811355795456,charliehebdo-all-rnr-threads,non-rumours,non-rumour,nonrumour,,,,
552848478196736000,charliehebdo-all-rnr-threads,non-rumours,non-rumour,nonrumour,,,,
553560488056225792,charliehebdo-all-rnr-threads,non-rumours,non-rumour,nonrumour,,,,
552814845016694786,charliehebdo-all-rnr-threads,non-rumours,non-rumour,nonrumour,,,,
553127546129117184,charliehebdo-all-rnr-threads,non-rumours,non-rumour,nonrumour,,,,
552831460236099586,charliehebdo-all-rnr-threads,non-rumours,non-rumour,nonrumour,,,,
553547637832843264,charliehebdo-all-rnr-threads,non-rumours,non-rumour,nonrumour,,,,
553229626756329472,charliehebdo-all-rnr-threads,non-rumours,non-rumour,nonrumour,,,,
553214783647145984,charliehebdo-all-rnr-threads,non-rumours,non-rumour,nonrumour,,,,
553181899662049281,charliehebdo-all-rnr-threads,non-rumours,non-rumour,nonrumour,,,,
552822330141851649,charliehebdo-all-rnr-threads,non-rumours,non-rumour,nonrumour,,,,
553162815402672128,charliehebdo-all-rnr-threads,non-rumours,non-rumour,nonrumour,,,,
553587816048099328,charliehebdo-all-rnr-threads,non-rumours,non-rumour,nonrumour,,,,
552981694979248128,charliehebdo-all-rnr-threads,non-rumours,non-rumour,nonrumour,,,,
553563780928770048,charliehebdo-all-rnr-threads,non-rumours,non-rumour,nonrumour,,,,
552850533523136513,charliehebdo-all-rnr-threads,non-rumours,non-rumour,nonrumour,,,,
552824705703763969,charliehebdo-all-rnr-threads,non-rumours,non-rumour,nonrumour,,,,
552836204283326465,charliehebdo-all-rnr-threads,non-rumours,non-rumour,nonrumour,,,,
552837016350912512,charliehebdo-all-rnr-threads,non-rumours,non-rumour,nonrumour,,,,
552831761957523456,charliehebdo-all-rnr-threads,non-rumours,non-rumour,nonrumour,,,,
552844311096983552,charliehebdo-all-rnr-threads,non-rumours,non-rumour,nonrumour,,,,
553188214522249217,charliehebdo-all-rnr-threads,non-rumours,non-rumour,nonrumour,,,,
553165824979386368,charliehebdo-all-rnr-threads,non-rumours,non-rumour,nonrumour,,,,
552827825603219456,charliehebdo-all-rnr-threads,non-rumours,non-rumour,nonrumour,,,,
553225402282692608,charliehebdo-all-rnr-threads,non-rumours,non-rumour,nonrumour,,,,
552814130827370498,charliehebdo-all-rnr-threads,non-rumours,non-rumour,nonrumour,,,,
553144964168036352,charliehebdo-all-rnr-threads,non-rumours,non-rumour,nonrumour,,,,
553231607449276416,charliehebdo-all-rnr-threads,non-rumours,non-rumour,nonrumour,,,,
553163210715844608,charliehebdo-all-rnr-threads,non-rumours,non-rumour,nonrumour,,,,
553531783992868864,charliehebdo-all-rnr-threads,non-rumours,non-rumour,nonrumour,,,,
552837078854410241,charliehebdo-all-rnr-threads,non-rumours,non-rumour,nonrumour,,,,
553181902543126529,charliehebdo-all-rnr-threads,non-rumours,non-rumour,nonrumour,,,,
553589657695715328,charliehebdo-all-rnr-threads,non-rumours,non-rumour,nonrumour,,,,
552979275776032768,charliehebdo-all-rnr-threads,non-rumours,non-rumour,nonrumour,,,,
553538939454509056,charliehebdo-all-rnr-threads,non-rumours,non-rumour,nonrumour,,,,
552829011983089664,charliehebdo-all-rnr-threads,non-rumours,non-rumour,nonrumour,,,,
553526283033133056,charliehebdo-all-rnr-threads,non-rumours,non-rumour,nonrumour,,,,
553587546614427649,charliehebdo-all-rnr-threads,non-rumours,non-rumour,nonrumour,,,,
553473369539366912,charliehebdo-all-rnr-threads,non-rumours,non-rumour,nonrumour,,,,
553503846258196480,charliehebdo-all-rnr-threads,non-rumours,non-rumour,nonrumour,,,,
552798010196107264,charliehebdo-all-rnr-threads,non-rumours,non-rumour,nonrumour,,,,
552800290861510656,charliehebdo-all-rnr-threads,non-rumours,non-rumour,nonrumour,,,,
553147341470203906,charliehebdo-all-rnr-threads,non-rumours,non-rumour,nonrumour,,,,
552817675408523264,charliehebdo-all-rnr-threads,non-rumours,non-rumour,nonrumour,,,,
552978225010184193,charliehebdo-all-rnr-threads,non-rumours,non-rumour,nonrumour,,,,
553213361350262784,charliehebdo-all-rnr-threads,non-rumours,non-rumour,nonrumour,,,,
552846544320618496,charliehebdo-all-rnr-threads,non-rumours,non-rumour,nonrumour,,,,
553119505887395840,charliehebdo-all-rnr-threads,non-rumours,non-rumour,nonrumour,,,,
553135106609922049,charliehebdo-all-rnr-threads,non-rumours,non-rumour,nonrumour,,,,
552812811651272705,charliehebdo-all-rnr-threads,non-rumours,non-rumour,nonrumour,,,,
553185404657352704,charliehebdo-all-rnr-threads,non-rumours,non-rumour,nonrumour,,,,
553555389611274240,charliehebdo-all-rnr-threads,non-rumours,non-rumour,nonrumour,,,,
552847427410341890,charliehebdo-all-rnr-threads,non-rumours,non-rumour,nonrumour,,,,
553223992300285952,charliehebdo-all-rnr-threads,non-rumours,non-rumour,nonrumour,,,,
552850116324130816,charliehebdo-all-rnr-threads,non-rumours,non-rumour,nonrumour,,,,
553537648938086403,charliehebdo-all-rnr-threads,non-rumours,non-rumour,nonrumour,,,,
552982813671043072,charliehebdo-all-rnr-threads,non-rumours,non-rumour,nonrumour,,,,
553223681409703937,charliehebdo-all-rnr-threads,non-rumours,non-rumour,nonrumour,,,,
553526191399776257,charliehebdo-all-rnr-threads,non-rumours,non-rumour,nonrumour,,,,
553173654121742336,charliehebdo-all-rnr-threads,non-rumours,non-rumour,nonrumour,,,,
553160898399834112,charliehebdo-all-rnr-threads,non-rumours,non-rumour,nonrumour,,,,
553229948153262081,charliehebdo-all-rnr-threads,non-rumours,non-rumour,nonrumour,,,,
553196930768330753,charliehebdo-all-rnr-threads,non-rumours,non-rumour,nonrumour,,,,
552845542536261634,charliehebdo-all-rnr-threads,non-rumours,non-rumour,nonrumour,,,,
552819569103220736,charliehebdo-all-rnr-threads,non-rumours,non-rumour,nonrumour,,,,
553546551709409280,charliehebdo-all-rnr-threads,non-rumours,non-rumour,nonrumour,,,,
552821977061556225,charliehebdo-all-rnr-threads,non-rumours,non-rumour,nonrumour,,,,
552820842544246784,charliehebdo-all-rnr-threads,non-rumours,non-rumour,nonrumour,,,,
553545384069328896,charliehebdo-all-rnr-threads,non-rumours,non-rumour,nonrumour,,,,
553165231275663361,charliehebdo-all-rnr-threads,non-rumours,non-rumour,nonrumour,,,,
553555432577708032,charliehebdo-all-rnr-threads,non-rumours,non-rumour,nonrumour,,,,
553130475032563712,charliehebdo-all-rnr-threads,non-rumours,non-rumour,nonrumour,,,,
553538456207777792,charliehebdo-all-rnr-threads,non-rumours,non-rumour,nonrumour,,,,
553508524320653312,charliehebdo-all-rnr-threads,non-rumours,non-rumour,nonrumour,,,,
553582049282768897,charliehebdo-all-rnr-threads,non-rumours,non-rumour,nonrumour,,,,
552826060455550976,charliehebdo-all-rnr-threads,non-rumours,non-rumour,nonrumour,,,,
552843349246619648,charliehebdo-all-rnr-threads,non-rumours,non-rumour,nonrumour,,,,
553218281705066496,charliehebdo-all-rnr-threads,non-rumours,non-rumour,nonrumour,,,,
553218279557582849,charliehebdo-all-rnr-threads,non-rumours,non-rumour,nonrumour,,,,
553517548734791680,charliehebdo-all-rnr-threads,non-rumours,non-rumour,nonrumour,,,,
553542337553764352,charliehebdo-all-rnr-threads,non-rumours,non-rumour,nonrumour,,,,
553189165509394432,charliehebdo-all-rnr-threads,non-rumours,non-rumour,nonrumour,,,,
553491604917334016,charliehebdo-all-rnr-threads,non-rumours,non-rumour,nonrumour,,,,
553578250186665984,charliehebdo-all-rnr-threads,non-rumours,non-rumour,nonrumour,,,,
553591475830009857,charliehebdo-all-rnr-threads,non-rumours,non-rumour,nonrumour,,,,
553224764924243969,charliehebdo-all-rnr-threads,non-rumours,non-rumour,nonrumour,,,,
552831974784905216,charliehebdo-all-rnr-threads,non-rumours,non-rumour,nonrumour,,,,
553542208214036480,charliehebdo-all-rnr-threads,non-rumours,non-rumour,nonrumour,,,,
553144384737525762,charliehebdo-all-rnr-threads,non-rumours,non-rumour,nonrumour,,,,
553546878902861825,charliehebdo-all-rnr-threads,non-rumours,non-rumour,nonrumour,,,,
553534934447824896,charliehebdo-all-rnr-threads,non-rumours,non-rumour,nonrumour,,,,
552789443644751872,charliehebdo-all-rnr-threads,non-rumours,non-rumour,nonrumour,,,,
552847035108323329,charliehebdo-all-rnr-threads,non-rumours,non-rumour,nonrumour,,,,
553553202197827584,charliehebdo-all-rnr-threads,non-rumours,non-rumour,nonrumour,,,,
553578348111085568,charliehebdo-all-rnr-threads,non-rumours,non-rumour,nonrumour,,,,
552830459273809920,charliehebdo-all-rnr-threads,non-rumours,non-rumour,nonrumour,,,,
553131557892804609,charliehebdo-all-rnr-threads,non-rumours,non-rumour,nonrumour,,,,
553195138156343296,charliehebdo-all-rnr-threads,non-rumours,non-rumour,nonrumour,,,,
552830151650967552,charliehebdo-all-rnr-threads,non-rumours,non-rumour,nonrumour,,,,
553591736598269952,charliehebdo-all-rnr-threads,non-rumours,non-rumour,nonrumour,,,,
552834229722038273,charliehebdo-all-rnr-threads,non-rumours,non-rumour,nonrumour,,,,
553589914684895232,charliehebdo-all-rnr-threads,non-rumours,non-rumour,nonrumour,,,,
553542516772175873,charliehebdo-all-rnr-threads,non-rumours,non-rumour,nonrumour,,,,
552807328287064065,charliehebdo-all-rnr-threads,non-rumours,non-rumour,nonrumour,,,,
552838105422913538,charliehebdo-all-rnr-threads,non-rumours,non-rumour,nonrumour,,,,
553163862707818496,charliehebdo-all-rnr-threads,non-rumours,non-rumour,nonrumour,,,,
552822873773993984,charliehebdo-all-rnr-threads,non-rumours,non-rumour,nonrumour,,,,
553222038379180032,charliehebdo-all-rnr-threads,non-rumours,non-rumour,nonrumour,,,,
552834842837409793,charliehebdo-all-rnr-threads,non-rumours,non-rumour,nonrumour,,,,
552814460193476609,charliehebdo-all-rnr-threads,non-rumours,non-rumour,nonrumour,,,,
553575302392455169,charliehebdo-all-rnr-threads,non-rumours,non-rumour,nonrumour,,,,
552823108537954306,charliehebdo-all-rnr-threads,non-rumours,non-rumour,nonrumour,,,,
553169622762262529,charliehebdo-all-rnr-threads,non-rumours,non-rumour,nonrumour,,,,
553176976698376192,charliehebdo-all-rnr-threads,non-rumours,non-rumour,nonrumour,,,,
552850725467082752,charliehebdo-all-rnr-threads,non-rumours,non-rumour,nonrumour,,,,
552807904597008385,charliehebdo-all-rnr-threads,non-rumours,non-rumour,nonrumour,,,,
553184451774402560,charliehebdo-all-rnr-threads,non-rumours,non-rumour,nonrumour,,,,
552834558706847745,charliehebdo-all-rnr-threads,non-rumours,non-rumour,nonrumour,,,,
553135255583219712,charliehebdo-all-rnr-threads,non-rumours,non-rumour,nonrumour,,,,
552797154692300800,charliehebdo-all-rnr-threads,non-rumours,non-rumour,nonrumour,,,,
553583847850663936,charliehebdo-all-rnr-threads,non-rumours,non-rumour,nonrumour,,,,
553215879979085829,charliehebdo-all-rnr-threads,non-rumours,non-rumour,nonrumour,,,,
552805638024077312,charliehebdo-all-rnr-threads,non-rumours,non-rumour,nonrumour,,,,
553165538499641344,charliehebdo-all-rnr-threads,non-rumours,non-rumour,nonrumour,,,,
553114158989074432,charliehebdo-all-rnr-threads,non-rumours,non-rumour,nonrumour,,,,
552836095332081664,charliehebdo-all-rnr-threads,non-rumours,non-rumour,nonrumour,,,,
552832232197746688,charliehebdo-all-rnr-threads,non-rumours,non-rumour,nonrumour,,,,
552831842232324097,charliehebdo-all-rnr-threads,non-rumours,non-rumour,nonrumour,,,,
553218599390040065,charliehebdo-all-rnr-threads,non-rumours,non-rumour,nonrumour,,,,
552821862850637825,charliehebdo-all-rnr-threads,non-rumours,non-rumour,nonrumour,,,,
553582801833185280,charliehebdo-all-rnr-threads,non-rumours,non-rumour,nonrumour,,,,
552819474320359425,charliehebdo-all-rnr-threads,non-rumours,non-rumour,nonrumour,,,,
553214612569456640,charliehebdo-all-rnr-threads,non-rumours,non-rumour,nonrumour,,,,
552839190921351168,charliehebdo-all-rnr-threads,non-rumours,non-rumour,nonrumour,,,,
552828504060874752,charliehebdo-all-rnr-threads,non-rumours,non-rumour,nonrumour,,,,
553536532960010240,charliehebdo-all-rnr-threads,non-rumours,non-rumour,nonrumour,,,,
553131797379551232,charliehebdo-all-rnr-threads,non-rumours,non-rumour,nonrumour,,,,
552805450350362625,charliehebdo-all-rnr-threads,non-rumours,non-rumour,nonrumour,,,,
553539778088816641,charliehebdo-all-rnr-threads,non-rumours,non-rumour,nonrumour,,,,
553480900869361664,charliehebdo-all-rnr-threads,non-rumours,non-rumour,nonrumour,,,,
553173371043995648,charliehebdo-all-rnr-threads,non-rumours,non-rumour,nonrumour,,,,
553195806899970048,charliehebdo-all-rnr-threads,non-rumours,non-rumour,nonrumour,,,,
553115396006764544,charliehebdo-all-rnr-threads,non-rumours,non-rumour,nonrumour,,,,
553562446456422402,charliehebdo-all-rnr-threads,non-rumours,non-rumour,nonrumour,,,,
552838710296080384,charliehebdo-all-rnr-threads,non-rumours,non-rumour,nonrumour,,,,
553512076304728064,charliehebdo-all-rnr-threads,non-rumours,non-rumour,nonrumour,,,,
553208762291339265,charliehebdo-all-rnr-threads,non-rumours,non-rumour,nonrumour,,,,
553590427216248832,charliehebdo-all-rnr-threads,non-rumours,non-rumour,nonrumour,,,,
553502749498036224,charliehebdo-all-rnr-threads,non-rumours,non-rumour,nonrumour,,,,
553569060882235392,charliehebdo-all-rnr-threads,non-rumours,non-rumour,nonrumour,,,,
553537551114706945,charliehebdo-all-rnr-threads,non-rumours,non-rumour,nonrumour,,,,
553558611306090496,charliehebdo-all-rnr-threads,non-rumours,non-rumour,nonrumour,,,,
552850603714826241,charliehebdo-all-rnr-threads,non-rumours,non-rumour,nonrumour,,,,
553157114156560385,charliehebdo-all-rnr-threads,non-rumours,non-rumour,nonrumour,,,,
553546967281061888,charliehebdo-all-rnr-threads,non-rumours,non-rumour,nonrumour,,,,
553183420499894272,charliehebdo-all-rnr-threads,non-rumours,non-rumour,nonrumour,,,,
552819064301961216,charliehebdo-all-rnr-threads,non-rumours,non-rumour,nonrumour,,,,
553566200098488320,charliehebdo-all-rnr-threads,non-rumours,non-rumour,nonrumour,,,,
552842614555545600,charliehebdo-all-rnr-threads,non-rumours,non-rumour,nonrumour,,,,
553200726403710976,charliehebdo-all-rnr-threads,non-rumours,non-rumour,nonrumour,,,,
552829396265230336,charliehebdo-all-rnr-threads,non-rumours,non-rumour,nonrumour,,,,
553541601482784768,charliehebdo-all-rnr-threads,non-rumours,non-rumour,nonrumour,,,,
552847218403581953,charliehebdo-all-rnr-threads,non-rumours,non-rumour,nonrumour,,,,
552818988468944897,charliehebdo-all-rnr-threads,non-rumours,non-rumour,nonrumour,,,,
552980862774808577,charliehebdo-all-rnr-threads,non-rumours,non-rumour,nonrumour,,,,
553172148085620738,charliehebdo-all-rnr-threads,non-rumours,non-rumour,nonrumour,,,,
553496697918468096,charliehebdo-all-rnr-threads,non-rumours,non-rumour,nonrumour,,,,
552796895513681920,charliehebdo-all-rnr-threads,non-rumours,non-rumour,nonrumour,,,,
552834182905221121,charliehebdo-all-rnr-threads,non-rumours,non-rumour,nonrumour,,,,
552822544341139458,charliehebdo-all-rnr-threads,non-rumours,non-rumour,nonrumour,,,,
553516364879904768,charliehebdo-all-rnr-threads,non-rumours,non-rumour,nonrumour,,,,
553108804934856704,charliehebdo-all-rnr-threads,non-rumours,non-rumour,nonrumour,,,,
552845255796461569,charliehebdo-all-rnr-threads,non-rumours,non-rumour,nonrumour,,,,
552802117908697088,charliehebdo-all-rnr-threads,non-rumours,non-rumour,nonrumour,,,,
552830781656428544,charliehebdo-all-rnr-threads,non-rumours,non-rumour,nonrumour,,,,
553125364520992768,charliehebdo-all-rnr-threads,non-rumours,non-rumour,nonrumour,,,,
553581227165642752,charliehebdo-all-rnr-threads,non-rumours,non-rumour,nonrumour,,,,
553220054184382465,charliehebdo-all-rnr-threads,non-rumours,non-rumour,nonrumour,,,,
552808785329549313,charliehebdo-all-rnr-threads,non-rumours,non-rumour,nonrumour,,,,
553552493561798656,charliehebdo-all-rnr-threads,non-rumours,non-rumour,nonrumour,,,,
553133340795363328,charliehebdo-all-rnr-threads,non-rumours,non-rumour,nonrumour,,,,
552790695036321793,charliehebdo-all-rnr-threads,non-rumours,non-rumour,nonrumour,,,,
553168698677030913,charliehebdo-all-rnr-threads,non-rumours,non-rumour,nonrumour,,,,
552803413583360001,charliehebdo-all-rnr-threads,non-rumours,non-rumour,nonrumour,,,,
552808669646036992,charliehebdo-all-rnr-threads,non-rumours,non-rumour,nonrumour,,,,
552831515940634624,charliehebdo-all-rnr-threads,non-rumours,non-rumour,nonrumour,,,,
553545782050045952,charliehebdo-all-rnr-threads,non-rumours,non-rumour,nonrumour,,,,
553138330557108224,charliehebdo-all-rnr-threads,non-rumours,non-rumour,nonrumour,,,,
553558126147149825,charliehebdo-all-rnr-threads,non-rumours,non-rumour,nonrumour,,,,
553227856046596097,charliehebdo-all-rnr-threads,non-rumours,non-rumour,nonrumour,,,,
552826581916594178,charliehebdo-all-rnr-threads,non-rumours,non-rumour,nonrumour,,,,
553583059761897473,charliehebdo-all-rnr-threads,non-rumours,non-rumour,nonrumour,,,,
553104721503088640,charliehebdo-all-rnr-threads,non-rumours,non-rumour,nonrumour,,,,
553555293645590528,charliehebdo-all-rnr-threads,non-rumours,non-rumour,nonrumour,,,,
552850925510225920,charliehebdo-all-rnr-threads,non-rumours,non-rumour,nonrumour,,,,
553550888770740224,charliehebdo-all-rnr-threads,non-rumours,non-rumour,nonrumour,,,,
553209917944131585,charliehebdo-all-rnr-threads,non-rumours,non-rumour,nonrumour,,,,
552833483325059072,charliehebdo-all-rnr-threads,non-rumours,non-rumour,nonrumour,,,,
552810287695659009,charliehebdo-all-rnr-threads,non-rumours,non-rumour,nonrumour,,,,
552816686752358401,charliehebdo-all-rnr-threads,non-rumours,non-rumour,nonrumour,,,,
553532452472238080,charliehebdo-all-rnr-threads,non-rumours,non-rumour,nonrumour,,,,
553208300607922177,charliehebdo-all-rnr-threads,non-rumours,non-rumour,nonrumour,,,,
553158824979619840,charliehebdo-all-rnr-threads,non-rumours,non-rumour,nonrumour,,,,
553110751238701058,charliehebdo-all-rnr-threads,non-rumours,non-rumour,nonrumour,,,,
553567732126736385,charliehebdo-all-rnr-threads,non-rumours,non-rumour,nonrumour,,,,
553473559352606720,charliehebdo-all-rnr-threads,non-rumours,non-rumour,nonrumour,,,,
553124783043649537,charliehebdo-all-rnr-threads,non-rumours,non-rumour,nonrumour,,,,
552785391653494784,charliehebdo-all-rnr-threads,non-rumours,non-rumour,nonrumour,,,,
552806462125506560,charliehebdo-all-rnr-threads,non-rumours,non-rumour,nonrumour,,,,
553591315515310081,charliehebdo-all-rnr-threads,non-rumours,non-rumour,nonrumour,,,,
553505458162782208,charliehebdo-all-rnr-threads,non-rumours,non-rumour,nonrumour,,,,
552814766369284097,charliehebdo-all-rnr-threads,non-rumours,non-rumour,nonrumour,,,,
553212338728603648,charliehebdo-all-rnr-threads,non-rumours,non-rumour,nonrumour,,,,
553204017552457728,charliehebdo-all-rnr-threads,non-rumours,non-rumour,nonrumour,,,,
552837599304622080,charliehebdo-all-rnr-threads,non-rumours,non-rumour,nonrumour,,,,
553226479904231424,charliehebdo-all-rnr-threads,non-rumours,non-rumour,nonrumour,,,,
553463773844238337,charliehebdo-all-rnr-threads,non-rumours,non-rumour,nonrumour,,,,
553127899033640960,charliehebdo-all-rnr-threads,non-rumours,non-rumour,nonrumour,,,,
552826238407294977,charliehebdo-all-rnr-threads,non-rumours,non-rumour,nonrumour,,,,
553145736045801472,charliehebdo-all-rnr-threads,non-rumours,non-rumour,nonrumour,,,,
552846893588709376,charliehebdo-all-rnr-threads,non-rumours,non-rumour,nonrumour,,,,
553476288103477249,charliehebdo-all-rnr-threads,non-rumours,non-rumour,nonrumour,,,,
552807054268956673,charliehebdo-all-rnr-threads,non-rumours,non-rumour,nonrumour,,,,
553572914923323392,charliehebdo-all-rnr-threads,non-rumours,non-rumour,nonrumour,,,,
552815387759616000,charliehebdo-all-rnr-threads,non-rumours,non-rumour,nonrumour,,,,
552850092806258690,charliehebdo-all-rnr-threads,non-rumours,non-rumour,nonrumour,,,,
553582206019723264,charliehebdo-all-rnr-threads,non-rumours,non-rumour,nonrumour,,,,
552814076167213056,charliehebdo-all-rnr-threads,non-rumours,non-rumour,nonrumour,,,,
553542417673367552,charliehebdo-all-rnr-threads,non-rumours,non-rumour,nonrumour,,,,
553584782987497474,charliehebdo-all-rnr-threads,non-rumours,non-rumour,nonrumour,,,,
553544566042009600,charliehebdo-all-rnr-threads,non-rumours,non-rumour,nonrumour,,,,
552821570423771136,charliehebdo-all-rnr-threads,non-rumours,non-rumour,nonrumour,,,,
553497730476015617,charliehebdo-all-rnr-threads,non-rumours,non-rumour,nonrumour,,,,
552813155572006912,charliehebdo-all-rnr-threads,non-rumours,non-rumour,nonrumour,,,,
553113938091462656,charliehebdo-all-rnr-threads,non-rumours,non-rumour,nonrumour,,,,
552840067199533057,charliehebdo-all-rnr-threads,non-rumours,non-rumour,nonrumour,,,,
553553331671408641,charliehebdo-all-rnr-threads,non-rumours,non-rumour,nonrumour,,,,
552840728116994049,charliehebdo-all-rnr-threads,non-rumours,non-rumour,nonrumour,,,,
552833432540430337,charliehebdo-all-rnr-threads,non-rumours,non-rumour,nonrumour,,,,
553171056589279233,charliehebdo-all-rnr-threads,non-rumours,non-rumour,nonrumour,,,,
553126044375732224,charliehebdo-all-rnr-threads,non-rumours,non-rumour,nonrumour,,,,
553236009081921536,charliehebdo-all-rnr-threads,non-rumours,non-rumour,nonrumour,,,,
553206304396038145,charliehebdo-all-rnr-threads,non-rumours,non-rumour,nonrumour,,,,
552811533303296001,charliehebdo-all-rnr-threads,non-rumours,non-rumour,nonrumour,,,,
553197212726218752,charliehebdo-all-rnr-threads,non-rumours,non-rumour,nonrumour,,,,
553197197618339841,charliehebdo-all-rnr-threads,non-rumours,non-rumour,nonrumour,,,,
552829734502297600,charliehebdo-all-rnr-threads,non-rumours,non-rumour,nonrumour,,,,
553537380209401856,charliehebdo-all-rnr-threads,non-rumours,non-rumour,nonrumour,,,,
552837655105658880,charliehebdo-all-rnr-threads,non-rumours,non-rumour,nonrumour,,,,
553137601457426433,charliehebdo-all-rnr-threads,non-rumours,non-rumour,nonrumour,,,,
553587278564823041,charliehebdo-all-rnr-threads,non-rumours,non-rumour,nonrumour,,,,
552812951208722432,charliehebdo-all-rnr-threads,non-rumours,non-rumour,nonrumour,,,,
553514329166061568,charliehebdo-all-rnr-threads,non-rumours,non-rumour,nonrumour,,,,
553573875528007680,charliehebdo-all-rnr-threads,non-rumours,non-rumour,nonrumour,,,,
553232137931849728,charliehebdo-all-rnr-threads,non-rumours,non-rumour,nonrumour,,,,
552826524467216385,charliehebdo-all-rnr-threads,non-rumours,non-rumour,nonrumour,,,,
553108242856177664,charliehebdo-all-rnr-threads,non-rumours,non-rumour,nonrumour,,,,
552817391181103104,charliehebdo-all-rnr-threads,non-rumours,non-rumour,nonrumour,,,,
553161912968417280,charliehebdo-all-rnr-threads,non-rumours,non-rumour,nonrumour,,,,
552848653980033025,charliehebdo-all-rnr-threads,non-rumours,non-rumour,nonrumour,,,,
553100996855885824,charliehebdo-all-rnr-threads,non-rumours,non-rumour,nonrumour,,,,
553098799380717568,charliehebdo-all-rnr-threads,non-rumours,non-rumour,nonrumour,,,,
552832996676730881,charliehebdo-all-rnr-threads,non-rumours,non-rumour,nonrumour,,,,
552821282447040513,charliehebdo-all-rnr-threads,non-rumours,non-rumour,nonrumour,,,,
552823301899575296,charliehebdo-all-rnr-threads,non-rumours,non-rumour,nonrumour,,,,
553098785132670976,charliehebdo-all-rnr-threads,non-rumours,non-rumour,nonrumour,,,,
552839289919533056,charliehebdo-all-rnr-threads,non-rumours,non-rumour,nonrumour,,,,
553117623568068608,charliehebdo-all-rnr-threads,non-rumours,non-rumour,nonrumour,,,,
553517080637489154,charliehebdo-all-rnr-threads,non-rumours,non-rumour,nonrumour,,,,
553100279089205249,charliehebdo-all-rnr-threads,non-rumours,non-rumour,nonrumour,,,,
552823427862908928,charliehebdo-all-rnr-threads,non-rumours,non-rumour,nonrumour,,,,
552814280471367680,charliehebdo-all-rnr-threads,non-rumours,non-rumour,nonrumour,,,,
552981531023921153,charliehebdo-all-rnr-threads,non-rumours,non-rumour,nonrumour,,,,
552983003308515328,charliehebdo-all-rnr-threads,non-rumours,non-rumour,nonrumour,,,,
552845671477153793,charliehebdo-all-rnr-threads,non-rumours,non-rumour,nonrumour,,,,
552794514424102913,charliehebdo-all-rnr-threads,non-rumours,non-rumour,nonrumour,,,,
552822465047437314,charliehebdo-all-rnr-threads,non-rumours,non-rumour,nonrumour,,,,
552812475134275584,charliehebdo-all-rnr-threads,non-rumours,non-rumour,nonrumour,,,,
553539631149756416,charliehebdo-all-rnr-threads,non-rumours,non-rumour,nonrumour,,,,
553184390260338688,charliehebdo-all-rnr-threads,non-rumours,non-rumour,nonrumour,,,,
553579914717577216,charliehebdo-all-rnr-threads,non-rumours,non-rumour,nonrumour,,,,
553589610014867456,charliehebdo-all-rnr-threads,non-rumours,non-rumour,nonrumour,,,,
553123078541434880,charliehebdo-all-rnr-threads,non-rumours,non-rumour,nonrumour,,,,
553102562665050112,charliehebdo-all-rnr-threads,non-rumours,non-rumour,nonrumour,,,,
553163344577064960,charliehebdo-all-rnr-threads,non-rumours,non-rumour,nonrumour,,,,
552815293349650433,charliehebdo-all-rnr-threads,non-rumours,non-rumour,nonrumour,,,,
553196571194851328,charliehebdo-all-rnr-threads,non-rumours,non-rumour,nonrumour,,,,
552839103214288896,charliehebdo-all-rnr-threads,non-rumours,non-rumour,nonrumour,,,,
552787144415404032,charliehebdo-all-rnr-threads,non-rumours,non-rumour,nonrumour,,,,
552828280806850561,charliehebdo-all-rnr-threads,non-rumours,non-rumour,nonrumour,,,,
553175550231986177,charliehebdo-all-rnr-threads,non-rumours,non-rumour,nonrumour,,,,
552822887988883457,charliehebdo-all-rnr-threads,non-rumours,non-rumour,nonrumour,,,,
553561762466115584,charliehebdo-all-rnr-threads,non-rumours,non-rumour,nonrumour,,,,
553581668142153729,charliehebdo-all-rnr-threads,non-rumours,non-rumour,nonrumour,,,,
553146494271094784,charliehebdo-all-rnr-threads,non-rumours,non-rumour,nonrumour,,,,
552841043423805440,charliehebdo-all-rnr-threads,non-rumours,non-rumour,nonrumour,,,,
553136990787342336,charliehebdo-all-rnr-threads,non-rumours,non-rumour,nonrumour,,,,
553535468290453504,charliehebdo-all-rnr-threads,non-rumours,non-rumour,nonrumour,,,,
552797148975464448,charliehebdo-all-rnr-threads,non-rumours,non-rumour,nonrumour,,,,
553129117215100928,charliehebdo-all-rnr-threads,non-rumours,non-rumour,nonrumour,,,,
553533193899368448,charliehebdo-all-rnr-threads,non-rumours,non-rumour,nonrumour,,,,
552827029692104706,charliehebdo-all-rnr-threads,non-rumours,non-rumour,nonrumour,,,,
552811735183552512,charliehebdo-all-rnr-threads,non-rumours,non-rumour,nonrumour,,,,
553101858013581313,charliehebdo-all-rnr-threads,non-rumours,non-rumour,nonrumour,,,,
552806624046641153,charliehebdo-all-rnr-threads,non-rumours,non-rumour,nonrumour,,,,
552814974511628289,charliehebdo-all-rnr-threads,non-rumours,non-rumour,nonrumour,,,,
552839028350136320,charliehebdo-all-rnr-threads,non-rumours,non-rumour,nonrumour,,,,
553143987377561600,charliehebdo-all-rnr-threads,non-rumours,non-rumour,nonrumour,,,,
553586798451257344,charliehebdo-all-rnr-threads,non-rumours,non-rumour,nonrumour,,,,
553128325217275905,charliehebdo-all-rnr-threads,non-rumours,non-rumour,nonrumour,,,,
553563750230683650,charliehebdo-all-rnr-threads,non-rumours,non-rumour,nonrumour,,,,
553165418639413248,charliehebdo-all-rnr-threads,non-rumours,non-rumour,nonrumour,,,,
553137068688543744,charliehebdo-all-rnr-threads,non-rumours,non-rumour,nonrumour,,,,
553590881371320323,charliehebdo-all-rnr-threads,non-rumours,non-rumour,nonrumour,,,,
552814566594576386,charliehebdo-all-rnr-threads,non-rumours,non-rumour,nonrumour,,,,
552839518974660608,charliehebdo-all-rnr-threads,non-rumours,non-rumour,nonrumour,,,,
552841185199263745,charliehebdo-all-rnr-threads,non-rumours,non-rumour,nonrumour,,,,
553221319345844225,charliehebdo-all-rnr-threads,non-rumours,non-rumour,nonrumour,,,,
553171741804359680,charliehebdo-all-rnr-threads,non-rumours,non-rumour,nonrumour,,,,
553185854165114882,charliehebdo-all-rnr-threads,non-rumours,non-rumour,nonrumour,,,,
552846337746952194,charliehebdo-all-rnr-threads,non-rumours,non-rumour,nonrumour,,,,
552817783910961152,charliehebdo-all-rnr-threads,non-rumours,non-rumour,nonrumour,,,,
552822076676255744,charliehebdo-all-rnr-threads,non-rumours,non-rumour,nonrumour,,,,
553556728651210753,charliehebdo-all-rnr-threads,non-rumours,non-rumour,nonrumour,,,,
552833268362772481,charliehebdo-all-rnr-threads,non-rumours,non-rumour,nonrumour,,,,
552814916567322624,charliehebdo-all-rnr-threads,non-rumours,non-rumour,nonrumour,,,,
552984474729062401,charliehebdo-all-rnr-threads,non-rumours,non-rumour,nonrumour,,,,
553590463354380288,charliehebdo-all-rnr-threads,non-rumours,non-rumour,nonrumour,,,,
553138598980370433,charliehebdo-all-rnr-threads,non-rumours,non-rumour,nonrumour,,,,
553105942460760064,charliehebdo-all-rnr-threads,non-rumours,non-rumour,nonrumour,,,,
553109319764291584,charliehebdo-all-rnr-threads,non-rumours,non-rumour,nonrumour,,,,
552800929519792128,charliehebdo-all-rnr-threads,non-rumours,non-rumour,nonrumour,,,,
553111553235361792,charliehebdo-all-rnr-threads,non-rumours,non-rumour,nonrumour,,,,
552817151112142848,charliehebdo-all-rnr-threads,non-rumours,non-rumour,nonrumour,,,,
552791831390732289,charliehebdo-all-rnr-threads,non-rumours,non-rumour,nonrumour,,,,
553110609513177088,charliehebdo-all-rnr-threads,non-rumours,non-rumour,nonrumour,,,,
552810855503757313,charliehebdo-all-rnr-threads,non-rumours,non-rumour,nonrumour,,,,
552796506642591744,charliehebdo-all-rnr-threads,non-rumours,non-rumour,nonrumour,,,,
552811606640721921,charliehebdo-all-rnr-threads,non-rumours,non-rumour,nonrumour,,,,
553105121526427649,charliehebdo-all-rnr-threads,non-rumours,non-rumour,nonrumour,,,,
553550030553243650,charliehebdo-all-rnr-threads,non-rumours,non-rumour,nonrumour,,,,
553195852643442688,charliehebdo-all-rnr-threads,non-rumours,non-rumour,nonrumour,,,,
552801115516186625,charliehebdo-all-rnr-threads,non-rumours,non-rumour,nonrumour,,,,
552832169496694786,charliehebdo-all-rnr-threads,non-rumours,non-rumour,nonrumour,,,,
552808776492130304,charliehebdo-all-rnr-threads,non-rumours,non-rumour,nonrumour,,,,
553111820786204672,charliehebdo-all-rnr-threads,non-rumours,non-rumour,nonrumour,,,,
552837484221300736,charliehebdo-all-rnr-threads,non-rumours,non-rumour,nonrumour,,,,
553164722380742656,charliehebdo-all-rnr-threads,non-rumours,non-rumour,nonrumour,,,,
552851546384646145,charliehebdo-all-rnr-threads,non-rumours,non-rumour,nonrumour,,,,
553553966970044416,charliehebdo-all-rnr-threads,non-rumours,non-rumour,nonrumour,,,,
553473629854646272,charliehebdo-all-rnr-threads,non-rumours,non-rumour,nonrumour,,,,
552981008518500353,charliehebdo-all-rnr-threads,non-rumours,non-rumour,nonrumour,,,,
553180071775993857,charliehebdo-all-rnr-threads,non-rumours,non-rumour,nonrumour,,,,
552818301530025984,charliehebdo-all-rnr-threads,non-rumours,non-rumour,nonrumour,,,,
552814627399012352,charliehebdo-all-rnr-threads,non-rumours,non-rumour,nonrumour,,,,
552791332935434242,charliehebdo-all-rnr-threads,non-rumours,non-rumour,nonrumour,,,,
553569379674521600,charliehebdo-all-rnr-threads,non-rumours,non-rumour,nonrumour,,,,
552826992509599744,charliehebdo-all-rnr-threads,non-rumours,non-rumour,nonrumour,,,,
553151691512492033,charliehebdo-all-rnr-threads,non-rumours,non-rumour,nonrumour,,,,
552825844755083265,charliehebdo-all-rnr-threads,non-rumours,non-rumour,nonrumour,,,,
552823691500072960,charliehebdo-all-rnr-threads,non-rumours,non-rumour,nonrumour,,,,
553228482927263744,charliehebdo-all-rnr-threads,non-rumours,non-rumour,nonrumour,,,,
552829637215408128,charliehebdo-all-rnr-threads,non-rumours,non-rumour,nonrumour,,,,
553192641328734208,charliehebdo-all-rnr-threads,non-rumours,non-rumour,nonrumour,,,,
553183067670843392,charliehebdo-all-rnr-threads,non-rumours,non-rumour,nonrumour,,,,
553215929107382275,charliehebdo-all-rnr-threads,non-rumours,non-rumour,nonrumour,,,,
552978642968780800,charliehebdo-all-rnr-threads,non-rumours,non-rumour,nonrumour,,,,
553174789561389056,charliehebdo-all-rnr-threads,non-rumours,non-rumour,nonrumour,,,,
553190729447919616,charliehebdo-all-rnr-threads,non-rumours,non-rumour,nonrumour,,,,
552845017208061953,charliehebdo-all-rnr-threads,non-rumours,non-rumour,nonrumour,,,,
552824162969210880,charliehebdo-all-rnr-threads,non-rumours,non-rumour,nonrumour,,,,
553520399300833280,charliehebdo-all-rnr-threads,non-rumours,non-rumour,nonrumour,,,,
553584292090359808,charliehebdo-all-rnr-threads,non-rumours,non-rumour,nonrumour,,,,
553538523266318336,charliehebdo-all-rnr-threads,non-rumours,non-rumour,nonrumour,,,,
553137476135432194,charliehebdo-all-rnr-threads,non-rumours,non-rumour,nonrumour,,,,
552828811344359425,charliehebdo-all-rnr-threads,non-rumours,non-rumour,nonrumour,,,,
553146248652681217,charliehebdo-all-rnr-threads,non-rumours,non-rumour,nonrumour,,,,
553574650450825216,charliehebdo-all-rnr-threads,non-rumours,non-rumour,nonrumour,,,,
553190655011205120,charliehebdo-all-rnr-threads,non-rumours,non-rumour,nonrumour,,,,
553121581187485696,charliehebdo-all-rnr-threads,non-rumours,non-rumour,nonrumour,,,,
553116528074575872,charliehebdo-all-rnr-threads,non-rumours,non-rumour,nonrumour,,,,
552817918220984320,charliehebdo-all-rnr-threads,non-rumours,non-rumour,nonrumour,,,,
552850079074099201,charliehebdo-all-rnr-threads,non-rumours,non-rumour,nonrumour,,,,
553162459885096962,charliehebdo-all-rnr-threads,non-rumours,non-rumour,nonrumour,,,,
553587352086384640,charliehebdo-all-rnr-threads,non-rumours,non-rumour,nonrumour,,,,
552793759210307584,charliehebdo-all-rnr-threads,non-rumours,non-rumour,nonrumour,,,,
552810477940932609,charliehebdo-all-rnr-threads,non-rumours,non-rumour,nonrumour,,,,
552835288725061635,charliehebdo-all-rnr-threads,non-rumours,non-rumour,nonrumour,,,,
553591548613386241,charliehebdo-all-rnr-threads,non-rumours,non-rumour,nonrumour,,,,
552835221859483649,charliehebdo-all-rnr-threads,non-rumours,non-rumour,nonrumour,,,,
553157600225677312,charliehebdo-all-rnr-threads,non-rumours,non-rumour,nonrumour,,,,
552816590463315968,charliehebdo-all-rnr-threads,non-rumours,non-rumour,nonrumour,,,,
553213362713399297,charliehebdo-all-rnr-threads,non-rumours,non-rumour,nonrumour,,,,
553113536625664000,charliehebdo-all-rnr-threads,non-rumours,non-rumour,nonrumour,,,,
553560480586166272,charliehebdo-all-rnr-threads,non-rumours,non-rumour,nonrumour,,,,
552797114863198208,charliehebdo-all-rnr-threads,non-rumours,non-rumour,nonrumour,,,,
552801724898226176,charliehebdo-all-rnr-threads,non-rumours,non-rumour,nonrumour,,,,
553199320053592067,charliehebdo-all-rnr-threads,non-rumours,non-rumour,nonrumour,,,,
552803792618799106,charliehebdo-all-rnr-threads,non-rumours,non-rumour,nonrumour,,,,
552836975741632514,charliehebdo-all-rnr-threads,non-rumours,non-rumour,nonrumour,,,,
553194417239363584,charliehebdo-all-rnr-threads,non-rumours,non-rumour,nonrumour,,,,
553125384246804480,charliehebdo-all-rnr-threads,non-rumours,non-rumour,nonrumour,,,,
552804769241526272,charliehebdo-all-rnr-threads,non-rumours,non-rumour,nonrumour,,,,
553158826435018752,charliehebdo-all-rnr-threads,non-rumours,non-rumour,nonrumour,,,,
553140461540343808,charliehebdo-all-rnr-threads,non-rumours,non-rumour,nonrumour,,,,
552813223360352256,charliehebdo-all-rnr-threads,non-rumours,non-rumour,nonrumour,,,,
552849116280393728,charliehebdo-all-rnr-threads,non-rumours,non-rumour,nonrumour,,,,
552978225094078464,charliehebdo-all-rnr-threads,non-rumours,non-rumour,nonrumour,,,,
552851847581413377,charliehebdo-all-rnr-threads,non-rumours,non-rumour,nonrumour,,,,
552825083941879808,charliehebdo-all-rnr-threads,non-rumours,non-rumour,nonrumour,,,,
552832019940376576,charliehebdo-all-rnr-threads,non-rumours,non-rumour,nonrumour,,,,
553551934251343872,charliehebdo-all-rnr-threads,non-rumours,non-rumour,nonrumour,,,,
552829096816693248,charliehebdo-all-rnr-threads,non-rumours,non-rumour,nonrumour,,,,
553145603665186816,charliehebdo-all-rnr-threads,non-rumours,non-rumour,nonrumour,,,,
553582057537146880,charliehebdo-all-rnr-threads,non-rumours,non-rumour,nonrumour,,,,
553183099610095616,charliehebdo-all-rnr-threads,non-rumours,non-rumour,nonrumour,,,,
553506337121107968,charliehebdo-all-rnr-threads,non-rumours,non-rumour,nonrumour,,,,
552848701312737280,charliehebdo-all-rnr-threads,non-rumours,non-rumour,nonrumour,,,,
552851838928953344,charliehebdo-all-rnr-threads,non-rumours,non-rumour,nonrumour,,,,
552842042242789377,charliehebdo-all-rnr-threads,non-rumours,non-rumour,nonrumour,,,,
552816883012239360,charliehebdo-all-rnr-threads,non-rumours,non-rumour,nonrumour,,,,
552829622128500736,charliehebdo-all-rnr-threads,non-rumours,non-rumour,nonrumour,,,,
552825402872590336,charliehebdo-all-rnr-threads,non-rumours,non-rumour,nonrumour,,,,
553522808417157120,charliehebdo-all-rnr-threads,non-rumours,non-rumour,nonrumour,,,,
553591526937600001,charliehebdo-all-rnr-threads,non-rumours,non-rumour,nonrumour,,,,
553100922268942336,charliehebdo-all-rnr-threads,non-rumours,non-rumour,nonrumour,,,,
553213740137467907,charliehebdo-all-rnr-threads,non-rumours,non-rumour,nonrumour,,,,
552984940900384769,charliehebdo-all-rnr-threads,non-rumours,non-rumour,nonrumour,,,,
553227238829981698,charliehebdo-all-rnr-threads,non-rumours,non-rumour,nonrumour,,,,
552829395690201088,charliehebdo-all-rnr-threads,non-rumours,non-rumour,nonrumour,,,,
553215313807163392,charliehebdo-all-rnr-threads,non-rumours,non-rumour,nonrumour,,,,
553112230292496384,charliehebdo-all-rnr-threads,non-rumours,non-rumour,nonrumour,,,,
552821050145513472,charliehebdo-all-rnr-threads,non-rumours,non-rumour,nonrumour,,,,
553215523602046976,charliehebdo-all-rnr-threads,non-rumours,non-rumour,nonrumour,,,,
553585862987235328,charliehebdo-all-rnr-threads,non-rumours,non-rumour,nonrumour,,,,
552800223496790018,charliehebdo-all-rnr-threads,non-rumours,non-rumour,nonrumour,,,,
553122359398260736,charliehebdo-all-rnr-threads,non-rumours,non-rumour,nonrumour,,,,
552806890498191361,charliehebdo-all-rnr-threads,non-rumours,non-rumour,nonrumour,,,,
553185716218650624,charliehebdo-all-rnr-threads,non-rumours,non-rumour,nonrumour,,,,
553583376398319617,charliehebdo-all-rnr-threads,non-rumours,non-rumour,nonrumour,,,,
552829904396775425,charliehebdo-all-rnr-threads,non-rumours,non-rumour,nonrumour,,,,
552817490263572480,charliehebdo-all-rnr-threads,non-rumours,non-rumour,nonrumour,,,,
553105493255000065,charliehebdo-all-rnr-threads,non-rumours,non-rumour,nonrumour,,,,
553174338380517376,charliehebdo-all-rnr-threads,non-rumours,non-rumour,nonrumour,,,,
552841287670308865,charliehebdo-all-rnr-threads,non-rumours,non-rumour,nonrumour,,,,
553543395017510912,charliehebdo-all-rnr-threads,non-rumours,non-rumour,nonrumour,,,,
552834640692912128,charliehebdo-all-rnr-threads,non-rumours,non-rumour,nonrumour,,,,
552836913091330051,charliehebdo-all-rnr-threads,non-rumours,non-rumour,nonrumour,,,,
552819155859431424,charliehebdo-all-rnr-threads,non-rumours,non-rumour,nonrumour,,,,
553583108105441281,charliehebdo-all-rnr-threads,non-rumours,non-rumour,nonrumour,,,,
553169114102247424,charliehebdo-all-rnr-threads,non-rumours,non-rumour,nonrumour,,,,
552823186966855680,charliehebdo-all-rnr-threads,non-rumours,non-rumour,nonrumour,,,,
552790565642067968,charliehebdo-all-rnr-threads,non-rumours,non-rumour,nonrumour,,,,
552984511051751425,charliehebdo-all-rnr-threads,non-rumours,non-rumour,nonrumour,,,,
552791414388424704,charliehebdo-all-rnr-threads,non-rumours,non-rumour,nonrumour,,,,
552851772658561028,charliehebdo-all-rnr-threads,non-rumours,non-rumour,nonrumour,,,,
553178341596233728,charliehebdo-all-rnr-threads,non-rumours,non-rumour,nonrumour,,,,
553161476928978944,charliehebdo-all-rnr-threads,non-rumours,non-rumour,nonrumour,,,,
552846905819291649,charliehebdo-all-rnr-threads,non-rumours,non-rumour,nonrumour,,,,
553224215676354560,charliehebdo-all-rnr-threads,non-rumours,non-rumour,nonrumour,,,,
552808242276229120,charliehebdo-all-rnr-threads,non-rumours,non-rumour,nonrumour,,,,
553543032642220033,charliehebdo-all-rnr-threads,non-rumours,non-rumour,nonrumour,,,,
553139285717950465,charliehebdo-all-rnr-threads,non-rumours,non-rumour,nonrumour,,,,
552836898562265088,charliehebdo-all-rnr-threads,non-rumours,non-rumour,nonrumour,,,,
553104539898089472,charliehebdo-all-rnr-threads,non-rumours,non-rumour,nonrumour,,,,
553110780745629696,charliehebdo-all-rnr-threads,non-rumours,non-rumour,nonrumour,,,,
553124985900785666,charliehebdo-all-rnr-threads,non-rumours,non-rumour,nonrumour,,,,
552810805243412481,charliehebdo-all-rnr-threads,non-rumours,non-rumour,nonrumour,,,,
553214597055135744,charliehebdo-all-rnr-threads,non-rumours,non-rumour,nonrumour,,,,
552825303341740032,charliehebdo-all-rnr-threads,non-rumours,non-rumour,nonrumour,,,,
552798310889566209,charliehebdo-all-rnr-threads,non-rumours,non-rumour,nonrumour,,,,
552842755454799872,charliehebdo-all-rnr-threads,non-rumours,non-rumour,nonrumour,,,,
553586538928676864,charliehebdo-all-rnr-threads,non-rumours,non-rumour,nonrumour,,,,
553581612588605440,charliehebdo-all-rnr-threads,non-rumours,non-rumour,nonrumour,,,,
553219770053443585,charliehebdo-all-rnr-threads,non-rumours,non-rumour,nonrumour,,,,
552805853762699264,charliehebdo-all-rnr-threads,non-rumours,non-rumour,nonrumour,,,,
552828308744699904,charliehebdo-all-rnr-threads,non-rumours,non-rumour,nonrumour,,,,
553558108866637824,charliehebdo-all-rnr-threads,non-rumours,non-rumour,nonrumour,,,,
552827008800280576,charliehebdo-all-rnr-threads,non-rumours,non-rumour,nonrumour,,,,
552807598966059008,charliehebdo-all-rnr-threads,non-rumours,non-rumour,nonrumour,,,,
553581501422788608,charliehebdo-all-rnr-threads,non-rumours,non-rumour,nonrumour,,,,
552827164677373952,charliehebdo-all-rnr-threads,non-rumours,non-rumour,nonrumour,,,,
553500932521336832,charliehebdo-all-rnr-threads,non-rumours,non-rumour,nonrumour,,,,
553586246883475456,charliehebdo-all-rnr-threads,non-rumours,non-rumour,nonrumour,,,,
553127086706397185,charliehebdo-all-rnr-threads,non-rumours,non-rumour,nonrumour,,,,
552815712432316417,charliehebdo-all-rnr-threads,non-rumours,non-rumour,nonrumour,,,,
552980632432050177,charliehebdo-all-rnr-threads,non-rumours,non-rumour,nonrumour,,,,
553117500410716160,charliehebdo-all-rnr-threads,non-rumours,non-rumour,nonrumour,,,,
552833662593400833,charliehebdo-all-rnr-threads,non-rumours,non-rumour,nonrumour,,,,
552822566726164481,charliehebdo-all-rnr-threads,non-rumours,non-rumour,nonrumour,,,,
553573633395015680,charliehebdo-all-rnr-threads,non-rumours,non-rumour,nonrumour,,,,
553159439457341442,charliehebdo-all-rnr-threads,non-rumours,non-rumour,nonrumour,,,,
552795953301045248,charliehebdo-all-rnr-threads,non-rumours,non-rumour,nonrumour,,,,
552841477819473920,charliehebdo-all-rnr-threads,non-rumours,non-rumour,nonrumour,,,,
553582465734832128,charliehebdo-all-rnr-threads,non-rumours,non-rumour,nonrumour,,,,
553109813807575040,charliehebdo-all-rnr-threads,non-rumours,non-rumour,nonrumour,,,,
552788555584765952,charliehebdo-all-rnr-threads,non-rumours,non-rumour,nonrumour,,,,
553464709899616257,charliehebdo-all-rnr-threads,non-rumours,non-rumour,nonrumour,,,,
553175451506855936,charliehebdo-all-rnr-threads,non-rumours,non-rumour,nonrumour,,,,
553235360722214912,charliehebdo-all-rnr-threads,non-rumours,non-rumour,nonrumour,,,,
553589419933196288,charliehebdo-all-rnr-threads,non-rumours,non-rumour,nonrumour,,,,
553147034707165185,charliehebdo-all-rnr-threads,non-rumours,non-rumour,nonrumour,,,,
553198344034865152,charliehebdo-all-rnr-threads,non-rumours,non-rumour,nonrumour,,,,
552817205982019584,charliehebdo-all-rnr-threads,non-rumours,non-rumour,nonrumour,,,,
552801028262096896,charliehebdo-all-rnr-threads,non-rumours,non-rumour,nonrumour,,,,
552841562963464195,charliehebdo-all-rnr-threads,non-rumours,non-rumour,nonrumour,,,,
553102828743716864,charliehebdo-all-rnr-threads,non-rumours,non-rumour,nonrumour,,,,
553146117685522433,charliehebdo-all-rnr-threads,non-rumours,non-rumour,nonrumour,,,,
553230661012975618,charliehebdo-all-rnr-threads,non-rumours,non-rumour,nonrumour,,,,
553223882128490496,charliehebdo-all-rnr-threads,non-rumours,non-rumour,nonrumour,,,,
553229592480481281,charliehebdo-all-rnr-threads,non-rumours,non-rumour,nonrumour,,,,
553124985137815552,charliehebdo-all-rnr-threads,non-rumours,non-rumour,nonrumour,,,,
552805209424941058,charliehebdo-all-rnr-threads,non-rumours,non-rumour,nonrumour,,,,
553483906096185345,charliehebdo-all-rnr-threads,non-rumours,non-rumour,nonrumour,,,,
552844893148938240,charliehebdo-all-rnr-threads,non-rumours,non-rumour,nonrumour,,,,
553570681619640320,charliehebdo-all-rnr-threads,non-rumours,non-rumour,nonrumour,,,,
553573166116012032,charliehebdo-all-rnr-threads,non-rumours,non-rumour,nonrumour,,,,
553205115830951936,charliehebdo-all-rnr-threads,non-rumours,non-rumour,nonrumour,,,,
553558824720666628,charliehebdo-all-rnr-threads,non-rumours,non-rumour,nonrumour,,,,
552835301547442176,charliehebdo-all-rnr-threads,non-rumours,non-rumour,nonrumour,,,,
553186457121472512,charliehebdo-all-rnr-threads,non-rumours,non-rumour,nonrumour,,,,
553528740618436610,charliehebdo-all-rnr-threads,non-rumours,non-rumour,nonrumour,,,,
552845191003250688,charliehebdo-all-rnr-threads,non-rumours,non-rumour,nonrumour,,,,
553563356339384322,charliehebdo-all-rnr-threads,non-rumours,non-rumour,nonrumour,,,,
553567716414484481,charliehebdo-all-rnr-threads,non-rumours,non-rumour,nonrumour,,,,
553174607604482048,charliehebdo-all-rnr-threads,non-rumours,non-rumour,nonrumour,,,,
553099479381848064,charliehebdo-all-rnr-threads,non-rumours,non-rumour,nonrumour,,,,
552815993165467649,charliehebdo-all-rnr-threads,non-rumours,non-rumour,nonrumour,,,,
552831420197261314,charliehebdo-all-rnr-threads,non-rumours,non-rumour,nonrumour,,,,
553133048611753984,charliehebdo-all-rnr-threads,non-rumours,non-rumour,nonrumour,,,,
552811319079227393,charliehebdo-all-rnr-threads,non-rumours,non-rumour,nonrumour,,,,
552849968546213888,charliehebdo-all-rnr-threads,non-rumours,non-rumour,nonrumour,,,,
553590273952215040,charliehebdo-all-rnr-threads,non-rumours,non-rumour,nonrumour,,,,
553588704913416192,charliehebdo-all-rnr-threads,non-rumours,non-rumour,nonrumour,,,,
552813988644659200,charliehebdo-all-rnr-threads,non-rumours,non-rumour,nonrumour,,,,
553566644006817792,charliehebdo-all-rnr-threads,non-rumours,non-rumour,nonrumour,,,,
553524183594844160,charliehebdo-all-rnr-threads,non-rumours,non-rumour,nonrumour,,,,
553465105028222976,charliehebdo-all-rnr-threads,non-rumours,non-rumour,nonrumour,,,,
552833148128862208,charliehebdo-all-rnr-threads,non-rumours,non-rumour,nonrumour,,,,
552837610897694720,charliehebdo-all-rnr-threads,non-rumours,non-rumour,nonrumour,,,,
553589860892942337,charliehebdo-all-rnr-threads,non-rumours,non-rumour,nonrumour,,,,
552800222553079809,charliehebdo-all-rnr-threads,non-rumours,non-rumour,nonrumour,,,,
553182566564757504,charliehebdo-all-rnr-threads,non-rumours,non-rumour,nonrumour,,,,
552826150141960192,charliehebdo-all-rnr-threads,non-rumours,non-rumour,nonrumour,,,,
553198268436344832,charliehebdo-all-rnr-threads,non-rumours,non-rumour,nonrumour,,,,
553219047048105985,charliehebdo-all-rnr-threads,non-rumours,non-rumour,nonrumour,,,,
553537280343031808,charliehebdo-all-rnr-threads,non-rumours,non-rumour,nonrumour,,,,
553490358748061696,charliehebdo-all-rnr-threads,non-rumours,non-rumour,nonrumour,,,,
552799669521481728,charliehebdo-all-rnr-threads,non-rumours,non-rumour,nonrumour,,,,
552821437678223361,charliehebdo-all-rnr-threads,non-rumours,non-rumour,nonrumour,,,,
552839800433410049,charliehebdo-all-rnr-threads,non-rumours,non-rumour,nonrumour,,,,
553591303582523392,charliehebdo-all-rnr-threads,non-rumours,non-rumour,nonrumour,,,,
553487625815064576,charliehebdo-all-rnr-threads,non-rumours,non-rumour,nonrumour,,,,
552815091331366912,charliehebdo-all-rnr-threads,non-rumours,non-rumour,nonrumour,,,,
553180236591169536,charliehebdo-all-rnr-threads,non-rumours,non-rumour,nonrumour,,,,
553543939517874176,charliehebdo-all-rnr-threads,non-rumours,non-rumour,nonrumour,,,,
553229808260632578,charliehebdo-all-rnr-threads,non-rumours,non-rumour,nonrumour,,,,
552804175310901248,charliehebdo-all-rnr-threads,non-rumours,non-rumour,nonrumour,,,,
552826443965927425,charliehebdo-all-rnr-threads,non-rumours,non-rumour,nonrumour,,,,
553527964856352769,charliehebdo-all-rnr-threads,non-rumours,non-rumour,nonrumour,,,,
552848426812313600,charliehebdo-all-rnr-threads,non-rumours,non-rumour,nonrumour,,,,
552838203078873089,charliehebdo-all-rnr-threads,non-rumours,non-rumour,nonrumour,,,,
552845840247971842,charliehebdo-all-rnr-threads,non-rumours,non-rumour,nonrumour,,,,
552842983247466497,charliehebdo-all-rnr-threads,non-rumours,non-rumour,nonrumour,,,,
553590946970206208,charliehebdo-all-rnr-threads,non-rumours,non-rumour,nonrumour,,,,
552845267289247744,charliehebdo-all-rnr-threads,non-rumours,non-rumour,nonrumour,,,,
553478014785187840,charliehebdo-all-rnr-threads,non-rumours,non-rumour,nonrumour,,,,
553489837542899712,charliehebdo-all-rnr-threads,non-rumours,non-rumour,nonrumour,,,,
553479280014151681,charliehebdo-all-rnr-threads,non-rumours,non-rumour,nonrumour,,,,
552837027616804864,charliehebdo-all-rnr-threads,non-rumours,non-rumour,nonrumour,,,,
552823014866563072,charliehebdo-all-rnr-threads,non-rumours,non-rumour,nonrumour,,,,
553131763468603392,charliehebdo-all-rnr-threads,non-rumours,non-rumour,nonrumour,,,,
552829971631472640,charliehebdo-all-rnr-threads,non-rumours,non-rumour,nonrumour,,,,
552842236883652609,charliehebdo-all-rnr-threads,non-rumours,non-rumour,nonrumour,,,,
553229177055219713,charliehebdo-all-rnr-threads,non-rumours,non-rumour,nonrumour,,,,
553542784800792577,charliehebdo-all-rnr-threads,non-rumours,non-rumour,nonrumour,,,,
553213326277500929,charliehebdo-all-rnr-threads,non-rumours,non-rumour,nonrumour,,,,
553177465883873280,charliehebdo-all-rnr-threads,non-rumours,non-rumour,nonrumour,,,,
553224402012078081,charliehebdo-all-rnr-threads,non-rumours,non-rumour,nonrumour,,,,
553221293298819074,charliehebdo-all-rnr-threads,non-rumours,non-rumour,nonrumour,,,,
552847230693310466,charliehebdo-all-rnr-threads,non-rumours,non-rumour,nonrumour,,,,
553112060788473856,charliehebdo-all-rnr-threads,non-rumours,non-rumour,nonrumour,,,,
553517380995792896,charliehebdo-all-rnr-threads,non-rumours,non-rumour,nonrumour,,,,
553215634864345088,charliehebdo-all-rnr-threads,non-rumours,non-rumour,nonrumour,,,,
553491005971132416,charliehebdo-all-rnr-threads,non-rumours,non-rumour,nonrumour,,,,
553590961486696448,charliehebdo-all-rnr-threads,non-rumours,non-rumour,nonrumour,,,,
552847488571678720,charliehebdo-all-rnr-threads,non-rumours,non-rumour,nonrumour,,,,
552795778922864640,charliehebdo-all-rnr-threads,non-rumours,non-rumour,nonrumour,,,,
552822841541144577,charliehebdo-all-rnr-threads,non-rumours,non-rumour,nonrumour,,,,
553153731471364096,charliehebdo-all-rnr-threads,non-rumours,non-rumour,nonrumour,,,,
553157857215262721,charliehebdo-all-rnr-threads,non-rumours,non-rumour,nonrumour,,,,
553503995872808961,charliehebdo-all-rnr-threads,non-rumours,non-rumour,nonrumour,,,,
553589330846183425,charliehebdo-all-rnr-threads,non-rumours,non-rumour,nonrumour,,,,
552807071054184448,charliehebdo-all-rnr-threads,non-rumours,non-rumour,nonrumour,,,,
552819350504493057,charliehebdo-all-rnr-threads,non-rumours,non-rumour,nonrumour,,,,
553210080829906945,charliehebdo-all-rnr-threads,non-rumours,non-rumour,nonrumour,,,,
553148926459920386,charliehebdo-all-rnr-threads,non-rumours,non-rumour,nonrumour,,,,
553132534771744768,charliehebdo-all-rnr-threads,non-rumours,non-rumour,nonrumour,,,,
553163190138580992,charliehebdo-all-rnr-threads,non-rumours,non-rumour,nonrumour,,,,
552816288935202817,charliehebdo-all-rnr-threads,non-rumours,non-rumour,nonrumour,,,,
553159409476837376,charliehebdo-all-rnr-threads,non-rumours,non-rumour,nonrumour,,,,
552845868932800512,charliehebdo-all-rnr-threads,non-rumours,non-rumour,nonrumour,,,,
552833942777511937,charliehebdo-all-rnr-threads,non-rumours,non-rumour,nonrumour,,,,
553585596959318016,charliehebdo-all-rnr-threads,non-rumours,non-rumour,nonrumour,,,,
553589469849583616,charliehebdo-all-rnr-threads,non-rumours,non-rumour,nonrumour,,,,
552837268160135169,charliehebdo-all-rnr-threads,non-rumours,non-rumour,nonrumour,,,,
553491517462315008,charliehebdo-all-rnr-threads,non-rumours,non-rumour,nonrumour,,,,
553543319423553537,charliehebdo-all-rnr-threads,non-rumours,non-rumour,nonrumour,,,,
553166907596365824,charliehebdo-all-rnr-threads,non-rumours,non-rumour,nonrumour,,,,
552817769604198400,charliehebdo-all-rnr-threads,non-rumours,non-rumour,nonrumour,,,,
553159773555023872,charliehebdo-all-rnr-threads,non-rumours,non-rumour,nonrumour,,,,
553551279620755458,charliehebdo-all-rnr-threads,non-rumours,non-rumour,nonrumour,,,,
552816288612225024,charliehebdo-all-rnr-threads,non-rumours,non-rumour,nonrumour,,,,
552983300730404864,charliehebdo-all-rnr-threads,non-rumours,non-rumour,nonrumour,,,,
553120849231089664,charliehebdo-all-rnr-threads,non-rumours,non-rumour,nonrumour,,,,
553181386069143552,charliehebdo-all-rnr-threads,non-rumours,non-rumour,nonrumour,,,,
552841006799159296,charliehebdo-all-rnr-threads,non-rumours,non-rumour,nonrumour,,,,
553115926531674112,charliehebdo-all-rnr-threads,non-rumours,non-rumour,nonrumour,,,,
552831107985858560,charliehebdo-all-rnr-threads,non-rumours,non-rumour,nonrumour,,,,
553149508637708288,charliehebdo-all-rnr-threads,non-rumours,non-rumour,nonrumour,,,,
552824320389435392,charliehebdo-all-rnr-threads,non-rumours,non-rumour,nonrumour,,,,
552820156980670464,charliehebdo-all-rnr-threads,non-rumours,non-rumour,nonrumour,,,,
552835854750605313,charliehebdo-all-rnr-threads,non-rumours,non-rumour,nonrumour,,,,
552810625873633280,charliehebdo-all-rnr-threads,non-rumours,non-rumour,nonrumour,,,,
552842814061424640,charliehebdo-all-rnr-threads,non-rumours,non-rumour,nonrumour,,,,
552794286849536001,charliehebdo-all-rnr-threads,non-rumours,non-rumour,nonrumour,,,,
553131566172737536,charliehebdo-all-rnr-threads,non-rumours,non-rumour,nonrumour,,,,
552833236389199874,charliehebdo-all-rnr-threads,non-rumours,non-rumour,nonrumour,,,,
552824742097719296,charliehebdo-all-rnr-threads,non-rumours,non-rumour,nonrumour,,,,
552978030935941120,charliehebdo-all-rnr-threads,non-rumours,non-rumour,nonrumour,,,,
553101388926840832,charliehebdo-all-rnr-threads,non-rumours,non-rumour,nonrumour,,,,
552843285468020736,charliehebdo-all-rnr-threads,non-rumours,non-rumour,nonrumour,,,,
552834732325879809,charliehebdo-all-rnr-threads,non-rumours,non-rumour,nonrumour,,,,
552839385209917440,charliehebdo-all-rnr-threads,non-rumours,non-rumour,nonrumour,,,,
553532736187924480,charliehebdo-all-rnr-threads,non-rumours,non-rumour,nonrumour,,,,
552802531672588288,charliehebdo-all-rnr-threads,non-rumours,non-rumour,nonrumour,,,,
553540131756732416,charliehebdo-all-rnr-threads,non-rumours,non-rumour,nonrumour,,,,
553540355317334016,charliehebdo-all-rnr-threads,non-rumours,non-rumour,nonrumour,,,,
552809336360419329,charliehebdo-all-rnr-threads,non-rumours,non-rumour,nonrumour,,,,
553536358950916096,charliehebdo-all-rnr-threads,non-rumours,non-rumour,nonrumour,,,,
553570818031374336,charliehebdo-all-rnr-threads,non-rumours,non-rumour,nonrumour,,,,
553562569169199104,charliehebdo-all-rnr-threads,non-rumours,non-rumour,nonrumour,,,,
553533859032477696,charliehebdo-all-rnr-threads,non-rumours,non-rumour,nonrumour,,,,
553589880245481472,charliehebdo-all-rnr-threads,non-rumours,non-rumour,nonrumour,,,,
553218083410952192,charliehebdo-all-rnr-threads,non-rumours,non-rumour,nonrumour,,,,
553209912550240256,charliehebdo-all-rnr-threads,non-rumours,non-rumour,nonrumour,,,,
552844167681159169,charliehebdo-all-rnr-threads,non-rumours,non-rumour,nonrumour,,,,
553581669710831617,charliehebdo-all-rnr-threads,non-rumours,non-rumour,nonrumour,,,,
553181500104269824,charliehebdo-all-rnr-threads,non-rumours,non-rumour,nonrumour,,,,
552979420227842048,charliehebdo-all-rnr-threads,non-rumours,non-rumour,nonrumour,,,,
552844023996907520,charliehebdo-all-rnr-threads,non-rumours,non-rumour,nonrumour,,,,
553174639158231041,charliehebdo-all-rnr-threads,non-rumours,non-rumour,nonrumour,,,,
553582039106990080,charliehebdo-all-rnr-threads,non-rumours,non-rumour,nonrumour,,,,
553187649943384064,charliehebdo-all-rnr-threads,non-rumours,non-rumour,nonrumour,,,,
553586421626568704,charliehebdo-all-rnr-threads,non-rumours,non-rumour,nonrumour,,,,
552792518870708224,charliehebdo-all-rnr-threads,non-rumours,non-rumour,nonrumour,,,,
553581958455123968,charliehebdo-all-rnr-threads,non-rumours,non-rumour,nonrumour,,,,
552838341843226624,charliehebdo-all-rnr-threads,non-rumours,non-rumour,nonrumour,,,,
553226143307161600,charliehebdo-all-rnr-threads,non-rumours,non-rumour,nonrumour,,,,
552846938677059586,charliehebdo-all-rnr-threads,non-rumours,non-rumour,nonrumour,,,,
552840740007866368,charliehebdo-all-rnr-threads,non-rumours,non-rumour,nonrumour,,,,
553143415899451393,charliehebdo-all-rnr-threads,non-rumours,non-rumour,nonrumour,,,,
552820533507944448,charliehebdo-all-rnr-threads,non-rumours,non-rumour,nonrumour,,,,
552847548776742914,charliehebdo-all-rnr-threads,non-rumours,non-rumour,nonrumour,,,,
552822718115373057,charliehebdo-all-rnr-threads,non-rumours,non-rumour,nonrumour,,,,
552836444835037184,charliehebdo-all-rnr-threads,non-rumours,non-rumour,nonrumour,,,,
553230614712033283,charliehebdo-all-rnr-threads,non-rumours,non-rumour,nonrumour,,,,
553181997041217537,charliehebdo-all-rnr-threads,non-rumours,non-rumour,nonrumour,,,,
553137713163943936,charliehebdo-all-rnr-threads,non-rumours,non-rumour,nonrumour,,,,
553497835371757568,charliehebdo-all-rnr-threads,non-rumours,non-rumour,nonrumour,,,,
552807783385800705,charliehebdo-all-rnr-threads,non-rumours,non-rumour,nonrumour,,,,
552833393734721537,charliehebdo-all-rnr-threads,non-rumours,non-rumour,nonrumour,,,,
552837168482492416,charliehebdo-all-rnr-threads,non-rumours,non-rumour,nonrumour,,,,
553204986474422273,charliehebdo-all-rnr-threads,non-rumours,non-rumour,nonrumour,,,,
553555848794877952,charliehebdo-all-rnr-threads,non-rumours,non-rumour,nonrumour,,,,
552838171323817984,charliehebdo-all-rnr-threads,non-rumours,non-rumour,nonrumour,,,,
552827819521085441,charliehebdo-all-rnr-threads,non-rumours,non-rumour,nonrumour,,,,
553218001181605889,charliehebdo-all-rnr-threads,non-rumours,non-rumour,nonrumour,,,,
552850282410176512,charliehebdo-all-rnr-threads,non-rumours,non-rumour,nonrumour,,,,
552795056080691200,charliehebdo-all-rnr-threads,non-rumours,non-rumour,nonrumour,,,,
553553112456499200,charliehebdo-all-rnr-threads,non-rumours,non-rumour,nonrumour,,,,
552816497740251136,charliehebdo-all-rnr-threads,non-rumours,non-rumour,nonrumour,,,,
552851629624803328,charliehebdo-all-rnr-threads,non-rumours,non-rumour,nonrumour,,,,
552982908865368064,charliehebdo-all-rnr-threads,non-rumours,non-rumour,nonrumour,,,,
553193480319942656,charliehebdo-all-rnr-threads,non-rumours,non-rumour,nonrumour,,,,
552817711617552385,charliehebdo-all-rnr-threads,non-rumours,non-rumour,nonrumour,,,,
553187990953295872,charliehebdo-all-rnr-threads,non-rumours,non-rumour,nonrumour,,,,
553586393189212161,charliehebdo-all-rnr-threads,non-rumours,non-rumour,nonrumour,,,,
552810276635291649,charliehebdo-all-rnr-threads,non-rumours,non-rumour,nonrumour,,,,
553174353735872512,charliehebdo-all-rnr-threads,non-rumours,non-rumour,nonrumour,,,,
552847627319259137,charliehebdo-all-rnr-threads,non-rumours,non-rumour,nonrumour,,,,
552818368487911425,charliehebdo-all-rnr-threads,non-rumours,non-rumour,nonrumour,,,,
552829082388660224,charliehebdo-all-rnr-threads,non-rumours,non-rumour,nonrumour,,,,
552793409438904321,charliehebdo-all-rnr-threads,non-rumours,non-rumour,nonrumour,,,,
552789550238801920,charliehebdo-all-rnr-threads,non-rumours,non-rumour,nonrumour,,,,
552787599031828480,charliehebdo-all-rnr-threads,non-rumours,non-rumour,nonrumour,,,,
553592023392202752,charliehebdo-all-rnr-threads,non-rumours,non-rumour,nonrumour,,,,
553097004138913792,charliehebdo-all-rnr-threads,non-rumours,non-rumour,nonrumour,,,,
552808135006887937,charliehebdo-all-rnr-threads,non-rumours,non-rumour,nonrumour,,,,
553555156391186432,charliehebdo-all-rnr-threads,non-rumours,non-rumour,nonrumour,,,,
552810166744547328,charliehebdo-all-rnr-threads,non-rumours,non-rumour,nonrumour,,,,
552813590919778304,charliehebdo-all-rnr-threads,non-rumours,non-rumour,nonrumour,,,,
552827553493565441,charliehebdo-all-rnr-threads,non-rumours,non-rumour,nonrumour,,,,
552834411553886209,charliehebdo-all-rnr-threads,non-rumours,non-rumour,nonrumour,,,,
552813011803836416,charliehebdo-all-rnr-threads,non-rumours,non-rumour,nonrumour,,,,
553555207410700289,charliehebdo-all-rnr-threads,non-rumours,non-rumour,nonrumour,,,,
553227906449960961,charliehebdo-all-rnr-threads,non-rumours,non-rumour,nonrumour,,,,
553151328009351169,charliehebdo-all-rnr-threads,non-rumours,non-rumour,nonrumour,,,,
553149163181838336,charliehebdo-all-rnr-threads,non-rumours,non-rumour,nonrumour,,,,
553527807771308034,charliehebdo-all-rnr-threads,non-rumours,non-rumour,nonrumour,,,,
553189490521812992,charliehebdo-all-rnr-threads,non-rumours,non-rumour,nonrumour,,,,
552820575752974336,charliehebdo-all-rnr-threads,non-rumours,non-rumour,nonrumour,,,,
553532507623546881,charliehebdo-all-rnr-threads,non-rumours,non-rumour,nonrumour,,,,
553196953480495105,charliehebdo-all-rnr-threads,non-rumours,non-rumour,nonrumour,,,,
552984231748829184,charliehebdo-all-rnr-threads,non-rumours,non-rumour,nonrumour,,,,
553224082213601280,charliehebdo-all-rnr-threads,non-rumours,non-rumour,nonrumour,,,,
553484619426062336,charliehebdo-all-rnr-threads,non-rumours,non-rumour,nonrumour,,,,
553207216774590464,charliehebdo-all-rnr-threads,non-rumours,non-rumour,nonrumour,,,,
553100203239428097,charliehebdo-all-rnr-threads,non-rumours,non-rumour,nonrumour,,,,
553187683510812672,charliehebdo-all-rnr-threads,non-rumours,non-rumour,nonrumour,,,,
553151749008424960,charliehebdo-all-rnr-threads,non-rumours,non-rumour,nonrumour,,,,
553140194606469121,charliehebdo-all-rnr-threads,non-rumours,non-rumour,nonrumour,,,,
552798832359374849,charliehebdo-all-rnr-threads,non-rumours,non-rumour,nonrumour,,,,
552812020295532544,charliehebdo-all-rnr-threads,non-rumours,non-rumour,nonrumour,,,,
552832784046108672,charliehebdo-all-rnr-threads,non-rumours,non-rumour,nonrumour,,,,
552849865680494595,charliehebdo-all-rnr-threads,non-rumours,non-rumour,nonrumour,,,,
553585447235223552,charliehebdo-all-rnr-threads,non-rumours,non-rumour,nonrumour,,,,
552811354323963904,charliehebdo-all-rnr-threads,non-rumours,non-rumour,nonrumour,,,,
552834033600966657,charliehebdo-all-rnr-threads,non-rumours,non-rumour,nonrumour,,,,
552816561514635264,charliehebdo-all-rnr-threads,non-rumours,non-rumour,nonrumour,,,,
553198107278987264,charliehebdo-all-rnr-threads,non-rumours,non-rumour,nonrumour,,,,
553131554743287808,charliehebdo-all-rnr-threads,non-rumours,non-rumour,nonrumour,,,,
552784600502915072,charliehebdo-all-rnr-threads,non-rumours,non-rumour,nonrumour,,,,
552804810463117312,charliehebdo-all-rnr-threads,non-rumours,non-rumour,nonrumour,,,,
552848653132767232,charliehebdo-all-rnr-threads,non-rumours,non-rumour,nonrumour,,,,
553189024941481985,charliehebdo-all-rnr-threads,non-rumours,non-rumour,nonrumour,,,,
553186515359379457,charliehebdo-all-rnr-threads,non-rumours,non-rumour,nonrumour,,,,
553589860880375808,charliehebdo-all-rnr-threads,non-rumours,non-rumour,nonrumour,,,,
553485866346483713,charliehebdo-all-rnr-threads,non-rumours,non-rumour,nonrumour,,,,
552850599168196608,charliehebdo-all-rnr-threads,non-rumours,non-rumour,nonrumour,,,,
553563889104093184,charliehebdo-all-rnr-threads,non-rumours,non-rumour,nonrumour,,,,
552979571021447168,charliehebdo-all-rnr-threads,non-rumours,non-rumour,nonrumour,,,,
552835988540895232,charliehebdo-all-rnr-threads,non-rumours,non-rumour,nonrumour,,,,
552828400843620353,charliehebdo-all-rnr-threads,non-rumours,non-rumour,nonrumour,,,,
553103832717094912,charliehebdo-all-rnr-threads,non-rumours,non-rumour,nonrumour,,,,
553537870431268864,charliehebdo-all-rnr-threads,non-rumours,non-rumour,nonrumour,,,,
552844100224172034,charliehebdo-all-rnr-threads,non-rumours,non-rumour,nonrumour,,,,
552835385043062784,charliehebdo-all-rnr-threads,non-rumours,non-rumour,nonrumour,,,,
552850611524599808,charliehebdo-all-rnr-threads,non-rumours,non-rumour,nonrumour,,,,
552846886626164736,charliehebdo-all-rnr-threads,non-rumours,non-rumour,nonrumour,,,,
553117778870169600,charliehebdo-all-rnr-threads,non-rumours,non-rumour,nonrumour,,,,
552978586559188992,charliehebdo-all-rnr-threads,non-rumours,non-rumour,nonrumour,,,,
552823029680852992,charliehebdo-all-rnr-threads,non-rumours,non-rumour,nonrumour,,,,
553578566563426305,charliehebdo-all-rnr-threads,non-rumours,non-rumour,nonrumour,,,,
552831197420994560,charliehebdo-all-rnr-threads,non-rumours,non-rumour,nonrumour,,,,
552850379453366272,charliehebdo-all-rnr-threads,non-rumours,non-rumour,nonrumour,,,,
553164185006534656,charliehebdo-all-rnr-threads,non-rumours,non-rumour,nonrumour,,,,
553177321218514944,charliehebdo-all-rnr-threads,non-rumours,non-rumour,nonrumour,,,,
553587542067773440,charliehebdo-all-rnr-threads,non-rumours,non-rumour,nonrumour,,,,
552847905498103808,charliehebdo-all-rnr-threads,non-rumours,non-rumour,nonrumour,,,,
552821991850668032,charliehebdo-all-rnr-threads,non-rumours,non-rumour,nonrumour,,,,
553540719714271233,charliehebdo-all-rnr-threads,non-rumours,non-rumour,nonrumour,,,,
552841157785694208,charliehebdo-all-rnr-threads,non-rumours,non-rumour,nonrumour,,,,
552843136238899200,charliehebdo-all-rnr-threads,non-rumours,non-rumour,nonrumour,,,,
552827349667176448,charliehebdo-all-rnr-threads,non-rumours,non-rumour,nonrumour,,,,
552838559393013760,charliehebdo-all-rnr-threads,non-rumours,non-rumour,nonrumour,,,,
552816539175763969,charliehebdo-all-rnr-threads,non-rumours,non-rumour,nonrumour,,,,
553588889084891136,charliehebdo-all-rnr-threads,non-rumours,non-rumour,nonrumour,,,,
553160244847984640,charliehebdo-all-rnr-threads,non-rumours,non-rumour,nonrumour,,,,
553177099843149824,charliehebdo-all-rnr-threads,non-rumours,non-rumour,nonrumour,,,,
553134790925619201,charliehebdo-all-rnr-threads,non-rumours,non-rumour,nonrumour,,,,
553156988356820992,charliehebdo-all-rnr-threads,non-rumours,non-rumour,nonrumour,,,,
552805069956329472,charliehebdo-all-rnr-threads,non-rumours,non-rumour,nonrumour,,,,
553105208008773632,charliehebdo-all-rnr-threads,non-rumours,non-rumour,nonrumour,,,,
553147120942084096,charliehebdo-all-rnr-threads,non-rumours,non-rumour,nonrumour,,,,
552813160110252032,charliehebdo-all-rnr-threads,non-rumours,non-rumour,nonrumour,,,,
552822739388882944,charliehebdo-all-rnr-threads,non-rumours,non-rumour,nonrumour,,,,
553575450329378816,charliehebdo-all-rnr-threads,non-rumours,non-rumour,nonrumour,,,,
553151804046082048,charliehebdo-all-rnr-threads,non-rumours,non-rumour,nonrumour,,,,
553156573607251968,charliehebdo-all-rnr-threads,non-rumours,non-rumour,nonrumour,,,,
552832177138696192,charliehebdo-all-rnr-threads,non-rumours,non-rumour,nonrumour,,,,
553207514222063618,charliehebdo-all-rnr-threads,non-rumours,non-rumour,nonrumour,,,,
553106334607228928,charliehebdo-all-rnr-threads,non-rumours,non-rumour,nonrumour,,,,
552812188315172864,charliehebdo-all-rnr-threads,non-rumours,non-rumour,nonrumour,,,,
552797828977029120,charliehebdo-all-rnr-threads,non-rumours,non-rumour,nonrumour,,,,
552801894092275712,charliehebdo-all-rnr-threads,non-rumours,non-rumour,nonrumour,,,,
552823984358977536,charliehebdo-all-rnr-threads,non-rumours,non-rumour,nonrumour,,,,
553584683892871168,charliehebdo-all-rnr-threads,non-rumours,non-rumour,nonrumour,,,,
553192366098898945,charliehebdo-all-rnr-threads,non-rumours,non-rumour,nonrumour,,,,
553193210269298688,charliehebdo-all-rnr-threads,non-rumours,non-rumour,nonrumour,,,,
553586940856242178,charliehebdo-all-rnr-threads,non-rumours,non-rumour,nonrumour,,,,
553149347777753088,charliehebdo-all-rnr-threads,non-rumours,non-rumour,nonrumour,,,,
553126072905383936,charliehebdo-all-rnr-threads,non-rumours,non-rumour,nonrumour,,,,
552789886202175490,charliehebdo-all-rnr-threads,non-rumours,non-rumour,nonrumour,,,,
552982828963856384,charliehebdo-all-rnr-threads,non-rumours,non-rumour,nonrumour,,,,
553180503969644544,charliehebdo-all-rnr-threads,non-rumours,non-rumour,nonrumour,,,,
553106714682462209,charliehebdo-all-rnr-threads,non-rumours,non-rumour,nonrumour,,,,
552837499937378305,charliehebdo-all-rnr-threads,non-rumours,non-rumour,nonrumour,,,,
553543144172969984,charliehebdo-all-rnr-threads,non-rumours,non-rumour,nonrumour,,,,
553228537084116993,charliehebdo-all-rnr-threads,non-rumours,non-rumour,nonrumour,,,,
552819986834923520,charliehebdo-all-rnr-threads,non-rumours,non-rumour,nonrumour,,,,
553177082566836225,charliehebdo-all-rnr-threads,non-rumours,non-rumour,nonrumour,,,,
552820331204055041,charliehebdo-all-rnr-threads,non-rumours,non-rumour,nonrumour,,,,
553222048924049408,charliehebdo-all-rnr-threads,non-rumours,non-rumour,nonrumour,,,,
552811128326475776,charliehebdo-all-rnr-threads,non-rumours,non-rumour,nonrumour,,,,
552846565950627840,charliehebdo-all-rnr-threads,non-rumours,non-rumour,nonrumour,,,,
552826724774592512,charliehebdo-all-rnr-threads,non-rumours,non-rumour,nonrumour,,,,
553155430055440384,charliehebdo-all-rnr-threads,non-rumours,non-rumour,nonrumour,,,,
552839869387399168,charliehebdo-all-rnr-threads,non-rumours,non-rumour,nonrumour,,,,
553470907629707266,charliehebdo-all-rnr-threads,non-rumours,non-rumour,nonrumour,,,,
552817759684665345,charliehebdo-all-rnr-threads,non-rumours,non-rumour,nonrumour,,,,
553521697350234112,charliehebdo-all-rnr-threads,non-rumours,non-rumour,nonrumour,,,,
552979992603533312,charliehebdo-all-rnr-threads,non-rumours,non-rumour,nonrumour,,,,
552982263907241984,charliehebdo-all-rnr-threads,non-rumours,non-rumour,nonrumour,,,,
553566829273423872,charliehebdo-all-rnr-threads,non-rumours,non-rumour,nonrumour,,,,
553198853487611907,charliehebdo-all-rnr-threads,non-rumours,non-rumour,nonrumour,,,,
552851305023414272,charliehebdo-all-rnr-threads,non-rumours,non-rumour,nonrumour,,,,
553162589744926720,charliehebdo-all-rnr-threads,non-rumours,non-rumour,nonrumour,,,,
552822314157768704,charliehebdo-all-rnr-threads,non-rumours,non-rumour,nonrumour,,,,
552823829333291010,charliehebdo-all-rnr-threads,non-rumours,non-rumour,nonrumour,,,,
553509181446443008,charliehebdo-all-rnr-threads,non-rumours,non-rumour,nonrumour,,,,
553232531827740672,charliehebdo-all-rnr-threads,non-rumours,non-rumour,nonrumour,,,,
553547659404148736,charliehebdo-all-rnr-threads,non-rumours,non-rumour,nonrumour,,,,
553220172925132800,charliehebdo-all-rnr-threads,non-rumours,non-rumour,nonrumour,,,,
552826270866616320,charliehebdo-all-rnr-threads,non-rumours,non-rumour,nonrumour,,,,
553537740588220416,charliehebdo-all-rnr-threads,non-rumours,non-rumour,nonrumour,,,,
552807874192482305,charliehebdo-all-rnr-threads,non-rumours,non-rumour,nonrumour,,,,
552799606833430528,charliehebdo-all-rnr-threads,non-rumours,non-rumour,nonrumour,,,,
552824126659104771,charliehebdo-all-rnr-threads,non-rumours,non-rumour,nonrumour,,,,
552829129356496896,charliehebdo-all-rnr-threads,non-rumours,non-rumour,nonrumour,,,,
553212333867012096,charliehebdo-all-rnr-threads,non-rumours,non-rumour,nonrumour,,,,
552812847651377153,charliehebdo-all-rnr-threads,non-rumours,non-rumour,nonrumour,,,,
552818300041052160,charliehebdo-all-rnr-threads,non-rumours,non-rumour,nonrumour,,,,
552836100814032896,charliehebdo-all-rnr-threads,non-rumours,non-rumour,nonrumour,,,,
553591049541914624,charliehebdo-all-rnr-threads,non-rumours,non-rumour,nonrumour,,,,
553568095978401793,charliehebdo-all-rnr-threads,non-rumours,non-rumour,nonrumour,,,,
553480257747963905,charliehebdo-all-rnr-threads,non-rumours,non-rumour,nonrumour,,,,
553570370192949248,charliehebdo-all-rnr-threads,non-rumours,non-rumour,nonrumour,,,,
552836695754678273,charliehebdo-all-rnr-threads,non-rumours,non-rumour,nonrumour,,,,
553196035133440000,charliehebdo-all-rnr-threads,non-rumours,non-rumour,nonrumour,,,,
552838074636718080,charliehebdo-all-rnr-threads,non-rumours,non-rumour,nonrumour,,,,
552794995942772736,charliehebdo-all-rnr-threads,non-rumours,non-rumour,nonrumour,,,,
553566870750908418,charliehebdo-all-rnr-threads,non-rumours,non-rumour,nonrumour,,,,
552792131447037952,charliehebdo-all-rnr-threads,non-rumours,non-rumour,nonrumour,,,,
553129811850559488,charliehebdo-all-rnr-threads,non-rumours,non-rumour,nonrumour,,,,
552819936343883776,charliehebdo-all-rnr-threads,non-rumours,non-rumour,nonrumour,,,,
553578243173781505,charliehebdo-all-rnr-threads,non-rumours,non-rumour,nonrumour,,,,
553501469388058626,charliehebdo-all-rnr-threads,non-rumours,non-rumour,nonrumour,,,,
553117423906590720,charliehebdo-all-rnr-threads,non-rumours,non-rumour,nonrumour,,,,
552982669840355329,charliehebdo-all-rnr-threads,non-rumours,non-rumour,nonrumour,,,,
553566279953842176,charliehebdo-all-rnr-threads,non-rumours,non-rumour,nonrumour,,,,
553586523338440704,charliehebdo-all-rnr-threads,non-rumours,non-rumour,nonrumour,,,,
553148900811759617,charliehebdo-all-rnr-threads,non-rumours,non-rumour,nonrumour,,,,
552802099331735552,charliehebdo-all-rnr-threads,non-rumours,non-rumour,nonrumour,,,,
552813420136128513,charliehebdo-all-rnr-threads,non-rumours,non-rumour,nonrumour,,,,
552985297307598848,charliehebdo-all-rnr-threads,non-rumours,non-rumour,nonrumour,,,,
553540934118694912,charliehebdo-all-rnr-threads,non-rumours,non-rumour,nonrumour,,,,
552837310707171328,charliehebdo-all-rnr-threads,non-rumours,non-rumour,nonrumour,,,,
552840037642297345,charliehebdo-all-rnr-threads,non-rumours,non-rumour,nonrumour,,,,
553109369886633984,charliehebdo-all-rnr-threads,non-rumours,non-rumour,nonrumour,,,,
553233130275221504,charliehebdo-all-rnr-threads,non-rumours,non-rumour,nonrumour,,,,
552851189675470849,charliehebdo-all-rnr-threads,non-rumours,non-rumour,nonrumour,,,,
553537235463979008,charliehebdo-all-rnr-threads,non-rumours,non-rumour,nonrumour,,,,
553535227214438400,charliehebdo-all-rnr-threads,non-rumours,non-rumour,nonrumour,,,,
552821810572439553,charliehebdo-all-rnr-threads,non-rumours,non-rumour,nonrumour,,,,
552839167575883776,charliehebdo-all-rnr-threads,non-rumours,non-rumour,nonrumour,,,,
552847251207241728,charliehebdo-all-rnr-threads,non-rumours,non-rumour,nonrumour,,,,
553480287045554176,charliehebdo-all-rnr-threads,non-rumours,non-rumour,nonrumour,,,,
552839270395035649,charliehebdo-all-rnr-threads,non-rumours,non-rumour,nonrumour,,,,
553219195056693249,charliehebdo-all-rnr-threads,non-rumours,non-rumour,nonrumour,,,,
553592081483321346,charliehebdo-all-rnr-threads,non-rumours,non-rumour,nonrumour,,,,
553145830761594880,charliehebdo-all-rnr-threads,non-rumours,non-rumour,nonrumour,,,,
553582301003931648,charliehebdo-all-rnr-threads,non-rumours,non-rumour,nonrumour,,,,
552807832257835008,charliehebdo-all-rnr-threads,non-rumours,non-rumour,nonrumour,,,,
552837527640363010,charliehebdo-all-rnr-threads,non-rumours,non-rumour,nonrumour,,,,
553159290987364352,charliehebdo-all-rnr-threads,non-rumours,non-rumour,nonrumour,,,,
553186739326812161,charliehebdo-all-rnr-threads,non-rumours,non-rumour,nonrumour,,,,
553590880352088064,charliehebdo-all-rnr-threads,non-rumours,non-rumour,nonrumour,,,,
553208946350362625,charliehebdo-all-rnr-threads,non-rumours,non-rumour,nonrumour,,,,
552808701065953280,charliehebdo-all-rnr-threads,non-rumours,non-rumour,nonrumour,,,,
552816689386373121,charliehebdo-all-rnr-threads,non-rumours,non-rumour,nonrumour,,,,
552985389523148802,charliehebdo-all-rnr-threads,non-rumours,non-rumour,nonrumour,,,,
552824383816073216,charliehebdo-all-rnr-threads,non-rumours,non-rumour,nonrumour,,,,
553234578086055937,charliehebdo-all-rnr-threads,non-rumours,non-rumour,nonrumour,,,,
553578191391301633,charliehebdo-all-rnr-threads,non-rumours,non-rumour,nonrumour,,,,
552846353416867841,charliehebdo-all-rnr-threads,non-rumours,non-rumour,nonrumour,,,,
553543467427577858,charliehebdo-all-rnr-threads,non-rumours,non-rumour,nonrumour,,,,
553591411602640896,charliehebdo-all-rnr-threads,non-rumours,non-rumour,nonrumour,,,,
553585840270876672,charliehebdo-all-rnr-threads,non-rumours,non-rumour,nonrumour,,,,
552847959864274944,charliehebdo-all-rnr-threads,non-rumours,non-rumour,nonrumour,,,,
552817146166652928,charliehebdo-all-rnr-threads,non-rumours,non-rumour,nonrumour,,,,
552827848734830592,charliehebdo-all-rnr-threads,non-rumours,non-rumour,nonrumour,,,,
552787321561812992,charliehebdo-all-rnr-threads,non-rumours,non-rumour,nonrumour,,,,
552851421155299328,charliehebdo-all-rnr-threads,non-rumours,non-rumour,nonrumour,,,,
553469263650906112,charliehebdo-all-rnr-threads,non-rumours,non-rumour,nonrumour,,,,
552849194944167936,charliehebdo-all-rnr-threads,non-rumours,non-rumour,nonrumour,,,,
553539373707186176,charliehebdo-all-rnr-threads,non-rumours,non-rumour,nonrumour,,,,
552788007603142656,charliehebdo-all-rnr-threads,non-rumours,non-rumour,nonrumour,,,,
552830862585503746,charliehebdo-all-rnr-threads,non-rumours,non-rumour,nonrumour,,,,
553205427253829632,charliehebdo-all-rnr-threads,non-rumours,non-rumour,nonrumour,,,,
552842837516386304,charliehebdo-all-rnr-threads,non-rumours,non-rumour,nonrumour,,,,
552796619104866304,charliehebdo-all-rnr-threads,non-rumours,non-rumour,nonrumour,,,,
553171877464920064,charliehebdo-all-rnr-threads,non-rumours,non-rumour,nonrumour,,,,
552804301316579330,charliehebdo-all-rnr-threads,non-rumours,non-rumour,nonrumour,,,,
552807658869493760,charliehebdo-all-rnr-threads,non-rumours,non-rumour,nonrumour,,,,
552797729504886784,charliehebdo-all-rnr-threads,non-rumours,non-rumour,nonrumour,,,,
553124563266306048,charliehebdo-all-rnr-threads,non-rumours,non-rumour,nonrumour,,,,
553591679341842432,charliehebdo-all-rnr-threads,non-rumours,non-rumour,nonrumour,,,,
552817061203050496,charliehebdo-all-rnr-threads,non-rumours,non-rumour,nonrumour,,,,
552839936521830401,charliehebdo-all-rnr-threads,non-rumours,non-rumour,nonrumour,,,,
553538559609942017,charliehebdo-all-rnr-threads,non-rumours,non-rumour,nonrumour,,,,
553493300242432000,charliehebdo-all-rnr-threads,non-rumours,non-rumour,nonrumour,,,,
552983966932688897,charliehebdo-all-rnr-threads,non-rumours,non-rumour,nonrumour,,,,
553555593034596352,charliehebdo-all-rnr-threads,non-rumours,non-rumour,nonrumour,,,,
553103134210666497,charliehebdo-all-rnr-threads,non-rumours,non-rumour,nonrumour,,,,
552827117663436801,charliehebdo-all-rnr-threads,non-rumours,non-rumour,nonrumour,,,,
553113944219320320,charliehebdo-all-rnr-threads,non-rumours,non-rumour,nonrumour,,,,
552850514132873217,charliehebdo-all-rnr-threads,non-rumours,non-rumour,nonrumour,,,,
552819208212717568,charliehebdo-all-rnr-threads,non-rumours,non-rumour,nonrumour,,,,
553174713061892097,charliehebdo-all-rnr-threads,non-rumours,non-rumour,nonrumour,,,,
552834996265054208,charliehebdo-all-rnr-threads,non-rumours,non-rumour,nonrumour,,,,
553201549997277185,charliehebdo-all-rnr-threads,non-rumours,non-rumour,nonrumour,,,,
552844643097120768,charliehebdo-all-rnr-threads,non-rumours,non-rumour,nonrumour,,,,
553185825065009153,charliehebdo-all-rnr-threads,non-rumours,non-rumour,nonrumour,,,,
553215383256432640,charliehebdo-all-rnr-threads,non-rumours,non-rumour,nonrumour,,,,
553484530804613120,charliehebdo-all-rnr-threads,non-rumours,non-rumour,nonrumour,,,,
553170984824733698,charliehebdo-all-rnr-threads,non-rumours,non-rumour,nonrumour,,,,
553101451271352320,charliehebdo-all-rnr-threads,non-rumours,non-rumour,nonrumour,,,,
552819824007872512,charliehebdo-all-rnr-threads,non-rumours,non-rumour,nonrumour,,,,
552804592988479488,charliehebdo-all-rnr-threads,non-rumours,non-rumour,nonrumour,,,,
552805050620604418,charliehebdo-all-rnr-threads,non-rumours,non-rumour,nonrumour,,,,
552849248182865920,charliehebdo-all-rnr-threads,non-rumours,non-rumour,nonrumour,,,,
553196453938855937,charliehebdo-all-rnr-threads,non-rumours,non-rumour,nonrumour,,,,
552849585899462659,charliehebdo-all-rnr-threads,non-rumours,non-rumour,nonrumour,,,,
552803431702749184,charliehebdo-all-rnr-threads,non-rumours,non-rumour,nonrumour,,,,
552836844560609281,charliehebdo-all-rnr-threads,non-rumours,non-rumour,nonrumour,,,,
553209983845023745,charliehebdo-all-rnr-threads,non-rumours,non-rumour,nonrumour,,,,
552797058990870528,charliehebdo-all-rnr-threads,non-rumours,non-rumour,nonrumour,,,,
553591084409184256,charliehebdo-all-rnr-threads,non-rumours,non-rumour,nonrumour,,,,
553562348376850433,charliehebdo-all-rnr-threads,non-rumours,non-rumour,nonrumour,,,,
553145130354765824,charliehebdo-all-rnr-threads,non-rumours,non-rumour,nonrumour,,,,
553589345186111488,charliehebdo-all-rnr-threads,non-rumours,non-rumour,nonrumour,,,,
552816010752167936,charliehebdo-all-rnr-threads,non-rumours,non-rumour,nonrumour,,,,
552789583260577792,charliehebdo-all-rnr-threads,non-rumours,non-rumour,nonrumour,,,,
553131791553667072,charliehebdo-all-rnr-threads,non-rumours,non-rumour,nonrumour,,,,
552816233796894720,charliehebdo-all-rnr-threads,non-rumours,non-rumour,nonrumour,,,,
552840905213083648,charliehebdo-all-rnr-threads,non-rumours,non-rumour,nonrumour,,,,
552849797892542464,charliehebdo-all-rnr-threads,non-rumours,non-rumour,nonrumour,,,,
552825783337897984,charliehebdo-all-rnr-threads,non-rumours,non-rumour,nonrumour,,,,
552812623658762240,charliehebdo-all-rnr-threads,non-rumours,non-rumour,nonrumour,,,,
552839972911611904,charliehebdo-all-rnr-threads,non-rumours,non-rumour,nonrumour,,,,
552848013778251777,charliehebdo-all-rnr-threads,non-rumours,non-rumour,nonrumour,,,,
552846698524184576,charliehebdo-all-rnr-threads,non-rumours,non-rumour,nonrumour,,,,
552843174218321921,charliehebdo-all-rnr-threads,non-rumours,non-rumour,nonrumour,,,,
552827966950866945,charliehebdo-all-rnr-threads,non-rumours,non-rumour,nonrumour,,,,
552837190360006657,charliehebdo-all-rnr-threads,non-rumours,non-rumour,nonrumour,,,,
552804491821854720,charliehebdo-all-rnr-threads,non-rumours,non-rumour,nonrumour,,,,
553142344166301696,charliehebdo-all-rnr-threads,non-rumours,non-rumour,nonrumour,,,,
552984527295873024,charliehebdo-all-rnr-threads,non-rumours,non-rumour,nonrumour,,,,
553168792017457154,charliehebdo-all-rnr-threads,non-rumours,non-rumour,nonrumour,,,,
552838440103198720,charliehebdo-all-rnr-threads,non-rumours,non-rumour,nonrumour,,,,
553144928721973248,charliehebdo-all-rnr-threads,non-rumours,non-rumour,nonrumour,,,,
552790598823186432,charliehebdo-all-rnr-threads,non-rumours,non-rumour,nonrumour,,,,
552841684485414914,charliehebdo-all-rnr-threads,non-rumours,non-rumour,nonrumour,,,,
553466755411369985,charliehebdo-all-rnr-threads,non-rumours,non-rumour,nonrumour,,,,
552810032765497345,charliehebdo-all-rnr-threads,non-rumours,non-rumour,nonrumour,,,,
553139515171557376,charliehebdo-all-rnr-threads,non-rumours,non-rumour,nonrumour,,,,
553511279235964928,charliehebdo-all-rnr-threads,non-rumours,non-rumour,nonrumour,,,,
552847370489430017,charliehebdo-all-rnr-threads,non-rumours,non-rumour,nonrumour,,,,
552838203276021760,charliehebdo-all-rnr-threads,non-rumours,non-rumour,nonrumour,,,,
552848726197559296,charliehebdo-all-rnr-threads,non-rumours,non-rumour,nonrumour,,,,
553227441712668672,charliehebdo-all-rnr-threads,non-rumours,non-rumour,nonrumour,,,,
553541197491634176,charliehebdo-all-rnr-threads,non-rumours,non-rumour,nonrumour,,,,
552848590373392384,charliehebdo-all-rnr-threads,non-rumours,non-rumour,nonrumour,,,,
553540872986705920,charliehebdo-all-rnr-threads,non-rumours,non-rumour,nonrumour,,,,
552826876398292992,charliehebdo-all-rnr-threads,non-rumours,non-rumour,nonrumour,,,,
552822783311630336,charliehebdo-all-rnr-threads,non-rumours,non-rumour,nonrumour,,,,
552835209285337089,charliehebdo-all-rnr-threads,non-rumours,non-rumour,nonrumour,,,,
552849316021551105,charliehebdo-all-rnr-threads,non-rumours,non-rumour,nonrumour,,,,
553144428584398850,charliehebdo-all-rnr-threads,non-rumours,non-rumour,nonrumour,,,,
553581897792913408,charliehebdo-all-rnr-threads,non-rumours,non-rumour,nonrumour,,,,
553157744061325312,charliehebdo-all-rnr-threads,non-rumours,non-rumour,nonrumour,,,,
553172769819852800,charliehebdo-all-rnr-threads,non-rumours,non-rumour,nonrumour,,,,
553186577850335232,charliehebdo-all-rnr-threads,non-rumours,non-rumour,nonrumour,,,,
553132714446950400,charliehebdo-all-rnr-threads,non-rumours,non-rumour,nonrumour,,,,
552815712327454720,charliehebdo-all-rnr-threads,non-rumours,non-rumour,nonrumour,,,,
552851710880653312,charliehebdo-all-rnr-threads,non-rumours,non-rumour,nonrumour,,,,
553523303453696001,charliehebdo-all-rnr-threads,non-rumours,non-rumour,nonrumour,,,,
552821730100924417,charliehebdo-all-rnr-threads,non-rumours,non-rumour,nonrumour,,,,
553151506556653568,charliehebdo-all-rnr-threads,non-rumours,non-rumour,nonrumour,,,,
552978435090681856,charliehebdo-all-rnr-threads,non-rumours,non-rumour,nonrumour,,,,
553187959835725824,charliehebdo-all-rnr-threads,non-rumours,non-rumour,nonrumour,,,,
553498106588049408,charliehebdo-all-rnr-threads,non-rumours,non-rumour,nonrumour,,,,
552828872379875328,charliehebdo-all-rnr-threads,non-rumours,non-rumour,nonrumour,,,,
553506091389440000,charliehebdo-all-rnr-threads,non-rumours,non-rumour,nonrumour,,,,
553216874130206721,charliehebdo-all-rnr-threads,non-rumours,non-rumour,nonrumour,,,,
552825512708808704,charliehebdo-all-rnr-threads,non-rumours,non-rumour,nonrumour,,,,
553587708367765504,charliehebdo-all-rnr-threads,non-rumours,non-rumour,nonrumour,,,,
553488850363101184,charliehebdo-all-rnr-threads,non-rumours,non-rumour,nonrumour,,,,
553233414145310720,charliehebdo-all-rnr-threads,non-rumours,non-rumour,nonrumour,,,,
552822944603582464,charliehebdo-all-rnr-threads,non-rumours,non-rumour,nonrumour,,,,
552800070199148544,charliehebdo-all-rnr-threads,non-rumours,non-rumour,nonrumour,,,,
552804328319504384,charliehebdo-all-rnr-threads,non-rumours,non-rumour,nonrumour,,,,
553099050409807872,charliehebdo-all-rnr-threads,non-rumours,non-rumour,nonrumour,,,,
553226624976420864,charliehebdo-all-rnr-threads,non-rumours,non-rumour,nonrumour,,,,
553591317478264832,charliehebdo-all-rnr-threads,non-rumours,non-rumour,nonrumour,,,,
553132819237462016,charliehebdo-all-rnr-threads,non-rumours,non-rumour,nonrumour,,,,
553175336926449664,charliehebdo-all-rnr-threads,non-rumours,non-rumour,nonrumour,,,,
552787361437057024,charliehebdo-all-rnr-threads,non-rumours,non-rumour,nonrumour,,,,
553225701701066752,charliehebdo-all-rnr-threads,non-rumours,non-rumour,nonrumour,,,,
553118212813246464,charliehebdo-all-rnr-threads,non-rumours,non-rumour,nonrumour,,,,
552836167029514240,charliehebdo-all-rnr-threads,non-rumours,non-rumour,nonrumour,,,,
552815332931665921,charliehebdo-all-rnr-threads,non-rumours,non-rumour,nonrumour,,,,
552815682241691648,charliehebdo-all-rnr-threads,non-rumours,non-rumour,nonrumour,,,,
553206096131670016,charliehebdo-all-rnr-threads,non-rumours,non-rumour,nonrumour,,,,
553199664720543744,charliehebdo-all-rnr-threads,non-rumours,non-rumour,nonrumour,,,,
553570914143854592,charliehebdo-all-rnr-threads,non-rumours,non-rumour,nonrumour,,,,
553583809602801665,charliehebdo-all-rnr-threads,non-rumours,non-rumour,nonrumour,,,,
552787144373460992,charliehebdo-all-rnr-threads,non-rumours,non-rumour,nonrumour,,,,
553592040374947840,charliehebdo-all-rnr-threads,non-rumours,non-rumour,nonrumour,,,,
553592195786506240,charliehebdo-all-rnr-threads,non-rumours,non-rumour,nonrumour,,,,
553200573387124736,charliehebdo-all-rnr-threads,non-rumours,non-rumour,nonrumour,,,,
553574522972958721,charliehebdo-all-rnr-threads,non-rumours,non-rumour,nonrumour,,,,
553572111441465344,charliehebdo-all-rnr-threads,non-rumours,non-rumour,nonrumour,,,,
552818309050421250,charliehebdo-all-rnr-threads,non-rumours,non-rumour,nonrumour,,,,
552979466050613248,charliehebdo-all-rnr-threads,non-rumours,non-rumour,nonrumour,,,,
553555948883959809,charliehebdo-all-rnr-threads,non-rumours,non-rumour,nonrumour,,,,
552825211654246401,charliehebdo-all-rnr-threads,non-rumours,non-rumour,nonrumour,,,,
553511977478537216,charliehebdo-all-rnr-threads,non-rumours,non-rumour,nonrumour,,,,
552814410763603968,charliehebdo-all-rnr-threads,non-rumours,non-rumour,nonrumour,,,,
553172543470043136,charliehebdo-all-rnr-threads,non-rumours,non-rumour,nonrumour,,,,
552815017402589184,charliehebdo-all-rnr-threads,non-rumours,non-rumour,nonrumour,,,,
552836968410021888,charliehebdo-all-rnr-threads,non-rumours,non-rumour,nonrumour,,,,
552810359409897472,charliehebdo-all-rnr-threads,non-rumours,non-rumour,nonrumour,,,,
552805169206157312,charliehebdo-all-rnr-threads,non-rumours,non-rumour,nonrumour,,,,
552821810224304128,charliehebdo-all-rnr-threads,non-rumours,non-rumour,nonrumour,,,,
552837012689264640,charliehebdo-all-rnr-threads,non-rumours,non-rumour,nonrumour,,,,
552798200990806016,charliehebdo-all-rnr-threads,non-rumours,non-rumour,nonrumour,,,,
553220369721483266,charliehebdo-all-rnr-threads,non-rumours,non-rumour,nonrumour,,,,
553231667523883009,charliehebdo-all-rnr-threads,non-rumours,non-rumour,nonrumour,,,,
552978519328686080,charliehebdo-all-rnr-threads,non-rumours,non-rumour,nonrumour,,,,
553204399439642624,charliehebdo-all-rnr-threads,non-rumours,non-rumour,nonrumour,,,,
553499806883381249,charliehebdo-all-rnr-threads,non-rumours,non-rumour,nonrumour,,,,
552805175874686977,charliehebdo-all-rnr-threads,non-rumours,non-rumour,nonrumour,,,,
553182889379397632,charliehebdo-all-rnr-threads,non-rumours,non-rumour,nonrumour,,,,
552829217134505985,charliehebdo-all-rnr-threads,non-rumours,non-rumour,nonrumour,,,,
552838613877411840,charliehebdo-all-rnr-threads,non-rumours,non-rumour,nonrumour,,,,
553201965002653696,charliehebdo-all-rnr-threads,non-rumours,non-rumour,nonrumour,,,,
552848704819183616,charliehebdo-all-rnr-threads,non-rumours,non-rumour,nonrumour,,,,
553113509152952321,charliehebdo-all-rnr-threads,non-rumours,non-rumour,nonrumour,,,,
553209341520535552,charliehebdo-all-rnr-threads,non-rumours,non-rumour,nonrumour,,,,
553528503573184514,charliehebdo-all-rnr-threads,non-rumours,non-rumour,nonrumour,,,,
552792253601947648,charliehebdo-all-rnr-threads,non-rumours,non-rumour,nonrumour,,,,
552824163841638400,charliehebdo-all-rnr-threads,non-rumours,non-rumour,nonrumour,,,,
553149880693456896,charliehebdo-all-rnr-threads,non-rumours,non-rumour,nonrumour,,,,
552808658510561280,charliehebdo-all-rnr-threads,non-rumours,non-rumour,nonrumour,,,,
553539252374757376,charliehebdo-all-rnr-threads,non-rumours,non-rumour,nonrumour,,,,
552820930419109888,charliehebdo-all-rnr-threads,non-rumours,non-rumour,nonrumour,,,,
552833681111658496,charliehebdo-all-rnr-threads,non-rumours,non-rumour,nonrumour,,,,
553166152344829952,charliehebdo-all-rnr-threads,non-rumours,non-rumour,nonrumour,,,,
552787914271510529,charliehebdo-all-rnr-threads,non-rumours,non-rumour,nonrumour,,,,
553175714128990208,charliehebdo-all-rnr-threads,non-rumours,non-rumour,nonrumour,,,,
552824462958395392,charliehebdo-all-rnr-threads,non-rumours,non-rumour,nonrumour,,,,
553206989925658624,charliehebdo-all-rnr-threads,non-rumours,non-rumour,nonrumour,,,,
553489907524829184,charliehebdo-all-rnr-threads,non-rumours,non-rumour,nonrumour,,,,
553579715014172673,charliehebdo-all-rnr-threads,non-rumours,non-rumour,nonrumour,,,,
553544039241224194,charliehebdo-all-rnr-threads,non-rumours,non-rumour,nonrumour,,,,
553542282100871168,charliehebdo-all-rnr-threads,non-rumours,non-rumour,nonrumour,,,,
552832738542514176,charliehebdo-all-rnr-threads,non-rumours,non-rumour,nonrumour,,,,
552812098057936896,charliehebdo-all-rnr-threads,non-rumours,non-rumour,nonrumour,,,,
553562832001048576,charliehebdo-all-rnr-threads,non-rumours,non-rumour,nonrumour,,,,
552840964025626624,charliehebdo-all-rnr-threads,non-rumours,non-rumour,nonrumour,,,,
553214700155330560,charliehebdo-all-rnr-threads,non-rumours,non-rumour,nonrumour,,,,
553177833686589440,charliehebdo-all-rnr-threads,non-rumours,non-rumour,nonrumour,,,,
552805970536333314,charliehebdo-all-rnr-threads,non-rumours,non-rumour,nonrumour,,,,
552823949311369216,charliehebdo-all-rnr-threads,non-rumours,non-rumour,nonrumour,,,,
552824769754976257,charliehebdo-all-rnr-threads,non-rumours,non-rumour,nonrumour,,,,
552983656231628800,charliehebdo-all-rnr-threads,non-rumours,non-rumour,nonrumour,,,,
552837907174948864,charliehebdo-all-rnr-threads,non-rumours,non-rumour,nonrumour,,,,
553487356733313024,charliehebdo-all-rnr-threads,non-rumours,non-rumour,nonrumour,,,,
553591653647138816,charliehebdo-all-rnr-threads,non-rumours,non-rumour,nonrumour,,,,
552789196906459136,charliehebdo-all-rnr-threads,non-rumours,non-rumour,nonrumour,,,,
553148339160907776,charliehebdo-all-rnr-threads,non-rumours,non-rumour,nonrumour,,,,
552832291601674240,charliehebdo-all-rnr-threads,non-rumours,non-rumour,nonrumour,,,,
553153740925304832,charliehebdo-all-rnr-threads,non-rumours,non-rumour,nonrumour,,,,
553189526177579008,charliehebdo-all-rnr-threads,non-rumours,non-rumour,nonrumour,,,,
553546292748898304,charliehebdo-all-rnr-threads,non-rumours,non-rumour,nonrumour,,,,
552837035732381696,charliehebdo-all-rnr-threads,non-rumours,non-rumour,nonrumour,,,,
552808487924011008,charliehebdo-all-rnr-threads,non-rumours,non-rumour,nonrumour,,,,
552842642216988672,charliehebdo-all-rnr-threads,non-rumours,non-rumour,nonrumour,,,,
553222727700865025,charliehebdo-all-rnr-threads,non-rumours,non-rumour,nonrumour,,,,
552825473160736768,charliehebdo-all-rnr-threads,non-rumours,non-rumour,nonrumour,,,,
552814382338826240,charliehebdo-all-rnr-threads,non-rumours,non-rumour,nonrumour,,,,
553135802495270913,charliehebdo-all-rnr-threads,non-rumours,non-rumour,nonrumour,,,,
553160909208559616,charliehebdo-all-rnr-threads,non-rumours,non-rumour,nonrumour,,,,
553197181151481857,charliehebdo-all-rnr-threads,non-rumours,non-rumour,nonrumour,,,,
552827757164371968,charliehebdo-all-rnr-threads,non-rumours,non-rumour,nonrumour,,,,
553585530504749057,charliehebdo-all-rnr-threads,non-rumours,non-rumour,nonrumour,,,,
552844767281688577,charliehebdo-all-rnr-threads,non-rumours,non-rumour,nonrumour,,,,
553547629963911170,charliehebdo-all-rnr-threads,non-rumours,non-rumour,nonrumour,,,,
553480333954678784,charliehebdo-all-rnr-threads,non-rumours,non-rumour,nonrumour,,,,
553188974811185152,charliehebdo-all-rnr-threads,non-rumours,non-rumour,nonrumour,,,,
553118384540643328,charliehebdo-all-rnr-threads,non-rumours,non-rumour,nonrumour,,,,
553540824768991233,charliehebdo-all-rnr-threads,non-rumours,non-rumour,nonrumour,,,,
553108153915944961,charliehebdo-all-rnr-threads,non-rumours,non-rumour,nonrumour,,,,
552837147305455616,charliehebdo-all-rnr-threads,non-rumours,non-rumour,nonrumour,,,,
553145034720030720,charliehebdo-all-rnr-threads,non-rumours,non-rumour,nonrumour,,,,
552810124776308736,charliehebdo-all-rnr-threads,non-rumours,non-rumour,nonrumour,,,,
552804962158514176,charliehebdo-all-rnr-threads,non-rumours,non-rumour,nonrumour,,,,
553586275438301184,charliehebdo-all-rnr-threads,non-rumours,non-rumour,nonrumour,,,,
553225828625297408,charliehebdo-all-rnr-threads,non-rumours,non-rumour,nonrumour,,,,
553226059836297216,charliehebdo-all-rnr-threads,non-rumours,non-rumour,nonrumour,,,,
552802011733716992,charliehebdo-all-rnr-threads,non-rumours,non-rumour,nonrumour,,,,
552836392678465537,charliehebdo-all-rnr-threads,non-rumours,non-rumour,nonrumour,,,,
553125301090525185,charliehebdo-all-rnr-threads,non-rumours,non-rumour,nonrumour,,,,
553128245420257280,charliehebdo-all-rnr-threads,non-rumours,non-rumour,nonrumour,,,,
552786299875520512,charliehebdo-all-rnr-threads,non-rumours,non-rumour,nonrumour,,,,
552820025409941506,charliehebdo-all-rnr-threads,non-rumours,non-rumour,nonrumour,,,,
553214219899117568,charliehebdo-all-rnr-threads,non-rumours,non-rumour,nonrumour,,,,
553174247506706432,charliehebdo-all-rnr-threads,non-rumours,non-rumour,nonrumour,,,,
552797170295144449,charliehebdo-all-rnr-threads,non-rumours,non-rumour,nonrumour,,,,
553548440563908611,charliehebdo-all-rnr-threads,non-rumours,non-rumour,nonrumour,,,,
552827979093385216,charliehebdo-all-rnr-threads,non-rumours,non-rumour,nonrumour,,,,
553148844574511104,charliehebdo-all-rnr-threads,non-rumours,non-rumour,nonrumour,,,,
552808138127446016,charliehebdo-all-rnr-threads,non-rumours,non-rumour,nonrumour,,,,
553576648973377537,charliehebdo-all-rnr-threads,non-rumours,non-rumour,nonrumour,,,,
553514505633017856,charliehebdo-all-rnr-threads,non-rumours,non-rumour,nonrumour,,,,
553570203678683136,charliehebdo-all-rnr-threads,non-rumours,non-rumour,nonrumour,,,,
552796269069209600,charliehebdo-all-rnr-threads,non-rumours,non-rumour,nonrumour,,,,
552829306439598080,charliehebdo-all-rnr-threads,non-rumours,non-rumour,nonrumour,,,,
552980288394231809,charliehebdo-all-rnr-threads,non-rumours,non-rumour,nonrumour,,,,
552981296839131136,charliehebdo-all-rnr-threads,non-rumours,non-rumour,nonrumour,,,,
552824885484224513,charliehebdo-all-rnr-threads,non-rumours,non-rumour,nonrumour,,,,
552845654637436928,charliehebdo-all-rnr-threads,non-rumours,non-rumour,nonrumour,,,,
553591758899412993,charliehebdo-all-rnr-threads,non-rumours,non-rumour,nonrumour,,,,
553143905039159297,charliehebdo-all-rnr-threads,non-rumours,non-rumour,nonrumour,,,,
552798640679702528,charliehebdo-all-rnr-threads,non-rumours,non-rumour,nonrumour,,,,
552840155728736256,charliehebdo-all-rnr-threads,non-rumours,non-rumour,nonrumour,,,,
552815443959091200,charliehebdo-all-rnr-threads,non-rumours,non-rumour,nonrumour,,,,
553143519536500738,charliehebdo-all-rnr-threads,non-rumours,non-rumour,nonrumour,,,,
553152515701612544,charliehebdo-all-rnr-threads,non-rumours,non-rumour,nonrumour,,,,
552818685526933505,charliehebdo-all-rnr-threads,non-rumours,non-rumour,nonrumour,,,,
552791203432103937,charliehebdo-all-rnr-threads,non-rumours,non-rumour,nonrumour,,,,
553115341338198016,charliehebdo-all-rnr-threads,non-rumours,non-rumour,nonrumour,,,,
553230256992423936,charliehebdo-all-rnr-threads,non-rumours,non-rumour,nonrumour,,,,
553139058827096064,charliehebdo-all-rnr-threads,non-rumours,non-rumour,nonrumour,,,,
553135886859534336,charliehebdo-all-rnr-threads,non-rumours,non-rumour,nonrumour,,,,
553148970651107329,charliehebdo-all-rnr-threads,non-rumours,non-rumour,nonrumour,,,,
553161401733496832,charliehebdo-all-rnr-threads,non-rumours,non-rumour,nonrumour,,,,
553554032745525249,charliehebdo-all-rnr-threads,non-rumours,non-rumour,nonrumour,,,,
553586959596396544,charliehebdo-all-rnr-threads,non-rumours,non-rumour,nonrumour,,,,
552819983915700224,charliehebdo-all-rnr-threads,non-rumours,non-rumour,nonrumour,,,,
553468593141469184,charliehebdo-all-rnr-threads,non-rumours,non-rumour,nonrumour,,,,
553157384714342400,charliehebdo-all-rnr-threads,non-rumours,non-rumour,nonrumour,,,,
552835794646212608,charliehebdo-all-rnr-threads,non-rumours,non-rumour,nonrumour,,,,
552829031075553281,charliehebdo-all-rnr-threads,non-rumours,non-rumour,nonrumour,,,,
552833658017824768,charliehebdo-all-rnr-threads,non-rumours,non-rumour,nonrumour,,,,
553582812964876288,charliehebdo-all-rnr-threads,non-rumours,non-rumour,nonrumour,,,,
552828573896413185,charliehebdo-all-rnr-threads,non-rumours,non-rumour,nonrumour,,,,
552812775907422209,charliehebdo-all-rnr-threads,non-rumours,non-rumour,nonrumour,,,,
552823940440403968,charliehebdo-all-rnr-threads,non-rumours,non-rumour,nonrumour,,,,
553127632947396609,charliehebdo-all-rnr-threads,non-rumours,non-rumour,nonrumour,,,,
553123958602862593,charliehebdo-all-rnr-threads,non-rumours,non-rumour,nonrumour,,,,
553121522769219584,charliehebdo-all-rnr-threads,non-rumours,non-rumour,nonrumour,,,,
553164303650799616,charliehebdo-all-rnr-threads,non-rumours,non-rumour,nonrumour,,,,
553214358948683776,charliehebdo-all-rnr-threads,non-rumours,non-rumour,nonrumour,,,,
553215658784456705,charliehebdo-all-rnr-threads,non-rumours,non-rumour,nonrumour,,,,
553481963864993792,charliehebdo-all-rnr-threads,non-rumours,non-rumour,nonrumour,,,,
552834754056556544,charliehebdo-all-rnr-threads,non-rumours,non-rumour,nonrumour,,,,
553583035820802048,charliehebdo-all-rnr-threads,non-rumours,non-rumour,nonrumour,,,,
552804198161854464,charliehebdo-all-rnr-threads,non-rumours,non-rumour,nonrumour,,,,
553205691742425088,charliehebdo-all-rnr-threads,non-rumours,non-rumour,nonrumour,,,,
553586305272389632,charliehebdo-all-rnr-threads,non-rumours,non-rumour,nonrumour,,,,
552784898743099392,charliehebdo-all-rnr-threads,non-rumours,non-rumour,nonrumour,,,,
553506946054369280,charliehebdo-all-rnr-threads,non-rumours,non-rumour,nonrumour,,,,
553472557978902529,charliehebdo-all-rnr-threads,non-rumours,non-rumour,nonrumour,,,,
553173501369389056,charliehebdo-all-rnr-threads,non-rumours,non-rumour,nonrumour,,,,
553574709669814272,charliehebdo-all-rnr-threads,non-rumours,non-rumour,nonrumour,,,,
553203041705664513,charliehebdo-all-rnr-threads,non-rumours,non-rumour,nonrumour,,,,
552834623944671232,charliehebdo-all-rnr-threads,non-rumours,non-rumour,nonrumour,,,,
553570916907511809,charliehebdo-all-rnr-threads,non-rumours,non-rumour,nonrumour,,,,
553546679161745408,charliehebdo-all-rnr-threads,non-rumours,non-rumour,nonrumour,,,,
553526776878469121,charliehebdo-all-rnr-threads,non-rumours,non-rumour,nonrumour,,,,
553591093498224640,charliehebdo-all-rnr-threads,non-rumours,non-rumour,nonrumour,,,,
553181586829484034,charliehebdo-all-rnr-threads,non-rumours,non-rumour,nonrumour,,,,
553215305917665280,charliehebdo-all-rnr-threads,non-rumours,non-rumour,nonrumour,,,,
553235271169638400,charliehebdo-all-rnr-threads,non-rumours,non-rumour,nonrumour,,,,
553214726629781505,charliehebdo-all-rnr-threads,non-rumours,non-rumour,nonrumour,,,,
553186026811039745,charliehebdo-all-rnr-threads,non-rumours,non-rumour,nonrumour,,,,
552804454773567488,charliehebdo-all-rnr-threads,non-rumours,non-rumour,nonrumour,,,,
553120696910364673,charliehebdo-all-rnr-threads,non-rumours,non-rumour,nonrumour,,,,
553191800408911872,charliehebdo-all-rnr-threads,non-rumours,non-rumour,nonrumour,,,,
553560429910568960,charliehebdo-all-rnr-threads,non-rumours,non-rumour,nonrumour,,,,
552834559297867778,charliehebdo-all-rnr-threads,non-rumours,non-rumour,nonrumour,,,,
553229956830875650,charliehebdo-all-rnr-threads,non-rumours,non-rumour,nonrumour,,,,
552845250268766209,charliehebdo-all-rnr-threads,non-rumours,non-rumour,nonrumour,,,,
553535765997969408,charliehebdo-all-rnr-threads,non-rumours,non-rumour,nonrumour,,,,
552810884029222912,charliehebdo-all-rnr-threads,non-rumours,non-rumour,nonrumour,,,,
553201539737976833,charliehebdo-all-rnr-threads,non-rumours,non-rumour,nonrumour,,,,
552810249263259649,charliehebdo-all-rnr-threads,non-rumours,non-rumour,nonrumour,,,,
553194632520421376,charliehebdo-all-rnr-threads,non-rumours,non-rumour,nonrumour,,,,
553143017922912256,charliehebdo-all-rnr-threads,non-rumours,non-rumour,nonrumour,,,,
552827981069291520,charliehebdo-all-rnr-threads,non-rumours,non-rumour,nonrumour,,,,
553144889811402752,charliehebdo-all-rnr-threads,non-rumours,non-rumour,nonrumour,,,,
553548404102414337,charliehebdo-all-rnr-threads,non-rumours,non-rumour,nonrumour,,,,
552829046485434368,charliehebdo-all-rnr-threads,non-rumours,non-rumour,nonrumour,,,,
553153190859141120,charliehebdo-all-rnr-threads,non-rumours,non-rumour,nonrumour,,,,
553171989385728000,charliehebdo-all-rnr-threads,non-rumours,non-rumour,nonrumour,,,,
552791719272775680,charliehebdo-all-rnr-threads,non-rumours,non-rumour,nonrumour,,,,
553161360503500801,charliehebdo-all-rnr-threads,non-rumours,non-rumour,nonrumour,,,,
553587920398221313,charliehebdo-all-rnr-threads,non-rumours,non-rumour,nonrumour,,,,
552827606715076608,charliehebdo-all-rnr-threads,non-rumours,non-rumour,nonrumour,,,,
552812399997489152,charliehebdo-all-rnr-threads,non-rumours,non-rumour,nonrumour,,,,
553552772277481472,charliehebdo-all-rnr-threads,non-rumours,non-rumour,nonrumour,,,,
553492305521672192,charliehebdo-all-rnr-threads,non-rumours,non-rumour,nonrumour,,,,
553118438332571648,charliehebdo-all-rnr-threads,non-rumours,non-rumour,nonrumour,,,,
553180729254113280,charliehebdo-all-rnr-threads,non-rumours,non-rumour,nonrumour,,,,
553153073481535489,charliehebdo-all-rnr-threads,non-rumours,non-rumour,nonrumour,,,,
552980714610634753,charliehebdo-all-rnr-threads,non-rumours,non-rumour,nonrumour,,,,
553515827073261568,charliehebdo-all-rnr-threads,non-rumours,non-rumour,nonrumour,,,,
553187282295877632,charliehebdo-all-rnr-threads,non-rumours,non-rumour,nonrumour,,,,
552806932176977920,charliehebdo-all-rnr-threads,non-rumours,non-rumour,nonrumour,,,,
553228535511650305,charliehebdo-all-rnr-threads,non-rumours,non-rumour,nonrumour,,,,
553530513580118016,charliehebdo-all-rnr-threads,non-rumours,non-rumour,nonrumour,,,,
552982816045408256,charliehebdo-all-rnr-threads,non-rumours,non-rumour,nonrumour,,,,
553151132949053440,charliehebdo-all-rnr-threads,non-rumours,non-rumour,nonrumour,,,,
553192373728342016,charliehebdo-all-rnr-threads,non-rumours,non-rumour,nonrumour,,,,
553137557601812480,charliehebdo-all-rnr-threads,non-rumours,non-rumour,nonrumour,,,,
553129478008758272,charliehebdo-all-rnr-threads,non-rumours,non-rumour,nonrumour,,,,
553497508970631168,charliehebdo-all-rnr-threads,non-rumours,non-rumour,nonrumour,,,,
552786340958715904,charliehebdo-all-rnr-threads,non-rumours,non-rumour,nonrumour,,,,
553195969282867202,charliehebdo-all-rnr-threads,non-rumours,non-rumour,nonrumour,,,,
553200085132009475,charliehebdo-all-rnr-threads,non-rumours,non-rumour,nonrumour,,,,
553517053110657024,charliehebdo-all-rnr-threads,non-rumours,non-rumour,nonrumour,,,,
553506985413713920,charliehebdo-all-rnr-threads,non-rumours,non-rumour,nonrumour,,,,
552816062593761280,charliehebdo-all-rnr-threads,non-rumours,non-rumour,nonrumour,,,,
552811438994378754,charliehebdo-all-rnr-threads,non-rumours,non-rumour,nonrumour,,,,
552984798671945728,charliehebdo-all-rnr-threads,non-rumours,non-rumour,nonrumour,,,,
553590751888961536,charliehebdo-all-rnr-threads,non-rumours,non-rumour,nonrumour,,,,
552811408094945280,charliehebdo-all-rnr-threads,non-rumours,non-rumour,nonrumour,,,,
553186670871597056,charliehebdo-all-rnr-threads,non-rumours,non-rumour,nonrumour,,,,
553571432475951105,charliehebdo-all-rnr-threads,non-rumours,non-rumour,nonrumour,,,,
553525290908262400,charliehebdo-all-rnr-threads,non-rumours,non-rumour,nonrumour,,,,
553581209193050112,charliehebdo-all-rnr-threads,non-rumours,non-rumour,nonrumour,,,,
552982124274647042,charliehebdo-all-rnr-threads,non-rumours,non-rumour,nonrumour,,,,
553126517027262465,charliehebdo-all-rnr-threads,non-rumours,non-rumour,nonrumour,,,,
552829481962835969,charliehebdo-all-rnr-threads,non-rumours,non-rumour,nonrumour,,,,
553164381673259008,charliehebdo-all-rnr-threads,non-rumours,non-rumour,nonrumour,,,,
552845711289909248,charliehebdo-all-rnr-threads,non-rumours,non-rumour,nonrumour,,,,
552844593046097920,charliehebdo-all-rnr-threads,non-rumours,non-rumour,nonrumour,,,,
552807236339507200,charliehebdo-all-rnr-threads,non-rumours,non-rumour,nonrumour,,,,
553538304332017665,charliehebdo-all-rnr-threads,non-rumours,non-rumour,nonrumour,,,,
553551282967830528,charliehebdo-all-rnr-threads,non-rumours,non-rumour,nonrumour,,,,
552980557836337152,charliehebdo-all-rnr-threads,non-rumours,non-rumour,nonrumour,,,,
553583670343524352,charliehebdo-all-rnr-threads,non-rumours,non-rumour,nonrumour,,,,
552838324977545216,charliehebdo-all-rnr-threads,non-rumours,non-rumour,nonrumour,,,,
553195827397926912,charliehebdo-all-rnr-threads,non-rumours,non-rumour,nonrumour,,,,
552807191775043585,charliehebdo-all-rnr-threads,non-rumours,non-rumour,nonrumour,,,,
553569512269021184,charliehebdo-all-rnr-threads,non-rumours,non-rumour,nonrumour,,,,
552814317096407040,charliehebdo-all-rnr-threads,non-rumours,non-rumour,nonrumour,,,,
553216460164968449,charliehebdo-all-rnr-threads,non-rumours,non-rumour,nonrumour,,,,
552982635178635265,charliehebdo-all-rnr-threads,non-rumours,non-rumour,nonrumour,,,,
553163722378977282,charliehebdo-all-rnr-threads,non-rumours,non-rumour,nonrumour,,,,
553151980928262144,charliehebdo-all-rnr-threads,non-rumours,non-rumour,nonrumour,,,,
553131713376047104,charliehebdo-all-rnr-threads,non-rumours,non-rumour,nonrumour,,,,
553560769246539776,charliehebdo-all-rnr-threads,non-rumours,non-rumour,nonrumour,,,,
553146691344695297,charliehebdo-all-rnr-threads,non-rumours,non-rumour,nonrumour,,,,
553149253363576832,charliehebdo-all-rnr-threads,non-rumours,non-rumour,nonrumour,,,,
552786116404072448,charliehebdo-all-rnr-threads,non-rumours,non-rumour,nonrumour,,,,
553490160344502273,charliehebdo-all-rnr-threads,non-rumours,non-rumour,nonrumour,,,,
552848961372176384,charliehebdo-all-rnr-threads,non-rumours,non-rumour,nonrumour,,,,
552818799095730176,charliehebdo-all-rnr-threads,non-rumours,non-rumour,nonrumour,,,,
552837644959621120,charliehebdo-all-rnr-threads,non-rumours,non-rumour,nonrumour,,,,
552827133500719104,charliehebdo-all-rnr-threads,non-rumours,non-rumour,nonrumour,,,,
553127508150071297,charliehebdo-all-rnr-threads,non-rumours,non-rumour,nonrumour,,,,
553145859089920000,charliehebdo-all-rnr-threads,non-rumours,non-rumour,nonrumour,,,,
552822812281692160,charliehebdo-all-rnr-threads,non-rumours,non-rumour,nonrumour,,,,
552806056154644480,charliehebdo-all-rnr-threads,non-rumours,non-rumour,nonrumour,,,,
552798016646942721,charliehebdo-all-rnr-threads,non-rumours,non-rumour,nonrumour,,,,
553548487225532416,charliehebdo-all-rnr-threads,non-rumours,non-rumour,nonrumour,,,,
552821223676444672,charliehebdo-all-rnr-threads,non-rumours,non-rumour,nonrumour,,,,
553573066455134208,charliehebdo-all-rnr-threads,non-rumours,non-rumour,nonrumour,,,,
553225359928213505,charliehebdo-all-rnr-threads,non-rumours,non-rumour,nonrumour,,,,
553535642848989184,charliehebdo-all-rnr-threads,non-rumours,non-rumour,nonrumour,,,,
553159810179661826,charliehebdo-all-rnr-threads,non-rumours,non-rumour,nonrumour,,,,
553200552142983168,charliehebdo-all-rnr-threads,non-rumours,non-rumour,nonrumour,,,,
552846625467817984,charliehebdo-all-rnr-threads,non-rumours,non-rumour,nonrumour,,,,
553571541578174465,charliehebdo-all-rnr-threads,non-rumours,non-rumour,nonrumour,,,,
553541834975498240,charliehebdo-all-rnr-threads,non-rumours,non-rumour,nonrumour,,,,
552846811359350788,charliehebdo-all-rnr-threads,non-rumours,non-rumour,nonrumour,,,,
552823933381394432,charliehebdo-all-rnr-threads,non-rumours,non-rumour,nonrumour,,,,
553152675014246400,charliehebdo-all-rnr-threads,non-rumours,non-rumour,nonrumour,,,,
553145755079569408,charliehebdo-all-rnr-threads,non-rumours,non-rumour,nonrumour,,,,
553483707122995201,charliehebdo-all-rnr-threads,non-rumours,non-rumour,nonrumour,,,,
553491924015783936,charliehebdo-all-rnr-threads,non-rumours,non-rumour,nonrumour,,,,
552836985493409792,charliehebdo-all-rnr-threads,non-rumours,non-rumour,nonrumour,,,,
553232704708546561,charliehebdo-all-rnr-threads,non-rumours,non-rumour,nonrumour,,,,
552814137857036289,charliehebdo-all-rnr-threads,non-rumours,non-rumour,nonrumour,,,,
553126953268834304,charliehebdo-all-rnr-threads,non-rumours,non-rumour,nonrumour,,,,
553207267685060608,charliehebdo-all-rnr-threads,non-rumours,non-rumour,nonrumour,,,,
552836516775354368,charliehebdo-all-rnr-threads,non-rumours,non-rumour,nonrumour,,,,
553145236268916736,charliehebdo-all-rnr-threads,non-rumours,non-rumour,nonrumour,,,,
552830850279424001,charliehebdo-all-rnr-threads,non-rumours,non-rumour,nonrumour,,,,
553591494255210497,charliehebdo-all-rnr-threads,non-rumours,non-rumour,nonrumour,,,,
553569333150896129,charliehebdo-all-rnr-threads,non-rumours,non-rumour,nonrumour,,,,
552826580741795840,charliehebdo-all-rnr-threads,non-rumours,non-rumour,nonrumour,,,,
553210306877739008,charliehebdo-all-rnr-threads,non-rumours,non-rumour,nonrumour,,,,
552834481183539201,charliehebdo-all-rnr-threads,non-rumours,non-rumour,nonrumour,,,,
552978385572732928,charliehebdo-all-rnr-threads,non-rumours,non-rumour,nonrumour,,,,
552831266945794048,charliehebdo-all-rnr-threads,non-rumours,non-rumour,nonrumour,,,,
553200047417196544,charliehebdo-all-rnr-threads,non-rumours,non-rumour,nonrumour,,,,
553108170726719488,charliehebdo-all-rnr-threads,non-rumours,non-rumour,nonrumour,,,,
552820150345297921,charliehebdo-all-rnr-threads,non-rumours,non-rumour,nonrumour,,,,
553140613051215873,charliehebdo-all-rnr-threads,non-rumours,non-rumour,nonrumour,,,,
553590746637668352,charliehebdo-all-rnr-threads,non-rumours,non-rumour,nonrumour,,,,
553205492458475520,charliehebdo-all-rnr-threads,non-rumours,non-rumour,nonrumour,,,,
553580499395174400,charliehebdo-all-rnr-threads,non-rumours,non-rumour,nonrumour,,,,
553525347266740226,charliehebdo-all-rnr-threads,non-rumours,non-rumour,nonrumour,,,,
552801979861598208,charliehebdo-all-rnr-threads,non-rumours,non-rumour,nonrumour,,,,
552817293969739778,charliehebdo-all-rnr-threads,non-rumours,non-rumour,nonrumour,,,,
553227389061582848,charliehebdo-all-rnr-threads,non-rumours,non-rumour,nonrumour,,,,
552809042687819776,charliehebdo-all-rnr-threads,non-rumours,non-rumour,nonrumour,,,,
553117857609809920,charliehebdo-all-rnr-threads,non-rumours,non-rumour,nonrumour,,,,
553169577228926976,charliehebdo-all-rnr-threads,non-rumours,non-rumour,nonrumour,,,,
552827123963281408,charliehebdo-all-rnr-threads,non-rumours,non-rumour,nonrumour,,,,
552799100715167744,charliehebdo-all-rnr-threads,non-rumours,non-rumour,nonrumour,,,,
552814213081866240,charliehebdo-all-rnr-threads,non-rumours,non-rumour,nonrumour,,,,
553122276913471488,charliehebdo-all-rnr-threads,non-rumours,non-rumour,nonrumour,,,,
553152831050362882,charliehebdo-all-rnr-threads,non-rumours,non-rumour,nonrumour,,,,
553145759961714688,charliehebdo-all-rnr-threads,non-rumours,non-rumour,nonrumour,,,,
553145137086607360,charliehebdo-all-rnr-threads,non-rumours,non-rumour,nonrumour,,,,
552815575672836096,charliehebdo-all-rnr-threads,non-rumours,non-rumour,nonrumour,,,,
553496489641902080,charliehebdo-all-rnr-threads,non-rumours,non-rumour,nonrumour,,,,
553591760668991488,charliehebdo-all-rnr-threads,non-rumours,non-rumour,nonrumour,,,,
553115176057065473,charliehebdo-all-rnr-threads,non-rumours,non-rumour,nonrumour,,,,
553136053112950785,charliehebdo-all-rnr-threads,non-rumours,non-rumour,nonrumour,,,,
553205261847236608,charliehebdo-all-rnr-threads,non-rumours,non-rumour,nonrumour,,,,
553151670796820480,charliehebdo-all-rnr-threads,non-rumours,non-rumour,nonrumour,,,,
553549680538578944,charliehebdo-all-rnr-threads,non-rumours,non-rumour,nonrumour,,,,
552812984343330816,charliehebdo-all-rnr-threads,non-rumours,non-rumour,nonrumour,,,,
552842342143905794,charliehebdo-all-rnr-threads,non-rumours,non-rumour,nonrumour,,,,
552833941930274816,charliehebdo-all-rnr-threads,non-rumours,non-rumour,nonrumour,,,,
552838568717344769,charliehebdo-all-rnr-threads,non-rumours,non-rumour,nonrumour,,,,
552814983797821440,charliehebdo-all-rnr-threads,non-rumours,non-rumour,nonrumour,,,,
553540381187780609,charliehebdo-all-rnr-threads,non-rumours,non-rumour,nonrumour,,,,
552809902956367872,charliehebdo-all-rnr-threads,non-rumours,non-rumour,nonrumour,,,,
552788720236376064,charliehebdo-all-rnr-threads,non-rumours,non-rumour,nonrumour,,,,
552821659103940608,charliehebdo-all-rnr-threads,non-rumours,non-rumour,nonrumour,,,,
552849515271958528,charliehebdo-all-rnr-threads,non-rumours,non-rumour,nonrumour,,,,
553107688591089664,charliehebdo-all-rnr-threads,non-rumours,non-rumour,nonrumour,,,,
552842761565904896,charliehebdo-all-rnr-threads,non-rumours,non-rumour,nonrumour,,,,
521369179392581632,ebola-essien-all-rnr-threads,rumours,false,rumour,1,,0,Michael Essien has contracted the Ebola virus
521367917322338304,ebola-essien-all-rnr-threads,rumours,false,rumour,1,,0,Michael Essien has contracted the Ebola virus
522286703848218624,ebola-essien-all-rnr-threads,rumours,false,rumour,1,,0,Michael Essien has contracted the Ebola virus
521375609206083584,ebola-essien-all-rnr-threads,rumours,false,rumour,1,,0,Michael Essien has contracted the Ebola virus
521358118597689344,ebola-essien-all-rnr-threads,rumours,false,rumour,1,,1,Michael Essien has contracted the Ebola virus
521381662551474176,ebola-essien-all-rnr-threads,rumours,false,rumour,1,,0,Michael Essien has contracted the Ebola virus
521346721226711040,ebola-essien-all-rnr-threads,rumours,false,rumour,1,,0,Michael Essien has contracted the Ebola virus
521360486387175424,ebola-essien-all-rnr-threads,rumours,false,rumour,1,,0,Michael Essien has contracted the Ebola virus
521359863884967936,ebola-essien-all-rnr-threads,rumours,false,rumour,1,,0,Michael Essien has contracted the Ebola virus
521595221155774464,ebola-essien-all-rnr-threads,rumours,false,rumour,1,,0,Michael Essien has contracted the Ebola virus
521310417696858112,ebola-essien-all-rnr-threads,rumours,false,rumour,1,,0,Michael Essien has contracted the Ebola virus
521350916872876033,ebola-essien-all-rnr-threads,rumours,false,rumour,1,,0,Michael Essien has contracted the Ebola virus
521359454672269313,ebola-essien-all-rnr-threads,rumours,false,rumour,1,,0,Michael Essien has contracted the Ebola virus
521361857810939905,ebola-essien-all-rnr-threads,rumours,false,rumour,1,,0,Michael Essien has contracted the Ebola virus
500311153583853570,ferguson-all-rnr-threads,rumours,unverified,rumour,0,0,0,M. Brown was involved in a robbery before being shot
500359377585704961,ferguson-all-rnr-threads,rumours,unverified,rumour,0,0,0,Initial contact between police officer and M. Brown was not related to the robbery
500326267640905728,ferguson-all-rnr-threads,rumours,unverified,rumour,0,0,0,Ferguson police once beat up a man and charged him for bleeding on their uniforms
500292202845982720,ferguson-all-rnr-threads,rumours,unverified,rumour,0,0,0,M. Brown was involved in a robbery before being shot
500381163866062848,ferguson-all-rnr-threads,rumours,unverified,rumour,0,0,0,Ferguson police once beat up a man and charged him for bleeding on their uniforms
498498431271190528,ferguson-all-rnr-threads,rumours,unverified,rumour,0,0,0,Ferguson police confiscated all video evidence
500308076004929537,ferguson-all-rnr-threads,rumours,unverified,rumour,0,0,0,M. Brown was involved in a robbery before being shot
500280304146612224,ferguson-all-rnr-threads,rumours,unverified,rumour,0,0,0,M. Brown was involved in a robbery before being shot
500391222075076610,ferguson-all-rnr-threads,rumours,unverified,rumour,0,0,0,M. Brown was involved in a robbery before being shot
499553593041903616,ferguson-all-rnr-threads,rumours,unverified,rumour,0,0,0,Anonymous has audio files of police and EMS calls of Brown shooting
499525020708634625,ferguson-all-rnr-threads,rumours,unverified,rumour,0,0,0,A woman was shot in a drive-by shooting 
500290464621559808,ferguson-all-rnr-threads,rumours,unverified,rumour,0,0,0,Ferguson police once beat up a man and charged him for bleeding on their uniforms
500307001629745152,ferguson-all-rnr-threads,rumours,unverified,rumour,0,0,0,Ferguson police are leading a smear campaign or character assassination of M. Brown
500292806175236096,ferguson-all-rnr-threads,rumours,unverified,rumour,0,0,0,M. Brown was involved in a robbery before being shot
498430783699554305,ferguson-all-rnr-threads,rumours,true,rumour,0,1,0,M. Brown was stopped by police for walking in the middle of the street
500283877567770624,ferguson-all-rnr-threads,rumours,unverified,rumour,0,0,0,M. Brown was involved in a robbery before being shot
498463591767756800,ferguson-all-rnr-threads,rumours,unverified,rumour,0,0,0,Only one TV reporter was present at August 10 night-time Ferguson protests
500287538578587648,ferguson-all-rnr-threads,rumours,unverified,rumour,0,0,0,M. Brown was involved in a robbery before being shot
500350777844457473,ferguson-all-rnr-threads,rumours,unverified,rumour,0,0,0,Ferguson police once beat up a man and charged him for bleeding on their uniforms
500280838710247424,ferguson-all-rnr-threads,rumours,unverified,rumour,0,0,0,M. Brown was involved in a robbery before being shot
500263680026869760,ferguson-all-rnr-threads,rumours,unverified,rumour,0,0,0,Ferguson police once beat up a man and charged him for bleeding on their uniforms
499456913902284800,ferguson-all-rnr-threads,rumours,unverified,rumour,0,0,0,A person has been shot on Chambers street
500298981558063107,ferguson-all-rnr-threads,rumours,unverified,rumour,0,0,0,Ferguson police once beat up a man and charged him for bleeding on their uniforms
500287479015292928,ferguson-all-rnr-threads,rumours,unverified,rumour,0,0,0,Ferguson police are lying about the circumstances leading up to M. Brown's death
499697648866045953,ferguson-all-rnr-threads,rumours,unverified,rumour,0,0,0,"People at Ferguson protests are shouting ""Kill the police"""
500298588992593920,ferguson-all-rnr-threads,rumours,unverified,rumour,0,0,0,Ferguson police to release name of police officer who shot M. Brown today (August 15)
500360095738626049,ferguson-all-rnr-threads,rumours,unverified,rumour,0,0,0,Ferguson police released store surveillance video because of media requests
500305514447003649,ferguson-all-rnr-threads,rumours,unverified,rumour,0,0,0,Ferguson police once beat up a man and charged him for bleeding on their uniforms
500324234821124096,ferguson-all-rnr-threads,rumours,unverified,rumour,0,0,0,M. Brown was involved in a robbery before being shot
500309381930844160,ferguson-all-rnr-threads,rumours,unverified,rumour,0,0,0,M. Brown was involved in a robbery before being shot
500296692713783298,ferguson-all-rnr-threads,rumours,unverified,rumour,0,0,0,M. Brown was involved in a robbery before being shot
500394061887709184,ferguson-all-rnr-threads,rumours,unverified,rumour,0,0,0,Ferguson police are leading a smear campaign or character assassination of M. Brown
500363740311982081,ferguson-all-rnr-threads,rumours,unverified,rumour,0,0,0,M. Brown was involved in a robbery before being shot
500277625773121536,ferguson-all-rnr-threads,rumours,unverified,rumour,0,0,0,Ferguson police to release name of police officer who shot M. Brown today (August 15)
500289307257868288,ferguson-all-rnr-threads,rumours,unverified,rumour,0,0,0,Ferguson police are leading a smear campaign or character assassination of M. Brown
500324836355608576,ferguson-all-rnr-threads,rumours,unverified,rumour,0,0,0,Ferguson police are lying about the circumstances leading up to M. Brown's death
500288581081260032,ferguson-all-rnr-threads,rumours,unverified,rumour,0,0,0,Ferguson police once beat up a man and charged him for bleeding on their uniforms
500254607470518272,ferguson-all-rnr-threads,rumours,unverified,rumour,0,0,0,Ferguson police to release name of police officer who shot M. Brown today (August 15)
500369391339724802,ferguson-all-rnr-threads,rumours,unverified,rumour,0,0,0,Police officer who shot M. Brown has already left town
500301418406744064,ferguson-all-rnr-threads,rumours,unverified,rumour,0,0,0,Ferguson police are leading a smear campaign or character assassination of M. Brown
500292917957648384,ferguson-all-rnr-threads,rumours,unverified,rumour,0,0,0,M. Brown was involved in a robbery before being shot
500372391407931392,ferguson-all-rnr-threads,rumours,unverified,rumour,0,0,0,Initial contact between police officer and M. Brown was not related to the robbery
500217516611108864,ferguson-all-rnr-threads,rumours,unverified,rumour,0,0,0,Two of the four police departments in Ferguson were trained by Israel
500375545918803970,ferguson-all-rnr-threads,rumours,unverified,rumour,0,0,0,Ferguson police once beat up a man and charged him for bleeding on their uniforms
500360248767840256,ferguson-all-rnr-threads,rumours,unverified,rumour,0,0,0,Ferguson police released store surveillance video because of media requests
500377906305327104,ferguson-all-rnr-threads,rumours,unverified,rumour,0,0,0,Ferguson police once beat up a man and charged him for bleeding on their uniforms
499648409767538688,ferguson-all-rnr-threads,rumours,unverified,rumour,0,0,0,NBP leader inciting violence in Ferguson (Examiner.com rumour)
500296080710705152,ferguson-all-rnr-threads,rumours,unverified,rumour,0,0,0,M. Brown was involved in a robbery before being shot
500358977046474754,ferguson-all-rnr-threads,rumours,unverified,rumour,0,0,0,Initial contact between police officer and M. Brown was not related to the robbery
500278485001457664,ferguson-all-rnr-threads,rumours,unverified,rumour,0,0,0,Ferguson police to release name of police officer who shot M. Brown today (August 15)
500235112785924096,ferguson-all-rnr-threads,rumours,unverified,rumour,0,0,0,Pentagon supplied St. Louis county police with military-grade weapons
500281856559161344,ferguson-all-rnr-threads,rumours,unverified,rumour,0,0,0,Ferguson police are lying about the circumstances leading up to M. Brown's death
500354471525109760,ferguson-all-rnr-threads,rumours,unverified,rumour,0,0,0,Ferguson police are leading a smear campaign or character assassination of M. Brown
500358195408551936,ferguson-all-rnr-threads,rumours,unverified,rumour,0,0,0,Initial contact between police officer and M. Brown was not related to the robbery
500360018928353280,ferguson-all-rnr-threads,rumours,unverified,rumour,0,0,0,Officer who shot M. Brown did not write an incident report
500291056445845504,ferguson-all-rnr-threads,rumours,unverified,rumour,0,0,0,Ferguson police are lying about the circumstances leading up to M. Brown's death
500359312447787009,ferguson-all-rnr-threads,rumours,unverified,rumour,0,0,0,Initial contact between police officer and M. Brown was not related to the robbery
500374427448516609,ferguson-all-rnr-threads,rumours,unverified,rumour,0,0,0,M. Brown was involved in a robbery before being shot
500336040440516608,ferguson-all-rnr-threads,rumours,unverified,rumour,0,0,0,Ferguson police are leading a smear campaign or character assassination of M. Brown
500341884678836224,ferguson-all-rnr-threads,rumours,unverified,rumour,0,0,0,M. Brown was involved in a robbery before being shot
500360244187635712,ferguson-all-rnr-threads,rumours,true,rumour,0,1,0,M. Brown was stopped by police for walking in the middle of the street
500275363558064128,ferguson-all-rnr-threads,rumours,unverified,rumour,0,0,0,Ferguson police to release name of police officer who shot M. Brown today (August 15)
500298752469770240,ferguson-all-rnr-threads,rumours,unverified,rumour,0,0,0,Ferguson police are leading a smear campaign or character assassination of M. Brown
500258409988763649,ferguson-all-rnr-threads,rumours,unverified,rumour,0,0,0,Ferguson police to release name of police officer who shot M. Brown today (August 15)
499504676250066945,ferguson-all-rnr-threads,rumours,unverified,rumour,0,0,0,A person has been shot on Chambers street
500280809652514816,ferguson-all-rnr-threads,rumours,unverified,rumour,0,0,0,Ferguson police are leading a smear campaign or character assassination of M. Brown
500294693356175360,ferguson-all-rnr-threads,rumours,unverified,rumour,0,0,0,M. Brown was involved in a robbery before being shot
500393152444772352,ferguson-all-rnr-threads,rumours,unverified,rumour,0,0,0,M. Brown was involved in a robbery before being shot
500298315368390657,ferguson-all-rnr-threads,rumours,unverified,rumour,0,0,0,Ferguson police once beat up a man and charged him for bleeding on their uniforms
500286058664579072,ferguson-all-rnr-threads,rumours,unverified,rumour,0,0,0,M. Brown was involved in a robbery before being shot
500280847912955904,ferguson-all-rnr-threads,rumours,unverified,rumour,0,0,0,Ferguson police are lying about the circumstances leading up to M. Brown's death
499361662743220224,ferguson-all-rnr-threads,rumours,unverified,rumour,0,0,0,Ferguson Police cannot afford dashboard cameras
500280422295937024,ferguson-all-rnr-threads,rumours,unverified,rumour,0,0,0,Ferguson police to release name of police officer who shot M. Brown today (August 15)
500286805720449025,ferguson-all-rnr-threads,rumours,unverified,rumour,0,0,0,Ferguson police once beat up a man and charged him for bleeding on their uniforms
500242061279637504,ferguson-all-rnr-threads,rumours,unverified,rumour,0,0,0,Ferguson police to release name of police officer who shot M. Brown today (August 15)
500422971320963072,ferguson-all-rnr-threads,rumours,unverified,rumour,0,0,0,M. Brown was involved in a robbery before being shot
500281131057811456,ferguson-all-rnr-threads,rumours,unverified,rumour,0,0,0,M. Brown was involved in a robbery before being shot
500364250461003777,ferguson-all-rnr-threads,rumours,unverified,rumour,0,0,0,Initial contact between police officer and M. Brown was not related to the robbery
500270780832174080,ferguson-all-rnr-threads,rumours,unverified,rumour,0,0,0,Ferguson police to release name of police officer who shot M. Brown today (August 15)
500266427840864256,ferguson-all-rnr-threads,rumours,unverified,rumour,0,0,0,Ferguson police to release name of police officer who shot M. Brown today (August 15)
500325220193153024,ferguson-all-rnr-threads,rumours,unverified,rumour,0,0,0,Ferguson police once beat up a man and charged him for bleeding on their uniforms
500421926079066112,ferguson-all-rnr-threads,rumours,false,rumour,1,0,0,Mike Brown was shot 10 times
498341675476217856,ferguson-all-rnr-threads,rumours,false,rumour,1,0,0,Mike Brown was shot 10 times
499366666300846081,ferguson-all-rnr-threads,rumours,unverified,rumour,0,0,0,Media is barred from entering Ferguson
500300813835988992,ferguson-all-rnr-threads,rumours,unverified,rumour,0,0,0,M. Brown was involved in a robbery before being shot
500284091305299968,ferguson-all-rnr-threads,rumours,unverified,rumour,0,0,0,M. Brown was involved in a robbery before being shot
500351760402493440,ferguson-all-rnr-threads,rumours,unverified,rumour,0,0,0,M. Brown was involved in a robbery before being shot
500291013521334272,ferguson-all-rnr-threads,rumours,unverified,rumour,0,0,0,M. Brown was involved in a robbery before being shot
500284494201757696,ferguson-all-rnr-threads,rumours,unverified,rumour,0,0,0,M. Brown was involved in a robbery before being shot
498317138554150912,ferguson-all-rnr-threads,rumours,unverified,rumour,0,0,0,M. Brown did not steal anything before being shot
500287295485128704,ferguson-all-rnr-threads,rumours,unverified,rumour,0,0,0,M. Brown was involved in a robbery before being shot
499612545909415938,ferguson-all-rnr-threads,rumours,unverified,rumour,0,0,0,"Nearly 7,000 blacks were killed in 2013, most of them by blacks"
500284871541940225,ferguson-all-rnr-threads,rumours,unverified,rumour,0,0,0,Ferguson police are lying about the circumstances leading up to M. Brown's death
500358655834062848,ferguson-all-rnr-threads,rumours,unverified,rumour,0,0,0,Initial contact between police officer and M. Brown was not related to the robbery
500379055594946561,ferguson-all-rnr-threads,rumours,unverified,rumour,0,0,0,Initial contact between police officer and M. Brown was not related to the robbery
500361302238564352,ferguson-all-rnr-threads,rumours,unverified,rumour,0,0,0,Initial contact between police officer and M. Brown was not related to the robbery
500251242124173312,ferguson-all-rnr-threads,rumours,unverified,rumour,0,0,0,Ferguson police to release name of police officer who shot M. Brown today (August 15)
500292426154528770,ferguson-all-rnr-threads,rumours,unverified,rumour,0,0,0,M. Brown was involved in a robbery before being shot
500363126294863876,ferguson-all-rnr-threads,rumours,unverified,rumour,0,0,0,M. Brown was shot while walking down the street
500283314230419456,ferguson-all-rnr-threads,rumours,unverified,rumour,0,0,0,Ferguson police are lying about the circumstances leading up to M. Brown's death
500303431928922113,ferguson-all-rnr-threads,rumours,unverified,rumour,0,0,0,M. Brown was involved in a robbery before being shot
500288263320768512,ferguson-all-rnr-threads,rumours,unverified,rumour,0,0,0,Ferguson police are leading a smear campaign or character assassination of M. Brown
500291116403789824,ferguson-all-rnr-threads,rumours,unverified,rumour,0,0,0,M. Brown did not steal anything before being shot
500286293688193024,ferguson-all-rnr-threads,rumours,unverified,rumour,0,0,0,M. Brown was involved in a robbery before being shot
500316005089181697,ferguson-all-rnr-threads,rumours,unverified,rumour,0,0,0,Ferguson police once beat up a man and charged him for bleeding on their uniforms
500370960093302784,ferguson-all-rnr-threads,rumours,unverified,rumour,0,0,0,Ferguson police are lying about the circumstances leading up to M. Brown's death
500413818368184321,ferguson-all-rnr-threads,rumours,unverified,rumour,0,0,0,Police officer who shot M. Brown has already left town
500285938824908801,ferguson-all-rnr-threads,rumours,unverified,rumour,0,0,0,Ferguson police once beat up a man and charged him for bleeding on their uniforms
500404132394459136,ferguson-all-rnr-threads,rumours,true,rumour,0,1,0,M. Brown was stopped by police for walking in the middle of the street
500278365031370752,ferguson-all-rnr-threads,rumours,unverified,rumour,0,0,0,Ferguson police are lying about the circumstances leading up to M. Brown's death
500278169828470784,ferguson-all-rnr-threads,rumours,unverified,rumour,0,0,0,Ferguson police to release name of police officer who shot M. Brown today (August 15)
500371149713178625,ferguson-all-rnr-threads,rumours,unverified,rumour,0,0,0,Police officer who shot M. Brown has already left town
500247666924986369,ferguson-all-rnr-threads,rumours,unverified,rumour,0,0,0,KKK raising money for officer who shot M. Brown
500277563072475136,ferguson-all-rnr-threads,rumours,unverified,rumour,0,0,0,Ferguson police to release name of police officer who shot M. Brown today (August 15)
499579905508917248,ferguson-all-rnr-threads,rumours,unverified,rumour,0,0,0,Police officer who shot M. Brown has already left town
499404849835175938,ferguson-all-rnr-threads,rumours,unverified,rumour,0,0,0,Media is barred from entering Ferguson
500277808883830784,ferguson-all-rnr-threads,rumours,unverified,rumour,0,0,0,Ferguson police to release name of police officer who shot M. Brown today (August 15)
500385868041842688,ferguson-all-rnr-threads,rumours,unverified,rumour,0,0,0,M. Brown was involved in a robbery before being shot
500359075045990401,ferguson-all-rnr-threads,rumours,unverified,rumour,0,0,0,Initial contact between police officer and M. Brown was not related to the robbery
500360978387976192,ferguson-all-rnr-threads,rumours,unverified,rumour,0,0,0,Initial contact between police officer and M. Brown was not related to the robbery
500388199064420352,ferguson-all-rnr-threads,rumours,unverified,rumour,0,0,0,M. Brown was involved in a robbery before being shot
500294349872062464,ferguson-all-rnr-threads,rumours,unverified,rumour,0,0,0,M. Brown was involved in a robbery before being shot
498254340310966273,ferguson-all-rnr-threads,rumours,false,rumour,1,0,0,Mike Brown was shot 10 times
500389488217309184,ferguson-all-rnr-threads,rumours,unverified,rumour,0,0,0,Initial contact between police officer and M. Brown was not related to the robbery
500295333486657536,ferguson-all-rnr-threads,rumours,unverified,rumour,0,0,0,M. Brown was involved in a robbery before being shot
500314015609147392,ferguson-all-rnr-threads,rumours,unverified,rumour,0,0,0,Ferguson police once beat up a man and charged him for bleeding on their uniforms
500397785246466048,ferguson-all-rnr-threads,rumours,unverified,rumour,0,0,0,M. Brown was involved in a robbery before being shot
498294764718915586,ferguson-all-rnr-threads,rumours,false,rumour,1,0,0,Mike Brown was shot 10 times
500360094924931073,ferguson-all-rnr-threads,rumours,unverified,rumour,0,0,0,Ferguson police released store surveillance video because of media requests
500298847550472194,ferguson-all-rnr-threads,rumours,unverified,rumour,0,0,0,M. Brown was involved in a robbery before being shot
500308708988301312,ferguson-all-rnr-threads,rumours,unverified,rumour,0,0,0,M. Brown was involved in a robbery before being shot
498320854707896321,ferguson-all-rnr-threads,rumours,unverified,rumour,0,0,0,Witnesses have cellphone video of the Mike Brown shooting
500362083221786625,ferguson-all-rnr-threads,rumours,unverified,rumour,0,0,0,Initial contact between police officer and M. Brown was not related to the robbery
500371231183745025,ferguson-all-rnr-threads,rumours,true,rumour,0,1,0,M. Brown was stopped by police for walking in the middle of the street
499565555645685760,ferguson-all-rnr-threads,rumours,false,rumour,1,0,0,Mike Brown was shot 10 times
500378223977721856,ferguson-all-rnr-threads,rumours,true,rumour,0,1,0,M. Brown was stopped by police for walking in the middle of the street
499368533378498560,ferguson-all-rnr-threads,rumours,unverified,rumour,0,0,0,"M. Brown told his mother, ""The world will know who Michael Brown is"""
499642374428307457,ferguson-all-rnr-threads,rumours,unverified,rumour,0,0,0,Woman shot in drive-by shooting shot video of protests
500358907383275520,ferguson-all-rnr-threads,rumours,unverified,rumour,0,0,0,Initial contact between police officer and M. Brown was not related to the robbery
500281094239817728,ferguson-all-rnr-threads,rumours,unverified,rumour,0,0,0,M. Brown was shot while walking down the street
500279519455219712,ferguson-all-rnr-threads,rumours,unverified,rumour,0,0,0,M. Brown was involved in a robbery before being shot
500357713260724224,ferguson-all-rnr-threads,rumours,unverified,rumour,0,0,0,M. Brown was involved in a robbery before being shot
500388703114895360,ferguson-all-rnr-threads,rumours,unverified,rumour,0,0,0,M. Brown was involved in a robbery before being shot
500308574703452160,ferguson-all-rnr-threads,rumours,unverified,rumour,0,0,0,M. Brown was involved in a robbery before being shot
500299904817049600,ferguson-all-rnr-threads,rumours,unverified,rumour,0,0,0,M. Brown was involved in a robbery before being shot
500251535943942145,ferguson-all-rnr-threads,rumours,unverified,rumour,0,0,0,Ferguson police to release name of police officer who shot M. Brown today (August 15)
500294803402137600,ferguson-all-rnr-threads,rumours,unverified,rumour,0,0,0,M. Brown was involved in a robbery before being shot
500387844758994946,ferguson-all-rnr-threads,rumours,unverified,rumour,0,0,0,M. Brown was involved in a robbery before being shot
500279189405433858,ferguson-all-rnr-threads,rumours,unverified,rumour,0,0,0,M. Brown was involved in a robbery before being shot
499494187969298432,ferguson-all-rnr-threads,rumours,unverified,rumour,0,0,0,Woman shot in drive-by shooting shot video of protests
500287857727377408,ferguson-all-rnr-threads,rumours,unverified,rumour,0,0,0,M. Brown was involved in a robbery before being shot
500383514567925760,ferguson-all-rnr-threads,rumours,unverified,rumour,0,0,0,M. Brown was shot while walking down the street
500273257262886912,ferguson-all-rnr-threads,rumours,unverified,rumour,0,0,0,Ferguson police to release name of police officer who shot M. Brown today (August 15)
498506343368519680,ferguson-all-rnr-threads,rumours,unverified,rumour,0,0,0,M. Brown assaulted the police officer who shot him
500260514807947264,ferguson-all-rnr-threads,rumours,unverified,rumour,0,0,0,Ferguson police to release name of police officer who shot M. Brown today (August 15)
498280126254428160,ferguson-all-rnr-threads,rumours,unverified,rumour,0,0,0,Mike Brown was living with his grandmother
500358061698347008,ferguson-all-rnr-threads,rumours,unverified,rumour,0,0,0,Initial contact between police officer and M. Brown was not related to the robbery
500359223557890048,ferguson-all-rnr-threads,rumours,true,rumour,0,1,1,M. Brown was stopped by police for walking in the middle of the street
500359323588239360,ferguson-all-rnr-threads,rumours,unverified,rumour,0,0,0,Initial contact between police officer and M. Brown was not related to the robbery
500286984162525184,ferguson-all-rnr-threads,rumours,unverified,rumour,0,0,0,Ferguson police to release name of police officer who shot M. Brown today (August 15)
500327106824245249,ferguson-all-rnr-threads,rumours,unverified,rumour,0,0,0,M. Brown was involved in a robbery before being shot
500319675797209088,ferguson-all-rnr-threads,rumours,unverified,rumour,0,0,0,M. Brown was involved in a robbery before being shot
500287595403022336,ferguson-all-rnr-threads,rumours,unverified,rumour,0,0,0,Ferguson police are lying about the circumstances leading up to M. Brown's death
500290977798836225,ferguson-all-rnr-threads,rumours,unverified,rumour,0,0,0,M. Brown was involved in a robbery before being shot
500332933098385408,ferguson-all-rnr-threads,rumours,unverified,rumour,0,0,0,M. Brown was involved in a robbery before being shot
499456140044824576,ferguson-all-rnr-threads,rumours,unverified,rumour,0,0,0,A person has been shot on Chambers street
500280477920796672,ferguson-all-rnr-threads,rumours,unverified,rumour,0,0,0,M. Brown was involved in a robbery before being shot
500277526590423041,ferguson-all-rnr-threads,rumours,unverified,rumour,0,0,0,Ferguson police to release name of police officer who shot M. Brown today (August 15)
500364921607974913,ferguson-all-rnr-threads,rumours,unverified,rumour,0,0,0,Ferguson police are leading a smear campaign or character assassination of M. Brown
500300944891199488,ferguson-all-rnr-threads,rumours,unverified,rumour,0,0,0,M. Brown was involved in a robbery before being shot
500339209715335169,ferguson-all-rnr-threads,rumours,unverified,rumour,0,0,0,Ferguson police are lying about the circumstances leading up to M. Brown's death
500354853680340993,ferguson-all-rnr-threads,rumours,unverified,rumour,0,0,0,M. Brown was involved in a robbery before being shot
500293872162205697,ferguson-all-rnr-threads,rumours,unverified,rumour,0,0,0,Ferguson police are leading a smear campaign or character assassination of M. Brown
500344846612447233,ferguson-all-rnr-threads,rumours,unverified,rumour,0,0,0,M. Brown was involved in a robbery before being shot
500306187624407040,ferguson-all-rnr-threads,rumours,unverified,rumour,0,0,0,Ferguson police once beat up a man and charged him for bleeding on their uniforms
500278858156085248,ferguson-all-rnr-threads,rumours,unverified,rumour,0,0,0,Ferguson police to release name of police officer who shot M. Brown today (August 15)
500309222635360256,ferguson-all-rnr-threads,rumours,unverified,rumour,0,0,0,M. Brown was involved in a robbery before being shot
500295393301647360,ferguson-all-rnr-threads,rumours,unverified,rumour,0,0,0,M. Brown was involved in a robbery before being shot
500336373833170945,ferguson-all-rnr-threads,rumours,unverified,rumour,0,0,0,Ferguson police are leading a smear campaign or character assassination of M. Brown
500280249629036544,ferguson-all-rnr-threads,rumours,unverified,rumour,0,0,0,Ferguson police to release name of police officer who shot M. Brown today (August 15)
499520839860367360,ferguson-all-rnr-threads,rumours,unverified,rumour,0,0,0,A person has been shot on Chambers street
500319801344929795,ferguson-all-rnr-threads,rumours,unverified,rumour,0,0,0,Ferguson police once beat up a man and charged him for bleeding on their uniforms
498293668655423488,ferguson-all-rnr-threads,rumours,unverified,rumour,0,0,0,Every 28 hours a black male is killed in the US
500287313256402945,ferguson-all-rnr-threads,rumours,unverified,rumour,0,0,0,Ferguson police are lying about the circumstances leading up to M. Brown's death
500280658665537537,ferguson-all-rnr-threads,rumours,unverified,rumour,0,0,0,M. Brown was shot while walking down the street
499381843955707904,ferguson-all-rnr-threads,rumours,unverified,rumour,0,0,0,Ferguson Police Chief says his feelings are hurt
500283291493494784,ferguson-all-rnr-threads,rumours,unverified,rumour,0,0,0,M. Brown was involved in a robbery before being shot
500363831957135360,ferguson-all-rnr-threads,rumours,unverified,rumour,0,0,0,Initial contact between police officer and M. Brown was not related to the robbery
500377145349521411,ferguson-all-rnr-threads,rumours,unverified,rumour,0,0,0,M. Brown was involved in a robbery before being shot
500237448798949376,ferguson-all-rnr-threads,rumours,unverified,rumour,0,0,0,Ferguson police to release name of police officer who shot M. Brown today (August 15)
500320680810795009,ferguson-all-rnr-threads,rumours,unverified,rumour,0,0,0,Ferguson police once beat up a man and charged him for bleeding on their uniforms
500356642329071616,ferguson-all-rnr-threads,rumours,unverified,rumour,0,0,0,Officer who shot M. Brown did not write an incident report
500285919539511296,ferguson-all-rnr-threads,rumours,unverified,rumour,0,0,0,M. Brown was involved in a robbery before being shot
500327120770301952,ferguson-all-rnr-threads,rumours,unverified,rumour,0,0,0,M. Brown was involved in a robbery before being shot
500359006331092994,ferguson-all-rnr-threads,rumours,unverified,rumour,0,0,0,Initial contact between police officer and M. Brown was not related to the robbery
500287491182579712,ferguson-all-rnr-threads,rumours,unverified,rumour,0,0,0,M. Brown was involved in a robbery before being shot
500359356589019136,ferguson-all-rnr-threads,rumours,true,rumour,0,1,0,M. Brown was stopped by police for walking in the middle of the street
498272309535191041,ferguson-all-rnr-threads,rumours,unverified,rumour,0,0,0,200 police officers at Ferguson protests on August 10
500377191029673984,ferguson-all-rnr-threads,rumours,unverified,rumour,0,0,0,Initial contact between police officer and M. Brown was not related to the robbery
500288971197263873,ferguson-all-rnr-threads,rumours,unverified,rumour,0,0,0,M. Brown was involved in a robbery before being shot
500277940253634561,ferguson-all-rnr-threads,rumours,unverified,rumour,0,0,0,Ferguson police to release name of police officer who shot M. Brown today (August 15)
500375190535421953,ferguson-all-rnr-threads,rumours,unverified,rumour,0,0,0,M. Brown was involved in a robbery before being shot
500308705083400193,ferguson-all-rnr-threads,rumours,unverified,rumour,0,0,0,M. Brown was involved in a robbery before being shot
500343812863311872,ferguson-all-rnr-threads,rumours,unverified,rumour,0,0,0,Ferguson police are lying about the circumstances leading up to M. Brown's death
499706705354448897,ferguson-all-rnr-threads,rumours,unverified,rumour,0,0,0,"Ferguson police swat team have ""murder insurance"" to protect from lawsuits"
499600140580044800,ferguson-all-rnr-threads,rumours,unverified,rumour,0,0,0,Fox News is not covering the Ferguson protests
500335355904540674,ferguson-all-rnr-threads,rumours,unverified,rumour,0,0,0,M. Brown was involved in a robbery before being shot
500301519854379008,ferguson-all-rnr-threads,rumours,unverified,rumour,0,0,0,M. Brown was involved in a robbery before being shot
500290456845299714,ferguson-all-rnr-threads,rumours,unverified,rumour,0,0,0,M. Brown was involved in a robbery before being shot
498305825341845504,ferguson-all-rnr-threads,rumours,false,rumour,1,0,0,Mike Brown was shot 10 times
500359125310922753,ferguson-all-rnr-threads,rumours,unverified,rumour,0,0,0,Initial contact between police officer and M. Brown was not related to the robbery
500347114975944705,ferguson-all-rnr-threads,rumours,unverified,rumour,0,0,0,M. Brown was involved in a robbery before being shot
499368931367608320,ferguson-all-rnr-threads,rumours,unverified,rumour,0,0,0,Fox News is not covering the Ferguson protests
498294367405477888,ferguson-all-rnr-threads,rumours,false,rumour,1,0,0,Mike Brown was shot 10 times
500358526804316160,ferguson-all-rnr-threads,rumours,unverified,rumour,0,0,0,Initial contact between police officer and M. Brown was not related to the robbery
500427786159681536,ferguson-all-rnr-threads,rumours,unverified,rumour,0,0,0,Ferguson police once beat up a man and charged him for bleeding on their uniforms
500285732578013185,ferguson-all-rnr-threads,rumours,unverified,rumour,0,0,0,M. Brown was involved in a robbery before being shot
499512318410375168,ferguson-all-rnr-threads,rumours,unverified,rumour,0,0,0,A person has been shot on Chambers street
499655249398075392,ferguson-all-rnr-threads,rumours,unverified,rumour,0,0,0,"So far in 2014, Ferguson has not recorded any homicides"
500315291168276480,ferguson-all-rnr-threads,rumours,unverified,rumour,0,0,0,M. Brown was involved in a robbery before being shot
500286059918274561,ferguson-all-rnr-threads,rumours,unverified,rumour,0,0,0,M. Brown was involved in a robbery before being shot
500354773133299713,ferguson-all-rnr-threads,rumours,unverified,rumour,0,0,0,Ferguson police once beat up a man and charged him for bleeding on their uniforms
498345343629541376,ferguson-all-rnr-threads,rumours,unverified,rumour,0,0,0,Police officer emptied his gun clip on M. Brown
500284699546517505,ferguson-all-rnr-threads,rumours,unverified,rumour,0,0,0,M. Brown was involved in a robbery before being shot
500378522788315137,ferguson-all-rnr-threads,rumours,unverified,rumour,0,0,0,Initial contact between police officer and M. Brown was not related to the robbery
500284377490665472,ferguson-all-rnr-threads,rumours,unverified,rumour,0,0,0,M. Brown was involved in a robbery before being shot
500364290545958912,ferguson-all-rnr-threads,rumours,true,rumour,0,1,0,M. Brown was stopped by police for walking in the middle of the street
500359117132017665,ferguson-all-rnr-threads,rumours,unverified,rumour,0,0,0,Officer who shot M. Brown did not write an incident report
500302115458523136,ferguson-all-rnr-threads,rumours,unverified,rumour,0,0,0,Ferguson police once beat up a man and charged him for bleeding on their uniforms
500309193526882306,ferguson-all-rnr-threads,rumours,unverified,rumour,0,0,0,Ferguson police once beat up a man and charged him for bleeding on their uniforms
500347920210989057,ferguson-all-rnr-threads,rumours,unverified,rumour,0,0,0,M. Brown was involved in a robbery before being shot
500278944881725440,ferguson-all-rnr-threads,rumours,unverified,rumour,0,0,0,Ferguson police to release name of police officer who shot M. Brown today (August 15)
500279160795721728,ferguson-all-rnr-threads,rumours,unverified,rumour,0,0,0,Ferguson police are lying about the circumstances leading up to M. Brown's death
500287224957898752,ferguson-all-rnr-threads,rumours,false,rumour,1,0,0,Mike Brown was shot 10 times
499430225043009537,ferguson-all-rnr-threads,rumours,unverified,rumour,0,0,0,A person has been shot on Chambers street
500332042648055808,ferguson-all-rnr-threads,rumours,unverified,rumour,0,0,0,M. Brown was involved in a robbery before being shot
500382265076379649,ferguson-all-rnr-threads,rumours,unverified,rumour,0,0,0,Ferguson police are leading a smear campaign or character assassination of M. Brown
500298091627823104,ferguson-all-rnr-threads,rumours,unverified,rumour,0,0,0,Ferguson police are lying about the circumstances leading up to M. Brown's death
500339512082698240,ferguson-all-rnr-threads,rumours,unverified,rumour,0,0,0,M. Brown was involved in a robbery before being shot
500293392060780546,ferguson-all-rnr-threads,rumours,unverified,rumour,0,0,0,M. Brown was involved in a robbery before being shot
500366333461422080,ferguson-all-rnr-threads,rumours,unverified,rumour,0,0,0,Initial contact between police officer and M. Brown was not related to the robbery
500368579875704832,ferguson-all-rnr-threads,rumours,unverified,rumour,0,0,0,Ferguson police are lying about the circumstances leading up to M. Brown's death
500289154581008384,ferguson-all-rnr-threads,rumours,unverified,rumour,0,0,0,M. Brown was involved in a robbery before being shot
500310127896199168,ferguson-all-rnr-threads,rumours,unverified,rumour,0,0,0,M. Brown was involved in a robbery before being shot
500321506371850240,ferguson-all-rnr-threads,rumours,unverified,rumour,0,0,0,Ferguson police are lying about the circumstances leading up to M. Brown's death
500328758201815041,ferguson-all-rnr-threads,rumours,unverified,rumour,0,0,0,KKK raising money for officer who shot M. Brown
500297358908071936,ferguson-all-rnr-threads,rumours,unverified,rumour,0,0,0,Police officer who shot M. Brown has already left town
500284699760427009,ferguson-all-rnr-threads,rumours,unverified,rumour,0,0,0,Ferguson police are leading a smear campaign or character assassination of M. Brown
499530130487017472,ferguson-all-rnr-threads,rumours,unverified,rumour,0,0,0,A woman was shot in a drive-by shooting 
500359088757555200,ferguson-all-rnr-threads,rumours,unverified,rumour,0,0,0,Initial contact between police officer and M. Brown was not related to the robbery
500322486362202112,ferguson-all-rnr-threads,rumours,unverified,rumour,0,0,0,M. Brown was involved in a robbery before being shot
500361847070269441,ferguson-all-rnr-threads,rumours,unverified,rumour,0,0,0,Initial contact between police officer and M. Brown was not related to the robbery
500360596995731456,ferguson-all-rnr-threads,rumours,unverified,rumour,0,0,0,Initial contact between police officer and M. Brown was not related to the robbery
500287815734013952,ferguson-all-rnr-threads,rumours,unverified,rumour,0,0,0,Ferguson police are lying about the circumstances leading up to M. Brown's death
500303238810574849,ferguson-all-rnr-threads,rumours,unverified,rumour,0,0,0,M. Brown was involved in a robbery before being shot
500309745350508545,ferguson-all-rnr-threads,rumours,unverified,rumour,0,0,0,M. Brown was involved in a robbery before being shot
499497872564703233,ferguson-all-rnr-threads,rumours,unverified,rumour,0,0,0,Woman shot in drive-by shooting shot video of protests
500360889347096576,ferguson-all-rnr-threads,rumours,unverified,rumour,0,0,0,Ferguson police are leading a smear campaign or character assassination of M. Brown
500388477763325952,ferguson-all-rnr-threads,rumours,true,rumour,0,1,0,M. Brown was stopped by police for walking in the middle of the street
500367267901632512,ferguson-all-rnr-threads,rumours,unverified,rumour,0,0,0,Ferguson police are leading a smear campaign or character assassination of M. Brown
500359983301939200,ferguson-all-rnr-threads,rumours,true,rumour,0,1,0,M. Brown was stopped by police for walking in the middle of the street
500296158476906496,ferguson-all-rnr-threads,rumours,unverified,rumour,0,0,0,M. Brown was involved in a robbery before being shot
499407248427188224,ferguson-all-rnr-threads,rumours,unverified,rumour,0,0,0,Police are throwing things at the crowd of protesters (August 13)
498254929942028288,ferguson-all-rnr-threads,rumours,unverified,rumour,0,0,0,M. Brown did not steal anything before being shot
500290867681587200,ferguson-all-rnr-threads,rumours,unverified,rumour,0,0,0,M. Brown was involved in a robbery before being shot
500369479482630145,ferguson-all-rnr-threads,rumours,unverified,rumour,0,0,0,M. Brown was involved in a robbery before being shot
498486826269548545,ferguson-all-rnr-threads,rumours,unverified,rumour,0,0,0,"People at Ferguson protests are shouting ""Kill the police"""
500288349924782080,ferguson-all-rnr-threads,rumours,unverified,rumour,0,0,0,M. Brown was involved in a robbery before being shot
499431474731683841,ferguson-all-rnr-threads,rumours,unverified,rumour,0,0,0,A woman was shot in a drive-by shooting 
500408607561629698,ferguson-all-rnr-threads,rumours,unverified,rumour,0,0,0,Ferguson police once beat up a man and charged him for bleeding on their uniforms
500375839498723328,ferguson-all-rnr-threads,rumours,unverified,rumour,0,0,0,Police officer who shot M. Brown has already left town
500398504075071488,ferguson-all-rnr-threads,rumours,unverified,rumour,0,0,0,Ferguson police are lying about the circumstances leading up to M. Brown's death
500417151346696192,ferguson-all-rnr-threads,rumours,unverified,rumour,0,0,0,Americans are eight times more likely to be killed by police than by a terrorist
500359508531884033,ferguson-all-rnr-threads,rumours,unverified,rumour,0,0,0,Initial contact between police officer and M. Brown was not related to the robbery
500321184269881345,ferguson-all-rnr-threads,rumours,unverified,rumour,0,0,0,Ferguson police are lying about the circumstances leading up to M. Brown's death
500378338582884352,ferguson-all-rnr-threads,rumours,unverified,rumour,0,0,0,Ferguson police are lying about the circumstances leading up to M. Brown's death
500278045597368320,ferguson-all-rnr-threads,rumours,unverified,rumour,0,0,0,Ferguson police to release name of police officer who shot M. Brown today (August 15)
500312670260957185,ferguson-all-rnr-threads,rumours,unverified,rumour,0,0,0,Ferguson police to release name of police officer who shot M. Brown today (August 15)
500283831803326464,ferguson-all-rnr-threads,rumours,unverified,rumour,0,0,0,Ferguson police are lying about the circumstances leading up to M. Brown's death
500375440285237248,ferguson-all-rnr-threads,rumours,unverified,rumour,0,0,0,Initial contact between police officer and M. Brown was not related to the robbery
499699479688544257,ferguson-all-rnr-threads,rumours,unverified,rumour,0,0,0,"Police were ""throwing"" people at the protests"
500361668132892673,ferguson-all-rnr-threads,rumours,unverified,rumour,0,0,0,Ferguson police are leading a smear campaign or character assassination of M. Brown
500378522398244865,ferguson-all-rnr-threads,rumours,unverified,rumour,0,0,0,Police officer who shot M. Brown has already left town
498480911243948034,ferguson-all-rnr-threads,rumours,unverified,rumour,0,0,0,"People at Ferguson protests are shouting ""Kill the police"""
500363141034020865,ferguson-all-rnr-threads,non-rumours,non-rumour,nonrumour,,,,
499699803576881152,ferguson-all-rnr-threads,non-rumours,non-rumour,nonrumour,,,,
499387993879511041,ferguson-all-rnr-threads,non-rumours,non-rumour,nonrumour,,,,
499388398529175552,ferguson-all-rnr-threads,non-rumours,non-rumour,nonrumour,,,,
499507509171060736,ferguson-all-rnr-threads,non-rumours,non-rumour,nonrumour,,,,
498286918011224065,ferguson-all-rnr-threads,non-rumours,non-rumour,nonrumour,,,,
500349179848560640,ferguson-all-rnr-threads,non-rumours,non-rumour,nonrumour,,,,
498290802255466498,ferguson-all-rnr-threads,non-rumours,non-rumour,nonrumour,,,,
498486539585069056,ferguson-all-rnr-threads,non-rumours,non-rumour,nonrumour,,,,
499383196451368960,ferguson-all-rnr-threads,non-rumours,non-rumour,nonrumour,,,,
498433651835940865,ferguson-all-rnr-threads,non-rumours,non-rumour,nonrumour,,,,
498575704582148096,ferguson-all-rnr-threads,non-rumours,non-rumour,nonrumour,,,,
500363024926900224,ferguson-all-rnr-threads,non-rumours,non-rumour,nonrumour,,,,
498250100079341568,ferguson-all-rnr-threads,non-rumours,non-rumour,nonrumour,,,,
498292602861400064,ferguson-all-rnr-threads,non-rumours,non-rumour,nonrumour,,,,
498483485133516800,ferguson-all-rnr-threads,non-rumours,non-rumour,nonrumour,,,,
499463629251837952,ferguson-all-rnr-threads,non-rumours,non-rumour,nonrumour,,,,
498294248488574976,ferguson-all-rnr-threads,non-rumours,non-rumour,nonrumour,,,,
499699270883110913,ferguson-all-rnr-threads,non-rumours,non-rumour,nonrumour,,,,
499693751720501248,ferguson-all-rnr-threads,non-rumours,non-rumour,nonrumour,,,,
500285962342367232,ferguson-all-rnr-threads,non-rumours,non-rumour,nonrumour,,,,
500420906670256128,ferguson-all-rnr-threads,non-rumours,non-rumour,nonrumour,,,,
498325055726559232,ferguson-all-rnr-threads,non-rumours,non-rumour,nonrumour,,,,
499705746377150464,ferguson-all-rnr-threads,non-rumours,non-rumour,nonrumour,,,,
500379259698176000,ferguson-all-rnr-threads,non-rumours,non-rumour,nonrumour,,,,
498287166909579264,ferguson-all-rnr-threads,non-rumours,non-rumour,nonrumour,,,,
500292129802186752,ferguson-all-rnr-threads,non-rumours,non-rumour,nonrumour,,,,
499703794805276672,ferguson-all-rnr-threads,non-rumours,non-rumour,nonrumour,,,,
500197999205965824,ferguson-all-rnr-threads,non-rumours,non-rumour,nonrumour,,,,
498489451954573312,ferguson-all-rnr-threads,non-rumours,non-rumour,nonrumour,,,,
499541439962185729,ferguson-all-rnr-threads,non-rumours,non-rumour,nonrumour,,,,
499584618165567488,ferguson-all-rnr-threads,non-rumours,non-rumour,nonrumour,,,,
499511714438971392,ferguson-all-rnr-threads,non-rumours,non-rumour,nonrumour,,,,
498297336968515584,ferguson-all-rnr-threads,non-rumours,non-rumour,nonrumour,,,,
499697887434248192,ferguson-all-rnr-threads,non-rumours,non-rumour,nonrumour,,,,
500290098647547904,ferguson-all-rnr-threads,non-rumours,non-rumour,nonrumour,,,,
499439795618480128,ferguson-all-rnr-threads,non-rumours,non-rumour,nonrumour,,,,
500289088285863936,ferguson-all-rnr-threads,non-rumours,non-rumour,nonrumour,,,,
498271954185379840,ferguson-all-rnr-threads,non-rumours,non-rumour,nonrumour,,,,
500404509592387585,ferguson-all-rnr-threads,non-rumours,non-rumour,nonrumour,,,,
498291267756130305,ferguson-all-rnr-threads,non-rumours,non-rumour,nonrumour,,,,
500254671337193474,ferguson-all-rnr-threads,non-rumours,non-rumour,nonrumour,,,,
500070699768496128,ferguson-all-rnr-threads,non-rumours,non-rumour,nonrumour,,,,
499453410744483842,ferguson-all-rnr-threads,non-rumours,non-rumour,nonrumour,,,,
498492636630896640,ferguson-all-rnr-threads,non-rumours,non-rumour,nonrumour,,,,
499673142114013186,ferguson-all-rnr-threads,non-rumours,non-rumour,nonrumour,,,,
500236774103605248,ferguson-all-rnr-threads,non-rumours,non-rumour,nonrumour,,,,
499658267493019651,ferguson-all-rnr-threads,non-rumours,non-rumour,nonrumour,,,,
499689757652566016,ferguson-all-rnr-threads,non-rumours,non-rumour,nonrumour,,,,
499665704300191745,ferguson-all-rnr-threads,non-rumours,non-rumour,nonrumour,,,,
499705269434085376,ferguson-all-rnr-threads,non-rumours,non-rumour,nonrumour,,,,
499581876668227584,ferguson-all-rnr-threads,non-rumours,non-rumour,nonrumour,,,,
498253149707464704,ferguson-all-rnr-threads,non-rumours,non-rumour,nonrumour,,,,
498248415223246848,ferguson-all-rnr-threads,non-rumours,non-rumour,nonrumour,,,,
498302874531553280,ferguson-all-rnr-threads,non-rumours,non-rumour,nonrumour,,,,
500380282097520640,ferguson-all-rnr-threads,non-rumours,non-rumour,nonrumour,,,,
500328049058279424,ferguson-all-rnr-threads,non-rumours,non-rumour,nonrumour,,,,
500070108099002368,ferguson-all-rnr-threads,non-rumours,non-rumour,nonrumour,,,,
499349252938956800,ferguson-all-rnr-threads,non-rumours,non-rumour,nonrumour,,,,
500335761615355906,ferguson-all-rnr-threads,non-rumours,non-rumour,nonrumour,,,,
500071770192216065,ferguson-all-rnr-threads,non-rumours,non-rumour,nonrumour,,,,
499654272342953984,ferguson-all-rnr-threads,non-rumours,non-rumour,nonrumour,,,,
499687644045918210,ferguson-all-rnr-threads,non-rumours,non-rumour,nonrumour,,,,
500361647144574976,ferguson-all-rnr-threads,non-rumours,non-rumour,nonrumour,,,,
498285556502372352,ferguson-all-rnr-threads,non-rumours,non-rumour,nonrumour,,,,
498273703428620289,ferguson-all-rnr-threads,non-rumours,non-rumour,nonrumour,,,,
499437429690888192,ferguson-all-rnr-threads,non-rumours,non-rumour,nonrumour,,,,
499706211093471232,ferguson-all-rnr-threads,non-rumours,non-rumour,nonrumour,,,,
498507730395484160,ferguson-all-rnr-threads,non-rumours,non-rumour,nonrumour,,,,
498292200955195392,ferguson-all-rnr-threads,non-rumours,non-rumour,nonrumour,,,,
500339591392817152,ferguson-all-rnr-threads,non-rumours,non-rumour,nonrumour,,,,
500162426998755330,ferguson-all-rnr-threads,non-rumours,non-rumour,nonrumour,,,,
500411513727750148,ferguson-all-rnr-threads,non-rumours,non-rumour,nonrumour,,,,
500282606316158976,ferguson-all-rnr-threads,non-rumours,non-rumour,nonrumour,,,,
499700824432717824,ferguson-all-rnr-threads,non-rumours,non-rumour,nonrumour,,,,
498302254190166016,ferguson-all-rnr-threads,non-rumours,non-rumour,nonrumour,,,,
499697652385464320,ferguson-all-rnr-threads,non-rumours,non-rumour,nonrumour,,,,
499400566397607936,ferguson-all-rnr-threads,non-rumours,non-rumour,nonrumour,,,,
499649230181388289,ferguson-all-rnr-threads,non-rumours,non-rumour,nonrumour,,,,
499688832300630016,ferguson-all-rnr-threads,non-rumours,non-rumour,nonrumour,,,,
500276114011742208,ferguson-all-rnr-threads,non-rumours,non-rumour,nonrumour,,,,
500363602943942657,ferguson-all-rnr-threads,non-rumours,non-rumour,nonrumour,,,,
500277301607542785,ferguson-all-rnr-threads,non-rumours,non-rumour,nonrumour,,,,
499611069565112320,ferguson-all-rnr-threads,non-rumours,non-rumour,nonrumour,,,,
500257166478282752,ferguson-all-rnr-threads,non-rumours,non-rumour,nonrumour,,,,
498313143530303488,ferguson-all-rnr-threads,non-rumours,non-rumour,nonrumour,,,,
498274692873351170,ferguson-all-rnr-threads,non-rumours,non-rumour,nonrumour,,,,
498265555833720832,ferguson-all-rnr-threads,non-rumours,non-rumour,nonrumour,,,,
499472596853743618,ferguson-all-rnr-threads,non-rumours,non-rumour,nonrumour,,,,
498302603034640384,ferguson-all-rnr-threads,non-rumours,non-rumour,nonrumour,,,,
500362044324208640,ferguson-all-rnr-threads,non-rumours,non-rumour,nonrumour,,,,
499652797030088704,ferguson-all-rnr-threads,non-rumours,non-rumour,nonrumour,,,,
499411840733282304,ferguson-all-rnr-threads,non-rumours,non-rumour,nonrumour,,,,
500274132756738048,ferguson-all-rnr-threads,non-rumours,non-rumour,nonrumour,,,,
500171743466901505,ferguson-all-rnr-threads,non-rumours,non-rumour,nonrumour,,,,
499349294034743297,ferguson-all-rnr-threads,non-rumours,non-rumour,nonrumour,,,,
500362679039840257,ferguson-all-rnr-threads,non-rumours,non-rumour,nonrumour,,,,
499608179362521088,ferguson-all-rnr-threads,non-rumours,non-rumour,nonrumour,,,,
500264892134207493,ferguson-all-rnr-threads,non-rumours,non-rumour,nonrumour,,,,
499705042178691072,ferguson-all-rnr-threads,non-rumours,non-rumour,nonrumour,,,,
500368969854103552,ferguson-all-rnr-threads,non-rumours,non-rumour,nonrumour,,,,
500349993539358720,ferguson-all-rnr-threads,non-rumours,non-rumour,nonrumour,,,,
499583424114728961,ferguson-all-rnr-threads,non-rumours,non-rumour,nonrumour,,,,
498294775649665024,ferguson-all-rnr-threads,non-rumours,non-rumour,nonrumour,,,,
499706059691663360,ferguson-all-rnr-threads,non-rumours,non-rumour,nonrumour,,,,
500384777514799104,ferguson-all-rnr-threads,non-rumours,non-rumour,nonrumour,,,,
498488195047096320,ferguson-all-rnr-threads,non-rumours,non-rumour,nonrumour,,,,
499554248292458499,ferguson-all-rnr-threads,non-rumours,non-rumour,nonrumour,,,,
499705599454883840,ferguson-all-rnr-threads,non-rumours,non-rumour,nonrumour,,,,
499576743967993856,ferguson-all-rnr-threads,non-rumours,non-rumour,nonrumour,,,,
499649813332639744,ferguson-all-rnr-threads,non-rumours,non-rumour,nonrumour,,,,
499411738467794945,ferguson-all-rnr-threads,non-rumours,non-rumour,nonrumour,,,,
498311895716470784,ferguson-all-rnr-threads,non-rumours,non-rumour,nonrumour,,,,
499610913112989696,ferguson-all-rnr-threads,non-rumours,non-rumour,nonrumour,,,,
499536812109742080,ferguson-all-rnr-threads,non-rumours,non-rumour,nonrumour,,,,
498271531386953728,ferguson-all-rnr-threads,non-rumours,non-rumour,nonrumour,,,,
500311883669585920,ferguson-all-rnr-threads,non-rumours,non-rumour,nonrumour,,,,
500277311652913152,ferguson-all-rnr-threads,non-rumours,non-rumour,nonrumour,,,,
500353227951718401,ferguson-all-rnr-threads,non-rumours,non-rumour,nonrumour,,,,
499704570134941697,ferguson-all-rnr-threads,non-rumours,non-rumour,nonrumour,,,,
499649872534831104,ferguson-all-rnr-threads,non-rumours,non-rumour,nonrumour,,,,
498256407980826625,ferguson-all-rnr-threads,non-rumours,non-rumour,nonrumour,,,,
499704667195322368,ferguson-all-rnr-threads,non-rumours,non-rumour,nonrumour,,,,
498310720350863362,ferguson-all-rnr-threads,non-rumours,non-rumour,nonrumour,,,,
500353815132897280,ferguson-all-rnr-threads,non-rumours,non-rumour,nonrumour,,,,
498262106937237504,ferguson-all-rnr-threads,non-rumours,non-rumour,nonrumour,,,,
500326873407455233,ferguson-all-rnr-threads,non-rumours,non-rumour,nonrumour,,,,
499622667142844416,ferguson-all-rnr-threads,non-rumours,non-rumour,nonrumour,,,,
498277674692149248,ferguson-all-rnr-threads,non-rumours,non-rumour,nonrumour,,,,
499676350064508928,ferguson-all-rnr-threads,non-rumours,non-rumour,nonrumour,,,,
499366977497214976,ferguson-all-rnr-threads,non-rumours,non-rumour,nonrumour,,,,
500360632093646848,ferguson-all-rnr-threads,non-rumours,non-rumour,nonrumour,,,,
498254540870017025,ferguson-all-rnr-threads,non-rumours,non-rumour,nonrumour,,,,
499615655906533376,ferguson-all-rnr-threads,non-rumours,non-rumour,nonrumour,,,,
499362480179912705,ferguson-all-rnr-threads,non-rumours,non-rumour,nonrumour,,,,
499405013261635584,ferguson-all-rnr-threads,non-rumours,non-rumour,nonrumour,,,,
498259432237969408,ferguson-all-rnr-threads,non-rumours,non-rumour,nonrumour,,,,
499660771857809409,ferguson-all-rnr-threads,non-rumours,non-rumour,nonrumour,,,,
499405449951584256,ferguson-all-rnr-threads,non-rumours,non-rumour,nonrumour,,,,
498473263862149120,ferguson-all-rnr-threads,non-rumours,non-rumour,nonrumour,,,,
499575076468305923,ferguson-all-rnr-threads,non-rumours,non-rumour,nonrumour,,,,
499554114024771584,ferguson-all-rnr-threads,non-rumours,non-rumour,nonrumour,,,,
500380708783665152,ferguson-all-rnr-threads,non-rumours,non-rumour,nonrumour,,,,
499377470697926656,ferguson-all-rnr-threads,non-rumours,non-rumour,nonrumour,,,,
499553426133753857,ferguson-all-rnr-threads,non-rumours,non-rumour,nonrumour,,,,
498235547685756928,ferguson-all-rnr-threads,non-rumours,non-rumour,nonrumour,,,,
500286865963245568,ferguson-all-rnr-threads,non-rumours,non-rumour,nonrumour,,,,
500279571988877312,ferguson-all-rnr-threads,non-rumours,non-rumour,nonrumour,,,,
498535462349582337,ferguson-all-rnr-threads,non-rumours,non-rumour,nonrumour,,,,
500419556629041152,ferguson-all-rnr-threads,non-rumours,non-rumour,nonrumour,,,,
500277382461530112,ferguson-all-rnr-threads,non-rumours,non-rumour,nonrumour,,,,
500364003734867970,ferguson-all-rnr-threads,non-rumours,non-rumour,nonrumour,,,,
499386181310619649,ferguson-all-rnr-threads,non-rumours,non-rumour,nonrumour,,,,
500176071476936704,ferguson-all-rnr-threads,non-rumours,non-rumour,nonrumour,,,,
499621957747224576,ferguson-all-rnr-threads,non-rumours,non-rumour,nonrumour,,,,
500261600579043328,ferguson-all-rnr-threads,non-rumours,non-rumour,nonrumour,,,,
499691224169590784,ferguson-all-rnr-threads,non-rumours,non-rumour,nonrumour,,,,
500296988077076480,ferguson-all-rnr-threads,non-rumours,non-rumour,nonrumour,,,,
500422447623966721,ferguson-all-rnr-threads,non-rumours,non-rumour,nonrumour,,,,
498584409055174656,ferguson-all-rnr-threads,non-rumours,non-rumour,nonrumour,,,,
500312651797233665,ferguson-all-rnr-threads,non-rumours,non-rumour,nonrumour,,,,
498268463639851008,ferguson-all-rnr-threads,non-rumours,non-rumour,nonrumour,,,,
498560433021026304,ferguson-all-rnr-threads,non-rumours,non-rumour,nonrumour,,,,
499455799723184130,ferguson-all-rnr-threads,non-rumours,non-rumour,nonrumour,,,,
498316826988642304,ferguson-all-rnr-threads,non-rumours,non-rumour,nonrumour,,,,
500247508195749888,ferguson-all-rnr-threads,non-rumours,non-rumour,nonrumour,,,,
498308585227431936,ferguson-all-rnr-threads,non-rumours,non-rumour,nonrumour,,,,
499365436816105473,ferguson-all-rnr-threads,non-rumours,non-rumour,nonrumour,,,,
499690323883589632,ferguson-all-rnr-threads,non-rumours,non-rumour,nonrumour,,,,
500365332351971328,ferguson-all-rnr-threads,non-rumours,non-rumour,nonrumour,,,,
499662307560263680,ferguson-all-rnr-threads,non-rumours,non-rumour,nonrumour,,,,
499445575956578304,ferguson-all-rnr-threads,non-rumours,non-rumour,nonrumour,,,,
499700279412281345,ferguson-all-rnr-threads,non-rumours,non-rumour,nonrumour,,,,
500320316602974210,ferguson-all-rnr-threads,non-rumours,non-rumour,nonrumour,,,,
499345010190348288,ferguson-all-rnr-threads,non-rumours,non-rumour,nonrumour,,,,
499409692834021376,ferguson-all-rnr-threads,non-rumours,non-rumour,nonrumour,,,,
500359897557790720,ferguson-all-rnr-threads,non-rumours,non-rumour,nonrumour,,,,
499446567229603841,ferguson-all-rnr-threads,non-rumours,non-rumour,nonrumour,,,,
499682060793937921,ferguson-all-rnr-threads,non-rumours,non-rumour,nonrumour,,,,
500393530960121857,ferguson-all-rnr-threads,non-rumours,non-rumour,nonrumour,,,,
500368901365317633,ferguson-all-rnr-threads,non-rumours,non-rumour,nonrumour,,,,
499363612260315136,ferguson-all-rnr-threads,non-rumours,non-rumour,nonrumour,,,,
499601812005998592,ferguson-all-rnr-threads,non-rumours,non-rumour,nonrumour,,,,
498483031842500608,ferguson-all-rnr-threads,non-rumours,non-rumour,nonrumour,,,,
500164348963459072,ferguson-all-rnr-threads,non-rumours,non-rumour,nonrumour,,,,
498284334806495233,ferguson-all-rnr-threads,non-rumours,non-rumour,nonrumour,,,,
499524024012386304,ferguson-all-rnr-threads,non-rumours,non-rumour,nonrumour,,,,
500382853147164672,ferguson-all-rnr-threads,non-rumours,non-rumour,nonrumour,,,,
499701669437784064,ferguson-all-rnr-threads,non-rumours,non-rumour,nonrumour,,,,
500302383747194880,ferguson-all-rnr-threads,non-rumours,non-rumour,nonrumour,,,,
498300256678076417,ferguson-all-rnr-threads,non-rumours,non-rumour,nonrumour,,,,
500308546815131648,ferguson-all-rnr-threads,non-rumours,non-rumour,nonrumour,,,,
499402006146977792,ferguson-all-rnr-threads,non-rumours,non-rumour,nonrumour,,,,
500264535471980544,ferguson-all-rnr-threads,non-rumours,non-rumour,nonrumour,,,,
498530904139378688,ferguson-all-rnr-threads,non-rumours,non-rumour,nonrumour,,,,
499366930457710592,ferguson-all-rnr-threads,non-rumours,non-rumour,nonrumour,,,,
500347484154372097,ferguson-all-rnr-threads,non-rumours,non-rumour,nonrumour,,,,
498296205777326080,ferguson-all-rnr-threads,non-rumours,non-rumour,nonrumour,,,,
499671635067437056,ferguson-all-rnr-threads,non-rumours,non-rumour,nonrumour,,,,
499361252691681281,ferguson-all-rnr-threads,non-rumours,non-rumour,nonrumour,,,,
499699779426066432,ferguson-all-rnr-threads,non-rumours,non-rumour,nonrumour,,,,
500271532279877632,ferguson-all-rnr-threads,non-rumours,non-rumour,nonrumour,,,,
500317579060449280,ferguson-all-rnr-threads,non-rumours,non-rumour,nonrumour,,,,
499647059688173569,ferguson-all-rnr-threads,non-rumours,non-rumour,nonrumour,,,,
500429525558505473,ferguson-all-rnr-threads,non-rumours,non-rumour,nonrumour,,,,
498301635756838912,ferguson-all-rnr-threads,non-rumours,non-rumour,nonrumour,,,,
500252508884070400,ferguson-all-rnr-threads,non-rumours,non-rumour,nonrumour,,,,
498495764486950912,ferguson-all-rnr-threads,non-rumours,non-rumour,nonrumour,,,,
500402449501286400,ferguson-all-rnr-threads,non-rumours,non-rumour,nonrumour,,,,
498492003903356928,ferguson-all-rnr-threads,non-rumours,non-rumour,nonrumour,,,,
498482619232055296,ferguson-all-rnr-threads,non-rumours,non-rumour,nonrumour,,,,
499363921661140993,ferguson-all-rnr-threads,non-rumours,non-rumour,nonrumour,,,,
499402643869929474,ferguson-all-rnr-threads,non-rumours,non-rumour,nonrumour,,,,
499620682502635520,ferguson-all-rnr-threads,non-rumours,non-rumour,nonrumour,,,,
500210207986028544,ferguson-all-rnr-threads,non-rumours,non-rumour,nonrumour,,,,
498357910603575296,ferguson-all-rnr-threads,non-rumours,non-rumour,nonrumour,,,,
500385585807499266,ferguson-all-rnr-threads,non-rumours,non-rumour,nonrumour,,,,
500363023958409216,ferguson-all-rnr-threads,non-rumours,non-rumour,nonrumour,,,,
499478537468792832,ferguson-all-rnr-threads,non-rumours,non-rumour,nonrumour,,,,
500394005419409408,ferguson-all-rnr-threads,non-rumours,non-rumour,nonrumour,,,,
500073002101665792,ferguson-all-rnr-threads,non-rumours,non-rumour,nonrumour,,,,
499657337548701696,ferguson-all-rnr-threads,non-rumours,non-rumour,nonrumour,,,,
499654313870761984,ferguson-all-rnr-threads,non-rumours,non-rumour,nonrumour,,,,
500386978467414016,ferguson-all-rnr-threads,non-rumours,non-rumour,nonrumour,,,,
499660656769921025,ferguson-all-rnr-threads,non-rumours,non-rumour,nonrumour,,,,
500409565473943553,ferguson-all-rnr-threads,non-rumours,non-rumour,nonrumour,,,,
498298040881782785,ferguson-all-rnr-threads,non-rumours,non-rumour,nonrumour,,,,
500224586064343040,ferguson-all-rnr-threads,non-rumours,non-rumour,nonrumour,,,,
499659628645720064,ferguson-all-rnr-threads,non-rumours,non-rumour,nonrumour,,,,
499611719090450432,ferguson-all-rnr-threads,non-rumours,non-rumour,nonrumour,,,,
498487087105314816,ferguson-all-rnr-threads,non-rumours,non-rumour,nonrumour,,,,
498269697453084672,ferguson-all-rnr-threads,non-rumours,non-rumour,nonrumour,,,,
499668221767999488,ferguson-all-rnr-threads,non-rumours,non-rumour,nonrumour,,,,
499519101644308480,ferguson-all-rnr-threads,non-rumours,non-rumour,nonrumour,,,,
499409455814287360,ferguson-all-rnr-threads,non-rumours,non-rumour,nonrumour,,,,
500364705622671360,ferguson-all-rnr-threads,non-rumours,non-rumour,nonrumour,,,,
499698825020592129,ferguson-all-rnr-threads,non-rumours,non-rumour,nonrumour,,,,
499643185581142016,ferguson-all-rnr-threads,non-rumours,non-rumour,nonrumour,,,,
499687274326786049,ferguson-all-rnr-threads,non-rumours,non-rumour,nonrumour,,,,
500186504279625728,ferguson-all-rnr-threads,non-rumours,non-rumour,nonrumour,,,,
499695918547861504,ferguson-all-rnr-threads,non-rumours,non-rumour,nonrumour,,,,
498512372584415232,ferguson-all-rnr-threads,non-rumours,non-rumour,nonrumour,,,,
498473515302260736,ferguson-all-rnr-threads,non-rumours,non-rumour,nonrumour,,,,
498616975850225664,ferguson-all-rnr-threads,non-rumours,non-rumour,nonrumour,,,,
500347379938492416,ferguson-all-rnr-threads,non-rumours,non-rumour,nonrumour,,,,
500398901028196354,ferguson-all-rnr-threads,non-rumours,non-rumour,nonrumour,,,,
498274948772024321,ferguson-all-rnr-threads,non-rumours,non-rumour,nonrumour,,,,
500406581855801345,ferguson-all-rnr-threads,non-rumours,non-rumour,nonrumour,,,,
499697498072420352,ferguson-all-rnr-threads,non-rumours,non-rumour,nonrumour,,,,
500296090671796224,ferguson-all-rnr-threads,non-rumours,non-rumour,nonrumour,,,,
499360762167848960,ferguson-all-rnr-threads,non-rumours,non-rumour,nonrumour,,,,
498527404386578432,ferguson-all-rnr-threads,non-rumours,non-rumour,nonrumour,,,,
498474263255330818,ferguson-all-rnr-threads,non-rumours,non-rumour,nonrumour,,,,
499647397278937088,ferguson-all-rnr-threads,non-rumours,non-rumour,nonrumour,,,,
498356729634390016,ferguson-all-rnr-threads,non-rumours,non-rumour,nonrumour,,,,
499457882144796672,ferguson-all-rnr-threads,non-rumours,non-rumour,nonrumour,,,,
498541831052083201,ferguson-all-rnr-threads,non-rumours,non-rumour,nonrumour,,,,
499563566786433024,ferguson-all-rnr-threads,non-rumours,non-rumour,nonrumour,,,,
499532858399412224,ferguson-all-rnr-threads,non-rumours,non-rumour,nonrumour,,,,
500266977814790144,ferguson-all-rnr-threads,non-rumours,non-rumour,nonrumour,,,,
498504673339666432,ferguson-all-rnr-threads,non-rumours,non-rumour,nonrumour,,,,
498515980205948928,ferguson-all-rnr-threads,non-rumours,non-rumour,nonrumour,,,,
499569344184340480,ferguson-all-rnr-threads,non-rumours,non-rumour,nonrumour,,,,
498322865843109888,ferguson-all-rnr-threads,non-rumours,non-rumour,nonrumour,,,,
498280730070622209,ferguson-all-rnr-threads,non-rumours,non-rumour,nonrumour,,,,
500391462073532416,ferguson-all-rnr-threads,non-rumours,non-rumour,nonrumour,,,,
500421515678978049,ferguson-all-rnr-threads,non-rumours,non-rumour,nonrumour,,,,
500325111497777152,ferguson-all-rnr-threads,non-rumours,non-rumour,nonrumour,,,,
499635302764662784,ferguson-all-rnr-threads,non-rumours,non-rumour,nonrumour,,,,
498269289812856832,ferguson-all-rnr-threads,non-rumours,non-rumour,nonrumour,,,,
499579650926858240,ferguson-all-rnr-threads,non-rumours,non-rumour,nonrumour,,,,
498283586425200640,ferguson-all-rnr-threads,non-rumours,non-rumour,nonrumour,,,,
498602787614511104,ferguson-all-rnr-threads,non-rumours,non-rumour,nonrumour,,,,
500392971636719618,ferguson-all-rnr-threads,non-rumours,non-rumour,nonrumour,,,,
500239327004471296,ferguson-all-rnr-threads,non-rumours,non-rumour,nonrumour,,,,
500288693031419904,ferguson-all-rnr-threads,non-rumours,non-rumour,nonrumour,,,,
500409399865651201,ferguson-all-rnr-threads,non-rumours,non-rumour,nonrumour,,,,
499655603405725696,ferguson-all-rnr-threads,non-rumours,non-rumour,nonrumour,,,,
499590048313262080,ferguson-all-rnr-threads,non-rumours,non-rumour,nonrumour,,,,
499648712596271107,ferguson-all-rnr-threads,non-rumours,non-rumour,nonrumour,,,,
498276354434277376,ferguson-all-rnr-threads,non-rumours,non-rumour,nonrumour,,,,
498300128088694786,ferguson-all-rnr-threads,non-rumours,non-rumour,nonrumour,,,,
499439571520991232,ferguson-all-rnr-threads,non-rumours,non-rumour,nonrumour,,,,
500390232756617216,ferguson-all-rnr-threads,non-rumours,non-rumour,nonrumour,,,,
498497371899449344,ferguson-all-rnr-threads,non-rumours,non-rumour,nonrumour,,,,
499700861900435456,ferguson-all-rnr-threads,non-rumours,non-rumour,nonrumour,,,,
499698311306043392,ferguson-all-rnr-threads,non-rumours,non-rumour,nonrumour,,,,
499698357397237762,ferguson-all-rnr-threads,non-rumours,non-rumour,nonrumour,,,,
500353295903637504,ferguson-all-rnr-threads,non-rumours,non-rumour,nonrumour,,,,
499691702660374528,ferguson-all-rnr-threads,non-rumours,non-rumour,nonrumour,,,,
500318966422589440,ferguson-all-rnr-threads,non-rumours,non-rumour,nonrumour,,,,
498321666267561985,ferguson-all-rnr-threads,non-rumours,non-rumour,nonrumour,,,,
500069586063335424,ferguson-all-rnr-threads,non-rumours,non-rumour,nonrumour,,,,
499703651079045121,ferguson-all-rnr-threads,non-rumours,non-rumour,nonrumour,,,,
500292684192686080,ferguson-all-rnr-threads,non-rumours,non-rumour,nonrumour,,,,
500192488003354624,ferguson-all-rnr-threads,non-rumours,non-rumour,nonrumour,,,,
499438052688023552,ferguson-all-rnr-threads,non-rumours,non-rumour,nonrumour,,,,
499706791396392960,ferguson-all-rnr-threads,non-rumours,non-rumour,nonrumour,,,,
498472666802958336,ferguson-all-rnr-threads,non-rumours,non-rumour,nonrumour,,,,
499674991294951424,ferguson-all-rnr-threads,non-rumours,non-rumour,nonrumour,,,,
500408184562257920,ferguson-all-rnr-threads,non-rumours,non-rumour,nonrumour,,,,
499432557906104320,ferguson-all-rnr-threads,non-rumours,non-rumour,nonrumour,,,,
500236187395571713,ferguson-all-rnr-threads,non-rumours,non-rumour,nonrumour,,,,
499704780366036992,ferguson-all-rnr-threads,non-rumours,non-rumour,nonrumour,,,,
500360308289187840,ferguson-all-rnr-threads,non-rumours,non-rumour,nonrumour,,,,
500378874656854016,ferguson-all-rnr-threads,non-rumours,non-rumour,nonrumour,,,,
498530293116968960,ferguson-all-rnr-threads,non-rumours,non-rumour,nonrumour,,,,
499697194325114881,ferguson-all-rnr-threads,non-rumours,non-rumour,nonrumour,,,,
500375737439096833,ferguson-all-rnr-threads,non-rumours,non-rumour,nonrumour,,,,
500163501961142275,ferguson-all-rnr-threads,non-rumours,non-rumour,nonrumour,,,,
499574200596983808,ferguson-all-rnr-threads,non-rumours,non-rumour,nonrumour,,,,
499674825753772033,ferguson-all-rnr-threads,non-rumours,non-rumour,nonrumour,,,,
500397058541379584,ferguson-all-rnr-threads,non-rumours,non-rumour,nonrumour,,,,
500386619564650496,ferguson-all-rnr-threads,non-rumours,non-rumour,nonrumour,,,,
499360134779637761,ferguson-all-rnr-threads,non-rumours,non-rumour,nonrumour,,,,
499696744155062272,ferguson-all-rnr-threads,non-rumours,non-rumour,nonrumour,,,,
500350460122136576,ferguson-all-rnr-threads,non-rumours,non-rumour,nonrumour,,,,
499358869492367360,ferguson-all-rnr-threads,non-rumours,non-rumour,nonrumour,,,,
499368426931228672,ferguson-all-rnr-threads,non-rumours,non-rumour,nonrumour,,,,
500249081286250496,ferguson-all-rnr-threads,non-rumours,non-rumour,nonrumour,,,,
500275854434639872,ferguson-all-rnr-threads,non-rumours,non-rumour,nonrumour,,,,
499701114195808257,ferguson-all-rnr-threads,non-rumours,non-rumour,nonrumour,,,,
499695460358311936,ferguson-all-rnr-threads,non-rumours,non-rumour,nonrumour,,,,
499620598994444288,ferguson-all-rnr-threads,non-rumours,non-rumour,nonrumour,,,,
498316475317239809,ferguson-all-rnr-threads,non-rumours,non-rumour,nonrumour,,,,
498286202077085696,ferguson-all-rnr-threads,non-rumours,non-rumour,nonrumour,,,,
498499836900278272,ferguson-all-rnr-threads,non-rumours,non-rumour,nonrumour,,,,
499406854615597056,ferguson-all-rnr-threads,non-rumours,non-rumour,nonrumour,,,,
499651344622694400,ferguson-all-rnr-threads,non-rumours,non-rumour,nonrumour,,,,
498483784296448000,ferguson-all-rnr-threads,non-rumours,non-rumour,nonrumour,,,,
498289596463980544,ferguson-all-rnr-threads,non-rumours,non-rumour,nonrumour,,,,
499705810076053504,ferguson-all-rnr-threads,non-rumours,non-rumour,nonrumour,,,,
500384393362698241,ferguson-all-rnr-threads,non-rumours,non-rumour,nonrumour,,,,
499696550541795328,ferguson-all-rnr-threads,non-rumours,non-rumour,nonrumour,,,,
500239577387659265,ferguson-all-rnr-threads,non-rumours,non-rumour,nonrumour,,,,
498276304635322368,ferguson-all-rnr-threads,non-rumours,non-rumour,nonrumour,,,,
498355319979143168,ferguson-all-rnr-threads,non-rumours,non-rumour,nonrumour,,,,
499701423135678464,ferguson-all-rnr-threads,non-rumours,non-rumour,nonrumour,,,,
500359673334493185,ferguson-all-rnr-threads,non-rumours,non-rumour,nonrumour,,,,
499408988422037505,ferguson-all-rnr-threads,non-rumours,non-rumour,nonrumour,,,,
499685593857531906,ferguson-all-rnr-threads,non-rumours,non-rumour,nonrumour,,,,
500073277273165824,ferguson-all-rnr-threads,non-rumours,non-rumour,nonrumour,,,,
499411596255719424,ferguson-all-rnr-threads,non-rumours,non-rumour,nonrumour,,,,
500367591773179904,ferguson-all-rnr-threads,non-rumours,non-rumour,nonrumour,,,,
500365170796158976,ferguson-all-rnr-threads,non-rumours,non-rumour,nonrumour,,,,
498292317296812032,ferguson-all-rnr-threads,non-rumours,non-rumour,nonrumour,,,,
498457205801488385,ferguson-all-rnr-threads,non-rumours,non-rumour,nonrumour,,,,
499706065769201666,ferguson-all-rnr-threads,non-rumours,non-rumour,nonrumour,,,,
499705545583263744,ferguson-all-rnr-threads,non-rumours,non-rumour,nonrumour,,,,
499692099005325312,ferguson-all-rnr-threads,non-rumours,non-rumour,nonrumour,,,,
499606278910398464,ferguson-all-rnr-threads,non-rumours,non-rumour,nonrumour,,,,
500405384503238656,ferguson-all-rnr-threads,non-rumours,non-rumour,nonrumour,,,,
499585144416514048,ferguson-all-rnr-threads,non-rumours,non-rumour,nonrumour,,,,
500240534481666049,ferguson-all-rnr-threads,non-rumours,non-rumour,nonrumour,,,,
500339589601431552,ferguson-all-rnr-threads,non-rumours,non-rumour,nonrumour,,,,
499501246907432960,ferguson-all-rnr-threads,non-rumours,non-rumour,nonrumour,,,,
499657584836874240,ferguson-all-rnr-threads,non-rumours,non-rumour,nonrumour,,,,
499478126570004480,ferguson-all-rnr-threads,non-rumours,non-rumour,nonrumour,,,,
500265950667870209,ferguson-all-rnr-threads,non-rumours,non-rumour,nonrumour,,,,
500369693203378176,ferguson-all-rnr-threads,non-rumours,non-rumour,nonrumour,,,,
499688532391526400,ferguson-all-rnr-threads,non-rumours,non-rumour,nonrumour,,,,
500072455931588611,ferguson-all-rnr-threads,non-rumours,non-rumour,nonrumour,,,,
500072155166814209,ferguson-all-rnr-threads,non-rumours,non-rumour,nonrumour,,,,
500358258654470146,ferguson-all-rnr-threads,non-rumours,non-rumour,nonrumour,,,,
499540195734065152,ferguson-all-rnr-threads,non-rumours,non-rumour,nonrumour,,,,
500387959468982273,ferguson-all-rnr-threads,non-rumours,non-rumour,nonrumour,,,,
500363097698086912,ferguson-all-rnr-threads,non-rumours,non-rumour,nonrumour,,,,
499699107615997952,ferguson-all-rnr-threads,non-rumours,non-rumour,nonrumour,,,,
500357314722156544,ferguson-all-rnr-threads,non-rumours,non-rumour,nonrumour,,,,
500395231305826306,ferguson-all-rnr-threads,non-rumours,non-rumour,nonrumour,,,,
499394946416529409,ferguson-all-rnr-threads,non-rumours,non-rumour,nonrumour,,,,
499529014797557760,ferguson-all-rnr-threads,non-rumours,non-rumour,nonrumour,,,,
498303921430204416,ferguson-all-rnr-threads,non-rumours,non-rumour,nonrumour,,,,
498532911143206913,ferguson-all-rnr-threads,non-rumours,non-rumour,nonrumour,,,,
499598154581303296,ferguson-all-rnr-threads,non-rumours,non-rumour,nonrumour,,,,
498303769915191297,ferguson-all-rnr-threads,non-rumours,non-rumour,nonrumour,,,,
499701408904798208,ferguson-all-rnr-threads,non-rumours,non-rumour,nonrumour,,,,
499700579527299073,ferguson-all-rnr-threads,non-rumours,non-rumour,nonrumour,,,,
499690869784846336,ferguson-all-rnr-threads,non-rumours,non-rumour,nonrumour,,,,
499692915954704384,ferguson-all-rnr-threads,non-rumours,non-rumour,nonrumour,,,,
500279951275606017,ferguson-all-rnr-threads,non-rumours,non-rumour,nonrumour,,,,
500332097064550400,ferguson-all-rnr-threads,non-rumours,non-rumour,nonrumour,,,,
500070913836982272,ferguson-all-rnr-threads,non-rumours,non-rumour,nonrumour,,,,
498269365175721984,ferguson-all-rnr-threads,non-rumours,non-rumour,nonrumour,,,,
498287947301814274,ferguson-all-rnr-threads,non-rumours,non-rumour,nonrumour,,,,
499432169836531712,ferguson-all-rnr-threads,non-rumours,non-rumour,nonrumour,,,,
499662393627410432,ferguson-all-rnr-threads,non-rumours,non-rumour,nonrumour,,,,
499361506132508673,ferguson-all-rnr-threads,non-rumours,non-rumour,nonrumour,,,,
500322242296041473,ferguson-all-rnr-threads,non-rumours,non-rumour,nonrumour,,,,
499699366660423680,ferguson-all-rnr-threads,non-rumours,non-rumour,nonrumour,,,,
499355083734519808,ferguson-all-rnr-threads,non-rumours,non-rumour,nonrumour,,,,
499581469027618816,ferguson-all-rnr-threads,non-rumours,non-rumour,nonrumour,,,,
498474035668586497,ferguson-all-rnr-threads,non-rumours,non-rumour,nonrumour,,,,
499692589143298049,ferguson-all-rnr-threads,non-rumours,non-rumour,nonrumour,,,,
499652256288235521,ferguson-all-rnr-threads,non-rumours,non-rumour,nonrumour,,,,
499700209484828672,ferguson-all-rnr-threads,non-rumours,non-rumour,nonrumour,,,,
499704226294300672,ferguson-all-rnr-threads,non-rumours,non-rumour,nonrumour,,,,
500396427378298880,ferguson-all-rnr-threads,non-rumours,non-rumour,nonrumour,,,,
500399181627162624,ferguson-all-rnr-threads,non-rumours,non-rumour,nonrumour,,,,
499397804620386304,ferguson-all-rnr-threads,non-rumours,non-rumour,nonrumour,,,,
499678305134448641,ferguson-all-rnr-threads,non-rumours,non-rumour,nonrumour,,,,
499412661176926209,ferguson-all-rnr-threads,non-rumours,non-rumour,nonrumour,,,,
500246996163129344,ferguson-all-rnr-threads,non-rumours,non-rumour,nonrumour,,,,
499514668814467072,ferguson-all-rnr-threads,non-rumours,non-rumour,nonrumour,,,,
499655869412286464,ferguson-all-rnr-threads,non-rumours,non-rumour,nonrumour,,,,
499408845127819265,ferguson-all-rnr-threads,non-rumours,non-rumour,nonrumour,,,,
498491047329402880,ferguson-all-rnr-threads,non-rumours,non-rumour,nonrumour,,,,
500313811195158528,ferguson-all-rnr-threads,non-rumours,non-rumour,nonrumour,,,,
498531639472189441,ferguson-all-rnr-threads,non-rumours,non-rumour,nonrumour,,,,
500231335668383744,ferguson-all-rnr-threads,non-rumours,non-rumour,nonrumour,,,,
499381321954000896,ferguson-all-rnr-threads,non-rumours,non-rumour,nonrumour,,,,
499388619425980416,ferguson-all-rnr-threads,non-rumours,non-rumour,nonrumour,,,,
499703156889362432,ferguson-all-rnr-threads,non-rumours,non-rumour,nonrumour,,,,
500315237375954944,ferguson-all-rnr-threads,non-rumours,non-rumour,nonrumour,,,,
500213598149672960,ferguson-all-rnr-threads,non-rumours,non-rumour,nonrumour,,,,
500355828227252225,ferguson-all-rnr-threads,non-rumours,non-rumour,nonrumour,,,,
500297243371798528,ferguson-all-rnr-threads,non-rumours,non-rumour,nonrumour,,,,
499592320900431872,ferguson-all-rnr-threads,non-rumours,non-rumour,nonrumour,,,,
499440386767859712,ferguson-all-rnr-threads,non-rumours,non-rumour,nonrumour,,,,
499448210789007360,ferguson-all-rnr-threads,non-rumours,non-rumour,nonrumour,,,,
500212911856295940,ferguson-all-rnr-threads,non-rumours,non-rumour,nonrumour,,,,
500072334578159616,ferguson-all-rnr-threads,non-rumours,non-rumour,nonrumour,,,,
498281812821803008,ferguson-all-rnr-threads,non-rumours,non-rumour,nonrumour,,,,
499527157023277056,ferguson-all-rnr-threads,non-rumours,non-rumour,nonrumour,,,,
500274697485824000,ferguson-all-rnr-threads,non-rumours,non-rumour,nonrumour,,,,
500382437655207936,ferguson-all-rnr-threads,non-rumours,non-rumour,nonrumour,,,,
499362994862960640,ferguson-all-rnr-threads,non-rumours,non-rumour,nonrumour,,,,
500369097360953345,ferguson-all-rnr-threads,non-rumours,non-rumour,nonrumour,,,,
498600617645199361,ferguson-all-rnr-threads,non-rumours,non-rumour,nonrumour,,,,
499583349267382273,ferguson-all-rnr-threads,non-rumours,non-rumour,nonrumour,,,,
499383640267423744,ferguson-all-rnr-threads,non-rumours,non-rumour,nonrumour,,,,
499586890837016579,ferguson-all-rnr-threads,non-rumours,non-rumour,nonrumour,,,,
500368724579192832,ferguson-all-rnr-threads,non-rumours,non-rumour,nonrumour,,,,
499700083265269763,ferguson-all-rnr-threads,non-rumours,non-rumour,nonrumour,,,,
500316260081889282,ferguson-all-rnr-threads,non-rumours,non-rumour,nonrumour,,,,
499596695705894912,ferguson-all-rnr-threads,non-rumours,non-rumour,nonrumour,,,,
499704241741520897,ferguson-all-rnr-threads,non-rumours,non-rumour,nonrumour,,,,
498248648699150336,ferguson-all-rnr-threads,non-rumours,non-rumour,nonrumour,,,,
499694783691239424,ferguson-all-rnr-threads,non-rumours,non-rumour,nonrumour,,,,
498281104865259521,ferguson-all-rnr-threads,non-rumours,non-rumour,nonrumour,,,,
499526002469797888,ferguson-all-rnr-threads,non-rumours,non-rumour,nonrumour,,,,
498487999848800256,ferguson-all-rnr-threads,non-rumours,non-rumour,nonrumour,,,,
500426667446513666,ferguson-all-rnr-threads,non-rumours,non-rumour,nonrumour,,,,
499674159916789760,ferguson-all-rnr-threads,non-rumours,non-rumour,nonrumour,,,,
500277854341697536,ferguson-all-rnr-threads,non-rumours,non-rumour,nonrumour,,,,
500314545345552384,ferguson-all-rnr-threads,non-rumours,non-rumour,nonrumour,,,,
500360684253638656,ferguson-all-rnr-threads,non-rumours,non-rumour,nonrumour,,,,
499705246642622465,ferguson-all-rnr-threads,non-rumours,non-rumour,nonrumour,,,,
500328451929559041,ferguson-all-rnr-threads,non-rumours,non-rumour,nonrumour,,,,
499695074855624704,ferguson-all-rnr-threads,non-rumours,non-rumour,nonrumour,,,,
500285282650832896,ferguson-all-rnr-threads,non-rumours,non-rumour,nonrumour,,,,
499700213792387073,ferguson-all-rnr-threads,non-rumours,non-rumour,nonrumour,,,,
500319233558192128,ferguson-all-rnr-threads,non-rumours,non-rumour,nonrumour,,,,
499556227874304000,ferguson-all-rnr-threads,non-rumours,non-rumour,nonrumour,,,,
499567797064957952,ferguson-all-rnr-threads,non-rumours,non-rumour,nonrumour,,,,
498286281894682624,ferguson-all-rnr-threads,non-rumours,non-rumour,nonrumour,,,,
500318336719134720,ferguson-all-rnr-threads,non-rumours,non-rumour,nonrumour,,,,
499598945417703424,ferguson-all-rnr-threads,non-rumours,non-rumour,nonrumour,,,,
500403838877462528,ferguson-all-rnr-threads,non-rumours,non-rumour,nonrumour,,,,
500376891623079937,ferguson-all-rnr-threads,non-rumours,non-rumour,nonrumour,,,,
500350150695743489,ferguson-all-rnr-threads,non-rumours,non-rumour,nonrumour,,,,
499672226887897089,ferguson-all-rnr-threads,non-rumours,non-rumour,nonrumour,,,,
499438977774931968,ferguson-all-rnr-threads,non-rumours,non-rumour,nonrumour,,,,
499702384424022016,ferguson-all-rnr-threads,non-rumours,non-rumour,nonrumour,,,,
498452658605535232,ferguson-all-rnr-threads,non-rumours,non-rumour,nonrumour,,,,
498277197581664256,ferguson-all-rnr-threads,non-rumours,non-rumour,nonrumour,,,,
499697037156171776,ferguson-all-rnr-threads,non-rumours,non-rumour,nonrumour,,,,
499699052389208065,ferguson-all-rnr-threads,non-rumours,non-rumour,nonrumour,,,,
499560002341044224,ferguson-all-rnr-threads,non-rumours,non-rumour,nonrumour,,,,
500234112054341632,ferguson-all-rnr-threads,non-rumours,non-rumour,nonrumour,,,,
500315532382707712,ferguson-all-rnr-threads,non-rumours,non-rumour,nonrumour,,,,
498277231253127168,ferguson-all-rnr-threads,non-rumours,non-rumour,nonrumour,,,,
499412007573942272,ferguson-all-rnr-threads,non-rumours,non-rumour,nonrumour,,,,
500250188221779968,ferguson-all-rnr-threads,non-rumours,non-rumour,nonrumour,,,,
499602333404504064,ferguson-all-rnr-threads,non-rumours,non-rumour,nonrumour,,,,
499441454498852864,ferguson-all-rnr-threads,non-rumours,non-rumour,nonrumour,,,,
500283013541163008,ferguson-all-rnr-threads,non-rumours,non-rumour,nonrumour,,,,
499361965035491329,ferguson-all-rnr-threads,non-rumours,non-rumour,nonrumour,,,,
498318493293772800,ferguson-all-rnr-threads,non-rumours,non-rumour,nonrumour,,,,
500296369224310784,ferguson-all-rnr-threads,non-rumours,non-rumour,nonrumour,,,,
500270055540916224,ferguson-all-rnr-threads,non-rumours,non-rumour,nonrumour,,,,
499696948296028160,ferguson-all-rnr-threads,non-rumours,non-rumour,nonrumour,,,,
499553513471741954,ferguson-all-rnr-threads,non-rumours,non-rumour,nonrumour,,,,
499703128540061699,ferguson-all-rnr-threads,non-rumours,non-rumour,nonrumour,,,,
499650234914713600,ferguson-all-rnr-threads,non-rumours,non-rumour,nonrumour,,,,
499377813758443520,ferguson-all-rnr-threads,non-rumours,non-rumour,nonrumour,,,,
500314788610985984,ferguson-all-rnr-threads,non-rumours,non-rumour,nonrumour,,,,
498286045843435521,ferguson-all-rnr-threads,non-rumours,non-rumour,nonrumour,,,,
500407038800056321,ferguson-all-rnr-threads,non-rumours,non-rumour,nonrumour,,,,
500225210667122690,ferguson-all-rnr-threads,non-rumours,non-rumour,nonrumour,,,,
499553298668859392,ferguson-all-rnr-threads,non-rumours,non-rumour,nonrumour,,,,
498283038338711552,ferguson-all-rnr-threads,non-rumours,non-rumour,nonrumour,,,,
500395288335360001,ferguson-all-rnr-threads,non-rumours,non-rumour,nonrumour,,,,
499444325646757888,ferguson-all-rnr-threads,non-rumours,non-rumour,nonrumour,,,,
498292732159619072,ferguson-all-rnr-threads,non-rumours,non-rumour,nonrumour,,,,
500393439482368000,ferguson-all-rnr-threads,non-rumours,non-rumour,nonrumour,,,,
499642704687816706,ferguson-all-rnr-threads,non-rumours,non-rumour,nonrumour,,,,
499698964925796352,ferguson-all-rnr-threads,non-rumours,non-rumour,nonrumour,,,,
499488337338843137,ferguson-all-rnr-threads,non-rumours,non-rumour,nonrumour,,,,
500396366829735936,ferguson-all-rnr-threads,non-rumours,non-rumour,nonrumour,,,,
500430445830365184,ferguson-all-rnr-threads,non-rumours,non-rumour,nonrumour,,,,
499481575059619840,ferguson-all-rnr-threads,non-rumours,non-rumour,nonrumour,,,,
498274493337702401,ferguson-all-rnr-threads,non-rumours,non-rumour,nonrumour,,,,
498499795192143872,ferguson-all-rnr-threads,non-rumours,non-rumour,nonrumour,,,,
498305962726273024,ferguson-all-rnr-threads,non-rumours,non-rumour,nonrumour,,,,
499703254637219841,ferguson-all-rnr-threads,non-rumours,non-rumour,nonrumour,,,,
500405877460193280,ferguson-all-rnr-threads,non-rumours,non-rumour,nonrumour,,,,
500278978557804544,ferguson-all-rnr-threads,non-rumours,non-rumour,nonrumour,,,,
499695028407922689,ferguson-all-rnr-threads,non-rumours,non-rumour,nonrumour,,,,
500277481119956992,ferguson-all-rnr-threads,non-rumours,non-rumour,nonrumour,,,,
498310006169538561,ferguson-all-rnr-threads,non-rumours,non-rumour,nonrumour,,,,
498452664527511553,ferguson-all-rnr-threads,non-rumours,non-rumour,nonrumour,,,,
500345408150065153,ferguson-all-rnr-threads,non-rumours,non-rumour,nonrumour,,,,
500420356621213696,ferguson-all-rnr-threads,non-rumours,non-rumour,nonrumour,,,,
499702134279913472,ferguson-all-rnr-threads,non-rumours,non-rumour,nonrumour,,,,
498283233982025728,ferguson-all-rnr-threads,non-rumours,non-rumour,nonrumour,,,,
500377192841609217,ferguson-all-rnr-threads,non-rumours,non-rumour,nonrumour,,,,
499361017038905344,ferguson-all-rnr-threads,non-rumours,non-rumour,nonrumour,,,,
500299227969646592,ferguson-all-rnr-threads,non-rumours,non-rumour,nonrumour,,,,
498251940997136384,ferguson-all-rnr-threads,non-rumours,non-rumour,nonrumour,,,,
499471162058231808,ferguson-all-rnr-threads,non-rumours,non-rumour,nonrumour,,,,
499381917490237440,ferguson-all-rnr-threads,non-rumours,non-rumour,nonrumour,,,,
498265095559184384,ferguson-all-rnr-threads,non-rumours,non-rumour,nonrumour,,,,
498292628455034882,ferguson-all-rnr-threads,non-rumours,non-rumour,nonrumour,,,,
500176354185187328,ferguson-all-rnr-threads,non-rumours,non-rumour,nonrumour,,,,
499406086945136640,ferguson-all-rnr-threads,non-rumours,non-rumour,nonrumour,,,,
500400102125879296,ferguson-all-rnr-threads,non-rumours,non-rumour,nonrumour,,,,
499691501136650240,ferguson-all-rnr-threads,non-rumours,non-rumour,nonrumour,,,,
499635247311781889,ferguson-all-rnr-threads,non-rumours,non-rumour,nonrumour,,,,
500364914796802048,ferguson-all-rnr-threads,non-rumours,non-rumour,nonrumour,,,,
498483279943962625,ferguson-all-rnr-threads,non-rumours,non-rumour,nonrumour,,,,
499602370917978112,ferguson-all-rnr-threads,non-rumours,non-rumour,nonrumour,,,,
500322285916401664,ferguson-all-rnr-threads,non-rumours,non-rumour,nonrumour,,,,
500286170035523585,ferguson-all-rnr-threads,non-rumours,non-rumour,nonrumour,,,,
500165620835840000,ferguson-all-rnr-threads,non-rumours,non-rumour,nonrumour,,,,
499669671034257408,ferguson-all-rnr-threads,non-rumours,non-rumour,nonrumour,,,,
500293830827331584,ferguson-all-rnr-threads,non-rumours,non-rumour,nonrumour,,,,
499517463457849345,ferguson-all-rnr-threads,non-rumours,non-rumour,nonrumour,,,,
499376069485821952,ferguson-all-rnr-threads,non-rumours,non-rumour,nonrumour,,,,
499464258183114754,ferguson-all-rnr-threads,non-rumours,non-rumour,nonrumour,,,,
499692788993511424,ferguson-all-rnr-threads,non-rumours,non-rumour,nonrumour,,,,
499637476315910146,ferguson-all-rnr-threads,non-rumours,non-rumour,nonrumour,,,,
499590929611640832,ferguson-all-rnr-threads,non-rumours,non-rumour,nonrumour,,,,
498512590260023296,ferguson-all-rnr-threads,non-rumours,non-rumour,nonrumour,,,,
498504707393220608,ferguson-all-rnr-threads,non-rumours,non-rumour,nonrumour,,,,
500331472277225472,ferguson-all-rnr-threads,non-rumours,non-rumour,nonrumour,,,,
500426437392732161,ferguson-all-rnr-threads,non-rumours,non-rumour,nonrumour,,,,
499613731312005121,ferguson-all-rnr-threads,non-rumours,non-rumour,nonrumour,,,,
498556324868009984,ferguson-all-rnr-threads,non-rumours,non-rumour,nonrumour,,,,
500413012822745090,ferguson-all-rnr-threads,non-rumours,non-rumour,nonrumour,,,,
500320235841265665,ferguson-all-rnr-threads,non-rumours,non-rumour,nonrumour,,,,
499638207987089408,ferguson-all-rnr-threads,non-rumours,non-rumour,nonrumour,,,,
498510381774819330,ferguson-all-rnr-threads,non-rumours,non-rumour,nonrumour,,,,
500293511632388097,ferguson-all-rnr-threads,non-rumours,non-rumour,nonrumour,,,,
499700906384842752,ferguson-all-rnr-threads,non-rumours,non-rumour,nonrumour,,,,
499385227362328576,ferguson-all-rnr-threads,non-rumours,non-rumour,nonrumour,,,,
500177556768034816,ferguson-all-rnr-threads,non-rumours,non-rumour,nonrumour,,,,
499704416937975809,ferguson-all-rnr-threads,non-rumours,non-rumour,nonrumour,,,,
499690032601772032,ferguson-all-rnr-threads,non-rumours,non-rumour,nonrumour,,,,
499691593985957888,ferguson-all-rnr-threads,non-rumours,non-rumour,nonrumour,,,,
499435341259223040,ferguson-all-rnr-threads,non-rumours,non-rumour,nonrumour,,,,
500302577557573632,ferguson-all-rnr-threads,non-rumours,non-rumour,nonrumour,,,,
498304114955419648,ferguson-all-rnr-threads,non-rumours,non-rumour,nonrumour,,,,
498269636551798784,ferguson-all-rnr-threads,non-rumours,non-rumour,nonrumour,,,,
499402444267212800,ferguson-all-rnr-threads,non-rumours,non-rumour,nonrumour,,,,
498277678706077696,ferguson-all-rnr-threads,non-rumours,non-rumour,nonrumour,,,,
499360784666071040,ferguson-all-rnr-threads,non-rumours,non-rumour,nonrumour,,,,
500322373359661056,ferguson-all-rnr-threads,non-rumours,non-rumour,nonrumour,,,,
499347831954870274,ferguson-all-rnr-threads,non-rumours,non-rumour,nonrumour,,,,
498349598197702656,ferguson-all-rnr-threads,non-rumours,non-rumour,nonrumour,,,,
499699006298419200,ferguson-all-rnr-threads,non-rumours,non-rumour,nonrumour,,,,
499584606878715905,ferguson-all-rnr-threads,non-rumours,non-rumour,nonrumour,,,,
499693137670205440,ferguson-all-rnr-threads,non-rumours,non-rumour,nonrumour,,,,
499401478235099137,ferguson-all-rnr-threads,non-rumours,non-rumour,nonrumour,,,,
499519439206092800,ferguson-all-rnr-threads,non-rumours,non-rumour,nonrumour,,,,
500365059390836736,ferguson-all-rnr-threads,non-rumours,non-rumour,nonrumour,,,,
499691556652449792,ferguson-all-rnr-threads,non-rumours,non-rumour,nonrumour,,,,
498524570593140736,ferguson-all-rnr-threads,non-rumours,non-rumour,nonrumour,,,,
499696525808001024,ferguson-all-rnr-threads,non-rumours,non-rumour,nonrumour,,,,
500396027342376960,ferguson-all-rnr-threads,non-rumours,non-rumour,nonrumour,,,,
498300832648273920,ferguson-all-rnr-threads,non-rumours,non-rumour,nonrumour,,,,
499681614549377024,ferguson-all-rnr-threads,non-rumours,non-rumour,nonrumour,,,,
500281037486698498,ferguson-all-rnr-threads,non-rumours,non-rumour,nonrumour,,,,
498585089828478977,ferguson-all-rnr-threads,non-rumours,non-rumour,nonrumour,,,,
500180625312083968,ferguson-all-rnr-threads,non-rumours,non-rumour,nonrumour,,,,
500072098178813954,ferguson-all-rnr-threads,non-rumours,non-rumour,nonrumour,,,,
500176026882678784,ferguson-all-rnr-threads,non-rumours,non-rumour,nonrumour,,,,
499612195756728320,ferguson-all-rnr-threads,non-rumours,non-rumour,nonrumour,,,,
500320616428601344,ferguson-all-rnr-threads,non-rumours,non-rumour,nonrumour,,,,
499410901033054208,ferguson-all-rnr-threads,non-rumours,non-rumour,nonrumour,,,,
500270456830562305,ferguson-all-rnr-threads,non-rumours,non-rumour,nonrumour,,,,
500431179925823489,ferguson-all-rnr-threads,non-rumours,non-rumour,nonrumour,,,,
500318980007948288,ferguson-all-rnr-threads,non-rumours,non-rumour,nonrumour,,,,
499379061718659073,ferguson-all-rnr-threads,non-rumours,non-rumour,nonrumour,,,,
499705963126202368,ferguson-all-rnr-threads,non-rumours,non-rumour,nonrumour,,,,
499702206455488513,ferguson-all-rnr-threads,non-rumours,non-rumour,nonrumour,,,,
499696137708658688,ferguson-all-rnr-threads,non-rumours,non-rumour,nonrumour,,,,
499359735947087872,ferguson-all-rnr-threads,non-rumours,non-rumour,nonrumour,,,,
499362441697193985,ferguson-all-rnr-threads,non-rumours,non-rumour,nonrumour,,,,
499345604297121792,ferguson-all-rnr-threads,non-rumours,non-rumour,nonrumour,,,,
499703369108553730,ferguson-all-rnr-threads,non-rumours,non-rumour,nonrumour,,,,
498284302128668672,ferguson-all-rnr-threads,non-rumours,non-rumour,nonrumour,,,,
499649754822103040,ferguson-all-rnr-threads,non-rumours,non-rumour,nonrumour,,,,
499571799764770816,ferguson-all-rnr-threads,non-rumours,non-rumour,nonrumour,,,,
500413489882484736,ferguson-all-rnr-threads,non-rumours,non-rumour,nonrumour,,,,
500335927248429056,ferguson-all-rnr-threads,non-rumours,non-rumour,nonrumour,,,,
499619724222038016,ferguson-all-rnr-threads,non-rumours,non-rumour,nonrumour,,,,
500306548841660416,ferguson-all-rnr-threads,non-rumours,non-rumour,nonrumour,,,,
500380881563811840,ferguson-all-rnr-threads,non-rumours,non-rumour,nonrumour,,,,
499689349420568577,ferguson-all-rnr-threads,non-rumours,non-rumour,nonrumour,,,,
499702462865874944,ferguson-all-rnr-threads,non-rumours,non-rumour,nonrumour,,,,
499490314718310400,ferguson-all-rnr-threads,non-rumours,non-rumour,nonrumour,,,,
499702153909256193,ferguson-all-rnr-threads,non-rumours,non-rumour,nonrumour,,,,
500301494340419585,ferguson-all-rnr-threads,non-rumours,non-rumour,nonrumour,,,,
499678822598340608,ferguson-all-rnr-threads,non-rumours,non-rumour,nonrumour,,,,
498272080564334592,ferguson-all-rnr-threads,non-rumours,non-rumour,nonrumour,,,,
498305851828879368,ferguson-all-rnr-threads,non-rumours,non-rumour,nonrumour,,,,
498272364560257025,ferguson-all-rnr-threads,non-rumours,non-rumour,nonrumour,,,,
499598115888848896,ferguson-all-rnr-threads,non-rumours,non-rumour,nonrumour,,,,
500231484725161984,ferguson-all-rnr-threads,non-rumours,non-rumour,nonrumour,,,,
498275621651636224,ferguson-all-rnr-threads,non-rumours,non-rumour,nonrumour,,,,
499346625760751616,ferguson-all-rnr-threads,non-rumours,non-rumour,nonrumour,,,,
500413956230365185,ferguson-all-rnr-threads,non-rumours,non-rumour,nonrumour,,,,
499604750888083456,ferguson-all-rnr-threads,non-rumours,non-rumour,nonrumour,,,,
499690604302192640,ferguson-all-rnr-threads,non-rumours,non-rumour,nonrumour,,,,
500366171716067328,ferguson-all-rnr-threads,non-rumours,non-rumour,nonrumour,,,,
498255816034893824,ferguson-all-rnr-threads,non-rumours,non-rumour,nonrumour,,,,
499465611647275008,ferguson-all-rnr-threads,non-rumours,non-rumour,nonrumour,,,,
498267673789472768,ferguson-all-rnr-threads,non-rumours,non-rumour,nonrumour,,,,
500328583194509315,ferguson-all-rnr-threads,non-rumours,non-rumour,nonrumour,,,,
498603999252467713,ferguson-all-rnr-threads,non-rumours,non-rumour,nonrumour,,,,
499362949166030848,ferguson-all-rnr-threads,non-rumours,non-rumour,nonrumour,,,,
500370188970524672,ferguson-all-rnr-threads,non-rumours,non-rumour,nonrumour,,,,
500183912384319489,ferguson-all-rnr-threads,non-rumours,non-rumour,nonrumour,,,,
499697729225105408,ferguson-all-rnr-threads,non-rumours,non-rumour,nonrumour,,,,
499663992697417728,ferguson-all-rnr-threads,non-rumours,non-rumour,nonrumour,,,,
498476761538371584,ferguson-all-rnr-threads,non-rumours,non-rumour,nonrumour,,,,
498602841335169024,ferguson-all-rnr-threads,non-rumours,non-rumour,nonrumour,,,,
499693808515182592,ferguson-all-rnr-threads,non-rumours,non-rumour,nonrumour,,,,
498279420885360641,ferguson-all-rnr-threads,non-rumours,non-rumour,nonrumour,,,,
499697848737210369,ferguson-all-rnr-threads,non-rumours,non-rumour,nonrumour,,,,
500366207552196608,ferguson-all-rnr-threads,non-rumours,non-rumour,nonrumour,,,,
499653470417199105,ferguson-all-rnr-threads,non-rumours,non-rumour,nonrumour,,,,
499693411503726592,ferguson-all-rnr-threads,non-rumours,non-rumour,nonrumour,,,,
499636076852420608,ferguson-all-rnr-threads,non-rumours,non-rumour,nonrumour,,,,
499652628825899009,ferguson-all-rnr-threads,non-rumours,non-rumour,nonrumour,,,,
499691429359517696,ferguson-all-rnr-threads,non-rumours,non-rumour,nonrumour,,,,
499651830951841794,ferguson-all-rnr-threads,non-rumours,non-rumour,nonrumour,,,,
498317308771987456,ferguson-all-rnr-threads,non-rumours,non-rumour,nonrumour,,,,
500301870145880064,ferguson-all-rnr-threads,non-rumours,non-rumour,nonrumour,,,,
499375535458643968,ferguson-all-rnr-threads,non-rumours,non-rumour,nonrumour,,,,
499345023721537536,ferguson-all-rnr-threads,non-rumours,non-rumour,nonrumour,,,,
498500813845966848,ferguson-all-rnr-threads,non-rumours,non-rumour,nonrumour,,,,
500303864495882240,ferguson-all-rnr-threads,non-rumours,non-rumour,nonrumour,,,,
499705041238765568,ferguson-all-rnr-threads,non-rumours,non-rumour,nonrumour,,,,
498590686065606657,ferguson-all-rnr-threads,non-rumours,non-rumour,nonrumour,,,,
499345384024842240,ferguson-all-rnr-threads,non-rumours,non-rumour,nonrumour,,,,
500383956362334208,ferguson-all-rnr-threads,non-rumours,non-rumour,nonrumour,,,,
499702088512049152,ferguson-all-rnr-threads,non-rumours,non-rumour,nonrumour,,,,
498285529704976385,ferguson-all-rnr-threads,non-rumours,non-rumour,nonrumour,,,,
499700838127120386,ferguson-all-rnr-threads,non-rumours,non-rumour,nonrumour,,,,
498401948585181184,ferguson-all-rnr-threads,non-rumours,non-rumour,nonrumour,,,,
499679986727411715,ferguson-all-rnr-threads,non-rumours,non-rumour,nonrumour,,,,
498264393185239040,ferguson-all-rnr-threads,non-rumours,non-rumour,nonrumour,,,,
500282674200604672,ferguson-all-rnr-threads,non-rumours,non-rumour,nonrumour,,,,
499387985096237056,ferguson-all-rnr-threads,non-rumours,non-rumour,nonrumour,,,,
498293625420148736,ferguson-all-rnr-threads,non-rumours,non-rumour,nonrumour,,,,
498544167757570049,ferguson-all-rnr-threads,non-rumours,non-rumour,nonrumour,,,,
500277472068263937,ferguson-all-rnr-threads,non-rumours,non-rumour,nonrumour,,,,
500257318219837440,ferguson-all-rnr-threads,non-rumours,non-rumour,nonrumour,,,,
498487611963744256,ferguson-all-rnr-threads,non-rumours,non-rumour,nonrumour,,,,
499698817567293440,ferguson-all-rnr-threads,non-rumours,non-rumour,nonrumour,,,,
500376174095511552,ferguson-all-rnr-threads,non-rumours,non-rumour,nonrumour,,,,
499657337985323009,ferguson-all-rnr-threads,non-rumours,non-rumour,nonrumour,,,,
498303288295817217,ferguson-all-rnr-threads,non-rumours,non-rumour,nonrumour,,,,
498477164380299264,ferguson-all-rnr-threads,non-rumours,non-rumour,nonrumour,,,,
499363975377993729,ferguson-all-rnr-threads,non-rumours,non-rumour,nonrumour,,,,
500175929902395392,ferguson-all-rnr-threads,non-rumours,non-rumour,nonrumour,,,,
500272399867068416,ferguson-all-rnr-threads,non-rumours,non-rumour,nonrumour,,,,
499669445548449793,ferguson-all-rnr-threads,non-rumours,non-rumour,nonrumour,,,,
499542449753051136,ferguson-all-rnr-threads,non-rumours,non-rumour,nonrumour,,,,
500360558806568960,ferguson-all-rnr-threads,non-rumours,non-rumour,nonrumour,,,,
499684402616864768,ferguson-all-rnr-threads,non-rumours,non-rumour,nonrumour,,,,
498586725502173184,ferguson-all-rnr-threads,non-rumours,non-rumour,nonrumour,,,,
500280176924557314,ferguson-all-rnr-threads,non-rumours,non-rumour,nonrumour,,,,
499602989133594624,ferguson-all-rnr-threads,non-rumours,non-rumour,nonrumour,,,,
500347948635791360,ferguson-all-rnr-threads,non-rumours,non-rumour,nonrumour,,,,
498529979672842241,ferguson-all-rnr-threads,non-rumours,non-rumour,nonrumour,,,,
499698828845780993,ferguson-all-rnr-threads,non-rumours,non-rumour,nonrumour,,,,
498276771226451968,ferguson-all-rnr-threads,non-rumours,non-rumour,nonrumour,,,,
499386726414954496,ferguson-all-rnr-threads,non-rumours,non-rumour,nonrumour,,,,
498463733447163905,ferguson-all-rnr-threads,non-rumours,non-rumour,nonrumour,,,,
499484255869612034,ferguson-all-rnr-threads,non-rumours,non-rumour,nonrumour,,,,
500315536937324544,ferguson-all-rnr-threads,non-rumours,non-rumour,nonrumour,,,,
498263598062661633,ferguson-all-rnr-threads,non-rumours,non-rumour,nonrumour,,,,
499704658139435008,ferguson-all-rnr-threads,non-rumours,non-rumour,nonrumour,,,,
499564237552115712,ferguson-all-rnr-threads,non-rumours,non-rumour,nonrumour,,,,
498280074941313024,ferguson-all-rnr-threads,non-rumours,non-rumour,nonrumour,,,,
499689438092726273,ferguson-all-rnr-threads,non-rumours,non-rumour,nonrumour,,,,
499410965075886080,ferguson-all-rnr-threads,non-rumours,non-rumour,nonrumour,,,,
499690351875981313,ferguson-all-rnr-threads,non-rumours,non-rumour,nonrumour,,,,
499595283504701440,ferguson-all-rnr-threads,non-rumours,non-rumour,nonrumour,,,,
499453886474637312,ferguson-all-rnr-threads,non-rumours,non-rumour,nonrumour,,,,
498301902048997377,ferguson-all-rnr-threads,non-rumours,non-rumour,nonrumour,,,,
500269950876286976,ferguson-all-rnr-threads,non-rumours,non-rumour,nonrumour,,,,
499357077429817344,ferguson-all-rnr-threads,non-rumours,non-rumour,nonrumour,,,,
500416861016580096,ferguson-all-rnr-threads,non-rumours,non-rumour,nonrumour,,,,
500160181184249856,ferguson-all-rnr-threads,non-rumours,non-rumour,nonrumour,,,,
500315907567001600,ferguson-all-rnr-threads,non-rumours,non-rumour,nonrumour,,,,
499601956491374594,ferguson-all-rnr-threads,non-rumours,non-rumour,nonrumour,,,,
498609222020780033,ferguson-all-rnr-threads,non-rumours,non-rumour,nonrumour,,,,
498274934553317376,ferguson-all-rnr-threads,non-rumours,non-rumour,nonrumour,,,,
498480344992350209,ferguson-all-rnr-threads,non-rumours,non-rumour,nonrumour,,,,
500277421506306048,ferguson-all-rnr-threads,non-rumours,non-rumour,nonrumour,,,,
499699989237747712,ferguson-all-rnr-threads,non-rumours,non-rumour,nonrumour,,,,
499369948943495168,ferguson-all-rnr-threads,non-rumours,non-rumour,nonrumour,,,,
500266967102914560,ferguson-all-rnr-threads,non-rumours,non-rumour,nonrumour,,,,
499403422278619136,ferguson-all-rnr-threads,non-rumours,non-rumour,nonrumour,,,,
499698366402789376,ferguson-all-rnr-threads,non-rumours,non-rumour,nonrumour,,,,
498497395198799872,ferguson-all-rnr-threads,non-rumours,non-rumour,nonrumour,,,,
500249630664560640,ferguson-all-rnr-threads,non-rumours,non-rumour,nonrumour,,,,
498278882244853760,ferguson-all-rnr-threads,non-rumours,non-rumour,nonrumour,,,,
500288284195426305,ferguson-all-rnr-threads,non-rumours,non-rumour,nonrumour,,,,
499427218171248641,ferguson-all-rnr-threads,non-rumours,non-rumour,nonrumour,,,,
498255721260400640,ferguson-all-rnr-threads,non-rumours,non-rumour,nonrumour,,,,
500070716650565632,ferguson-all-rnr-threads,non-rumours,non-rumour,nonrumour,,,,
500352655827279874,ferguson-all-rnr-threads,non-rumours,non-rumour,nonrumour,,,,
500382073593405442,ferguson-all-rnr-threads,non-rumours,non-rumour,nonrumour,,,,
498489114384420865,ferguson-all-rnr-threads,non-rumours,non-rumour,nonrumour,,,,
500411055315910656,ferguson-all-rnr-threads,non-rumours,non-rumour,nonrumour,,,,
500320286341099523,ferguson-all-rnr-threads,non-rumours,non-rumour,nonrumour,,,,
499362269269336064,ferguson-all-rnr-threads,non-rumours,non-rumour,nonrumour,,,,
500402908740210688,ferguson-all-rnr-threads,non-rumours,non-rumour,nonrumour,,,,
500310319844298752,ferguson-all-rnr-threads,non-rumours,non-rumour,nonrumour,,,,
500272350906957824,ferguson-all-rnr-threads,non-rumours,non-rumour,nonrumour,,,,
500295570393542657,ferguson-all-rnr-threads,non-rumours,non-rumour,nonrumour,,,,
499650640314777601,ferguson-all-rnr-threads,non-rumours,non-rumour,nonrumour,,,,
498285782512050176,ferguson-all-rnr-threads,non-rumours,non-rumour,nonrumour,,,,
500221671245377537,ferguson-all-rnr-threads,non-rumours,non-rumour,nonrumour,,,,
499401831874043905,ferguson-all-rnr-threads,non-rumours,non-rumour,nonrumour,,,,
500368204376850432,ferguson-all-rnr-threads,non-rumours,non-rumour,nonrumour,,,,
499588291335692288,ferguson-all-rnr-threads,non-rumours,non-rumour,nonrumour,,,,
499530401136668672,ferguson-all-rnr-threads,non-rumours,non-rumour,nonrumour,,,,
500366417674268673,ferguson-all-rnr-threads,non-rumours,non-rumour,nonrumour,,,,
500327581514993665,ferguson-all-rnr-threads,non-rumours,non-rumour,nonrumour,,,,
498264107460870144,ferguson-all-rnr-threads,non-rumours,non-rumour,nonrumour,,,,
499679142766735362,ferguson-all-rnr-threads,non-rumours,non-rumour,nonrumour,,,,
499427833102745600,ferguson-all-rnr-threads,non-rumours,non-rumour,nonrumour,,,,
498300897051807744,ferguson-all-rnr-threads,non-rumours,non-rumour,nonrumour,,,,
500251503903662082,ferguson-all-rnr-threads,non-rumours,non-rumour,nonrumour,,,,
500186818374270976,ferguson-all-rnr-threads,non-rumours,non-rumour,nonrumour,,,,
499439550029381632,ferguson-all-rnr-threads,non-rumours,non-rumour,nonrumour,,,,
499704336935821314,ferguson-all-rnr-threads,non-rumours,non-rumour,nonrumour,,,,
499673760484433921,ferguson-all-rnr-threads,non-rumours,non-rumour,nonrumour,,,,
498602798687469568,ferguson-all-rnr-threads,non-rumours,non-rumour,nonrumour,,,,
500355259341242370,ferguson-all-rnr-threads,non-rumours,non-rumour,nonrumour,,,,
499364002318020608,ferguson-all-rnr-threads,non-rumours,non-rumour,nonrumour,,,,
500255282757632000,ferguson-all-rnr-threads,non-rumours,non-rumour,nonrumour,,,,
498530946338258944,ferguson-all-rnr-threads,non-rumours,non-rumour,nonrumour,,,,
499394221984714752,ferguson-all-rnr-threads,non-rumours,non-rumour,nonrumour,,,,
500408829696544768,ferguson-all-rnr-threads,non-rumours,non-rumour,nonrumour,,,,
498494758814109696,ferguson-all-rnr-threads,non-rumours,non-rumour,nonrumour,,,,
500352850329751552,ferguson-all-rnr-threads,non-rumours,non-rumour,nonrumour,,,,
500334308867858432,ferguson-all-rnr-threads,non-rumours,non-rumour,nonrumour,,,,
499571347375136768,ferguson-all-rnr-threads,non-rumours,non-rumour,nonrumour,,,,
498285405142540289,ferguson-all-rnr-threads,non-rumours,non-rumour,nonrumour,,,,
499412821671968769,ferguson-all-rnr-threads,non-rumours,non-rumour,nonrumour,,,,
498508707244683264,ferguson-all-rnr-threads,non-rumours,non-rumour,nonrumour,,,,
499397048878501888,ferguson-all-rnr-threads,non-rumours,non-rumour,nonrumour,,,,
499389815268573187,ferguson-all-rnr-threads,non-rumours,non-rumour,nonrumour,,,,
500263561298710528,ferguson-all-rnr-threads,non-rumours,non-rumour,nonrumour,,,,
499701576395919360,ferguson-all-rnr-threads,non-rumours,non-rumour,nonrumour,,,,
499605248747786240,ferguson-all-rnr-threads,non-rumours,non-rumour,nonrumour,,,,
499690835059814400,ferguson-all-rnr-threads,non-rumours,non-rumour,nonrumour,,,,
499424290748780546,ferguson-all-rnr-threads,non-rumours,non-rumour,nonrumour,,,,
498259903962570752,ferguson-all-rnr-threads,non-rumours,non-rumour,nonrumour,,,,
499660768908832771,ferguson-all-rnr-threads,non-rumours,non-rumour,nonrumour,,,,
499364522038394880,ferguson-all-rnr-threads,non-rumours,non-rumour,nonrumour,,,,
500399997113098240,ferguson-all-rnr-threads,non-rumours,non-rumour,nonrumour,,,,
500362377062547457,ferguson-all-rnr-threads,non-rumours,non-rumour,nonrumour,,,,
500307273659318272,ferguson-all-rnr-threads,non-rumours,non-rumour,nonrumour,,,,
499362348940144640,ferguson-all-rnr-threads,non-rumours,non-rumour,nonrumour,,,,
500329800725442562,ferguson-all-rnr-threads,non-rumours,non-rumour,nonrumour,,,,
499363323335680000,ferguson-all-rnr-threads,non-rumours,non-rumour,nonrumour,,,,
499691638424608768,ferguson-all-rnr-threads,non-rumours,non-rumour,nonrumour,,,,
500256984768475136,ferguson-all-rnr-threads,non-rumours,non-rumour,nonrumour,,,,
500329864017498114,ferguson-all-rnr-threads,non-rumours,non-rumour,nonrumour,,,,
499703033174179840,ferguson-all-rnr-threads,non-rumours,non-rumour,nonrumour,,,,
499589336816308227,ferguson-all-rnr-threads,non-rumours,non-rumour,nonrumour,,,,
500385877684539393,ferguson-all-rnr-threads,non-rumours,non-rumour,nonrumour,,,,
499584511710351361,ferguson-all-rnr-threads,non-rumours,non-rumour,nonrumour,,,,
499626055251271682,ferguson-all-rnr-threads,non-rumours,non-rumour,nonrumour,,,,
500072137374171136,ferguson-all-rnr-threads,non-rumours,non-rumour,nonrumour,,,,
500306837103968257,ferguson-all-rnr-threads,non-rumours,non-rumour,nonrumour,,,,
498318192000118784,ferguson-all-rnr-threads,non-rumours,non-rumour,nonrumour,,,,
500402804910206976,ferguson-all-rnr-threads,non-rumours,non-rumour,nonrumour,,,,
499695682476060673,ferguson-all-rnr-threads,non-rumours,non-rumour,nonrumour,,,,
500163615555878912,ferguson-all-rnr-threads,non-rumours,non-rumour,nonrumour,,,,
500396175753633792,ferguson-all-rnr-threads,non-rumours,non-rumour,nonrumour,,,,
498323364197699584,ferguson-all-rnr-threads,non-rumours,non-rumour,nonrumour,,,,
498294815579467777,ferguson-all-rnr-threads,non-rumours,non-rumour,nonrumour,,,,
500317687239966722,ferguson-all-rnr-threads,non-rumours,non-rumour,nonrumour,,,,
500315609171636225,ferguson-all-rnr-threads,non-rumours,non-rumour,nonrumour,,,,
498455001463664640,ferguson-all-rnr-threads,non-rumours,non-rumour,nonrumour,,,,
498281886603411456,ferguson-all-rnr-threads,non-rumours,non-rumour,nonrumour,,,,
498267196833808384,ferguson-all-rnr-threads,non-rumours,non-rumour,nonrumour,,,,
499568802267672576,ferguson-all-rnr-threads,non-rumours,non-rumour,nonrumour,,,,
500308900957405185,ferguson-all-rnr-threads,non-rumours,non-rumour,nonrumour,,,,
499607500187250689,ferguson-all-rnr-threads,non-rumours,non-rumour,nonrumour,,,,
499665889198088192,ferguson-all-rnr-threads,non-rumours,non-rumour,nonrumour,,,,
498340530770939904,ferguson-all-rnr-threads,non-rumours,non-rumour,nonrumour,,,,
499667482354143232,ferguson-all-rnr-threads,non-rumours,non-rumour,nonrumour,,,,
499387698390790144,ferguson-all-rnr-threads,non-rumours,non-rumour,nonrumour,,,,
499689919929798657,ferguson-all-rnr-threads,non-rumours,non-rumour,nonrumour,,,,
499366152049803264,ferguson-all-rnr-threads,non-rumours,non-rumour,nonrumour,,,,
500074069354905600,ferguson-all-rnr-threads,non-rumours,non-rumour,nonrumour,,,,
499667557247614977,ferguson-all-rnr-threads,non-rumours,non-rumour,nonrumour,,,,
498466570675716096,ferguson-all-rnr-threads,non-rumours,non-rumour,nonrumour,,,,
499426471300329472,ferguson-all-rnr-threads,non-rumours,non-rumour,nonrumour,,,,
499467982943186944,ferguson-all-rnr-threads,non-rumours,non-rumour,nonrumour,,,,
500315984910372864,ferguson-all-rnr-threads,non-rumours,non-rumour,nonrumour,,,,
500314823117115393,ferguson-all-rnr-threads,non-rumours,non-rumour,nonrumour,,,,
500234390723915776,ferguson-all-rnr-threads,non-rumours,non-rumour,nonrumour,,,,
499364508641808384,ferguson-all-rnr-threads,non-rumours,non-rumour,nonrumour,,,,
500180740127342592,ferguson-all-rnr-threads,non-rumours,non-rumour,nonrumour,,,,
499357289363431425,ferguson-all-rnr-threads,non-rumours,non-rumour,nonrumour,,,,
499691814358888448,ferguson-all-rnr-threads,non-rumours,non-rumour,nonrumour,,,,
500386524416856064,ferguson-all-rnr-threads,non-rumours,non-rumour,nonrumour,,,,
500427783848615936,ferguson-all-rnr-threads,non-rumours,non-rumour,nonrumour,,,,
500277477986828288,ferguson-all-rnr-threads,non-rumours,non-rumour,nonrumour,,,,
500331134040162304,ferguson-all-rnr-threads,non-rumours,non-rumour,nonrumour,,,,
498284429333524480,ferguson-all-rnr-threads,non-rumours,non-rumour,nonrumour,,,,
499683602452717569,ferguson-all-rnr-threads,non-rumours,non-rumour,nonrumour,,,,
499446112147628032,ferguson-all-rnr-threads,non-rumours,non-rumour,nonrumour,,,,
499606771246567424,ferguson-all-rnr-threads,non-rumours,non-rumour,nonrumour,,,,
499674902060744704,ferguson-all-rnr-threads,non-rumours,non-rumour,nonrumour,,,,
499696733979688961,ferguson-all-rnr-threads,non-rumours,non-rumour,nonrumour,,,,
500270284117925888,ferguson-all-rnr-threads,non-rumours,non-rumour,nonrumour,,,,
498477676219600896,ferguson-all-rnr-threads,non-rumours,non-rumour,nonrumour,,,,
499531968229683200,ferguson-all-rnr-threads,non-rumours,non-rumour,nonrumour,,,,
498253652755111937,ferguson-all-rnr-threads,non-rumours,non-rumour,nonrumour,,,,
500430673099104256,ferguson-all-rnr-threads,non-rumours,non-rumour,nonrumour,,,,
500250935885852673,ferguson-all-rnr-threads,non-rumours,non-rumour,nonrumour,,,,
500307863894786048,ferguson-all-rnr-threads,non-rumours,non-rumour,nonrumour,,,,
500189389855916032,ferguson-all-rnr-threads,non-rumours,non-rumour,nonrumour,,,,
498486850521423872,ferguson-all-rnr-threads,non-rumours,non-rumour,nonrumour,,,,
499361679197884416,ferguson-all-rnr-threads,non-rumours,non-rumour,nonrumour,,,,
500318003024494596,ferguson-all-rnr-threads,non-rumours,non-rumour,nonrumour,,,,
499706350759206912,ferguson-all-rnr-threads,non-rumours,non-rumour,nonrumour,,,,
500316380063748096,ferguson-all-rnr-threads,non-rumours,non-rumour,nonrumour,,,,
499705915227271168,ferguson-all-rnr-threads,non-rumours,non-rumour,nonrumour,,,,
499444395800682497,ferguson-all-rnr-threads,non-rumours,non-rumour,nonrumour,,,,
499699435551866880,ferguson-all-rnr-threads,non-rumours,non-rumour,nonrumour,,,,
498314939359301632,ferguson-all-rnr-threads,non-rumours,non-rumour,nonrumour,,,,
499478732315566080,ferguson-all-rnr-threads,non-rumours,non-rumour,nonrumour,,,,
500382270340214784,ferguson-all-rnr-threads,non-rumours,non-rumour,nonrumour,,,,
500286460210462720,ferguson-all-rnr-threads,non-rumours,non-rumour,nonrumour,,,,
498507434693246977,ferguson-all-rnr-threads,non-rumours,non-rumour,nonrumour,,,,
499703127193305088,ferguson-all-rnr-threads,non-rumours,non-rumour,nonrumour,,,,
580320995266936832,germanwings-crash-all-rnr-threads,rumours,true,rumour,0,1,0,A Germanwings airplane has crashed in the French Alps near Digne (southern France)
580697361799876608,germanwings-crash-all-rnr-threads,rumours,false,rumour,1,0,1,67 German nationals were onboard the flight
580320329203093504,germanwings-crash-all-rnr-threads,rumours,unverified,rumour,0,0,0,The Germanwings flight disappeared from the radar at 9.39 UTC
581357303405813760,germanwings-crash-all-rnr-threads,rumours,unverified,rumour,0,0,0,The co-pilot interrupted his training because of burnout or depression / had a serious depressive episode in 2009
580329886532968448,germanwings-crash-all-rnr-threads,rumours,false,rumour,1,0,0,There were 148 people onboard the Germanwings plane
580338165824667649,germanwings-crash-all-rnr-threads,rumours,false,rumour,1,0,0,A distress/mayday/SOS call was sent from the airplane before the crash
581063957684850688,germanwings-crash-all-rnr-threads,rumours,true,rumour,0,1,0,The pilots were Patrick Sondheimer (captain) and Andreas Lubitz (co-pilot)
580347961256837120,germanwings-crash-all-rnr-threads,rumours,true,rumour,0,1,0,"(Up to) 150 people perished in the crash (144 passengers, 6 crew)"
580333904126742528,germanwings-crash-all-rnr-threads,rumours,false,rumour,1,0,0,There were 148 people onboard the Germanwings plane
580372127125131264,germanwings-crash-all-rnr-threads,rumours,false,rumour,1,0,0,A distress/mayday/SOS call was sent from the airplane before the crash
581295858898989056,germanwings-crash-all-rnr-threads,rumours,false,rumour,1,0,0,The co-pilot was a convert to Islam
580348878370828288,germanwings-crash-all-rnr-threads,rumours,false,rumour,1,0,0,"The pilots called ""emergency, emergency"" from the cockpit (last words before the crash)"
580330369603366913,germanwings-crash-all-rnr-threads,rumours,false,rumour,1,0,0,There were 148 people onboard the Germanwings plane
580320161082830848,germanwings-crash-all-rnr-threads,rumours,false,rumour,1,0,0,There were 148 people onboard the Germanwings plane
580321372703985664,germanwings-crash-all-rnr-threads,rumours,unverified,rumour,0,0,0,The Germanwings flight disappeared from the radar at 9.39 UTC
581300992194572288,germanwings-crash-all-rnr-threads,rumours,false,rumour,1,0,0,The co-pilot was a convert to Islam
581107798932631552,germanwings-crash-all-rnr-threads,rumours,unverified,rumour,0,0,0,The co-pilot interrupted his training because of burnout or depression / had a serious depressive episode in 2009
581287108607811584,germanwings-crash-all-rnr-threads,rumours,false,rumour,1,0,0,The co-pilot was a convert to Islam
581301336085553152,germanwings-crash-all-rnr-threads,rumours,false,rumour,1,0,0,The co-pilot was a convert to Islam
580320856561209344,germanwings-crash-all-rnr-threads,rumours,true,rumour,0,1,0,A Germanwings airplane has crashed in the French Alps near Digne (southern France)
581153923987206146,germanwings-crash-all-rnr-threads,rumours,unverified,rumour,0,0,0,The co-pilot interrupted his training because of burnout or depression / had a serious depressive episode in 2009
580317556516483072,germanwings-crash-all-rnr-threads,rumours,unverified,rumour,0,0,0,The Germanwings plane that reportedly crashed was flying from Barcelona to Dusseldorf (flight 4U9525)
581299253743501312,germanwings-crash-all-rnr-threads,rumours,false,rumour,1,0,0,The co-pilot was a convert to Islam
580326222107951104,germanwings-crash-all-rnr-threads,rumours,false,rumour,1,0,0,There were 148 people onboard the Germanwings plane
580371845997682688,germanwings-crash-all-rnr-threads,rumours,true,rumour,0,1,1,The Germanwings plane experienced a rapid descent before crashing
581394092648710144,germanwings-crash-all-rnr-threads,rumours,unverified,rumour,0,0,0,The co-pilot interrupted his training because of burnout or depression / had a serious depressive episode in 2009
581460720900050945,germanwings-crash-all-rnr-threads,rumours,false,rumour,1,0,0,The co-pilot was a convert to Islam
580357537083576321,germanwings-crash-all-rnr-threads,rumours,true,rumour,0,1,0,The Germanwings plane experienced a rapid descent before crashing
581063377226637312,germanwings-crash-all-rnr-threads,rumours,true,rumour,0,1,1,The pilots were Patrick Sondheimer (captain) and Andreas Lubitz (co-pilot)
580882121222434816,germanwings-crash-all-rnr-threads,rumours,true,rumour,0,1,0,Only one pilot was in the cockpit at the time of the crash / the other pilot was (deliberately) locked out
580347361039413248,germanwings-crash-all-rnr-threads,rumours,false,rumour,1,0,0,There were 148 people onboard the Germanwings plane
580321844089212928,germanwings-crash-all-rnr-threads,rumours,false,rumour,1,0,0,There were 142 passengers onboard the Germanwings flight
580339825649291264,germanwings-crash-all-rnr-threads,rumours,false,rumour,1,0,0,There were 148 people onboard the Germanwings plane
580321925265788928,germanwings-crash-all-rnr-threads,rumours,false,rumour,1,0,0,There were 148 people onboard the Germanwings plane
580327692765151232,germanwings-crash-all-rnr-threads,rumours,unverified,rumour,0,0,0,"The airplane lost signal at 6,800 feet"
580330721719508992,germanwings-crash-all-rnr-threads,rumours,false,rumour,1,0,0,There were 148 people onboard the Germanwings plane
580706841769820160,germanwings-crash-all-rnr-threads,rumours,false,rumour,1,0,0,67 German nationals were onboard the flight
581064144394285056,germanwings-crash-all-rnr-threads,rumours,true,rumour,0,1,0,The pilots were Patrick Sondheimer (captain) and Andreas Lubitz (co-pilot)
580346392431968257,germanwings-crash-all-rnr-threads,rumours,false,rumour,1,0,0,"The pilots called ""emergency, emergency"" from the cockpit (last words before the crash)"
580322346508124160,germanwings-crash-all-rnr-threads,rumours,true,rumour,0,1,0,A Germanwings airplane has crashed in the French Alps near Digne (southern France)
580321317527879680,germanwings-crash-all-rnr-threads,rumours,false,rumour,1,0,0,There were 148 people onboard the Germanwings plane
580326012749221890,germanwings-crash-all-rnr-threads,rumours,true,rumour,0,1,0,There are no survivors in Germanwings crash
580322066374721537,germanwings-crash-all-rnr-threads,rumours,unverified,rumour,0,0,0,The Germanwings flight disappeared from the radar at 9.39 UTC
580332485030125568,germanwings-crash-all-rnr-threads,rumours,false,rumour,1,0,0,There were 142 passengers onboard the Germanwings flight
581066887200694272,germanwings-crash-all-rnr-threads,rumours,false,rumour,1,0,0,The co-pilot received a commendation from the FAA for his flying skills
580346142183002113,germanwings-crash-all-rnr-threads,rumours,false,rumour,1,0,1,There were 148 people onboard the Germanwings plane
581411131547320321,germanwings-crash-all-rnr-threads,rumours,false,rumour,1,0,0,The co-pilot was a convert to Islam
580329875891974145,germanwings-crash-all-rnr-threads,rumours,true,rumour,0,1,0,The Germanwings plane experienced a rapid descent before crashing
580371847335821312,germanwings-crash-all-rnr-threads,rumours,true,rumour,0,1,0,The Germanwings plane experienced a rapid descent before crashing
580326111311171584,germanwings-crash-all-rnr-threads,rumours,true,rumour,0,1,0,There are no survivors in Germanwings crash
580323456996282369,germanwings-crash-all-rnr-threads,rumours,unverified,rumour,0,0,0,The Germanwings flight disappeared from the radar at 9.39 UTC
580320563891019776,germanwings-crash-all-rnr-threads,rumours,true,rumour,0,1,0,A Germanwings airplane has crashed in the French Alps near Digne (southern France)
580326398620934144,germanwings-crash-all-rnr-threads,rumours,true,rumour,0,1,0,The Germanwings plane experienced a rapid descent before crashing
580320893668364288,germanwings-crash-all-rnr-threads,rumours,unverified,rumour,0,0,0,The Germanwings plane that reportedly crashed was flying from Barcelona to Dusseldorf (flight 4U9525)
580883793709547521,germanwings-crash-all-rnr-threads,rumours,true,rumour,0,1,0,Only one pilot was in the cockpit at the time of the crash / the other pilot was (deliberately) locked out
581386155083620352,germanwings-crash-all-rnr-threads,rumours,unverified,rumour,0,0,0,The co-pilot interrupted his training because of burnout or depression / had a serious depressive episode in 2009
580324985148932097,germanwings-crash-all-rnr-threads,rumours,false,rumour,1,0,0,A distress/mayday/SOS call was sent from the airplane before the crash
580328783619579904,germanwings-crash-all-rnr-threads,rumours,false,rumour,1,0,0,There were 148 people onboard the Germanwings plane
581274406804025344,germanwings-crash-all-rnr-threads,rumours,false,rumour,1,0,0,The co-pilot was a convert to Islam
580353540725452800,germanwings-crash-all-rnr-threads,rumours,true,rumour,0,1,0,"(Up to) 150 people perished in the crash (144 passengers, 6 crew)"
580339547269144576,germanwings-crash-all-rnr-threads,rumours,false,rumour,1,0,0,A distress/mayday/SOS call was sent from the airplane before the crash
580352273001410560,germanwings-crash-all-rnr-threads,rumours,false,rumour,1,0,0,A distress/mayday/SOS call was sent from the airplane before the crash
580324697415360512,germanwings-crash-all-rnr-threads,rumours,true,rumour,0,1,0,There are no survivors in Germanwings crash
580321327845765120,germanwings-crash-all-rnr-threads,rumours,false,rumour,1,0,0,There were 148 people onboard the Germanwings plane
581307361857392642,germanwings-crash-all-rnr-threads,rumours,false,rumour,1,0,0,The co-pilot was a convert to Islam
580320267777511425,germanwings-crash-all-rnr-threads,rumours,unverified,rumour,0,0,0,The Germanwings plane that reportedly crashed was flying from Barcelona to Dusseldorf (flight 4U9525)
580320684305416192,germanwings-crash-all-rnr-threads,rumours,unverified,rumour,0,0,0,The Germanwings plane that reportedly crashed was flying from Barcelona to Dusseldorf (flight 4U9525)
580353449721655296,germanwings-crash-all-rnr-threads,rumours,false,rumour,1,0,0,There were 148 people onboard the Germanwings plane
580368137796743168,germanwings-crash-all-rnr-threads,rumours,true,rumour,0,1,0,Two babies were among the passengers on the Germanwings flight
580360165540642816,germanwings-crash-all-rnr-threads,rumours,false,rumour,1,0,1,A distress/mayday/SOS call was sent from the airplane before the crash
580346992074842112,germanwings-crash-all-rnr-threads,rumours,true,rumour,0,1,0,"(Up to) 150 people perished in the crash (144 passengers, 6 crew)"
580320645906632704,germanwings-crash-all-rnr-threads,rumours,unverified,rumour,0,0,0,The Germanwings flight disappeared from the radar at 9.39 UTC
580366761398239232,germanwings-crash-all-rnr-threads,rumours,true,rumour,0,1,0,Two babies were among the passengers on the Germanwings flight
580329560350183424,germanwings-crash-all-rnr-threads,rumours,false,rumour,1,0,0,There were 142 passengers onboard the Germanwings flight
581359544682614784,germanwings-crash-all-rnr-threads,rumours,unverified,rumour,0,0,0,The co-pilot interrupted his training because of burnout or depression / had a serious depressive episode in 2009
581299354431987712,germanwings-crash-all-rnr-threads,rumours,false,rumour,1,0,0,The co-pilot was a convert to Islam
580377478184755201,germanwings-crash-all-rnr-threads,rumours,false,rumour,1,0,0,A distress/mayday/SOS call was sent from the airplane before the crash
580327197921120256,germanwings-crash-all-rnr-threads,rumours,false,rumour,1,0,0,There were 148 people onboard the Germanwings plane
580340476949086208,germanwings-crash-all-rnr-threads,rumours,false,rumour,1,0,0,There were 148 people onboard the Germanwings plane
580883727624065024,germanwings-crash-all-rnr-threads,rumours,true,rumour,0,1,0,Only one pilot was in the cockpit at the time of the crash / the other pilot was (deliberately) locked out
581063906682114048,germanwings-crash-all-rnr-threads,rumours,true,rumour,0,1,0,The pilots were Patrick Sondheimer (captain) and Andreas Lubitz (co-pilot)
580318210609696769,germanwings-crash-all-rnr-threads,rumours,true,rumour,0,1,0,A Germanwings airplane has crashed in the French Alps near Digne (southern France)
580319005703069696,germanwings-crash-all-rnr-threads,rumours,true,rumour,0,1,0,A Germanwings airplane has crashed in the French Alps near Digne (southern France)
581387966125248512,germanwings-crash-all-rnr-threads,rumours,unverified,rumour,0,0,0,The co-pilot interrupted his training because of burnout or depression / had a serious depressive episode in 2009
580320964875014145,germanwings-crash-all-rnr-threads,rumours,true,rumour,0,1,0,A Germanwings airplane has crashed in the French Alps near Digne (southern France)
580347360959717376,germanwings-crash-all-rnr-threads,rumours,true,rumour,0,1,0,"(Up to) 150 people perished in the crash (144 passengers, 6 crew)"
580318717860532224,germanwings-crash-all-rnr-threads,rumours,unverified,rumour,0,0,0,The Germanwings plane that reportedly crashed was flying from Barcelona to Dusseldorf (flight 4U9525)
580318669483413504,germanwings-crash-all-rnr-threads,rumours,true,rumour,0,1,0,A Germanwings airplane has crashed in the French Alps near Digne (southern France)
580322005280493568,germanwings-crash-all-rnr-threads,rumours,true,rumour,0,1,0,A Germanwings airplane has crashed in the French Alps near Digne (southern France)
580885187837325312,germanwings-crash-all-rnr-threads,rumours,true,rumour,0,1,0,Only one pilot was in the cockpit at the time of the crash / the other pilot was (deliberately) locked out
581183387848859648,germanwings-crash-all-rnr-threads,rumours,unverified,rumour,0,0,0,The co-pilot interrupted his training because of burnout or depression / had a serious depressive episode in 2009
580333763512705025,germanwings-crash-all-rnr-threads,rumours,false,rumour,1,0,0,There were 148 people onboard the Germanwings plane
581064157870555136,germanwings-crash-all-rnr-threads,rumours,true,rumour,0,1,0,The pilots were Patrick Sondheimer (captain) and Andreas Lubitz (co-pilot)
580699825030754304,germanwings-crash-all-rnr-threads,rumours,false,rumour,1,0,0,67 German nationals were onboard the flight
580331453889708032,germanwings-crash-all-rnr-threads,rumours,unverified,rumour,0,0,0,"The airplane lost signal at 6,800 feet"
580319968484421633,germanwings-crash-all-rnr-threads,rumours,true,rumour,0,1,0,A Germanwings airplane has crashed in the French Alps near Digne (southern France)
580885455257882624,germanwings-crash-all-rnr-threads,rumours,true,rumour,0,1,0,Only one pilot was in the cockpit at the time of the crash / the other pilot was (deliberately) locked out
581317224096387072,germanwings-crash-all-rnr-threads,rumours,false,rumour,1,0,0,The co-pilot was a convert to Islam
580319184652890113,germanwings-crash-all-rnr-threads,rumours,false,rumour,1,0,0,There were 148 people onboard the Germanwings plane
581287795991302144,germanwings-crash-all-rnr-threads,rumours,false,rumour,1,0,0,The co-pilot was a convert to Islam
580326871302316033,germanwings-crash-all-rnr-threads,rumours,true,rumour,0,1,0,The Germanwings plane experienced a rapid descent before crashing
580327336505176064,germanwings-crash-all-rnr-threads,rumours,true,rumour,0,1,0,"(Up to) 150 people perished in the crash (144 passengers, 6 crew)"
581546828954411008,germanwings-crash-all-rnr-threads,rumours,false,rumour,1,0,0,The co-pilot was a convert to Islam
580364656608428032,germanwings-crash-all-rnr-threads,rumours,false,rumour,1,0,0,A distress/mayday/SOS call was sent from the airplane before the crash
580372806178881537,germanwings-crash-all-rnr-threads,rumours,false,rumour,1,0,1,"The pilots called ""emergency, emergency"" from the cockpit (last words before the crash)"
580325090367315968,germanwings-crash-all-rnr-threads,rumours,unverified,rumour,0,0,0,"The airplane lost signal at 6,800 feet"
580320945740480512,germanwings-crash-all-rnr-threads,rumours,true,rumour,0,1,0,A Germanwings airplane has crashed in the French Alps near Digne (southern France)
581063816882065408,germanwings-crash-all-rnr-threads,rumours,true,rumour,0,1,0,The pilots were Patrick Sondheimer (captain) and Andreas Lubitz (co-pilot)
580326073776357376,germanwings-crash-all-rnr-threads,rumours,true,rumour,0,1,0,"(Up to) 150 people perished in the crash (144 passengers, 6 crew)"
580370275121938432,germanwings-crash-all-rnr-threads,rumours,true,rumour,0,1,0,Two babies were among the passengers on the Germanwings flight
580321350750990336,germanwings-crash-all-rnr-threads,rumours,true,rumour,0,1,0,A Germanwings airplane has crashed in the French Alps near Digne (southern France)
580350166005248000,germanwings-crash-all-rnr-threads,rumours,true,rumour,0,1,0,The Germanwings plane experienced a rapid descent before crashing
581314363644121088,germanwings-crash-all-rnr-threads,rumours,false,rumour,1,0,0,The co-pilot was a convert to Islam
581479017770979329,germanwings-crash-all-rnr-threads,rumours,false,rumour,1,0,0,The co-pilot was a convert to Islam
580352532167311362,germanwings-crash-all-rnr-threads,rumours,false,rumour,1,0,0,There were 148 people onboard the Germanwings plane
580317998147325952,germanwings-crash-all-rnr-threads,rumours,false,rumour,1,0,0,There were 142 passengers onboard the Germanwings flight
580323165068509184,germanwings-crash-all-rnr-threads,rumours,false,rumour,1,0,0,There were 148 people onboard the Germanwings plane
581062604988162048,germanwings-crash-all-rnr-threads,rumours,true,rumour,0,1,0,The pilots were Patrick Sondheimer (captain) and Andreas Lubitz (co-pilot)
580365368805486592,germanwings-crash-all-rnr-threads,rumours,false,rumour,1,0,1,There were 142 passengers onboard the Germanwings flight
580699430690656256,germanwings-crash-all-rnr-threads,rumours,false,rumour,1,0,0,67 German nationals were onboard the flight
580319116302647297,germanwings-crash-all-rnr-threads,rumours,unverified,rumour,0,0,0,The Germanwings plane that reportedly crashed was flying from Barcelona to Dusseldorf (flight 4U9525)
581132461960249344,germanwings-crash-all-rnr-threads,rumours,unverified,rumour,0,0,0,The co-pilot interrupted his training because of burnout or depression / had a serious depressive episode in 2009
580342519516512256,germanwings-crash-all-rnr-threads,rumours,true,rumour,0,1,0,The Germanwings plane experienced a rapid descent before crashing
581061272856326145,germanwings-crash-all-rnr-threads,rumours,true,rumour,0,1,0,The pilots were Patrick Sondheimer (captain) and Andreas Lubitz (co-pilot)
581290271997968384,germanwings-crash-all-rnr-threads,rumours,false,rumour,1,0,0,The co-pilot was a convert to Islam
580329455173967872,germanwings-crash-all-rnr-threads,rumours,false,rumour,1,0,0,A distress/mayday/SOS call was sent from the airplane before the crash
580319078155468800,germanwings-crash-all-rnr-threads,rumours,true,rumour,0,1,0,A Germanwings airplane has crashed in the French Alps near Digne (southern France)
580357700791468032,germanwings-crash-all-rnr-threads,rumours,false,rumour,1,0,0,A distress/mayday/SOS call was sent from the airplane before the crash
580331000573476865,germanwings-crash-all-rnr-threads,rumours,false,rumour,1,0,0,There were 148 people onboard the Germanwings plane
580319856496644096,germanwings-crash-all-rnr-threads,rumours,true,rumour,0,1,0,A Germanwings airplane has crashed in the French Alps near Digne (southern France)
580323315614543873,germanwings-crash-all-rnr-threads,rumours,false,rumour,1,0,0,There were 148 people onboard the Germanwings plane
580318938996740096,germanwings-crash-all-rnr-threads,rumours,false,rumour,1,0,0,There were 142 passengers onboard the Germanwings flight
580330740086243328,germanwings-crash-all-rnr-threads,rumours,true,rumour,0,1,0,There are no survivors in Germanwings crash
581252958446329857,germanwings-crash-all-rnr-threads,rumours,false,rumour,1,0,0,The co-pilot was a convert to Islam
580322782392762368,germanwings-crash-all-rnr-threads,rumours,false,rumour,1,0,0,There were 142 passengers onboard the Germanwings flight
580321948070240256,germanwings-crash-all-rnr-threads,rumours,true,rumour,0,1,0,The Germanwings plane experienced a rapid descent before crashing
580331561398108160,germanwings-crash-all-rnr-threads,rumours,false,rumour,1,0,0,"The pilots called ""emergency, emergency"" from the cockpit (last words before the crash)"
580330302251393024,germanwings-crash-all-rnr-threads,rumours,false,rumour,1,0,0,A distress/mayday/SOS call was sent from the airplane before the crash
581409613913804800,germanwings-crash-all-rnr-threads,rumours,unverified,rumour,0,0,0,The co-pilot interrupted his training because of burnout or depression / had a serious depressive episode in 2009
580323060533764097,germanwings-crash-all-rnr-threads,rumours,true,rumour,0,1,0,A Germanwings airplane has crashed in the French Alps near Digne (southern France)
580364138020507649,germanwings-crash-all-rnr-threads,rumours,false,rumour,1,0,0,A distress/mayday/SOS call was sent from the airplane before the crash
581301262269829120,germanwings-crash-all-rnr-threads,rumours,false,rumour,1,0,0,The co-pilot was a convert to Islam
580321156508577792,germanwings-crash-all-rnr-threads,rumours,false,rumour,1,0,0,There were 148 people onboard the Germanwings plane
581386094337474560,germanwings-crash-all-rnr-threads,rumours,unverified,rumour,0,0,0,The co-pilot interrupted his training because of burnout or depression / had a serious depressive episode in 2009
580347364562587649,germanwings-crash-all-rnr-threads,rumours,false,rumour,1,0,0,"The pilots called ""emergency, emergency"" from the cockpit (last words before the crash)"
581293685041557504,germanwings-crash-all-rnr-threads,rumours,false,rumour,1,0,0,The co-pilot was a convert to Islam
581061914001821696,germanwings-crash-all-rnr-threads,rumours,true,rumour,0,1,0,The pilots were Patrick Sondheimer (captain) and Andreas Lubitz (co-pilot)
580344171019542528,germanwings-crash-all-rnr-threads,rumours,false,rumour,1,0,0,"The pilots called ""emergency, emergency"" from the cockpit (last words before the crash)"
581303832895885312,germanwings-crash-all-rnr-threads,rumours,false,rumour,1,0,1,The co-pilot was a convert to Islam
580349424058175489,germanwings-crash-all-rnr-threads,rumours,true,rumour,0,1,0,"(Up to) 150 people perished in the crash (144 passengers, 6 crew)"
581288928646340608,germanwings-crash-all-rnr-threads,rumours,false,rumour,1,0,0,The co-pilot was a convert to Islam
580364236330762240,germanwings-crash-all-rnr-threads,rumours,false,rumour,1,0,0,A distress/mayday/SOS call was sent from the airplane before the crash
581293286268129280,germanwings-crash-all-rnr-threads,rumours,false,rumour,1,0,0,The co-pilot was a convert to Islam
580347290633838592,germanwings-crash-all-rnr-threads,rumours,false,rumour,1,0,0,There were 148 people onboard the Germanwings plane
580322453928431617,germanwings-crash-all-rnr-threads,rumours,false,rumour,1,0,0,There were 148 people onboard the Germanwings plane
580884605097664512,germanwings-crash-all-rnr-threads,rumours,true,rumour,0,1,0,Only one pilot was in the cockpit at the time of the crash / the other pilot was (deliberately) locked out
581550667753504768,germanwings-crash-all-rnr-threads,rumours,false,rumour,1,0,0,The co-pilot was a convert to Islam
580350426278719488,germanwings-crash-all-rnr-threads,rumours,unverified,rumour,0,0,1,The Germanwings plane that reportedly crashed was flying from Barcelona to Dusseldorf (flight 4U9525)
581264214809022464,germanwings-crash-all-rnr-threads,rumours,false,rumour,1,0,0,The co-pilot was a convert to Islam
580322349569994752,germanwings-crash-all-rnr-threads,rumours,true,rumour,0,1,0,A Germanwings airplane has crashed in the French Alps near Digne (southern France)
581063730319925248,germanwings-crash-all-rnr-threads,rumours,true,rumour,0,1,0,The pilots were Patrick Sondheimer (captain) and Andreas Lubitz (co-pilot)
580883510103281665,germanwings-crash-all-rnr-threads,rumours,true,rumour,0,1,0,Only one pilot was in the cockpit at the time of the crash / the other pilot was (deliberately) locked out
580325235653799936,germanwings-crash-all-rnr-threads,rumours,unverified,rumour,0,0,0,"The airplane lost signal at 6,800 feet"
580319651399385088,germanwings-crash-all-rnr-threads,rumours,true,rumour,0,1,0,A Germanwings airplane has crashed in the French Alps near Digne (southern France)
580347464907153408,germanwings-crash-all-rnr-threads,rumours,true,rumour,0,1,0,"(Up to) 150 people perished in the crash (144 passengers, 6 crew)"
581063928953876480,germanwings-crash-all-rnr-threads,rumours,true,rumour,0,1,0,The pilots were Patrick Sondheimer (captain) and Andreas Lubitz (co-pilot)
580348081100734464,germanwings-crash-all-rnr-threads,rumours,true,rumour,0,1,0,"(Up to) 150 people perished in the crash (144 passengers, 6 crew)"
581437061363675136,germanwings-crash-all-rnr-threads,rumours,false,rumour,1,0,0,The co-pilot was a convert to Islam
580320242020290560,germanwings-crash-all-rnr-threads,rumours,false,rumour,1,0,0,There were 148 people onboard the Germanwings plane
580347068457308160,germanwings-crash-all-rnr-threads,rumours,true,rumour,0,1,0,"(Up to) 150 people perished in the crash (144 passengers, 6 crew)"
580321169271877632,germanwings-crash-all-rnr-threads,rumours,unverified,rumour,0,0,0,The Germanwings plane that reportedly crashed was flying from Barcelona to Dusseldorf (flight 4U9525)
580332109782466561,germanwings-crash-all-rnr-threads,rumours,true,rumour,0,1,0,The Germanwings plane experienced a rapid descent before crashing
580333028624457728,germanwings-crash-all-rnr-threads,rumours,false,rumour,1,0,0,There were 148 people onboard the Germanwings plane
581063753837481984,germanwings-crash-all-rnr-threads,rumours,true,rumour,0,1,0,The pilots were Patrick Sondheimer (captain) and Andreas Lubitz (co-pilot)
580336766663540736,germanwings-crash-all-rnr-threads,rumours,false,rumour,1,0,0,There were 148 people onboard the Germanwings plane
580350000074457088,germanwings-crash-all-rnr-threads,rumours,true,rumour,0,1,1,A Germanwings airplane has crashed in the French Alps near Digne (southern France)
580368417556992000,germanwings-crash-all-rnr-threads,rumours,false,rumour,1,0,0,A distress/mayday/SOS call was sent from the airplane before the crash
580356429615337472,germanwings-crash-all-rnr-threads,rumours,false,rumour,1,0,0,A distress/mayday/SOS call was sent from the airplane before the crash
581335535832039424,germanwings-crash-all-rnr-threads,rumours,false,rumour,1,0,0,The co-pilot was a convert to Islam
580320745974288384,germanwings-crash-all-rnr-threads,rumours,true,rumour,0,1,0,A Germanwings airplane has crashed in the French Alps near Digne (southern France)
581315281630318593,germanwings-crash-all-rnr-threads,rumours,false,rumour,1,0,0,The co-pilot was a convert to Islam
581473088249958400,germanwings-crash-all-rnr-threads,rumours,false,rumour,1,0,0,The co-pilot was a convert to Islam
580326807704088576,germanwings-crash-all-rnr-threads,rumours,unverified,rumour,0,0,0,The Germanwings plane that reportedly crashed was flying from Barcelona to Dusseldorf (flight 4U9525)
581302544116379648,germanwings-crash-all-rnr-threads,rumours,false,rumour,1,0,0,The co-pilot was a convert to Islam
581405344288608256,germanwings-crash-all-rnr-threads,rumours,false,rumour,1,0,0,The co-pilot was a convert to Islam
581291208506376192,germanwings-crash-all-rnr-threads,rumours,false,rumour,1,0,0,The co-pilot was a convert to Islam
581287562947395584,germanwings-crash-all-rnr-threads,rumours,false,rumour,1,0,0,The co-pilot was a convert to Islam
580369978546917376,germanwings-crash-all-rnr-threads,rumours,true,rumour,0,1,0,"A German school group (16 students, 2 teachers) from Haltern among the passengers on Germanwings"
581063145256538112,germanwings-crash-all-rnr-threads,rumours,true,rumour,0,1,0,The pilots were Patrick Sondheimer (captain) and Andreas Lubitz (co-pilot)
580333909008871424,germanwings-crash-all-rnr-threads,rumours,true,rumour,0,1,0,There are no survivors in Germanwings crash
580326762673901568,germanwings-crash-all-rnr-threads,rumours,false,rumour,1,0,0,There were 148 people onboard the Germanwings plane
580324027715063808,germanwings-crash-all-rnr-threads,rumours,true,rumour,0,1,0,"(Up to) 150 people perished in the crash (144 passengers, 6 crew)"
580326045238333441,germanwings-crash-all-rnr-threads,rumours,true,rumour,0,1,0,There are no survivors in Germanwings crash
580885624883904512,germanwings-crash-all-rnr-threads,rumours,true,rumour,0,1,0,Only one pilot was in the cockpit at the time of the crash / the other pilot was (deliberately) locked out
580319458004193280,germanwings-crash-all-rnr-threads,rumours,true,rumour,0,1,0,A Germanwings airplane has crashed in the French Alps near Digne (southern France)
580322927679279105,germanwings-crash-all-rnr-threads,rumours,true,rumour,0,1,0,A Germanwings airplane has crashed in the French Alps near Digne (southern France)
581377529124130816,germanwings-crash-all-rnr-threads,rumours,unverified,rumour,0,0,0,The co-pilot interrupted his training because of burnout or depression / had a serious depressive episode in 2009
580882674413375488,germanwings-crash-all-rnr-threads,rumours,true,rumour,0,1,0,Only one pilot was in the cockpit at the time of the crash / the other pilot was (deliberately) locked out
581296960830881792,germanwings-crash-all-rnr-threads,rumours,false,rumour,1,0,0,The co-pilot was a convert to Islam
580326473803767808,germanwings-crash-all-rnr-threads,rumours,false,rumour,1,0,0,There were 148 people onboard the Germanwings plane
580320825351471104,germanwings-crash-all-rnr-threads,rumours,unverified,rumour,0,0,0,The Germanwings plane that reportedly crashed was flying from Barcelona to Dusseldorf (flight 4U9525)
580320612155060224,germanwings-crash-all-rnr-threads,rumours,unverified,rumour,0,0,0,The Germanwings flight disappeared from the radar at 9.39 UTC
580328617713897472,germanwings-crash-all-rnr-threads,rumours,true,rumour,0,1,0,There are no survivors in Germanwings crash
580318020192571392,germanwings-crash-all-rnr-threads,rumours,true,rumour,0,1,0,A Germanwings airplane has crashed in the French Alps near Digne (southern France)
580379486732066817,germanwings-crash-all-rnr-threads,rumours,false,rumour,1,0,0,A distress/mayday/SOS call was sent from the airplane before the crash
580325458870460416,germanwings-crash-all-rnr-threads,rumours,true,rumour,0,1,0,"(Up to) 150 people perished in the crash (144 passengers, 6 crew)"
580335398683058176,germanwings-crash-all-rnr-threads,rumours,true,rumour,0,1,0,There are no survivors in Germanwings crash
580336849534648320,germanwings-crash-all-rnr-threads,rumours,false,rumour,1,0,0,There were 148 people onboard the Germanwings plane
580884417343815680,germanwings-crash-all-rnr-threads,rumours,true,rumour,0,1,0,Only one pilot was in the cockpit at the time of the crash / the other pilot was (deliberately) locked out
580338546856235009,germanwings-crash-all-rnr-threads,rumours,false,rumour,1,0,0,A distress/mayday/SOS call was sent from the airplane before the crash
580327626419482624,germanwings-crash-all-rnr-threads,rumours,false,rumour,1,0,0,A distress/mayday/SOS call was sent from the airplane before the crash
581047170637381632,germanwings-crash-all-rnr-threads,rumours,true,rumour,0,1,0,The pilots were Patrick Sondheimer (captain) and Andreas Lubitz (co-pilot)
580320856905269248,germanwings-crash-all-rnr-threads,rumours,true,rumour,0,1,0,A Germanwings airplane has crashed in the French Alps near Digne (southern France)
580325799078793216,germanwings-crash-all-rnr-threads,rumours,true,rumour,0,1,0,The Germanwings plane experienced a rapid descent before crashing
581061237783556096,germanwings-crash-all-rnr-threads,rumours,true,rumour,0,1,0,The pilots were Patrick Sondheimer (captain) and Andreas Lubitz (co-pilot)
580325714567806976,germanwings-crash-all-rnr-threads,rumours,true,rumour,0,1,0,There are no survivors in Germanwings crash
581404604677660673,germanwings-crash-all-rnr-threads,rumours,false,rumour,1,0,0,The co-pilot was a convert to Islam
580387098039046145,germanwings-crash-all-rnr-threads,rumours,true,rumour,0,1,0,There are no survivors in Germanwings crash
580323815261016064,germanwings-crash-all-rnr-threads,rumours,false,rumour,1,0,0,A distress/mayday/SOS call was sent from the airplane before the crash
580327924978569216,germanwings-crash-all-rnr-threads,rumours,false,rumour,1,0,0,A distress/mayday/SOS call was sent from the airplane before the crash
580334678340558849,germanwings-crash-all-rnr-threads,rumours,true,rumour,0,1,0,The Germanwings plane experienced a rapid descent before crashing
580325043705667586,germanwings-crash-all-rnr-threads,rumours,false,rumour,1,0,0,A distress/mayday/SOS call was sent from the airplane before the crash
580320890086383616,germanwings-crash-all-rnr-threads,rumours,true,rumour,0,1,0,A Germanwings airplane has crashed in the French Alps near Digne (southern France)
580319999887347712,germanwings-crash-all-rnr-threads,rumours,unverified,rumour,0,0,0,The Germanwings flight disappeared from the radar at 9.39 UTC
580335545265627136,germanwings-crash-all-rnr-threads,rumours,false,rumour,1,0,0,A distress/mayday/SOS call was sent from the airplane before the crash
580333906597167104,germanwings-crash-all-rnr-threads,rumours,false,rumour,1,0,0,There were 148 people onboard the Germanwings plane
580364973664309248,germanwings-crash-all-rnr-threads,rumours,false,rumour,1,0,0,A distress/mayday/SOS call was sent from the airplane before the crash
580882417117958144,germanwings-crash-all-rnr-threads,rumours,true,rumour,0,1,0,Only one pilot was in the cockpit at the time of the crash / the other pilot was (deliberately) locked out
580319206400475136,germanwings-crash-all-rnr-threads,rumours,true,rumour,0,1,0,A Germanwings airplane has crashed in the French Alps near Digne (southern France)
581450117972144128,germanwings-crash-all-rnr-threads,rumours,false,rumour,1,0,0,The co-pilot was a convert to Islam
580883864521818112,germanwings-crash-all-rnr-threads,rumours,true,rumour,0,1,0,Only one pilot was in the cockpit at the time of the crash / the other pilot was (deliberately) locked out
580882701063979008,germanwings-crash-all-rnr-threads,rumours,true,rumour,0,1,0,Only one pilot was in the cockpit at the time of the crash / the other pilot was (deliberately) locked out
580882341880446977,germanwings-crash-all-rnr-threads,rumours,true,rumour,0,1,0,Only one pilot was in the cockpit at the time of the crash / the other pilot was (deliberately) locked out
581303989406314496,germanwings-crash-all-rnr-threads,rumours,false,rumour,1,0,0,The co-pilot was a convert to Islam
580882302621843456,germanwings-crash-all-rnr-threads,rumours,true,rumour,0,1,0,Only one pilot was in the cockpit at the time of the crash / the other pilot was (deliberately) locked out
580352540316946432,germanwings-crash-all-rnr-threads,rumours,false,rumour,1,0,0,A distress/mayday/SOS call was sent from the airplane before the crash
580324721381740544,germanwings-crash-all-rnr-threads,rumours,false,rumour,1,0,0,A distress/mayday/SOS call was sent from the airplane before the crash
580370249712697344,germanwings-crash-all-rnr-threads,rumours,true,rumour,0,1,1,Two babies were among the passengers on the Germanwings flight
580336204186521600,germanwings-crash-all-rnr-threads,non-rumours,non-rumour,nonrumour,,,,
580333827425439745,germanwings-crash-all-rnr-threads,non-rumours,non-rumour,nonrumour,,,,
581245152158728192,germanwings-crash-all-rnr-threads,non-rumours,non-rumour,nonrumour,,,,
580337292838981633,germanwings-crash-all-rnr-threads,non-rumours,non-rumour,nonrumour,,,,
581248880098086912,germanwings-crash-all-rnr-threads,non-rumours,non-rumour,nonrumour,,,,
580335420703170561,germanwings-crash-all-rnr-threads,non-rumours,non-rumour,nonrumour,,,,
580328029852856320,germanwings-crash-all-rnr-threads,non-rumours,non-rumour,nonrumour,,,,
580351367719591936,germanwings-crash-all-rnr-threads,non-rumours,non-rumour,nonrumour,,,,
580345253179342848,germanwings-crash-all-rnr-threads,non-rumours,non-rumour,nonrumour,,,,
580343473607438336,germanwings-crash-all-rnr-threads,non-rumours,non-rumour,nonrumour,,,,
581266400192307200,germanwings-crash-all-rnr-threads,non-rumours,non-rumour,nonrumour,,,,
580329111064686592,germanwings-crash-all-rnr-threads,non-rumours,non-rumour,nonrumour,,,,
580331192316198912,germanwings-crash-all-rnr-threads,non-rumours,non-rumour,nonrumour,,,,
580329265251536896,germanwings-crash-all-rnr-threads,non-rumours,non-rumour,nonrumour,,,,
581274572823130112,germanwings-crash-all-rnr-threads,non-rumours,non-rumour,nonrumour,,,,
580326744357515264,germanwings-crash-all-rnr-threads,non-rumours,non-rumour,nonrumour,,,,
580333759125458944,germanwings-crash-all-rnr-threads,non-rumours,non-rumour,nonrumour,,,,
580328708675887104,germanwings-crash-all-rnr-threads,non-rumours,non-rumour,nonrumour,,,,
580334309422161920,germanwings-crash-all-rnr-threads,non-rumours,non-rumour,nonrumour,,,,
580347646465949696,germanwings-crash-all-rnr-threads,non-rumours,non-rumour,nonrumour,,,,
581254429996920832,germanwings-crash-all-rnr-threads,non-rumours,non-rumour,nonrumour,,,,
580342917291708416,germanwings-crash-all-rnr-threads,non-rumours,non-rumour,nonrumour,,,,
580357920984051712,germanwings-crash-all-rnr-threads,non-rumours,non-rumour,nonrumour,,,,
581287723841032192,germanwings-crash-all-rnr-threads,non-rumours,non-rumour,nonrumour,,,,
580331913052852224,germanwings-crash-all-rnr-threads,non-rumours,non-rumour,nonrumour,,,,
580398796124876800,germanwings-crash-all-rnr-threads,non-rumours,non-rumour,nonrumour,,,,
581305416795103232,germanwings-crash-all-rnr-threads,non-rumours,non-rumour,nonrumour,,,,
581280784155353088,germanwings-crash-all-rnr-threads,non-rumours,non-rumour,nonrumour,,,,
580330078682353665,germanwings-crash-all-rnr-threads,non-rumours,non-rumour,nonrumour,,,,
580365806720122880,germanwings-crash-all-rnr-threads,non-rumours,non-rumour,nonrumour,,,,
580335409202348032,germanwings-crash-all-rnr-threads,non-rumours,non-rumour,nonrumour,,,,
580359405620858880,germanwings-crash-all-rnr-threads,non-rumours,non-rumour,nonrumour,,,,
580343941825953792,germanwings-crash-all-rnr-threads,non-rumours,non-rumour,nonrumour,,,,
580334199187644416,germanwings-crash-all-rnr-threads,non-rumours,non-rumour,nonrumour,,,,
581273151612575746,germanwings-crash-all-rnr-threads,non-rumours,non-rumour,nonrumour,,,,
580324338865430528,germanwings-crash-all-rnr-threads,non-rumours,non-rumour,nonrumour,,,,
580336772128870400,germanwings-crash-all-rnr-threads,non-rumours,non-rumour,nonrumour,,,,
580354367796166656,germanwings-crash-all-rnr-threads,non-rumours,non-rumour,nonrumour,,,,
580365989780520960,germanwings-crash-all-rnr-threads,non-rumours,non-rumour,nonrumour,,,,
580321203757387776,germanwings-crash-all-rnr-threads,non-rumours,non-rumour,nonrumour,,,,
580359480782786560,germanwings-crash-all-rnr-threads,non-rumours,non-rumour,nonrumour,,,,
580337583508570112,germanwings-crash-all-rnr-threads,non-rumours,non-rumour,nonrumour,,,,
580334563932549120,germanwings-crash-all-rnr-threads,non-rumours,non-rumour,nonrumour,,,,
580377378226049024,germanwings-crash-all-rnr-threads,non-rumours,non-rumour,nonrumour,,,,
580336348764065793,germanwings-crash-all-rnr-threads,non-rumours,non-rumour,nonrumour,,,,
580328302939889664,germanwings-crash-all-rnr-threads,non-rumours,non-rumour,nonrumour,,,,
580326370640818176,germanwings-crash-all-rnr-threads,non-rumours,non-rumour,nonrumour,,,,
580322653472493569,germanwings-crash-all-rnr-threads,non-rumours,non-rumour,nonrumour,,,,
580330660537192448,germanwings-crash-all-rnr-threads,non-rumours,non-rumour,nonrumour,,,,
581262528107384832,germanwings-crash-all-rnr-threads,non-rumours,non-rumour,nonrumour,,,,
580338194731962368,germanwings-crash-all-rnr-threads,non-rumours,non-rumour,nonrumour,,,,
580336326634962944,germanwings-crash-all-rnr-threads,non-rumours,non-rumour,nonrumour,,,,
580330591826128896,germanwings-crash-all-rnr-threads,non-rumours,non-rumour,nonrumour,,,,
581248346309922816,germanwings-crash-all-rnr-threads,non-rumours,non-rumour,nonrumour,,,,
580332684905431040,germanwings-crash-all-rnr-threads,non-rumours,non-rumour,nonrumour,,,,
580355581254471680,germanwings-crash-all-rnr-threads,non-rumours,non-rumour,nonrumour,,,,
580327960638521344,germanwings-crash-all-rnr-threads,non-rumours,non-rumour,nonrumour,,,,
580330560331091968,germanwings-crash-all-rnr-threads,non-rumours,non-rumour,nonrumour,,,,
580336782782382081,germanwings-crash-all-rnr-threads,non-rumours,non-rumour,nonrumour,,,,
580331255570530304,germanwings-crash-all-rnr-threads,non-rumours,non-rumour,nonrumour,,,,
580329206158127104,germanwings-crash-all-rnr-threads,non-rumours,non-rumour,nonrumour,,,,
580337826279124992,germanwings-crash-all-rnr-threads,non-rumours,non-rumour,nonrumour,,,,
580330986220687360,germanwings-crash-all-rnr-threads,non-rumours,non-rumour,nonrumour,,,,
580323877429112832,germanwings-crash-all-rnr-threads,non-rumours,non-rumour,nonrumour,,,,
580353697865187328,germanwings-crash-all-rnr-threads,non-rumours,non-rumour,nonrumour,,,,
580337327677026304,germanwings-crash-all-rnr-threads,non-rumours,non-rumour,nonrumour,,,,
580327625626927104,germanwings-crash-all-rnr-threads,non-rumours,non-rumour,nonrumour,,,,
580339310299340800,germanwings-crash-all-rnr-threads,non-rumours,non-rumour,nonrumour,,,,
580329219646988289,germanwings-crash-all-rnr-threads,non-rumours,non-rumour,nonrumour,,,,
580331981130498048,germanwings-crash-all-rnr-threads,non-rumours,non-rumour,nonrumour,,,,
580352792700821504,germanwings-crash-all-rnr-threads,non-rumours,non-rumour,nonrumour,,,,
580329747416113152,germanwings-crash-all-rnr-threads,non-rumours,non-rumour,nonrumour,,,,
580331347752914944,germanwings-crash-all-rnr-threads,non-rumours,non-rumour,nonrumour,,,,
580330161725255681,germanwings-crash-all-rnr-threads,non-rumours,non-rumour,nonrumour,,,,
580336661206331392,germanwings-crash-all-rnr-threads,non-rumours,non-rumour,nonrumour,,,,
580358227713458176,germanwings-crash-all-rnr-threads,non-rumours,non-rumour,nonrumour,,,,
580331121180844032,germanwings-crash-all-rnr-threads,non-rumours,non-rumour,nonrumour,,,,
580319983676313601,germanwings-crash-all-rnr-threads,non-rumours,unknown,unclear,,,,
580359081296293888,germanwings-crash-all-rnr-threads,non-rumours,non-rumour,nonrumour,,,,
580361142666563584,germanwings-crash-all-rnr-threads,non-rumours,non-rumour,nonrumour,,,,
580328198564651008,germanwings-crash-all-rnr-threads,non-rumours,non-rumour,nonrumour,,,,
580332876081811456,germanwings-crash-all-rnr-threads,non-rumours,non-rumour,nonrumour,,,,
580327611760545792,germanwings-crash-all-rnr-threads,non-rumours,non-rumour,nonrumour,,,,
580359057825009664,germanwings-crash-all-rnr-threads,non-rumours,non-rumour,nonrumour,,,,
580332832544976896,germanwings-crash-all-rnr-threads,non-rumours,non-rumour,nonrumour,,,,
580340024736116736,germanwings-crash-all-rnr-threads,non-rumours,non-rumour,nonrumour,,,,
580339793122447361,germanwings-crash-all-rnr-threads,non-rumours,non-rumour,nonrumour,,,,
580370309884182529,germanwings-crash-all-rnr-threads,non-rumours,non-rumour,nonrumour,,,,
581318271321931776,germanwings-crash-all-rnr-threads,non-rumours,non-rumour,nonrumour,,,,
580340423044018176,germanwings-crash-all-rnr-threads,non-rumours,non-rumour,nonrumour,,,,
580324804403818496,germanwings-crash-all-rnr-threads,non-rumours,non-rumour,nonrumour,,,,
581258923065389056,germanwings-crash-all-rnr-threads,non-rumours,non-rumour,nonrumour,,,,
580336069192843264,germanwings-crash-all-rnr-threads,non-rumours,non-rumour,nonrumour,,,,
580364889736232960,germanwings-crash-all-rnr-threads,non-rumours,non-rumour,nonrumour,,,,
580364576560177154,germanwings-crash-all-rnr-threads,non-rumours,non-rumour,nonrumour,,,,
580330690807394304,germanwings-crash-all-rnr-threads,non-rumours,non-rumour,nonrumour,,,,
580338189904285697,germanwings-crash-all-rnr-threads,non-rumours,non-rumour,nonrumour,,,,
580344006682505216,germanwings-crash-all-rnr-threads,non-rumours,non-rumour,nonrumour,,,,
580350403734310912,germanwings-crash-all-rnr-threads,non-rumours,non-rumour,nonrumour,,,,
580325486477357056,germanwings-crash-all-rnr-threads,non-rumours,non-rumour,nonrumour,,,,
581256908251758592,germanwings-crash-all-rnr-threads,non-rumours,non-rumour,nonrumour,,,,
580342670511472640,germanwings-crash-all-rnr-threads,non-rumours,non-rumour,nonrumour,,,,
580332255693942784,germanwings-crash-all-rnr-threads,non-rumours,non-rumour,nonrumour,,,,
580332990867349504,germanwings-crash-all-rnr-threads,non-rumours,non-rumour,nonrumour,,,,
580323946899214336,germanwings-crash-all-rnr-threads,non-rumours,non-rumour,nonrumour,,,,
580322332348190720,germanwings-crash-all-rnr-threads,non-rumours,non-rumour,nonrumour,,,,
580330441854435328,germanwings-crash-all-rnr-threads,non-rumours,non-rumour,nonrumour,,,,
581247332282306561,germanwings-crash-all-rnr-threads,non-rumours,non-rumour,nonrumour,,,,
581295422414680065,germanwings-crash-all-rnr-threads,non-rumours,non-rumour,nonrumour,,,,
580364934011334656,germanwings-crash-all-rnr-threads,non-rumours,non-rumour,nonrumour,,,,
580322026029654018,germanwings-crash-all-rnr-threads,non-rumours,non-rumour,nonrumour,,,,
580325243631321088,germanwings-crash-all-rnr-threads,non-rumours,non-rumour,nonrumour,,,,
580339510883561472,germanwings-crash-all-rnr-threads,non-rumours,non-rumour,nonrumour,,,,
580351758213447680,germanwings-crash-all-rnr-threads,non-rumours,non-rumour,nonrumour,,,,
580331706860871680,germanwings-crash-all-rnr-threads,non-rumours,non-rumour,nonrumour,,,,
580333881687195648,germanwings-crash-all-rnr-threads,non-rumours,non-rumour,nonrumour,,,,
580329937573302272,germanwings-crash-all-rnr-threads,non-rumours,non-rumour,nonrumour,,,,
580388756043083777,germanwings-crash-all-rnr-threads,non-rumours,non-rumour,nonrumour,,,,
580351390570135552,germanwings-crash-all-rnr-threads,non-rumours,non-rumour,nonrumour,,,,
581257660118491136,germanwings-crash-all-rnr-threads,non-rumours,non-rumour,nonrumour,,,,
580337446170320896,germanwings-crash-all-rnr-threads,non-rumours,non-rumour,nonrumour,,,,
580328463585841153,germanwings-crash-all-rnr-threads,non-rumours,non-rumour,nonrumour,,,,
580337178506584064,germanwings-crash-all-rnr-threads,non-rumours,non-rumour,nonrumour,,,,
581259253429702656,germanwings-crash-all-rnr-threads,non-rumours,non-rumour,nonrumour,,,,
580352417541287936,germanwings-crash-all-rnr-threads,non-rumours,non-rumour,nonrumour,,,,
580350698774241280,germanwings-crash-all-rnr-threads,non-rumours,non-rumour,nonrumour,,,,
580323992843718656,germanwings-crash-all-rnr-threads,non-rumours,non-rumour,nonrumour,,,,
580327576218046464,germanwings-crash-all-rnr-threads,non-rumours,non-rumour,nonrumour,,,,
580337440738713600,germanwings-crash-all-rnr-threads,non-rumours,non-rumour,nonrumour,,,,
580377986941206528,germanwings-crash-all-rnr-threads,non-rumours,non-rumour,nonrumour,,,,
580323152103911424,germanwings-crash-all-rnr-threads,non-rumours,non-rumour,nonrumour,,,,
580351604831846400,germanwings-crash-all-rnr-threads,non-rumours,non-rumour,nonrumour,,,,
580337320508919808,germanwings-crash-all-rnr-threads,non-rumours,non-rumour,nonrumour,,,,
580336127699087360,germanwings-crash-all-rnr-threads,non-rumours,non-rumour,nonrumour,,,,
580349159569539072,germanwings-crash-all-rnr-threads,non-rumours,non-rumour,nonrumour,,,,
580335608477982720,germanwings-crash-all-rnr-threads,non-rumours,non-rumour,nonrumour,,,,
580328297462140928,germanwings-crash-all-rnr-threads,non-rumours,non-rumour,nonrumour,,,,
581286157151039488,germanwings-crash-all-rnr-threads,non-rumours,non-rumour,nonrumour,,,,
580328000400564225,germanwings-crash-all-rnr-threads,non-rumours,non-rumour,nonrumour,,,,
580335510280892416,germanwings-crash-all-rnr-threads,non-rumours,non-rumour,nonrumour,,,,
580331308146118656,germanwings-crash-all-rnr-threads,non-rumours,non-rumour,nonrumour,,,,
580353737769820160,germanwings-crash-all-rnr-threads,non-rumours,non-rumour,nonrumour,,,,
580332312354693120,germanwings-crash-all-rnr-threads,non-rumours,non-rumour,nonrumour,,,,
580886010575257601,germanwings-crash-all-rnr-threads,non-rumours,non-rumour,nonrumour,,,,
580332410853789696,germanwings-crash-all-rnr-threads,non-rumours,non-rumour,nonrumour,,,,
580343329096904704,germanwings-crash-all-rnr-threads,non-rumours,non-rumour,nonrumour,,,,
581249720376553472,germanwings-crash-all-rnr-threads,non-rumours,non-rumour,nonrumour,,,,
580334729678966784,germanwings-crash-all-rnr-threads,non-rumours,non-rumour,nonrumour,,,,
580346858846822400,germanwings-crash-all-rnr-threads,non-rumours,non-rumour,nonrumour,,,,
580330104846475264,germanwings-crash-all-rnr-threads,non-rumours,non-rumour,nonrumour,,,,
580346824269103105,germanwings-crash-all-rnr-threads,non-rumours,non-rumour,nonrumour,,,,
580332532694122497,germanwings-crash-all-rnr-threads,non-rumours,non-rumour,nonrumour,,,,
580364493928181760,germanwings-crash-all-rnr-threads,non-rumours,non-rumour,nonrumour,,,,
580331527675998208,germanwings-crash-all-rnr-threads,non-rumours,non-rumour,nonrumour,,,,
580882906014474240,germanwings-crash-all-rnr-threads,non-rumours,non-rumour,nonrumour,,,,
580333915275165696,germanwings-crash-all-rnr-threads,non-rumours,non-rumour,nonrumour,,,,
580336341080260608,germanwings-crash-all-rnr-threads,non-rumours,non-rumour,nonrumour,,,,
580336568419921920,germanwings-crash-all-rnr-threads,non-rumours,non-rumour,nonrumour,,,,
580329796527366144,germanwings-crash-all-rnr-threads,non-rumours,non-rumour,nonrumour,,,,
580332232121933824,germanwings-crash-all-rnr-threads,non-rumours,non-rumour,nonrumour,,,,
580365755750871041,germanwings-crash-all-rnr-threads,non-rumours,non-rumour,nonrumour,,,,
580326978546495488,germanwings-crash-all-rnr-threads,non-rumours,non-rumour,nonrumour,,,,
580399487740297216,germanwings-crash-all-rnr-threads,non-rumours,non-rumour,nonrumour,,,,
581246782765719552,germanwings-crash-all-rnr-threads,non-rumours,non-rumour,nonrumour,,,,
580330064384028673,germanwings-crash-all-rnr-threads,non-rumours,non-rumour,nonrumour,,,,
580323498905702400,germanwings-crash-all-rnr-threads,non-rumours,non-rumour,nonrumour,,,,
580322102307373056,germanwings-crash-all-rnr-threads,non-rumours,non-rumour,nonrumour,,,,
580333946271113216,germanwings-crash-all-rnr-threads,non-rumours,non-rumour,nonrumour,,,,
580331843616133120,germanwings-crash-all-rnr-threads,non-rumours,non-rumour,nonrumour,,,,
580324933525467136,germanwings-crash-all-rnr-threads,non-rumours,non-rumour,nonrumour,,,,
580362323283615745,germanwings-crash-all-rnr-threads,non-rumours,non-rumour,nonrumour,,,,
580331071457333248,germanwings-crash-all-rnr-threads,non-rumours,non-rumour,nonrumour,,,,
580331132878618624,germanwings-crash-all-rnr-threads,non-rumours,non-rumour,nonrumour,,,,
580330454869512192,germanwings-crash-all-rnr-threads,non-rumours,non-rumour,nonrumour,,,,
581325025569030145,germanwings-crash-all-rnr-threads,non-rumours,non-rumour,nonrumour,,,,
580338392782757888,germanwings-crash-all-rnr-threads,non-rumours,non-rumour,nonrumour,,,,
580337418550775808,germanwings-crash-all-rnr-threads,non-rumours,non-rumour,nonrumour,,,,
580363156721131521,germanwings-crash-all-rnr-threads,non-rumours,non-rumour,nonrumour,,,,
580371776619839488,germanwings-crash-all-rnr-threads,non-rumours,non-rumour,nonrumour,,,,
580332451353985025,germanwings-crash-all-rnr-threads,non-rumours,non-rumour,nonrumour,,,,
580332380436709377,germanwings-crash-all-rnr-threads,non-rumours,non-rumour,nonrumour,,,,
580362104110071808,germanwings-crash-all-rnr-threads,non-rumours,non-rumour,nonrumour,,,,
580335102313500673,germanwings-crash-all-rnr-threads,non-rumours,non-rumour,nonrumour,,,,
580331677899202560,germanwings-crash-all-rnr-threads,non-rumours,non-rumour,nonrumour,,,,
580337831253581824,germanwings-crash-all-rnr-threads,non-rumours,non-rumour,nonrumour,,,,
581255457022570497,germanwings-crash-all-rnr-threads,non-rumours,non-rumour,nonrumour,,,,
580351149619953664,germanwings-crash-all-rnr-threads,non-rumours,non-rumour,nonrumour,,,,
580332296336732160,germanwings-crash-all-rnr-threads,non-rumours,non-rumour,nonrumour,,,,
580329153553141760,germanwings-crash-all-rnr-threads,non-rumours,non-rumour,nonrumour,,,,
580342401392312321,germanwings-crash-all-rnr-threads,non-rumours,non-rumour,nonrumour,,,,
581302297579425793,germanwings-crash-all-rnr-threads,non-rumours,non-rumour,nonrumour,,,,
580335578069209091,germanwings-crash-all-rnr-threads,non-rumours,non-rumour,nonrumour,,,,
581256046448111616,germanwings-crash-all-rnr-threads,non-rumours,non-rumour,nonrumour,,,,
581261457725210624,germanwings-crash-all-rnr-threads,non-rumours,non-rumour,nonrumour,,,,
580337873691533313,germanwings-crash-all-rnr-threads,non-rumours,non-rumour,nonrumour,,,,
580341214098137089,germanwings-crash-all-rnr-threads,non-rumours,non-rumour,nonrumour,,,,
580336554406711297,germanwings-crash-all-rnr-threads,non-rumours,non-rumour,nonrumour,,,,
580355192908095488,germanwings-crash-all-rnr-threads,non-rumours,non-rumour,nonrumour,,,,
580332189155459072,germanwings-crash-all-rnr-threads,non-rumours,non-rumour,nonrumour,,,,
580333314415919104,germanwings-crash-all-rnr-threads,non-rumours,non-rumour,nonrumour,,,,
580336528955691008,germanwings-crash-all-rnr-threads,non-rumours,non-rumour,nonrumour,,,,
580380219921580032,germanwings-crash-all-rnr-threads,non-rumours,non-rumour,nonrumour,,,,
580329935601958912,germanwings-crash-all-rnr-threads,non-rumours,non-rumour,nonrumour,,,,
580353986991112192,germanwings-crash-all-rnr-threads,non-rumours,non-rumour,nonrumour,,,,
580336394184323072,germanwings-crash-all-rnr-threads,non-rumours,non-rumour,nonrumour,,,,
580328565255852032,germanwings-crash-all-rnr-threads,non-rumours,non-rumour,nonrumour,,,,
580339662096605184,germanwings-crash-all-rnr-threads,non-rumours,non-rumour,nonrumour,,,,
580332903986524160,germanwings-crash-all-rnr-threads,non-rumours,non-rumour,nonrumour,,,,
580333728762896384,germanwings-crash-all-rnr-threads,non-rumours,non-rumour,nonrumour,,,,
580330362070540288,germanwings-crash-all-rnr-threads,non-rumours,non-rumour,nonrumour,,,,
581325197661376512,germanwings-crash-all-rnr-threads,non-rumours,non-rumour,nonrumour,,,,
580327058158551041,germanwings-crash-all-rnr-threads,non-rumours,non-rumour,nonrumour,,,,
580346835295997952,germanwings-crash-all-rnr-threads,non-rumours,non-rumour,nonrumour,,,,
581258486861983745,germanwings-crash-all-rnr-threads,non-rumours,non-rumour,nonrumour,,,,
580883100533690368,germanwings-crash-all-rnr-threads,non-rumours,non-rumour,nonrumour,,,,
580329096024047616,germanwings-crash-all-rnr-threads,non-rumours,non-rumour,nonrumour,,,,
580349419360526336,germanwings-crash-all-rnr-threads,non-rumours,non-rumour,nonrumour,,,,
580355037504909312,germanwings-crash-all-rnr-threads,non-rumours,non-rumour,nonrumour,,,,
581260171688718336,germanwings-crash-all-rnr-threads,non-rumours,non-rumour,nonrumour,,,,
580328582993616896,germanwings-crash-all-rnr-threads,non-rumours,non-rumour,nonrumour,,,,
580347051927597056,germanwings-crash-all-rnr-threads,non-rumours,non-rumour,nonrumour,,,,
580328132932022272,germanwings-crash-all-rnr-threads,non-rumours,non-rumour,nonrumour,,,,
580359809041604608,germanwings-crash-all-rnr-threads,non-rumours,non-rumour,nonrumour,,,,
580328848774045696,germanwings-crash-all-rnr-threads,non-rumours,non-rumour,nonrumour,,,,
580350587289604097,germanwings-crash-all-rnr-threads,non-rumours,non-rumour,nonrumour,,,,
580351083383517185,germanwings-crash-all-rnr-threads,non-rumours,non-rumour,nonrumour,,,,
580327418084364288,germanwings-crash-all-rnr-threads,non-rumours,non-rumour,nonrumour,,,,
581247335998431232,germanwings-crash-all-rnr-threads,non-rumours,non-rumour,nonrumour,,,,
580352455952732160,germanwings-crash-all-rnr-threads,non-rumours,non-rumour,nonrumour,,,,
580328535790907392,germanwings-crash-all-rnr-threads,non-rumours,non-rumour,nonrumour,,,,
581253085508534272,germanwings-crash-all-rnr-threads,non-rumours,non-rumour,nonrumour,,,,
536831867329466369,gurlitt-all-rnr-threads,rumours,true,rumour,0,1,0,Looted artworks will (initially) remain in Germany
536833104280055808,gurlitt-all-rnr-threads,rumours,true,rumour,0,1,0,The Bern Museum will accept the Gurlitt collection
536826643122503680,gurlitt-all-rnr-threads,rumours,true,rumour,0,1,0,The Bern Museum will accept the Gurlitt collection
536835327584141312,gurlitt-all-rnr-threads,rumours,true,rumour,0,1,0,The Bern Museum will accept the Gurlitt collection
536845753394536448,gurlitt-all-rnr-threads,rumours,true,rumour,0,1,0,The Bern Museum will accept the Gurlitt collection
536830361817595905,gurlitt-all-rnr-threads,rumours,true,rumour,0,1,0,The Bern Museum will accept the Gurlitt collection
536844922088091648,gurlitt-all-rnr-threads,rumours,true,rumour,0,1,0,The Bern Museum will accept the Gurlitt collection
535397927548878849,gurlitt-all-rnr-threads,rumours,unverified,rumour,0,0,0,Gurlitt was mentally unfit when he wrote his will
536824260615237632,gurlitt-all-rnr-threads,rumours,true,rumour,0,1,0,The Bern Museum will accept the Gurlitt collection
536842936667750402,gurlitt-all-rnr-threads,rumours,true,rumour,0,1,0,The Bern Museum will accept the Gurlitt collection
536848241556721665,gurlitt-all-rnr-threads,rumours,true,rumour,0,1,0,The Bern Museum will accept the Gurlitt collection
536848134681690112,gurlitt-all-rnr-threads,rumours,true,rumour,0,1,0,The Bern Museum will accept the Gurlitt collection
536847243631149056,gurlitt-all-rnr-threads,rumours,true,rumour,0,1,0,The Bern Museum will accept the Gurlitt collection
536826824219959296,gurlitt-all-rnr-threads,rumours,true,rumour,0,1,0,The Bern Museum will accept the Gurlitt collection
536824746298843136,gurlitt-all-rnr-threads,rumours,true,rumour,0,1,0,The Bern Museum will accept the Gurlitt collection
536837309078200320,gurlitt-all-rnr-threads,rumours,true,rumour,0,1,0,The Bern Museum will accept the Gurlitt collection
536825996985790465,gurlitt-all-rnr-threads,rumours,true,rumour,0,1,0,The Bern Museum will accept the Gurlitt collection
535342545283588096,gurlitt-all-rnr-threads,rumours,true,rumour,0,1,0,The Bern Museum will accept the Gurlitt collection
536847375802052609,gurlitt-all-rnr-threads,rumours,true,rumour,0,1,0,The Bern Museum will accept the Gurlitt collection
536844923774205952,gurlitt-all-rnr-threads,rumours,true,rumour,0,1,0,The Bern Museum will accept the Gurlitt collection
536848662135980032,gurlitt-all-rnr-threads,rumours,true,rumour,0,1,0,The Bern Museum will accept the Gurlitt collection
536827886926565376,gurlitt-all-rnr-threads,rumours,true,rumour,0,1,0,The Bern Museum will accept the Gurlitt collection
535434467696189440,gurlitt-all-rnr-threads,rumours,true,rumour,0,1,0,The Bern Museum will accept the Gurlitt collection
535241189234982912,gurlitt-all-rnr-threads,rumours,true,rumour,0,1,0,The Bern Museum will accept the Gurlitt collection
535721996391178242,gurlitt-all-rnr-threads,rumours,true,rumour,0,1,0,The Bern Museum will accept the Gurlitt collection
536825222050365440,gurlitt-all-rnr-threads,rumours,true,rumour,0,1,0,The Bern Museum will accept the Gurlitt collection
536825222608203776,gurlitt-all-rnr-threads,rumours,true,rumour,0,1,0,The Bern Museum will accept the Gurlitt collection
536841860049043457,gurlitt-all-rnr-threads,rumours,true,rumour,0,1,0,The Bern Museum will accept the Gurlitt collection
536833763326820352,gurlitt-all-rnr-threads,rumours,true,rumour,0,1,0,The Bern Museum will accept the Gurlitt collection
536832547062165504,gurlitt-all-rnr-threads,rumours,true,rumour,0,1,0,The Bern Museum will accept the Gurlitt collection
536830857403961345,gurlitt-all-rnr-threads,rumours,true,rumour,0,1,0,The Bern Museum will accept the Gurlitt collection
536828314783346688,gurlitt-all-rnr-threads,rumours,true,rumour,0,1,0,The Bern Museum will accept the Gurlitt collection
536837810805039104,gurlitt-all-rnr-threads,rumours,true,rumour,0,1,0,The Bern Museum will accept the Gurlitt collection
536837509167480832,gurlitt-all-rnr-threads,rumours,true,rumour,0,1,0,The Bern Museum will accept the Gurlitt collection
536836729190105089,gurlitt-all-rnr-threads,rumours,true,rumour,0,1,0,The Bern Museum will accept the Gurlitt collection
536831866721280000,gurlitt-all-rnr-threads,rumours,true,rumour,0,1,1,Looted artworks will (initially) remain in Germany
536845577938432000,gurlitt-all-rnr-threads,rumours,true,rumour,0,1,0,The Bern Museum will accept the Gurlitt collection
536827540829384704,gurlitt-all-rnr-threads,rumours,true,rumour,0,1,0,The Bern Museum will accept the Gurlitt collection
535270217689993216,gurlitt-all-rnr-threads,rumours,unverified,rumour,0,0,0,Gurlitt was mentally unfit when he wrote his will
536831367959420929,gurlitt-all-rnr-threads,rumours,true,rumour,0,1,0,The Bern Museum will accept the Gurlitt collection
536839580419231745,gurlitt-all-rnr-threads,rumours,true,rumour,0,1,0,The Bern Museum will accept the Gurlitt collection
536825223526756352,gurlitt-all-rnr-threads,rumours,true,rumour,0,1,0,The Bern Museum will accept the Gurlitt collection
536835011941396481,gurlitt-all-rnr-threads,rumours,true,rumour,0,1,0,The Bern Museum will accept the Gurlitt collection
536843350281060353,gurlitt-all-rnr-threads,rumours,true,rumour,0,1,0,Looted artworks will (initially) remain in Germany
536842041586876416,gurlitt-all-rnr-threads,rumours,true,rumour,0,1,0,The Bern Museum will accept the Gurlitt collection
536834351246225408,gurlitt-all-rnr-threads,rumours,true,rumour,0,1,0,The Bern Museum will accept the Gurlitt collection
536824745459998720,gurlitt-all-rnr-threads,rumours,true,rumour,0,1,0,The Bern Museum will accept the Gurlitt collection
536848962775678976,gurlitt-all-rnr-threads,rumours,true,rumour,0,1,0,The Bern Museum will accept the Gurlitt collection
536844209982959616,gurlitt-all-rnr-threads,rumours,true,rumour,0,1,0,The Bern Museum will accept the Gurlitt collection
536846436537999360,gurlitt-all-rnr-threads,rumours,true,rumour,0,1,0,The Bern Museum will accept the Gurlitt collection
536844214202400768,gurlitt-all-rnr-threads,rumours,true,rumour,0,1,0,The Bern Museum will accept the Gurlitt collection
536845700835733504,gurlitt-all-rnr-threads,rumours,true,rumour,0,1,0,The Bern Museum will accept the Gurlitt collection
536825153372831744,gurlitt-all-rnr-threads,rumours,true,rumour,0,1,0,The Bern Museum will accept the Gurlitt collection
536836675226177538,gurlitt-all-rnr-threads,rumours,true,rumour,0,1,0,The Bern Museum will accept the Gurlitt collection
536825223061180416,gurlitt-all-rnr-threads,rumours,true,rumour,0,1,0,The Bern Museum will accept the Gurlitt collection
536844180887449600,gurlitt-all-rnr-threads,rumours,true,rumour,0,1,0,The Bern Museum will accept the Gurlitt collection
536825848624865280,gurlitt-all-rnr-threads,rumours,true,rumour,0,1,0,The Bern Museum will accept the Gurlitt collection
536848139836481536,gurlitt-all-rnr-threads,rumours,true,rumour,0,1,0,The Bern Museum will accept the Gurlitt collection
536844329000906752,gurlitt-all-rnr-threads,rumours,true,rumour,0,1,0,The Bern Museum will accept the Gurlitt collection
536844860058529792,gurlitt-all-rnr-threads,rumours,true,rumour,0,1,0,The Bern Museum will accept the Gurlitt collection
535438499432771584,gurlitt-all-rnr-threads,rumours,true,rumour,0,1,0,The Bern Museum will accept the Gurlitt collection
535960367055118337,gurlitt-all-rnr-threads,non-rumours,non-rumour,nonrumour,,,,
535772174053687297,gurlitt-all-rnr-threads,non-rumours,non-rumour,nonrumour,,,,
536127932918681602,gurlitt-all-rnr-threads,non-rumours,non-rumour,nonrumour,,,,
535966185477931010,gurlitt-all-rnr-threads,non-rumours,non-rumour,nonrumour,,,,
535556368552714240,gurlitt-all-rnr-threads,non-rumours,non-rumour,nonrumour,,,,
535440024930902017,gurlitt-all-rnr-threads,non-rumours,non-rumour,nonrumour,,,,
535986492879810560,gurlitt-all-rnr-threads,non-rumours,non-rumour,nonrumour,,,,
536696108823896065,gurlitt-all-rnr-threads,non-rumours,non-rumour,nonrumour,,,,
536826754770685952,gurlitt-all-rnr-threads,non-rumours,non-rumour,nonrumour,,,,
535952893589725184,gurlitt-all-rnr-threads,non-rumours,non-rumour,nonrumour,,,,
536835870293512192,gurlitt-all-rnr-threads,non-rumours,non-rumour,nonrumour,,,,
535711053686898689,gurlitt-all-rnr-threads,non-rumours,non-rumour,nonrumour,,,,
535708968837206016,gurlitt-all-rnr-threads,non-rumours,non-rumour,nonrumour,,,,
535942066694803456,gurlitt-all-rnr-threads,non-rumours,non-rumour,nonrumour,,,,
535439290667241472,gurlitt-all-rnr-threads,non-rumours,non-rumour,nonrumour,,,,
535450705134649345,gurlitt-all-rnr-threads,non-rumours,non-rumour,nonrumour,,,,
536835870897479680,gurlitt-all-rnr-threads,non-rumours,non-rumour,nonrumour,,,,
536666052277448704,gurlitt-all-rnr-threads,non-rumours,non-rumour,nonrumour,,,,
536826273667227649,gurlitt-all-rnr-threads,non-rumours,non-rumour,nonrumour,,,,
535524640031256576,gurlitt-all-rnr-threads,non-rumours,non-rumour,nonrumour,,,,
536825396990607360,gurlitt-all-rnr-threads,non-rumours,non-rumour,nonrumour,,,,
536504937401049089,gurlitt-all-rnr-threads,non-rumours,non-rumour,nonrumour,,,,
536830979714056192,gurlitt-all-rnr-threads,non-rumours,non-rumour,nonrumour,,,,
535517405921804288,gurlitt-all-rnr-threads,non-rumours,non-rumour,nonrumour,,,,
535449972913614848,gurlitt-all-rnr-threads,non-rumours,non-rumour,nonrumour,,,,
536733651544072192,gurlitt-all-rnr-threads,non-rumours,non-rumour,nonrumour,,,,
536824581341073408,gurlitt-all-rnr-threads,non-rumours,non-rumour,nonrumour,,,,
535386605666979840,gurlitt-all-rnr-threads,non-rumours,non-rumour,nonrumour,,,,
535391478969675776,gurlitt-all-rnr-threads,non-rumours,non-rumour,nonrumour,,,,
535951209316642816,gurlitt-all-rnr-threads,non-rumours,non-rumour,nonrumour,,,,
536822580720984064,gurlitt-all-rnr-threads,non-rumours,non-rumour,nonrumour,,,,
536782128109740032,gurlitt-all-rnr-threads,non-rumours,non-rumour,nonrumour,,,,
535792764135280640,gurlitt-all-rnr-threads,non-rumours,non-rumour,nonrumour,,,,
536050365406253056,gurlitt-all-rnr-threads,non-rumours,non-rumour,nonrumour,,,,
536514538850750464,gurlitt-all-rnr-threads,non-rumours,non-rumour,nonrumour,,,,
536783143865688064,gurlitt-all-rnr-threads,non-rumours,non-rumour,nonrumour,,,,
536805431360749568,gurlitt-all-rnr-threads,non-rumours,non-rumour,nonrumour,,,,
535472483756154880,gurlitt-all-rnr-threads,non-rumours,non-rumour,nonrumour,,,,
536825651463217152,gurlitt-all-rnr-threads,non-rumours,non-rumour,nonrumour,,,,
536777819204775936,gurlitt-all-rnr-threads,non-rumours,non-rumour,nonrumour,,,,
535828163402543104,gurlitt-all-rnr-threads,non-rumours,non-rumour,nonrumour,,,,
536828694107803651,gurlitt-all-rnr-threads,non-rumours,non-rumour,nonrumour,,,,
536805993334571008,gurlitt-all-rnr-threads,non-rumours,non-rumour,nonrumour,,,,
536809338766364672,gurlitt-all-rnr-threads,non-rumours,non-rumour,nonrumour,,,,
535415869862473729,gurlitt-all-rnr-threads,non-rumours,non-rumour,nonrumour,,,,
535822193150537728,gurlitt-all-rnr-threads,non-rumours,non-rumour,nonrumour,,,,
535425236871544832,gurlitt-all-rnr-threads,non-rumours,non-rumour,nonrumour,,,,
535804563832315904,gurlitt-all-rnr-threads,non-rumours,non-rumour,nonrumour,,,,
536464887015567360,gurlitt-all-rnr-threads,non-rumours,non-rumour,nonrumour,,,,
536532934014926849,gurlitt-all-rnr-threads,non-rumours,non-rumour,nonrumour,,,,
536323971239903234,gurlitt-all-rnr-threads,non-rumours,non-rumour,nonrumour,,,,
535926525422358528,gurlitt-all-rnr-threads,non-rumours,non-rumour,nonrumour,,,,
536836469542105088,gurlitt-all-rnr-threads,non-rumours,non-rumour,nonrumour,,,,
536787694169632768,gurlitt-all-rnr-threads,non-rumours,non-rumour,nonrumour,,,,
535919972439322624,gurlitt-all-rnr-threads,non-rumours,non-rumour,nonrumour,,,,
536760961692999680,gurlitt-all-rnr-threads,non-rumours,non-rumour,nonrumour,,,,
536829324092268544,gurlitt-all-rnr-threads,non-rumours,non-rumour,nonrumour,,,,
536439239118831617,gurlitt-all-rnr-threads,non-rumours,non-rumour,nonrumour,,,,
535656301833895937,gurlitt-all-rnr-threads,non-rumours,non-rumour,nonrumour,,,,
536778036180680704,gurlitt-all-rnr-threads,non-rumours,non-rumour,nonrumour,,,,
536812027571109888,gurlitt-all-rnr-threads,non-rumours,non-rumour,nonrumour,,,,
535967306799538176,gurlitt-all-rnr-threads,non-rumours,non-rumour,nonrumour,,,,
535450182142672897,gurlitt-all-rnr-threads,non-rumours,non-rumour,nonrumour,,,,
535415010361487360,gurlitt-all-rnr-threads,non-rumours,non-rumour,nonrumour,,,,
535463053190778880,gurlitt-all-rnr-threads,non-rumours,non-rumour,nonrumour,,,,
535936169196810240,gurlitt-all-rnr-threads,non-rumours,non-rumour,nonrumour,,,,
535482306585042944,gurlitt-all-rnr-threads,non-rumours,non-rumour,nonrumour,,,,
536223820131360769,gurlitt-all-rnr-threads,non-rumours,non-rumour,nonrumour,,,,
536810390739755009,gurlitt-all-rnr-threads,non-rumours,non-rumour,nonrumour,,,,
536333336353193985,gurlitt-all-rnr-threads,non-rumours,non-rumour,nonrumour,,,,
536141476460507136,gurlitt-all-rnr-threads,non-rumours,non-rumour,nonrumour,,,,
535818207542923265,gurlitt-all-rnr-threads,non-rumours,non-rumour,nonrumour,,,,
536228944299958272,gurlitt-all-rnr-threads,non-rumours,non-rumour,nonrumour,,,,
536836468816498688,gurlitt-all-rnr-threads,non-rumours,non-rumour,nonrumour,,,,
536425735771414528,gurlitt-all-rnr-threads,non-rumours,non-rumour,nonrumour,,,,
536489596423774208,gurlitt-all-rnr-threads,non-rumours,non-rumour,nonrumour,,,,
535552999624826882,gurlitt-all-rnr-threads,non-rumours,non-rumour,nonrumour,,,,
524950899899113473,ottawashooting-all-rnr-threads,rumours,true,rumour,0,1,0,Shots fired on Parliament Hill
524990163446140928,ottawashooting-all-rnr-threads,rumours,false,rumour,1,0,0,There were three separate shooting incidents
525039002307424256,ottawashooting-all-rnr-threads,rumours,true,rumour,0,1,0,Soldier shot dead is Cpl. Nathan Cirillo
524957752138149888,ottawashooting-all-rnr-threads,rumours,unverified,rumour,0,0,0,NORAD on high-alert posture
525051365195014144,ottawashooting-all-rnr-threads,rumours,unverified,rumour,0,0,0,Three patients injured in Ottawa shooting released from hospital
524976773671292928,ottawashooting-all-rnr-threads,rumours,true,rumour,0,1,0,The Leafs-Senators game in Ottawa has been postponed
525027651908800512,ottawashooting-all-rnr-threads,rumours,true,rumour,0,1,1,Soldier shot dead is Cpl. Nathan Cirillo
525021083892994049,ottawashooting-all-rnr-threads,rumours,true,rumour,0,1,0,Soldier shot dead is Cpl. Nathan Cirillo
524976486902951936,ottawashooting-all-rnr-threads,rumours,false,rumour,1,0,0,There were three separate shooting incidents
524998906799988736,ottawashooting-all-rnr-threads,rumours,true,rumour,0,1,1,Obama to speak with Harper today
525024518713397249,ottawashooting-all-rnr-threads,rumours,true,rumour,0,1,0,Soldier shot dead is Cpl. Nathan Cirillo
524949439367380993,ottawashooting-all-rnr-threads,rumours,false,rumour,1,0,0,There was a shooting incident near/at the Rideau Centre
524947416869388288,ottawashooting-all-rnr-threads,rumours,false,rumour,1,0,0,A second shooting suspect has been shot
525018799347875841,ottawashooting-all-rnr-threads,rumours,true,rumour,0,1,0,The suspect's name is Michael Zehaf-Bibeau
524929893759737856,ottawashooting-all-rnr-threads,rumours,true,rumour,0,1,0,A soldier has been shot at National War Memorial
524950584349454337,ottawashooting-all-rnr-threads,rumours,true,rumour,0,1,0,Shots fired on Parliament Hill
524954833648771072,ottawashooting-all-rnr-threads,rumours,unverified,rumour,0,0,0,30 shots were fired inside/on Parliament Hill
524948941956448257,ottawashooting-all-rnr-threads,rumours,true,rumour,0,1,0,Shots fired on Parliament Hill
524949021744713728,ottawashooting-all-rnr-threads,rumours,false,rumour,1,0,0,There was a shooting incident near/at the Rideau Centre
525046443103354880,ottawashooting-all-rnr-threads,rumours,true,rumour,0,1,0,The suspect's name is Michael Zehaf-Bibeau
524945197705461763,ottawashooting-all-rnr-threads,rumours,true,rumour,0,1,0,A soldier has been shot at National War Memorial
524942470472548352,ottawashooting-all-rnr-threads,rumours,true,rumour,0,1,0,The University of Ottawa is on lockdown
525029954908860417,ottawashooting-all-rnr-threads,rumours,true,rumour,0,1,0,Soldier shot dead is Cpl. Nathan Cirillo
525032872647065600,ottawashooting-all-rnr-threads,rumours,unverified,rumour,0,0,0,The suspect had his passport confiscated by Canadian government
525028522361114625,ottawashooting-all-rnr-threads,rumours,true,rumour,0,1,0,Soldier shot dead is Cpl. Nathan Cirillo
524925050739490816,ottawashooting-all-rnr-threads,rumours,true,rumour,0,1,0,A soldier has been shot at National War Memorial
524985687704338432,ottawashooting-all-rnr-threads,rumours,false,rumour,1,0,0,The shooting was a coordinated attack
525028734991343617,ottawashooting-all-rnr-threads,rumours,true,rumour,0,1,1,The suspect's name is Michael Zehaf-Bibeau
524945879455653889,ottawashooting-all-rnr-threads,rumours,true,rumour,0,1,0,Suspected shooter has been killed/is dead
525030696738652160,ottawashooting-all-rnr-threads,rumours,true,rumour,0,1,0,Soldier shot dead is Cpl. Nathan Cirillo
524959809402331137,ottawashooting-all-rnr-threads,rumours,true,rumour,0,1,0,Suspected shooter has been killed/is dead
524934673760530432,ottawashooting-all-rnr-threads,rumours,true,rumour,0,1,0,Parliament Hill is on lockdown
524924034124107776,ottawashooting-all-rnr-threads,rumours,true,rumour,0,1,0,A soldier has been shot at National War Memorial
525036214286815232,ottawashooting-all-rnr-threads,rumours,true,rumour,0,1,0,The soldier shot at War Memorial has died
524977076433321987,ottawashooting-all-rnr-threads,rumours,true,rumour,0,1,0,There will be a police news conference
524977321430630400,ottawashooting-all-rnr-threads,rumours,false,rumour,1,0,0,There are multiple shooting suspects still at large
524987432656453632,ottawashooting-all-rnr-threads,rumours,true,rumour,0,1,0,There will be a police news conference
524935586025861121,ottawashooting-all-rnr-threads,rumours,unverified,rumour,0,0,0,As many as 50 shots have been fired on Parliament Hill
524948206023880704,ottawashooting-all-rnr-threads,rumours,true,rumour,0,1,0,Suspected shooter has been killed/is dead
524942548066791424,ottawashooting-all-rnr-threads,rumours,true,rumour,0,1,0,Shots fired on Parliament Hill
525026219100995584,ottawashooting-all-rnr-threads,rumours,true,rumour,0,1,0,Soldier shot dead is Cpl. Nathan Cirillo
525029016001318913,ottawashooting-all-rnr-threads,rumours,true,rumour,0,1,0,The suspect's name is Michael Zehaf-Bibeau
524987990524047361,ottawashooting-all-rnr-threads,rumours,true,rumour,0,1,0,Suspected shooter has been killed/is dead
524993533212897281,ottawashooting-all-rnr-threads,rumours,unverified,rumour,0,0,0,The FBI is assisting Canadians with the Ottawa shooting
524931019745812480,ottawashooting-all-rnr-threads,rumours,true,rumour,0,1,0,A soldier has been shot at National War Memorial
524925033626738688,ottawashooting-all-rnr-threads,rumours,true,rumour,0,1,0,A soldier has been shot at National War Memorial
524923341359300608,ottawashooting-all-rnr-threads,rumours,true,rumour,0,1,0,A soldier has been shot at National War Memorial
524959630158725120,ottawashooting-all-rnr-threads,rumours,false,rumour,1,0,0,There were three separate shooting incidents
525027116287811584,ottawashooting-all-rnr-threads,rumours,true,rumour,0,1,0,The soldier shot at War Memorial has died
524961659685588995,ottawashooting-all-rnr-threads,rumours,false,rumour,1,0,0,There was a shooting incident near/at the Rideau Centre
525040767317082113,ottawashooting-all-rnr-threads,rumours,true,rumour,0,1,0,The suspect's name is Michael Zehaf-Bibeau
524940716733370374,ottawashooting-all-rnr-threads,rumours,unverified,rumour,0,0,0,Shooter is still on the loose
524989654995849216,ottawashooting-all-rnr-threads,rumours,true,rumour,0,1,0,The soldier shot at War Memorial has died
525071638464049152,ottawashooting-all-rnr-threads,rumours,true,rumour,0,1,0,The Prime Minister will make a statement later today
524960247518330881,ottawashooting-all-rnr-threads,rumours,true,rumour,0,1,0,Shots fired on Parliament Hill
524940077978640384,ottawashooting-all-rnr-threads,rumours,false,rumour,1,0,0,The suspect is on the roof of building at Metcalfe and Sparks Street
524966770428243968,ottawashooting-all-rnr-threads,rumours,true,rumour,0,1,0,The soldier shot at War Memorial has died
525028171549523971,ottawashooting-all-rnr-threads,rumours,true,rumour,0,1,0,Soldier shot dead is Cpl. Nathan Cirillo
524956294395224064,ottawashooting-all-rnr-threads,rumours,false,rumour,1,0,0,There were three separate shooting incidents
525062013551001600,ottawashooting-all-rnr-threads,rumours,true,rumour,0,1,0,The Prime Minister will make a statement later today
524942058042449920,ottawashooting-all-rnr-threads,rumours,false,rumour,1,0,0,There are multiple shooting suspects still at large
525056576038518785,ottawashooting-all-rnr-threads,rumours,true,rumour,0,1,0,The soldier who was killed had a six-year-old son
525040509937795072,ottawashooting-all-rnr-threads,rumours,true,rumour,0,1,0,Soldier shot dead is Cpl. Nathan Cirillo
524977651476623360,ottawashooting-all-rnr-threads,rumours,true,rumour,0,1,0,The soldier shot at War Memorial has died
524964223185850368,ottawashooting-all-rnr-threads,rumours,true,rumour,0,1,0,The soldier who was shot is a reservist from Hamilton
524938107142283264,ottawashooting-all-rnr-threads,rumours,true,rumour,0,1,0,Parliament Hill is on lockdown
524951893467234304,ottawashooting-all-rnr-threads,rumours,true,rumour,0,1,0,The soldier shot at War Memorial has died
524923480173981696,ottawashooting-all-rnr-threads,rumours,true,rumour,0,1,0,Shots fired on Parliament Hill
525044004287971329,ottawashooting-all-rnr-threads,rumours,true,rumour,0,1,0,The suspect's name is Michael Zehaf-Bibeau
524932574909857792,ottawashooting-all-rnr-threads,rumours,true,rumour,0,1,0,A soldier has been shot at National War Memorial
524979946218061824,ottawashooting-all-rnr-threads,rumours,true,rumour,0,1,0,The Leafs-Senators game in Ottawa has been postponed
524981945131102211,ottawashooting-all-rnr-threads,rumours,true,rumour,0,1,0,The soldier shot at War Memorial has died
524943132409212928,ottawashooting-all-rnr-threads,rumours,true,rumour,0,1,0,The University of Ottawa is on lockdown
524979668282519552,ottawashooting-all-rnr-threads,rumours,unverified,rumour,0,0,0,Two new patients admitted to hosptial
524957566502445056,ottawashooting-all-rnr-threads,rumours,false,rumour,1,0,0,There was a shooting incident near/at the Rideau Centre
524976963862429697,ottawashooting-all-rnr-threads,rumours,true,rumour,0,1,0,The soldier shot at War Memorial has died
524935246647926784,ottawashooting-all-rnr-threads,rumours,true,rumour,0,1,0,A soldier has been shot at National War Memorial
524927288077746176,ottawashooting-all-rnr-threads,rumours,true,rumour,0,1,0,Shots fired on Parliament Hill
524983366261936130,ottawashooting-all-rnr-threads,rumours,true,rumour,0,1,0,The soldier shot at War Memorial has died
524974779540197376,ottawashooting-all-rnr-threads,rumours,true,rumour,0,1,0,Obama to speak with Harper today
525023642007371776,ottawashooting-all-rnr-threads,rumours,true,rumour,0,1,0,Soldier shot dead is Cpl. Nathan Cirillo
524965165759221760,ottawashooting-all-rnr-threads,rumours,true,rumour,0,1,1,The soldier shot at War Memorial has died
524923676484177920,ottawashooting-all-rnr-threads,rumours,true,rumour,0,1,0,Shots fired on Parliament Hill
524945684966166528,ottawashooting-all-rnr-threads,rumours,false,rumour,1,0,0,There are multiple shooting suspects still at large
525030416261337089,ottawashooting-all-rnr-threads,rumours,true,rumour,0,1,0,Soldier shot dead is Cpl. Nathan Cirillo
525035564014526464,ottawashooting-all-rnr-threads,rumours,unverified,rumour,0,0,0,The FBI is assisting Canadians with the Ottawa shooting
524946921547628545,ottawashooting-all-rnr-threads,rumours,true,rumour,0,1,0,The soldier shot at War Memorial has died
524964564018790400,ottawashooting-all-rnr-threads,rumours,false,rumour,1,0,0,There are multiple shooting suspects still at large
525038517844709376,ottawashooting-all-rnr-threads,rumours,true,rumour,0,1,0,Soldier shot dead is Cpl. Nathan Cirillo
525011494896148480,ottawashooting-all-rnr-threads,rumours,true,rumour,0,1,0,Sergeant at Arms Kevin Vickers shot the suspect (to death)
524939378552864768,ottawashooting-all-rnr-threads,rumours,true,rumour,0,1,0,Sergeant at Arms Kevin Vickers shot the suspect (to death)
524949443607412737,ottawashooting-all-rnr-threads,rumours,false,rumour,1,0,0,There was a shooting incident near/at the Rideau Centre
524945676443340800,ottawashooting-all-rnr-threads,rumours,false,rumour,1,0,0,There are multiple shooting suspects still at large
524956372199555072,ottawashooting-all-rnr-threads,rumours,false,rumour,1,0,0,There was a shooting incident near/at the Rideau Centre
524937330923417600,ottawashooting-all-rnr-threads,rumours,unverified,rumour,0,0,0,Shooter is still on the loose
524944006577668096,ottawashooting-all-rnr-threads,rumours,true,rumour,0,1,0,Suspected shooter has been killed/is dead
524967298604359684,ottawashooting-all-rnr-threads,rumours,true,rumour,0,1,0,Shots fired on Parliament Hill
525029232691650561,ottawashooting-all-rnr-threads,rumours,true,rumour,0,1,0,Soldier shot dead is Cpl. Nathan Cirillo
525030963781595136,ottawashooting-all-rnr-threads,rumours,true,rumour,0,1,0,Soldier shot dead is Cpl. Nathan Cirillo
524952094986350592,ottawashooting-all-rnr-threads,rumours,true,rumour,0,1,0,A soldier has been shot at National War Memorial
525049639016615937,ottawashooting-all-rnr-threads,rumours,true,rumour,0,1,0,Soldier shot dead is Cpl. Nathan Cirillo
524982066564567040,ottawashooting-all-rnr-threads,rumours,true,rumour,0,1,0,The soldier shot at War Memorial has died
524949887591653376,ottawashooting-all-rnr-threads,rumours,false,rumour,1,0,0,There was a shooting incident near/at the Rideau Centre
525008463819464704,ottawashooting-all-rnr-threads,rumours,true,rumour,0,1,0,Sergeant at Arms Kevin Vickers shot the suspect (to death)
525001895631654912,ottawashooting-all-rnr-threads,rumours,true,rumour,0,1,0,The Prime Minister will make a statement later today
524979133366165504,ottawashooting-all-rnr-threads,rumours,true,rumour,0,1,0,The Leafs-Senators game in Ottawa has been postponed
524973811092193280,ottawashooting-all-rnr-threads,rumours,true,rumour,0,1,0,There will be a police news conference
525025552634494976,ottawashooting-all-rnr-threads,rumours,true,rumour,0,1,0,Sergeant at Arms Kevin Vickers shot the suspect (to death)
525032520124207104,ottawashooting-all-rnr-threads,rumours,true,rumour,0,1,0,The suspect's name is Michael Zehaf-Bibeau
524928878075457536,ottawashooting-all-rnr-threads,rumours,true,rumour,0,1,0,A soldier has been shot at National War Memorial
524982699220803586,ottawashooting-all-rnr-threads,rumours,true,rumour,0,1,0,The soldier shot at War Memorial has died
524932327907270656,ottawashooting-all-rnr-threads,rumours,true,rumour,0,1,0,Rideau Centre has been evacuated
524953604717686784,ottawashooting-all-rnr-threads,rumours,unverified,rumour,0,0,0,Canadian officials are calling the incident a terrorist attack
524929769469538305,ottawashooting-all-rnr-threads,rumours,true,rumour,0,1,0,A soldier has been shot at National War Memorial
524953918166794240,ottawashooting-all-rnr-threads,rumours,false,rumour,1,0,0,There were three separate shooting incidents
524941504796962816,ottawashooting-all-rnr-threads,rumours,true,rumour,0,1,0,A soldier has been shot at National War Memorial
524926235030589440,ottawashooting-all-rnr-threads,rumours,true,rumour,0,1,0,A soldier has been shot at National War Memorial
524927281048080385,ottawashooting-all-rnr-threads,rumours,unverified,rumour,0,0,0,There are snipers on the roof of the National Art Gallery
525059348574130176,ottawashooting-all-rnr-threads,rumours,unverified,rumour,0,0,0,Three patients injured in Ottawa shooting released from hospital
525057374965739520,ottawashooting-all-rnr-threads,rumours,true,rumour,0,1,0,The Prime Minister will make a statement later today
525066876058361856,ottawashooting-all-rnr-threads,rumours,true,rumour,0,1,0,The soldier who was killed had a six-year-old son
525003468659228672,ottawashooting-all-rnr-threads,rumours,false,rumour,1,0,0,Soldiers are already back guarding the war memorial after today's shooting incident
524969501704855552,ottawashooting-all-rnr-threads,rumours,true,rumour,0,1,0,The soldier shot at War Memorial has died
524932935137628160,ottawashooting-all-rnr-threads,rumours,true,rumour,0,1,0,Suspected shooter has been killed/is dead
525068915068923904,ottawashooting-all-rnr-threads,rumours,true,rumour,0,1,0,The suspect's name is Michael Zehaf-Bibeau
524978526974668800,ottawashooting-all-rnr-threads,rumours,true,rumour,0,1,0,The Leafs-Senators game in Ottawa has been postponed
524941529928839168,ottawashooting-all-rnr-threads,rumours,true,rumour,0,1,0,Shots fired on Parliament Hill
524964989975937024,ottawashooting-all-rnr-threads,rumours,unverified,rumour,0,0,0,Authorities were aware of potential ISIS-related attack
524948264148160513,ottawashooting-all-rnr-threads,rumours,true,rumour,0,1,0,Suspected shooter has been killed/is dead
524982531075371008,ottawashooting-all-rnr-threads,rumours,true,rumour,0,1,0,Suspected shooter has been killed/is dead
524935345998422016,ottawashooting-all-rnr-threads,rumours,unverified,rumour,0,0,0,There are snipers on the roof of the National Art Gallery
524931324763992064,ottawashooting-all-rnr-threads,rumours,true,rumour,0,1,0,Suspected shooter has been killed/is dead
524933399828369409,ottawashooting-all-rnr-threads,rumours,true,rumour,0,1,0,A soldier has been shot at National War Memorial
524949306101743616,ottawashooting-all-rnr-threads,rumours,false,rumour,1,0,0,There was a shooting incident near/at the Rideau Centre
524996383120818176,ottawashooting-all-rnr-threads,rumours,true,rumour,0,1,0,Sergeant at Arms Kevin Vickers shot the suspect (to death)
525058633730891776,ottawashooting-all-rnr-threads,rumours,true,rumour,0,1,0,Soldier shot dead is Cpl. Nathan Cirillo
525020326816927744,ottawashooting-all-rnr-threads,rumours,true,rumour,0,1,0,Soldier shot dead is Cpl. Nathan Cirillo
524950264303075328,ottawashooting-all-rnr-threads,rumours,false,rumour,1,0,0,There were three separate shooting incidents
525061787860103169,ottawashooting-all-rnr-threads,rumours,true,rumour,0,1,0,Sergeant at Arms Kevin Vickers shot the suspect (to death)
524975705206304769,ottawashooting-all-rnr-threads,rumours,true,rumour,0,1,0,The Leafs-Senators game in Ottawa has been postponed
525002243100401664,ottawashooting-all-rnr-threads,rumours,unverified,rumour,0,0,0,U.S. Army has increased security at Tomb of the Unknown at Arlington National Cemetary
525034687245582337,ottawashooting-all-rnr-threads,rumours,true,rumour,0,1,0,Soldier shot dead is Cpl. Nathan Cirillo
525039686931075072,ottawashooting-all-rnr-threads,rumours,true,rumour,0,1,0,The soldier shot at War Memorial has died
525007664544493569,ottawashooting-all-rnr-threads,rumours,true,rumour,0,1,0,The soldier shot at War Memorial has died
525033357722550272,ottawashooting-all-rnr-threads,rumours,true,rumour,0,1,0,The suspect's name is Michael Zehaf-Bibeau
524947674164760577,ottawashooting-all-rnr-threads,rumours,true,rumour,0,1,0,The soldier shot at War Memorial has died
525037656820826112,ottawashooting-all-rnr-threads,rumours,true,rumour,0,1,0,Soldier shot dead is Cpl. Nathan Cirillo
525017500061536258,ottawashooting-all-rnr-threads,rumours,true,rumour,0,1,0,The suspect's name is Michael Zehaf-Bibeau
524975552638504960,ottawashooting-all-rnr-threads,rumours,true,rumour,0,1,0,The Leafs-Senators game in Ottawa has been postponed
524983325275197440,ottawashooting-all-rnr-threads,rumours,true,rumour,0,1,0,There will be a police news conference
524930575472136192,ottawashooting-all-rnr-threads,rumours,unverified,rumour,0,0,0,Suspect has been apprehended on Parliament Hill
524934381828603904,ottawashooting-all-rnr-threads,rumours,true,rumour,0,1,0,A soldier has been shot at National War Memorial
525062993898635264,ottawashooting-all-rnr-threads,rumours,true,rumour,0,1,0,Soldier shot dead is Cpl. Nathan Cirillo
525025695425380352,ottawashooting-all-rnr-threads,rumours,true,rumour,0,1,0,Soldier shot dead is Cpl. Nathan Cirillo
524976526891417600,ottawashooting-all-rnr-threads,rumours,true,rumour,0,1,0,The soldier shot at War Memorial has died
524926472432410625,ottawashooting-all-rnr-threads,rumours,unverified,rumour,0,0,0,A person has been wounded inside Parliament buildings
525019752507658240,ottawashooting-all-rnr-threads,rumours,true,rumour,0,1,0,The suspect's name is Michael Zehaf-Bibeau
525023912221212672,ottawashooting-all-rnr-threads,rumours,true,rumour,0,1,0,The suspect's name is Michael Zehaf-Bibeau
524974106308251648,ottawashooting-all-rnr-threads,rumours,true,rumour,0,1,0,The soldier shot at War Memorial has died
524987107081977856,ottawashooting-all-rnr-threads,rumours,true,rumour,0,1,0,Shots fired on Parliament Hill
525027539845410816,ottawashooting-all-rnr-threads,rumours,true,rumour,0,1,0,The suspect's name is Michael Zehaf-Bibeau
524981689781870593,ottawashooting-all-rnr-threads,rumours,true,rumour,0,1,0,The soldier shot at War Memorial has died
525023858831523841,ottawashooting-all-rnr-threads,rumours,true,rumour,0,1,0,Soldier shot dead is Cpl. Nathan Cirillo
524932056560963584,ottawashooting-all-rnr-threads,rumours,unverified,rumour,0,0,0,At least 20 shots were fired inside Parliament buildings
525036240848945152,ottawashooting-all-rnr-threads,rumours,true,rumour,0,1,0,Sergeant at Arms Kevin Vickers shot the suspect (to death)
524969483317026816,ottawashooting-all-rnr-threads,rumours,true,rumour,0,1,0,The soldier shot at War Memorial has died
524965723672961024,ottawashooting-all-rnr-threads,rumours,true,rumour,0,1,0,The soldier shot at War Memorial has died
524930293921107969,ottawashooting-all-rnr-threads,rumours,true,rumour,0,1,0,A soldier has been shot at National War Memorial
524955557686284288,ottawashooting-all-rnr-threads,rumours,false,rumour,1,0,0,There were three separate shooting incidents
524945665827545089,ottawashooting-all-rnr-threads,rumours,true,rumour,0,1,0,A soldier has been shot at National War Memorial
524937204552843268,ottawashooting-all-rnr-threads,rumours,true,rumour,0,1,0,A soldier has been shot at National War Memorial
524971492820647936,ottawashooting-all-rnr-threads,rumours,true,rumour,0,1,0,A soldier has been shot at National War Memorial
524947196131966976,ottawashooting-all-rnr-threads,rumours,false,rumour,1,0,0,There are multiple shooting suspects still at large
525067419635576834,ottawashooting-all-rnr-threads,rumours,true,rumour,0,1,0,Soldier shot dead is Cpl. Nathan Cirillo
524949837729787905,ottawashooting-all-rnr-threads,rumours,false,rumour,1,0,0,There were three separate shooting incidents
525031558949134336,ottawashooting-all-rnr-threads,rumours,true,rumour,0,1,0,Suspect is (also) named Michael Joseph Hall
525027873867198465,ottawashooting-all-rnr-threads,rumours,true,rumour,0,1,0,Soldier shot dead is Cpl. Nathan Cirillo
524971124845985792,ottawashooting-all-rnr-threads,rumours,true,rumour,0,1,0,The soldier shot at War Memorial has died
525033778637721600,ottawashooting-all-rnr-threads,rumours,true,rumour,0,1,0,The suspect's name is Michael Zehaf-Bibeau
524923678472286209,ottawashooting-all-rnr-threads,rumours,true,rumour,0,1,0,Shots fired on Parliament Hill
525057025785356288,ottawashooting-all-rnr-threads,rumours,true,rumour,0,1,0,Soldier shot dead is Cpl. Nathan Cirillo
524943114885427203,ottawashooting-all-rnr-threads,rumours,true,rumour,0,1,0,Shots fired on Parliament Hill
525023025792835585,ottawashooting-all-rnr-threads,rumours,true,rumour,0,1,0,Soldier shot dead is Cpl. Nathan Cirillo
524951625556066304,ottawashooting-all-rnr-threads,rumours,true,rumour,0,1,1,The soldier shot at War Memorial has died
524955620538343426,ottawashooting-all-rnr-threads,rumours,true,rumour,0,1,0,A soldier has been shot at National War Memorial
524980579956449281,ottawashooting-all-rnr-threads,rumours,unverified,rumour,0,0,0,Rideau Centre is on lockdown
524951585231994880,ottawashooting-all-rnr-threads,rumours,false,rumour,1,0,0,There was a shooting incident near/at the Rideau Centre
524936137589411840,ottawashooting-all-rnr-threads,rumours,true,rumour,0,1,0,Suspected shooter has been killed/is dead
524926279309860864,ottawashooting-all-rnr-threads,rumours,true,rumour,0,1,0,A soldier has been shot at National War Memorial
524945170777645059,ottawashooting-all-rnr-threads,rumours,unverified,rumour,0,0,0,Shooter is still on the loose
525042177643016192,ottawashooting-all-rnr-threads,rumours,true,rumour,0,1,0,The suspect's name is Michael Zehaf-Bibeau
524942149973188608,ottawashooting-all-rnr-threads,rumours,true,rumour,0,1,0,Parliament Hill is on lockdown
524925553489760256,ottawashooting-all-rnr-threads,rumours,true,rumour,0,1,0,Shots fired on Parliament Hill
524965786059026432,ottawashooting-all-rnr-threads,rumours,true,rumour,0,1,0,The soldier shot at War Memorial has died
524926184069808129,ottawashooting-all-rnr-threads,rumours,true,rumour,0,1,0,A soldier has been shot at National War Memorial
524954586696933377,ottawashooting-all-rnr-threads,rumours,false,rumour,1,0,0,There were three separate shooting incidents
524942946765131776,ottawashooting-all-rnr-threads,rumours,true,rumour,0,1,0,Suspected shooter has been killed/is dead
524965406377664512,ottawashooting-all-rnr-threads,rumours,true,rumour,0,1,0,Sergeant at Arms Kevin Vickers shot the suspect (to death)
524941727753568257,ottawashooting-all-rnr-threads,rumours,unverified,rumour,0,0,0,Shooter is still on the loose
524964948683005952,ottawashooting-all-rnr-threads,rumours,false,rumour,1,0,0,There are multiple shooting suspects still at large
524983050187579393,ottawashooting-all-rnr-threads,rumours,false,rumour,1,0,0,There was a shooting incident near/at the Rideau Centre
524974318087061504,ottawashooting-all-rnr-threads,rumours,true,rumour,0,1,0,The soldier shot at War Memorial has died
524953110285152256,ottawashooting-all-rnr-threads,rumours,true,rumour,0,1,0,Shots fired on Parliament Hill
525048557569454080,ottawashooting-all-rnr-threads,rumours,true,rumour,0,1,0,Soldier shot dead is Cpl. Nathan Cirillo
524967376719466496,ottawashooting-all-rnr-threads,rumours,true,rumour,0,1,0,The soldier shot at War Memorial has died
524981223291383809,ottawashooting-all-rnr-threads,rumours,unverified,rumour,0,0,0,Two new patients admitted to hosptial
524926301678096384,ottawashooting-all-rnr-threads,rumours,unverified,rumour,0,0,0,Shooter is still on the loose
525065430713790465,ottawashooting-all-rnr-threads,rumours,true,rumour,0,1,0,The Prime Minister will make a statement later today
524943886553468929,ottawashooting-all-rnr-threads,rumours,true,rumour,0,1,0,Suspected shooter has been killed/is dead
525029913230053377,ottawashooting-all-rnr-threads,rumours,true,rumour,0,1,0,Soldier shot dead is Cpl. Nathan Cirillo
524947502903345153,ottawashooting-all-rnr-threads,rumours,true,rumour,0,1,0,A soldier has been shot at National War Memorial
524944399890124801,ottawashooting-all-rnr-threads,rumours,true,rumour,0,1,0,Suspected shooter has been killed/is dead
524951419175309312,ottawashooting-all-rnr-threads,rumours,false,rumour,1,0,0,There was a shooting incident near/at the Rideau Centre
524974885362479104,ottawashooting-all-rnr-threads,rumours,true,rumour,0,1,0,The soldier shot at War Memorial has died
524943504192311296,ottawashooting-all-rnr-threads,rumours,true,rumour,0,1,0,The University of Ottawa is on lockdown
524991452527722496,ottawashooting-all-rnr-threads,rumours,true,rumour,0,1,0,The soldier shot at War Memorial has died
525048987649576960,ottawashooting-all-rnr-threads,rumours,true,rumour,0,1,0,Soldier shot dead is Cpl. Nathan Cirillo
525024066152169473,ottawashooting-all-rnr-threads,rumours,true,rumour,0,1,0,Soldier shot dead is Cpl. Nathan Cirillo
524970966842376192,ottawashooting-all-rnr-threads,rumours,true,rumour,0,1,0,The soldier shot at War Memorial has died
524943721302089728,ottawashooting-all-rnr-threads,rumours,true,rumour,0,1,0,Shots fired on Parliament Hill
524941041301225472,ottawashooting-all-rnr-threads,rumours,true,rumour,0,1,0,A soldier has been shot at National War Memorial
524970851675176960,ottawashooting-all-rnr-threads,rumours,unverified,rumour,0,0,0,One parliamentary guard has been injured
524946336190586880,ottawashooting-all-rnr-threads,rumours,unverified,rumour,0,0,0,"There were ""several"" shooting incidents"
524931830173421568,ottawashooting-all-rnr-threads,rumours,true,rumour,0,1,0,Suspected shooter has been killed/is dead
524947744809418752,ottawashooting-all-rnr-threads,rumours,unverified,rumour,0,0,0,All bridges to/from Ottawa are closed
524936365427806208,ottawashooting-all-rnr-threads,rumours,unverified,rumour,0,0,0,Shooter is still on the loose
525051210349289472,ottawashooting-all-rnr-threads,rumours,unverified,rumour,0,0,0,Suspect was a (Canadian) convert to Islam
524968205690089472,ottawashooting-all-rnr-threads,rumours,true,rumour,0,1,0,The soldier shot at War Memorial has died
525038096086499328,ottawashooting-all-rnr-threads,rumours,true,rumour,0,1,0,Soldier shot dead is Cpl. Nathan Cirillo
524958128392376320,ottawashooting-all-rnr-threads,rumours,false,rumour,1,0,0,There are multiple shooting suspects still at large
525040097272819712,ottawashooting-all-rnr-threads,rumours,unverified,rumour,0,0,0,The suspect was not wearing a GamerGate t-shirt during the shooting
525040545870385153,ottawashooting-all-rnr-threads,rumours,true,rumour,0,1,0,Soldier shot dead is Cpl. Nathan Cirillo
524934941914968064,ottawashooting-all-rnr-threads,rumours,true,rumour,0,1,0,A soldier has been shot at National War Memorial
524951314556796929,ottawashooting-all-rnr-threads,rumours,false,rumour,1,0,0,There was a shooting incident near/at the Rideau Centre
524976929703997441,ottawashooting-all-rnr-threads,rumours,unverified,rumour,0,0,0,Two new patients admitted to hosptial
524983581983375360,ottawashooting-all-rnr-threads,rumours,false,rumour,1,0,1,There were three separate shooting incidents
525058825909731328,ottawashooting-all-rnr-threads,rumours,unverified,rumour,0,0,0,Three patients injured in Ottawa shooting released from hospital
524967711492014080,ottawashooting-all-rnr-threads,rumours,true,rumour,0,1,0,The soldier shot at War Memorial has died
524947867975561216,ottawashooting-all-rnr-threads,rumours,false,rumour,1,0,0,There are multiple shooting suspects still at large
524922507380670464,ottawashooting-all-rnr-threads,rumours,true,rumour,0,1,0,A soldier has been shot at National War Memorial
524969201102901248,ottawashooting-all-rnr-threads,rumours,true,rumour,0,1,1,Sergeant at Arms Kevin Vickers shot the suspect (to death)
524974975623892992,ottawashooting-all-rnr-threads,rumours,true,rumour,0,1,0,The Leafs-Senators game in Ottawa has been postponed
524969878823137280,ottawashooting-all-rnr-threads,rumours,unverified,rumour,0,0,0,Two new patients admitted to hosptial
525025329916948481,ottawashooting-all-rnr-threads,rumours,true,rumour,0,1,0,Soldier shot dead is Cpl. Nathan Cirillo
524965775036387329,ottawashooting-all-rnr-threads,rumours,true,rumour,0,1,0,Sergeant at Arms Kevin Vickers shot the suspect (to death)
525021697003782145,ottawashooting-all-rnr-threads,rumours,true,rumour,0,1,0,Soldier shot dead is Cpl. Nathan Cirillo
524999488067633152,ottawashooting-all-rnr-threads,rumours,true,rumour,0,1,0,The soldier shot at War Memorial has died
524937542131793920,ottawashooting-all-rnr-threads,rumours,unverified,rumour,0,0,0,Rideau Centre is on lockdown
524922729485848576,ottawashooting-all-rnr-threads,rumours,true,rumour,0,1,0,A soldier has been shot at National War Memorial
524935216134369281,ottawashooting-all-rnr-threads,rumours,true,rumour,0,1,0,Shots fired on Parliament Hill
524948264886759424,ottawashooting-all-rnr-threads,rumours,true,rumour,0,1,0,Shots fired on Parliament Hill
524949339131904000,ottawashooting-all-rnr-threads,rumours,true,rumour,0,1,0,Suspected shooter has been killed/is dead
525005886272843776,ottawashooting-all-rnr-threads,rumours,true,rumour,0,1,0,Sergeant at Arms Kevin Vickers shot the suspect (to death)
524935085863481344,ottawashooting-all-rnr-threads,rumours,true,rumour,0,1,0,Shots fired on Parliament Hill
524974456851410944,ottawashooting-all-rnr-threads,rumours,false,rumour,1,0,0,There were three separate shooting incidents
524981436252950528,ottawashooting-all-rnr-threads,rumours,unverified,rumour,0,0,0,Canadians have given name of suspect to U.S. officials
525049831312875521,ottawashooting-all-rnr-threads,rumours,true,rumour,0,1,0,The suspect's name is Michael Zehaf-Bibeau
524944544681705472,ottawashooting-all-rnr-threads,rumours,unverified,rumour,0,0,0,Shooter is still on the loose
525029433632366592,ottawashooting-all-rnr-threads,rumours,true,rumour,0,1,0,Soldier shot dead is Cpl. Nathan Cirillo
524977669902172160,ottawashooting-all-rnr-threads,rumours,true,rumour,0,1,0,The Leafs-Senators game in Ottawa has been postponed
524958227768020992,ottawashooting-all-rnr-threads,rumours,unverified,rumour,0,0,0,Two new patients admitted to hosptial
524977285133524993,ottawashooting-all-rnr-threads,rumours,true,rumour,0,1,0,There will be a police news conference
524930538009006081,ottawashooting-all-rnr-threads,rumours,unverified,rumour,0,0,0,Shooter is still on the loose
524972443308683264,ottawashooting-all-rnr-threads,rumours,unverified,rumour,0,0,0,Two new patients admitted to hosptial
525025806079504385,ottawashooting-all-rnr-threads,rumours,true,rumour,0,1,0,The suspect's name is Michael Zehaf-Bibeau
524943812339437569,ottawashooting-all-rnr-threads,rumours,false,rumour,1,0,0,Shots have been fired by/near the Chateau Laurier
524935633463037953,ottawashooting-all-rnr-threads,rumours,true,rumour,0,1,0,A soldier has been shot at National War Memorial
524970731202166784,ottawashooting-all-rnr-threads,rumours,true,rumour,0,1,0,The soldier shot at War Memorial has died
524957647653863424,ottawashooting-all-rnr-threads,rumours,true,rumour,0,1,0,The Prime Minister will make a statement later today
525047767325220865,ottawashooting-all-rnr-threads,rumours,true,rumour,0,1,0,Soldier shot dead is Cpl. Nathan Cirillo
524972277406773248,ottawashooting-all-rnr-threads,rumours,true,rumour,0,1,0,Shots fired on Parliament Hill
525055052801515521,ottawashooting-all-rnr-threads,rumours,true,rumour,0,1,0,Soldier shot dead is Cpl. Nathan Cirillo
524953391634866176,ottawashooting-all-rnr-threads,rumours,true,rumour,0,1,0,Shots fired on Parliament Hill
524927695633666049,ottawashooting-all-rnr-threads,rumours,true,rumour,0,1,0,Shots fired on Parliament Hill
524952154482946048,ottawashooting-all-rnr-threads,rumours,false,rumour,1,0,0,There are multiple shooting suspects still at large
525026947307700225,ottawashooting-all-rnr-threads,rumours,true,rumour,0,1,0,Soldier shot dead is Cpl. Nathan Cirillo
524994809912504321,ottawashooting-all-rnr-threads,rumours,true,rumour,0,1,0,The soldier shot at War Memorial has died
525021358879936512,ottawashooting-all-rnr-threads,rumours,true,rumour,0,1,0,Soldier shot dead is Cpl. Nathan Cirillo
524958599433691136,ottawashooting-all-rnr-threads,rumours,unverified,rumour,0,0,0,"There were ""several"" shooting incidents"
524959027516932096,ottawashooting-all-rnr-threads,rumours,unverified,rumour,0,0,0,NORAD on high-alert posture
524982608716120065,ottawashooting-all-rnr-threads,rumours,false,rumour,1,0,0,There was a shooting incident near/at the Rideau Centre
524925987239120897,ottawashooting-all-rnr-threads,rumours,true,rumour,0,1,0,A soldier has been shot at National War Memorial
524969144832491520,ottawashooting-all-rnr-threads,rumours,true,rumour,0,1,0,The soldier shot at War Memorial has died
525008613392515073,ottawashooting-all-rnr-threads,rumours,true,rumour,0,1,0,The soldier shot at War Memorial has died
524938282732642305,ottawashooting-all-rnr-threads,rumours,true,rumour,0,1,0,Suspected shooter has been killed/is dead
524928195011698688,ottawashooting-all-rnr-threads,rumours,true,rumour,0,1,0,Shots fired on Parliament Hill
524950404283772930,ottawashooting-all-rnr-threads,rumours,true,rumour,0,1,0,A soldier has been shot at National War Memorial
524924346411020288,ottawashooting-all-rnr-threads,rumours,true,rumour,0,1,0,Shots fired on Parliament Hill
524955159840182272,ottawashooting-all-rnr-threads,rumours,false,rumour,1,0,0,There was a shooting incident near/at the Rideau Centre
525026592788348929,ottawashooting-all-rnr-threads,rumours,true,rumour,0,1,0,The suspect's name is Michael Zehaf-Bibeau
524946609453678593,ottawashooting-all-rnr-threads,rumours,true,rumour,0,1,0,The University of Ottawa is on lockdown
524947870735429632,ottawashooting-all-rnr-threads,rumours,false,rumour,1,0,0,There are multiple shooting suspects still at large
525026715123601408,ottawashooting-all-rnr-threads,rumours,true,rumour,0,1,0,Soldier shot dead is Cpl. Nathan Cirillo
524962748237889536,ottawashooting-all-rnr-threads,rumours,true,rumour,0,1,0,Sergeant at Arms Kevin Vickers shot the suspect (to death)
524955062486196224,ottawashooting-all-rnr-threads,rumours,false,rumour,1,0,1,There was a shooting incident near/at the Rideau Centre
524961908903149568,ottawashooting-all-rnr-threads,rumours,unverified,rumour,0,0,0,Two new patients admitted to hosptial
524972166006464512,ottawashooting-all-rnr-threads,rumours,true,rumour,0,1,0,Suspected shooter has been killed/is dead
524953840127574016,ottawashooting-all-rnr-threads,rumours,false,rumour,1,0,0,There was a shooting incident near/at the Rideau Centre
524949315245322241,ottawashooting-all-rnr-threads,rumours,true,rumour,0,1,0,Shots fired on Parliament Hill
524929796862918656,ottawashooting-all-rnr-threads,rumours,true,rumour,0,1,0,A soldier has been shot at National War Memorial
524966392702189569,ottawashooting-all-rnr-threads,rumours,unverified,rumour,0,0,0,NORAD on high-alert posture
524924225463668738,ottawashooting-all-rnr-threads,rumours,true,rumour,0,1,0,Shots fired on Parliament Hill
525013278343581696,ottawashooting-all-rnr-threads,rumours,true,rumour,0,1,0,The suspect's name is Michael Zehaf-Bibeau
524943063937208320,ottawashooting-all-rnr-threads,rumours,false,rumour,1,0,0,There are multiple shooting suspects still at large
525023610243928064,ottawashooting-all-rnr-threads,rumours,true,rumour,0,1,0,The suspect's name is Michael Zehaf-Bibeau
524950428598153216,ottawashooting-all-rnr-threads,rumours,false,rumour,1,0,0,There was a shooting incident near/at the Rideau Centre
524950887119482882,ottawashooting-all-rnr-threads,rumours,false,rumour,1,0,0,There are multiple shooting suspects still at large
524935769614331904,ottawashooting-all-rnr-threads,rumours,true,rumour,0,1,0,Shots fired on Parliament Hill
524926643325132800,ottawashooting-all-rnr-threads,rumours,unverified,rumour,0,0,0,Shooter is still on the loose
524938433262006272,ottawashooting-all-rnr-threads,rumours,true,rumour,0,1,0,Parliament Hill is on lockdown
524947149134774272,ottawashooting-all-rnr-threads,rumours,true,rumour,0,1,0,Suspected shooter has been killed/is dead
525044262648676353,ottawashooting-all-rnr-threads,rumours,true,rumour,0,1,0,Soldier shot dead is Cpl. Nathan Cirillo
524947964620701696,ottawashooting-all-rnr-threads,rumours,unverified,rumour,0,0,0,Some Maple Leafs players heard shots being fired
524953017389707264,ottawashooting-all-rnr-threads,rumours,unverified,rumour,0,0,0,Canadian officials are calling the incident a terrorist attack
524966582544781313,ottawashooting-all-rnr-threads,rumours,true,rumour,0,1,0,The soldier shot at War Memorial has died
525047349757100034,ottawashooting-all-rnr-threads,rumours,true,rumour,0,1,0,Soldier shot dead is Cpl. Nathan Cirillo
525025463648137216,ottawashooting-all-rnr-threads,rumours,true,rumour,0,1,0,Soldier shot dead is Cpl. Nathan Cirillo
525055879545380864,ottawashooting-all-rnr-threads,rumours,true,rumour,0,1,0,Soldier shot dead is Cpl. Nathan Cirillo
524991067675189250,ottawashooting-all-rnr-threads,rumours,true,rumour,0,1,0,The soldier shot at War Memorial has died
524940659778920448,ottawashooting-all-rnr-threads,rumours,unverified,rumour,0,0,0,Shooter is still on the loose
525040408653754368,ottawashooting-all-rnr-threads,rumours,true,rumour,0,1,0,Suspect is (also) named Michael Joseph Hall
524936872666353664,ottawashooting-all-rnr-threads,rumours,true,rumour,0,1,0,Shots fired on Parliament Hill
524935791794221057,ottawashooting-all-rnr-threads,rumours,false,rumour,1,0,0,There are multiple shooting suspects still at large
524933657493250048,ottawashooting-all-rnr-threads,rumours,true,rumour,0,1,0,Suspected shooter has been killed/is dead
525023057526947840,ottawashooting-all-rnr-threads,rumours,true,rumour,0,1,0,Soldier shot dead is Cpl. Nathan Cirillo
524955304199352320,ottawashooting-all-rnr-threads,rumours,false,rumour,1,0,0,There was a shooting incident near/at the Rideau Centre
524954630279925760,ottawashooting-all-rnr-threads,rumours,true,rumour,0,1,0,Parliament Hill is on lockdown
524943012602716160,ottawashooting-all-rnr-threads,rumours,unverified,rumour,0,0,0,Shooter is still on the loose
524987184836005889,ottawashooting-all-rnr-threads,rumours,true,rumour,0,1,1,There will be a police news conference
525039208139087872,ottawashooting-all-rnr-threads,rumours,true,rumour,0,1,0,The suspect's name is Michael Zehaf-Bibeau
524961721744900097,ottawashooting-all-rnr-threads,rumours,true,rumour,0,1,0,The soldier who was shot is a reservist from Hamilton
524962142563610625,ottawashooting-all-rnr-threads,rumours,true,rumour,0,1,0,The soldier who was shot is a reservist from Hamilton
525039242771464193,ottawashooting-all-rnr-threads,rumours,true,rumour,0,1,0,Suspect is (also) named Michael Joseph Hall
525045145079533568,ottawashooting-all-rnr-threads,rumours,true,rumour,0,1,1,The Prime Minister will make a statement later today
524961408740380672,ottawashooting-all-rnr-threads,rumours,true,rumour,0,1,0,The Prime Minister will make a statement later today
524962072262881280,ottawashooting-all-rnr-threads,rumours,false,rumour,1,0,0,There was a shooting incident near/at the Rideau Centre
524964929083023360,ottawashooting-all-rnr-threads,rumours,true,rumour,0,1,0,The soldier who was shot is a reservist from Hamilton
524956129017995264,ottawashooting-all-rnr-threads,rumours,false,rumour,1,0,0,There was a shooting incident near/at the Rideau Centre
524949628689461249,ottawashooting-all-rnr-threads,rumours,unverified,rumour,0,0,0,"There were ""several"" shooting incidents"
525010245811466240,ottawashooting-all-rnr-threads,rumours,true,rumour,0,1,0,The University of Ottawa is on lockdown
524935485370929152,ottawashooting-all-rnr-threads,rumours,true,rumour,0,1,0,Shots fired on Parliament Hill
524961362448240642,ottawashooting-all-rnr-threads,rumours,false,rumour,1,0,0,There were three separate shooting incidents
524975142641086465,ottawashooting-all-rnr-threads,rumours,true,rumour,0,1,0,The Leafs-Senators game in Ottawa has been postponed
525025279803424768,ottawashooting-all-rnr-threads,rumours,true,rumour,0,1,0,Soldier shot dead is Cpl. Nathan Cirillo
524980744658382848,ottawashooting-all-rnr-threads,rumours,true,rumour,0,1,0,There will be a police news conference
524942353355005952,ottawashooting-all-rnr-threads,rumours,true,rumour,0,1,0,Shots fired on Parliament Hill
525027317551079424,ottawashooting-all-rnr-threads,rumours,true,rumour,0,1,0,The suspect's name is Michael Zehaf-Bibeau
524947424482435073,ottawashooting-all-rnr-threads,rumours,true,rumour,0,1,1,Suspected shooter has been killed/is dead
524957517294886912,ottawashooting-all-rnr-threads,rumours,unverified,rumour,0,0,0,Shooter is still on the loose
524929106987991040,ottawashooting-all-rnr-threads,rumours,unverified,rumour,0,0,0,Shooter is still on the loose
525033625788907520,ottawashooting-all-rnr-threads,rumours,unverified,rumour,0,0,0,The suspect was prevented from travelling abroad to join ISIS
524944637489086464,ottawashooting-all-rnr-threads,rumours,false,rumour,1,0,0,There are multiple shooting suspects still at large
524956383318650880,ottawashooting-all-rnr-threads,rumours,unverified,rumour,0,0,0,"There were ""several"" shooting incidents"
525036457732231169,ottawashooting-all-rnr-threads,rumours,true,rumour,0,1,0,Soldier shot dead is Cpl. Nathan Cirillo
525009850104037376,ottawashooting-all-rnr-threads,rumours,true,rumour,0,1,0,Sergeant at Arms Kevin Vickers shot the suspect (to death)
525022663102963712,ottawashooting-all-rnr-threads,rumours,true,rumour,0,1,0,Soldier shot dead is Cpl. Nathan Cirillo
524925730053181440,ottawashooting-all-rnr-threads,rumours,unverified,rumour,0,0,0,Shooter is still on the loose
524983146266505216,ottawashooting-all-rnr-threads,rumours,true,rumour,0,1,0,Suspected shooter has been killed/is dead
524941720249978880,ottawashooting-all-rnr-threads,rumours,true,rumour,0,1,0,Shots fired on Parliament Hill
524928119955013632,ottawashooting-all-rnr-threads,rumours,true,rumour,0,1,1,A soldier has been shot at National War Memorial
525052223030845440,ottawashooting-all-rnr-threads,rumours,true,rumour,0,1,0,The suspect's name is Michael Zehaf-Bibeau
525071376084791297,ottawashooting-all-rnr-threads,rumours,true,rumour,0,1,0,Soldier shot dead is Cpl. Nathan Cirillo
524927356830760961,ottawashooting-all-rnr-threads,rumours,true,rumour,0,1,0,Shots fired on Parliament Hill
524970097711267841,ottawashooting-all-rnr-threads,rumours,true,rumour,0,1,0,The soldier shot at War Memorial has died
524932792925569024,ottawashooting-all-rnr-threads,rumours,unverified,rumour,0,0,0,Shooter is still on the loose
525046432085327872,ottawashooting-all-rnr-threads,rumours,true,rumour,0,1,0,A soldier has been shot at National War Memorial
525060425184858112,ottawashooting-all-rnr-threads,rumours,true,rumour,0,1,0,Soldier shot dead is Cpl. Nathan Cirillo
525036393983381504,ottawashooting-all-rnr-threads,rumours,true,rumour,0,1,0,Soldier shot dead is Cpl. Nathan Cirillo
524987851046658048,ottawashooting-all-rnr-threads,rumours,true,rumour,0,1,0,There will be a police news conference
525058976376193024,ottawashooting-all-rnr-threads,rumours,true,rumour,0,1,0,Soldier shot dead is Cpl. Nathan Cirillo
524952995034042368,ottawashooting-all-rnr-threads,rumours,false,rumour,1,0,0,There was a shooting incident near/at the Rideau Centre
524991844292521984,ottawashooting-all-rnr-threads,rumours,false,rumour,1,0,0,There are multiple shooting suspects still at large
524941124893700096,ottawashooting-all-rnr-threads,rumours,true,rumour,0,1,0,A soldier has been shot at National War Memorial
524980219749597185,ottawashooting-all-rnr-threads,rumours,true,rumour,0,1,0,Honorary citizenship ceremony for Malala has been cancelled
524936966492942336,ottawashooting-all-rnr-threads,rumours,true,rumour,0,1,0,Parliament Hill is on lockdown
525022700923019264,ottawashooting-all-rnr-threads,rumours,true,rumour,0,1,0,Soldier shot dead is Cpl. Nathan Cirillo
524968337747767298,ottawashooting-all-rnr-threads,rumours,unverified,rumour,0,0,0,Two new patients admitted to hosptial
525030117014507523,ottawashooting-all-rnr-threads,rumours,true,rumour,0,1,0,Soldier shot dead is Cpl. Nathan Cirillo
524935758143324160,ottawashooting-all-rnr-threads,rumours,unverified,rumour,0,0,0,30 shots were fired inside/on Parliament Hill
525052332116312064,ottawashooting-all-rnr-threads,rumours,unverified,rumour,0,0,0,Three patients injured in Ottawa shooting released from hospital
524949526487265280,ottawashooting-all-rnr-threads,rumours,false,rumour,1,0,0,There were three separate shooting incidents
524985325190656000,ottawashooting-all-rnr-threads,rumours,true,rumour,0,1,0,Obama to speak with Harper today
524931913426157568,ottawashooting-all-rnr-threads,rumours,true,rumour,0,1,0,Shots fired on Parliament Hill
525002842021445632,ottawashooting-all-rnr-threads,rumours,true,rumour,0,1,0,The soldier shot at War Memorial has died
524967727266398209,ottawashooting-all-rnr-threads,rumours,unverified,rumour,0,0,0,Two new patients admitted to hosptial
524966904885428226,ottawashooting-all-rnr-threads,rumours,true,rumour,0,1,0,The soldier shot at War Memorial has died
524949069945634816,ottawashooting-all-rnr-threads,rumours,true,rumour,0,1,0,Shots fired on Parliament Hill
524926445496197120,ottawashooting-all-rnr-threads,rumours,true,rumour,0,1,0,Shots fired on Parliament Hill
524939327399559170,ottawashooting-all-rnr-threads,rumours,unverified,rumour,0,0,0,Shooter is still on the loose
525057606151602176,ottawashooting-all-rnr-threads,rumours,true,rumour,0,1,0,Soldier shot dead is Cpl. Nathan Cirillo
524934827909210112,ottawashooting-all-rnr-threads,rumours,unverified,rumour,0,0,0,Shooter is still on the loose
524937968138878976,ottawashooting-all-rnr-threads,rumours,unverified,rumour,0,0,0,Shooter is still on the loose
524978172110987264,ottawashooting-all-rnr-threads,rumours,true,rumour,0,1,0,The soldier shot at War Memorial has died
524954623145431041,ottawashooting-all-rnr-threads,rumours,true,rumour,0,1,0,Shots fired on Parliament Hill
524975642379816960,ottawashooting-all-rnr-threads,rumours,true,rumour,0,1,0,The Leafs-Senators game in Ottawa has been postponed
524948554344054785,ottawashooting-all-rnr-threads,rumours,false,rumour,1,0,0,A second shooting suspect has been shot
524923462398513152,ottawashooting-all-rnr-threads,rumours,true,rumour,0,1,0,Shots fired on Parliament Hill
524952437137092608,ottawashooting-all-rnr-threads,rumours,true,rumour,0,1,0,A soldier has been shot at National War Memorial
524931752725585921,ottawashooting-all-rnr-threads,rumours,true,rumour,0,1,0,Suspected shooter has been killed/is dead
525041091507388416,ottawashooting-all-rnr-threads,rumours,true,rumour,0,1,0,Soldier shot dead is Cpl. Nathan Cirillo
524952407625957376,ottawashooting-all-rnr-threads,rumours,true,rumour,0,1,0,The soldier shot at War Memorial has died
525067500447612929,ottawashooting-all-rnr-threads,rumours,true,rumour,0,1,0,Soldier shot dead is Cpl. Nathan Cirillo
524984773211860994,ottawashooting-all-rnr-threads,rumours,true,rumour,0,1,0,Suspected shooter has been killed/is dead
524935816603107328,ottawashooting-all-rnr-threads,rumours,true,rumour,0,1,0,A soldier has been shot at National War Memorial
525020620636307456,ottawashooting-all-rnr-threads,rumours,true,rumour,0,1,0,The suspect's name is Michael Zehaf-Bibeau
524947971679744000,ottawashooting-all-rnr-threads,rumours,false,rumour,1,0,0,A second shooting suspect has been shot
524943490887991296,ottawashooting-all-rnr-threads,rumours,true,rumour,0,1,0,Suspected shooter has been killed/is dead
524976980799000578,ottawashooting-all-rnr-threads,rumours,false,rumour,1,0,0,There are multiple shooting suspects still at large
524952341561491459,ottawashooting-all-rnr-threads,rumours,true,rumour,0,1,0,Shots fired on Parliament Hill
524983403775799297,ottawashooting-all-rnr-threads,rumours,true,rumour,0,1,0,The soldier shot at War Memorial has died
524949073154301952,ottawashooting-all-rnr-threads,rumours,false,rumour,1,0,0,There was a shooting incident near/at the Rideau Centre
524933380929245184,ottawashooting-all-rnr-threads,rumours,true,rumour,0,1,0,Shots fired on Parliament Hill
524937594090844160,ottawashooting-all-rnr-threads,rumours,unverified,rumour,0,0,0,Shooter is still on the loose
525039876366798849,ottawashooting-all-rnr-threads,rumours,true,rumour,0,1,0,Soldier shot dead is Cpl. Nathan Cirillo
524969679790817280,ottawashooting-all-rnr-threads,rumours,unverified,rumour,0,0,0,Some Maple Leafs players heard shots being fired
525024181218725888,ottawashooting-all-rnr-threads,rumours,true,rumour,0,1,0,Soldier shot dead is Cpl. Nathan Cirillo
524940030109036544,ottawashooting-all-rnr-threads,rumours,true,rumour,0,1,0,A soldier has been shot at National War Memorial
524948268355051520,ottawashooting-all-rnr-threads,rumours,true,rumour,0,1,0,Suspected shooter has been killed/is dead
524925124303396864,ottawashooting-all-rnr-threads,rumours,true,rumour,0,1,0,Parliament Hill is on lockdown
524938857180303360,ottawashooting-all-rnr-threads,rumours,true,rumour,0,1,0,Shots fired on Parliament Hill
525033278555033601,ottawashooting-all-rnr-threads,rumours,true,rumour,0,1,0,The suspect's name is Michael Zehaf-Bibeau
524969137660231680,ottawashooting-all-rnr-threads,rumours,true,rumour,0,1,0,Shots fired on Parliament Hill
524949733983657984,ottawashooting-all-rnr-threads,rumours,false,rumour,1,0,0,There was a shooting incident near/at the Rideau Centre
524936592159698944,ottawashooting-all-rnr-threads,rumours,true,rumour,0,1,0,Shots fired on Parliament Hill
524948703850029056,ottawashooting-all-rnr-threads,rumours,false,rumour,1,0,0,There are multiple shooting suspects still at large
524940014065811456,ottawashooting-all-rnr-threads,rumours,true,rumour,0,1,0,Shots fired on Parliament Hill
524981557770350592,ottawashooting-all-rnr-threads,rumours,false,rumour,1,0,0,There are multiple shooting suspects still at large
524962199543230464,ottawashooting-all-rnr-threads,rumours,false,rumour,1,0,0,There was a shooting incident near/at the Rideau Centre
524991576163250176,ottawashooting-all-rnr-threads,rumours,false,rumour,1,0,0,There are multiple shooting suspects still at large
524930671220105216,ottawashooting-all-rnr-threads,rumours,true,rumour,0,1,0,A soldier has been shot at National War Memorial
524957429889777665,ottawashooting-all-rnr-threads,rumours,true,rumour,0,1,0,Shots fired on Parliament Hill
524926768054956032,ottawashooting-all-rnr-threads,rumours,true,rumour,0,1,0,Shots fired on Parliament Hill
524959836778536961,ottawashooting-all-rnr-threads,rumours,false,rumour,1,0,0,There are multiple shooting suspects still at large
525006356731166720,ottawashooting-all-rnr-threads,rumours,true,rumour,0,1,0,The soldier shot at War Memorial has died
524951711941922818,ottawashooting-all-rnr-threads,rumours,false,rumour,1,0,0,There was a shooting incident near/at the Rideau Centre
524990180034609152,ottawashooting-all-rnr-threads,rumours,true,rumour,0,1,0,Sergeant at Arms Kevin Vickers shot the suspect (to death)
524938162900967424,ottawashooting-all-rnr-threads,rumours,true,rumour,0,1,0,A soldier has been shot at National War Memorial
524925215235911680,ottawashooting-all-rnr-threads,rumours,true,rumour,0,1,0,Shots fired on Parliament Hill
524959332656349187,ottawashooting-all-rnr-threads,rumours,false,rumour,1,0,0,There are multiple shooting suspects still at large
524949026064850944,ottawashooting-all-rnr-threads,rumours,false,rumour,1,0,0,There were three separate shooting incidents
524923293711998976,ottawashooting-all-rnr-threads,rumours,true,rumour,0,1,0,A soldier has been shot at National War Memorial
524923610851729408,ottawashooting-all-rnr-threads,rumours,true,rumour,0,1,0,Parliament Hill is on lockdown
524924619812511746,ottawashooting-all-rnr-threads,rumours,unverified,rumour,0,0,0,Suspected shooter was carrying a rifle
524954028287877121,ottawashooting-all-rnr-threads,rumours,false,rumour,1,0,0,There are multiple shooting suspects still at large
524994747883323392,ottawashooting-all-rnr-threads,rumours,true,rumour,0,1,0,The soldier shot at War Memorial has died
525067386849091584,ottawashooting-all-rnr-threads,rumours,true,rumour,0,1,0,Soldier shot dead is Cpl. Nathan Cirillo
525035552643751936,ottawashooting-all-rnr-threads,rumours,true,rumour,0,1,0,Soldier shot dead is Cpl. Nathan Cirillo
525046462460477440,ottawashooting-all-rnr-threads,rumours,true,rumour,0,1,0,Soldier shot dead is Cpl. Nathan Cirillo
524952883343925249,ottawashooting-all-rnr-threads,rumours,true,rumour,0,1,0,Shots fired on Parliament Hill
525021132022628353,ottawashooting-all-rnr-threads,rumours,true,rumour,0,1,0,Soldier shot dead is Cpl. Nathan Cirillo
524936793633083394,ottawashooting-all-rnr-threads,rumours,true,rumour,0,1,0,Shots fired on Parliament Hill
524931110279852032,ottawashooting-all-rnr-threads,rumours,true,rumour,0,1,0,A soldier has been shot at National War Memorial
524981513637888000,ottawashooting-all-rnr-threads,rumours,false,rumour,1,0,0,There was a shooting incident near/at the Rideau Centre
524944569528750080,ottawashooting-all-rnr-threads,rumours,false,rumour,1,0,0,There was a shooting incident near/at the Rideau Centre
524948866773184512,ottawashooting-all-rnr-threads,rumours,false,rumour,1,0,0,There was a shooting incident near/at the Rideau Centre
524929497205055488,ottawashooting-all-rnr-threads,rumours,unverified,rumour,0,0,0,Shooter is still on the loose
524946179390701568,ottawashooting-all-rnr-threads,rumours,true,rumour,0,1,0,Suspected shooter has been killed/is dead
524941132237910016,ottawashooting-all-rnr-threads,rumours,true,rumour,0,1,1,Shots fired on Parliament Hill
524949828711620608,ottawashooting-all-rnr-threads,rumours,unverified,rumour,0,0,0,Shooter is still on the loose
524967620588896256,ottawashooting-all-rnr-threads,rumours,unverified,rumour,0,0,0,Two new patients admitted to hosptial
524980504324358144,ottawashooting-all-rnr-threads,rumours,true,rumour,0,1,0,The soldier shot at War Memorial has died
525072912957452289,ottawashooting-all-rnr-threads,rumours,true,rumour,0,1,0,The suspect's name is Michael Zehaf-Bibeau
524995771587108864,ottawashooting-all-rnr-threads,rumours,true,rumour,0,1,0,The soldier shot at War Memorial has died
524958743000125440,ottawashooting-all-rnr-threads,rumours,unverified,rumour,0,0,0,Two new patients admitted to hosptial
524988712367955970,ottawashooting-all-rnr-threads,rumours,true,rumour,0,1,0,The soldier shot at War Memorial has died
524975847846203393,ottawashooting-all-rnr-threads,rumours,true,rumour,0,1,0,The Leafs-Senators game in Ottawa has been postponed
524944881941495809,ottawashooting-all-rnr-threads,rumours,true,rumour,0,1,0,Suspected shooter has been killed/is dead
525070933556350977,ottawashooting-all-rnr-threads,rumours,true,rumour,0,1,0,Soldier shot dead is Cpl. Nathan Cirillo
524975093966209025,ottawashooting-all-rnr-threads,rumours,true,rumour,0,1,0,The Leafs-Senators game in Ottawa has been postponed
524969963850051584,ottawashooting-all-rnr-threads,rumours,true,rumour,0,1,0,The soldier shot at War Memorial has died
524960851493924864,ottawashooting-all-rnr-threads,non-rumours,non-rumour,nonrumour,,,,
524942802908876801,ottawashooting-all-rnr-threads,non-rumours,non-rumour,nonrumour,,,,
524932558275235840,ottawashooting-all-rnr-threads,non-rumours,non-rumour,nonrumour,,,,
524940803601227777,ottawashooting-all-rnr-threads,non-rumours,non-rumour,nonrumour,,,,
524930499790131200,ottawashooting-all-rnr-threads,non-rumours,non-rumour,nonrumour,,,,
525026973459165184,ottawashooting-all-rnr-threads,non-rumours,non-rumour,nonrumour,,,,
524968185016360960,ottawashooting-all-rnr-threads,non-rumours,non-rumour,nonrumour,,,,
524966572277129216,ottawashooting-all-rnr-threads,non-rumours,non-rumour,nonrumour,,,,
525069912679923712,ottawashooting-all-rnr-threads,non-rumours,non-rumour,nonrumour,,,,
525061246702587904,ottawashooting-all-rnr-threads,non-rumours,non-rumour,nonrumour,,,,
524950117192044544,ottawashooting-all-rnr-threads,non-rumours,non-rumour,nonrumour,,,,
524944537618485248,ottawashooting-all-rnr-threads,non-rumours,non-rumour,nonrumour,,,,
524999079127162880,ottawashooting-all-rnr-threads,non-rumours,non-rumour,nonrumour,,,,
524943658748219392,ottawashooting-all-rnr-threads,non-rumours,non-rumour,nonrumour,,,,
524943804051496961,ottawashooting-all-rnr-threads,non-rumours,non-rumour,nonrumour,,,,
524989886483673088,ottawashooting-all-rnr-threads,non-rumours,non-rumour,nonrumour,,,,
524987263835721728,ottawashooting-all-rnr-threads,non-rumours,non-rumour,nonrumour,,,,
525000349648949250,ottawashooting-all-rnr-threads,non-rumours,non-rumour,nonrumour,,,,
524936931059056640,ottawashooting-all-rnr-threads,non-rumours,non-rumour,nonrumour,,,,
524948790227517440,ottawashooting-all-rnr-threads,non-rumours,non-rumour,nonrumour,,,,
525035832336736257,ottawashooting-all-rnr-threads,non-rumours,non-rumour,nonrumour,,,,
525069189447704576,ottawashooting-all-rnr-threads,non-rumours,non-rumour,nonrumour,,,,
524947475858472960,ottawashooting-all-rnr-threads,non-rumours,non-rumour,nonrumour,,,,
524987150413336576,ottawashooting-all-rnr-threads,non-rumours,non-rumour,nonrumour,,,,
525041399344168961,ottawashooting-all-rnr-threads,non-rumours,non-rumour,nonrumour,,,,
524955251464736768,ottawashooting-all-rnr-threads,non-rumours,non-rumour,nonrumour,,,,
525050193360613376,ottawashooting-all-rnr-threads,non-rumours,non-rumour,nonrumour,,,,
524948520605069312,ottawashooting-all-rnr-threads,non-rumours,non-rumour,nonrumour,,,,
524953508978909185,ottawashooting-all-rnr-threads,non-rumours,non-rumour,nonrumour,,,,
524980775741956097,ottawashooting-all-rnr-threads,non-rumours,non-rumour,nonrumour,,,,
524945095322513408,ottawashooting-all-rnr-threads,non-rumours,non-rumour,nonrumour,,,,
524961513006964736,ottawashooting-all-rnr-threads,non-rumours,non-rumour,nonrumour,,,,
524958992330522624,ottawashooting-all-rnr-threads,non-rumours,non-rumour,nonrumour,,,,
525048410831736832,ottawashooting-all-rnr-threads,non-rumours,non-rumour,nonrumour,,,,
525041601890881536,ottawashooting-all-rnr-threads,non-rumours,non-rumour,nonrumour,,,,
524998110268096513,ottawashooting-all-rnr-threads,non-rumours,non-rumour,nonrumour,,,,
524937421180653568,ottawashooting-all-rnr-threads,non-rumours,non-rumour,nonrumour,,,,
524942851944493056,ottawashooting-all-rnr-threads,non-rumours,non-rumour,nonrumour,,,,
524995812854489089,ottawashooting-all-rnr-threads,non-rumours,non-rumour,nonrumour,,,,
524985046198157313,ottawashooting-all-rnr-threads,non-rumours,non-rumour,nonrumour,,,,
524979756371288064,ottawashooting-all-rnr-threads,non-rumours,non-rumour,nonrumour,,,,
524940623594287104,ottawashooting-all-rnr-threads,non-rumours,non-rumour,nonrumour,,,,
524979881525137409,ottawashooting-all-rnr-threads,non-rumours,non-rumour,nonrumour,,,,
524926698165633024,ottawashooting-all-rnr-threads,non-rumours,non-rumour,nonrumour,,,,
525059810312847360,ottawashooting-all-rnr-threads,non-rumours,non-rumour,nonrumour,,,,
524971258996588544,ottawashooting-all-rnr-threads,non-rumours,non-rumour,nonrumour,,,,
524957105296404480,ottawashooting-all-rnr-threads,non-rumours,non-rumour,nonrumour,,,,
524953767402553345,ottawashooting-all-rnr-threads,non-rumours,non-rumour,nonrumour,,,,
524965047647617024,ottawashooting-all-rnr-threads,non-rumours,non-rumour,nonrumour,,,,
524947036228317184,ottawashooting-all-rnr-threads,non-rumours,non-rumour,nonrumour,,,,
524980483479076864,ottawashooting-all-rnr-threads,non-rumours,non-rumour,nonrumour,,,,
524937635698327553,ottawashooting-all-rnr-threads,non-rumours,non-rumour,nonrumour,,,,
524957872296583168,ottawashooting-all-rnr-threads,non-rumours,non-rumour,nonrumour,,,,
525007169956347904,ottawashooting-all-rnr-threads,non-rumours,non-rumour,nonrumour,,,,
524937243518312448,ottawashooting-all-rnr-threads,non-rumours,non-rumour,nonrumour,,,,
524968466559033345,ottawashooting-all-rnr-threads,non-rumours,non-rumour,nonrumour,,,,
524974135030874114,ottawashooting-all-rnr-threads,non-rumours,non-rumour,nonrumour,,,,
524970142719963136,ottawashooting-all-rnr-threads,non-rumours,non-rumour,nonrumour,,,,
524979070288019456,ottawashooting-all-rnr-threads,non-rumours,non-rumour,nonrumour,,,,
524985092343889920,ottawashooting-all-rnr-threads,non-rumours,non-rumour,nonrumour,,,,
524959090125320193,ottawashooting-all-rnr-threads,non-rumours,non-rumour,nonrumour,,,,
524964630221705216,ottawashooting-all-rnr-threads,non-rumours,non-rumour,nonrumour,,,,
524959778125385728,ottawashooting-all-rnr-threads,non-rumours,non-rumour,nonrumour,,,,
524923403183333376,ottawashooting-all-rnr-threads,non-rumours,non-rumour,nonrumour,,,,
524952808110694400,ottawashooting-all-rnr-threads,non-rumours,non-rumour,nonrumour,,,,
524937114539282433,ottawashooting-all-rnr-threads,non-rumours,non-rumour,nonrumour,,,,
524981427260366848,ottawashooting-all-rnr-threads,non-rumours,non-rumour,nonrumour,,,,
524957978806743040,ottawashooting-all-rnr-threads,non-rumours,non-rumour,nonrumour,,,,
524978422188376064,ottawashooting-all-rnr-threads,non-rumours,non-rumour,nonrumour,,,,
525030165190303744,ottawashooting-all-rnr-threads,non-rumours,non-rumour,nonrumour,,,,
524953569762766848,ottawashooting-all-rnr-threads,non-rumours,non-rumour,nonrumour,,,,
524961016904294400,ottawashooting-all-rnr-threads,non-rumours,non-rumour,nonrumour,,,,
524964279456653312,ottawashooting-all-rnr-threads,non-rumours,non-rumour,nonrumour,,,,
524982907052765184,ottawashooting-all-rnr-threads,non-rumours,non-rumour,nonrumour,,,,
524947604690702336,ottawashooting-all-rnr-threads,non-rumours,non-rumour,nonrumour,,,,
525032458417610752,ottawashooting-all-rnr-threads,non-rumours,non-rumour,nonrumour,,,,
524946753154727936,ottawashooting-all-rnr-threads,non-rumours,non-rumour,nonrumour,,,,
524964129745174528,ottawashooting-all-rnr-threads,non-rumours,non-rumour,nonrumour,,,,
525065123917221888,ottawashooting-all-rnr-threads,non-rumours,non-rumour,nonrumour,,,,
525030331775463424,ottawashooting-all-rnr-threads,non-rumours,non-rumour,nonrumour,,,,
524932292406681601,ottawashooting-all-rnr-threads,non-rumours,non-rumour,nonrumour,,,,
525045709402148864,ottawashooting-all-rnr-threads,non-rumours,non-rumour,nonrumour,,,,
524995166953033729,ottawashooting-all-rnr-threads,non-rumours,non-rumour,nonrumour,,,,
524981890567385088,ottawashooting-all-rnr-threads,non-rumours,non-rumour,nonrumour,,,,
524979279701241856,ottawashooting-all-rnr-threads,non-rumours,non-rumour,nonrumour,,,,
525025114111635456,ottawashooting-all-rnr-threads,non-rumours,non-rumour,nonrumour,,,,
524979925343014912,ottawashooting-all-rnr-threads,non-rumours,non-rumour,nonrumour,,,,
524943638812299265,ottawashooting-all-rnr-threads,non-rumours,non-rumour,nonrumour,,,,
524969415318982657,ottawashooting-all-rnr-threads,non-rumours,non-rumour,nonrumour,,,,
524947414050816000,ottawashooting-all-rnr-threads,non-rumours,non-rumour,nonrumour,,,,
525033443076628480,ottawashooting-all-rnr-threads,non-rumours,non-rumour,nonrumour,,,,
525068253341970432,ottawashooting-all-rnr-threads,non-rumours,non-rumour,nonrumour,,,,
524944610985263104,ottawashooting-all-rnr-threads,non-rumours,non-rumour,nonrumour,,,,
524979702940045313,ottawashooting-all-rnr-threads,non-rumours,non-rumour,nonrumour,,,,
525015836226895875,ottawashooting-all-rnr-threads,non-rumours,non-rumour,nonrumour,,,,
524928297986433024,ottawashooting-all-rnr-threads,non-rumours,non-rumour,nonrumour,,,,
524935023380545537,ottawashooting-all-rnr-threads,non-rumours,non-rumour,nonrumour,,,,
525012689568161792,ottawashooting-all-rnr-threads,non-rumours,non-rumour,nonrumour,,,,
525012247249428482,ottawashooting-all-rnr-threads,non-rumours,non-rumour,nonrumour,,,,
524944788525973505,ottawashooting-all-rnr-threads,non-rumours,non-rumour,nonrumour,,,,
525046232209956865,ottawashooting-all-rnr-threads,non-rumours,non-rumour,nonrumour,,,,
525012561214058496,ottawashooting-all-rnr-threads,non-rumours,non-rumour,nonrumour,,,,
525019469983531008,ottawashooting-all-rnr-threads,non-rumours,non-rumour,nonrumour,,,,
525018288330272768,ottawashooting-all-rnr-threads,non-rumours,non-rumour,nonrumour,,,,
524942952733220865,ottawashooting-all-rnr-threads,non-rumours,non-rumour,nonrumour,,,,
524973920722878464,ottawashooting-all-rnr-threads,non-rumours,non-rumour,nonrumour,,,,
525012738280792065,ottawashooting-all-rnr-threads,non-rumours,non-rumour,nonrumour,,,,
524943226948820992,ottawashooting-all-rnr-threads,non-rumours,non-rumour,nonrumour,,,,
524930678983753728,ottawashooting-all-rnr-threads,non-rumours,non-rumour,nonrumour,,,,
524997921042071553,ottawashooting-all-rnr-threads,non-rumours,non-rumour,nonrumour,,,,
525045203648790528,ottawashooting-all-rnr-threads,non-rumours,non-rumour,nonrumour,,,,
524990519777443840,ottawashooting-all-rnr-threads,non-rumours,non-rumour,nonrumour,,,,
525007810871164929,ottawashooting-all-rnr-threads,non-rumours,non-rumour,nonrumour,,,,
524951279760867328,ottawashooting-all-rnr-threads,non-rumours,non-rumour,nonrumour,,,,
524955317201666048,ottawashooting-all-rnr-threads,non-rumours,non-rumour,nonrumour,,,,
524956518404198400,ottawashooting-all-rnr-threads,non-rumours,non-rumour,nonrumour,,,,
524965701535412224,ottawashooting-all-rnr-threads,non-rumours,non-rumour,nonrumour,,,,
524991119164473344,ottawashooting-all-rnr-threads,non-rumours,non-rumour,nonrumour,,,,
525007337724325889,ottawashooting-all-rnr-threads,non-rumours,non-rumour,nonrumour,,,,
525059193074487296,ottawashooting-all-rnr-threads,non-rumours,non-rumour,nonrumour,,,,
524998460848611328,ottawashooting-all-rnr-threads,non-rumours,non-rumour,nonrumour,,,,
524957974226550784,ottawashooting-all-rnr-threads,non-rumours,non-rumour,nonrumour,,,,
524952322703900672,ottawashooting-all-rnr-threads,non-rumours,non-rumour,nonrumour,,,,
524922078638903296,ottawashooting-all-rnr-threads,non-rumours,non-rumour,nonrumour,,,,
525060022569422849,ottawashooting-all-rnr-threads,non-rumours,non-rumour,nonrumour,,,,
524956648151191553,ottawashooting-all-rnr-threads,non-rumours,non-rumour,nonrumour,,,,
524947030616313856,ottawashooting-all-rnr-threads,non-rumours,non-rumour,nonrumour,,,,
524958238316298240,ottawashooting-all-rnr-threads,non-rumours,non-rumour,nonrumour,,,,
525028955049320448,ottawashooting-all-rnr-threads,non-rumours,non-rumour,nonrumour,,,,
524961055211286528,ottawashooting-all-rnr-threads,non-rumours,non-rumour,nonrumour,,,,
524953077456318464,ottawashooting-all-rnr-threads,non-rumours,non-rumour,nonrumour,,,,
524934419270742017,ottawashooting-all-rnr-threads,non-rumours,non-rumour,nonrumour,,,,
524968564306882560,ottawashooting-all-rnr-threads,non-rumours,non-rumour,nonrumour,,,,
524933600433938432,ottawashooting-all-rnr-threads,non-rumours,non-rumour,nonrumour,,,,
524927789892653056,ottawashooting-all-rnr-threads,non-rumours,non-rumour,nonrumour,,,,
524934507892580352,ottawashooting-all-rnr-threads,non-rumours,non-rumour,nonrumour,,,,
524929014621032451,ottawashooting-all-rnr-threads,non-rumours,non-rumour,nonrumour,,,,
524986649315667968,ottawashooting-all-rnr-threads,non-rumours,non-rumour,nonrumour,,,,
524949243883425793,ottawashooting-all-rnr-threads,non-rumours,non-rumour,nonrumour,,,,
524949028728221698,ottawashooting-all-rnr-threads,non-rumours,non-rumour,nonrumour,,,,
524954105471840256,ottawashooting-all-rnr-threads,non-rumours,non-rumour,nonrumour,,,,
524958250706681856,ottawashooting-all-rnr-threads,non-rumours,non-rumour,nonrumour,,,,
524951456362012672,ottawashooting-all-rnr-threads,non-rumours,non-rumour,nonrumour,,,,
524988783213547520,ottawashooting-all-rnr-threads,non-rumours,non-rumour,nonrumour,,,,
524963649455407105,ottawashooting-all-rnr-threads,non-rumours,non-rumour,nonrumour,,,,
524924660480487424,ottawashooting-all-rnr-threads,non-rumours,non-rumour,nonrumour,,,,
524956731638841344,ottawashooting-all-rnr-threads,non-rumours,non-rumour,nonrumour,,,,
524962450786226176,ottawashooting-all-rnr-threads,non-rumours,non-rumour,nonrumour,,,,
524977992683237376,ottawashooting-all-rnr-threads,non-rumours,non-rumour,nonrumour,,,,
524922499466022913,ottawashooting-all-rnr-threads,non-rumours,non-rumour,nonrumour,,,,
524940940721418240,ottawashooting-all-rnr-threads,non-rumours,non-rumour,nonrumour,,,,
524991470416461824,ottawashooting-all-rnr-threads,non-rumours,non-rumour,nonrumour,,,,
524950321064607744,ottawashooting-all-rnr-threads,non-rumours,non-rumour,nonrumour,,,,
524961561677680640,ottawashooting-all-rnr-threads,non-rumours,non-rumour,nonrumour,,,,
524930851747164160,ottawashooting-all-rnr-threads,non-rumours,non-rumour,nonrumour,,,,
524948710812581888,ottawashooting-all-rnr-threads,non-rumours,non-rumour,nonrumour,,,,
524925223226081282,ottawashooting-all-rnr-threads,non-rumours,non-rumour,nonrumour,,,,
525026066944262144,ottawashooting-all-rnr-threads,non-rumours,non-rumour,nonrumour,,,,
524954661703680000,ottawashooting-all-rnr-threads,non-rumours,non-rumour,nonrumour,,,,
525031823504850944,ottawashooting-all-rnr-threads,non-rumours,non-rumour,nonrumour,,,,
525031610136014848,ottawashooting-all-rnr-threads,non-rumours,non-rumour,nonrumour,,,,
524949136173694976,ottawashooting-all-rnr-threads,non-rumours,non-rumour,nonrumour,,,,
525020980037816320,ottawashooting-all-rnr-threads,non-rumours,non-rumour,nonrumour,,,,
525005134624215041,ottawashooting-all-rnr-threads,non-rumours,non-rumour,nonrumour,,,,
524965242213007360,ottawashooting-all-rnr-threads,non-rumours,non-rumour,nonrumour,,,,
524924954287296512,ottawashooting-all-rnr-threads,non-rumours,non-rumour,nonrumour,,,,
524938146119966720,ottawashooting-all-rnr-threads,non-rumours,non-rumour,nonrumour,,,,
525021103559696384,ottawashooting-all-rnr-threads,non-rumours,non-rumour,nonrumour,,,,
524955170200121344,ottawashooting-all-rnr-threads,non-rumours,non-rumour,nonrumour,,,,
524993172271665153,ottawashooting-all-rnr-threads,non-rumours,non-rumour,nonrumour,,,,
524965597793107968,ottawashooting-all-rnr-threads,non-rumours,non-rumour,nonrumour,,,,
525005137405018112,ottawashooting-all-rnr-threads,non-rumours,non-rumour,nonrumour,,,,
524935731148775424,ottawashooting-all-rnr-threads,non-rumours,non-rumour,nonrumour,,,,
524935146806738944,ottawashooting-all-rnr-threads,non-rumours,non-rumour,nonrumour,,,,
524934004152082432,ottawashooting-all-rnr-threads,non-rumours,non-rumour,nonrumour,,,,
524955243185176576,ottawashooting-all-rnr-threads,non-rumours,non-rumour,nonrumour,,,,
524960277348233216,ottawashooting-all-rnr-threads,non-rumours,non-rumour,nonrumour,,,,
525040492388823041,ottawashooting-all-rnr-threads,non-rumours,non-rumour,nonrumour,,,,
524952005157347328,ottawashooting-all-rnr-threads,non-rumours,non-rumour,nonrumour,,,,
524939142485262337,ottawashooting-all-rnr-threads,non-rumours,non-rumour,nonrumour,,,,
525058578365698048,ottawashooting-all-rnr-threads,non-rumours,non-rumour,nonrumour,,,,
524934300459077632,ottawashooting-all-rnr-threads,non-rumours,non-rumour,nonrumour,,,,
524979152944779265,ottawashooting-all-rnr-threads,non-rumours,non-rumour,nonrumour,,,,
524960245509287936,ottawashooting-all-rnr-threads,non-rumours,non-rumour,nonrumour,,,,
524958516822671360,ottawashooting-all-rnr-threads,non-rumours,non-rumour,nonrumour,,,,
524949939755810817,ottawashooting-all-rnr-threads,non-rumours,non-rumour,nonrumour,,,,
524955385480753153,ottawashooting-all-rnr-threads,non-rumours,non-rumour,nonrumour,,,,
524966596897685504,ottawashooting-all-rnr-threads,non-rumours,non-rumour,nonrumour,,,,
525019265888702464,ottawashooting-all-rnr-threads,non-rumours,non-rumour,nonrumour,,,,
525070912199335937,ottawashooting-all-rnr-threads,non-rumours,non-rumour,nonrumour,,,,
525056022046851074,ottawashooting-all-rnr-threads,non-rumours,non-rumour,nonrumour,,,,
525006847095615489,ottawashooting-all-rnr-threads,non-rumours,non-rumour,nonrumour,,,,
524939821815721984,ottawashooting-all-rnr-threads,non-rumours,non-rumour,nonrumour,,,,
524934648473079808,ottawashooting-all-rnr-threads,non-rumours,non-rumour,nonrumour,,,,
525027958835408896,ottawashooting-all-rnr-threads,non-rumours,non-rumour,nonrumour,,,,
524994965366382593,ottawashooting-all-rnr-threads,non-rumours,non-rumour,nonrumour,,,,
524976313766273025,ottawashooting-all-rnr-threads,non-rumours,non-rumour,nonrumour,,,,
525070461936222208,ottawashooting-all-rnr-threads,non-rumours,non-rumour,nonrumour,,,,
524984209505812480,ottawashooting-all-rnr-threads,non-rumours,non-rumour,nonrumour,,,,
524963002768842752,ottawashooting-all-rnr-threads,non-rumours,non-rumour,nonrumour,,,,
524929550493712384,ottawashooting-all-rnr-threads,non-rumours,non-rumour,nonrumour,,,,
524981463033581568,ottawashooting-all-rnr-threads,non-rumours,non-rumour,nonrumour,,,,
524954313337364480,ottawashooting-all-rnr-threads,non-rumours,non-rumour,nonrumour,,,,
524965026256662528,ottawashooting-all-rnr-threads,non-rumours,non-rumour,nonrumour,,,,
524933764330586112,ottawashooting-all-rnr-threads,non-rumours,non-rumour,nonrumour,,,,
525055967076290560,ottawashooting-all-rnr-threads,non-rumours,non-rumour,nonrumour,,,,
524971386838978560,ottawashooting-all-rnr-threads,non-rumours,non-rumour,nonrumour,,,,
525000220371734528,ottawashooting-all-rnr-threads,non-rumours,non-rumour,nonrumour,,,,
524958384060366849,ottawashooting-all-rnr-threads,non-rumours,non-rumour,nonrumour,,,,
524950679274942464,ottawashooting-all-rnr-threads,non-rumours,non-rumour,nonrumour,,,,
524946461621235712,ottawashooting-all-rnr-threads,non-rumours,non-rumour,nonrumour,,,,
524974518960652290,ottawashooting-all-rnr-threads,non-rumours,non-rumour,nonrumour,,,,
525010084003213312,ottawashooting-all-rnr-threads,non-rumours,non-rumour,nonrumour,,,,
524974566830247936,ottawashooting-all-rnr-threads,non-rumours,non-rumour,nonrumour,,,,
525033697045925888,ottawashooting-all-rnr-threads,non-rumours,non-rumour,nonrumour,,,,
524938288277118976,ottawashooting-all-rnr-threads,non-rumours,non-rumour,nonrumour,,,,
525044725926330368,ottawashooting-all-rnr-threads,non-rumours,non-rumour,nonrumour,,,,
524983828000276480,ottawashooting-all-rnr-threads,non-rumours,non-rumour,nonrumour,,,,
524937574281121793,ottawashooting-all-rnr-threads,non-rumours,non-rumour,nonrumour,,,,
524961070465945600,ottawashooting-all-rnr-threads,non-rumours,non-rumour,nonrumour,,,,
524936456742379520,ottawashooting-all-rnr-threads,non-rumours,non-rumour,nonrumour,,,,
524975031059632128,ottawashooting-all-rnr-threads,non-rumours,non-rumour,nonrumour,,,,
525015193425031168,ottawashooting-all-rnr-threads,non-rumours,non-rumour,nonrumour,,,,
524993009440403456,ottawashooting-all-rnr-threads,non-rumours,non-rumour,nonrumour,,,,
525034457086959616,ottawashooting-all-rnr-threads,non-rumours,non-rumour,nonrumour,,,,
524977812852461568,ottawashooting-all-rnr-threads,non-rumours,non-rumour,nonrumour,,,,
524966328734863360,ottawashooting-all-rnr-threads,non-rumours,non-rumour,nonrumour,,,,
525019992337551360,ottawashooting-all-rnr-threads,non-rumours,non-rumour,nonrumour,,,,
524981565462704129,ottawashooting-all-rnr-threads,non-rumours,non-rumour,nonrumour,,,,
524967631171117056,ottawashooting-all-rnr-threads,non-rumours,non-rumour,nonrumour,,,,
525001708318240768,ottawashooting-all-rnr-threads,non-rumours,non-rumour,nonrumour,,,,
524973444946202624,ottawashooting-all-rnr-threads,non-rumours,non-rumour,nonrumour,,,,
525055273816555520,ottawashooting-all-rnr-threads,non-rumours,non-rumour,nonrumour,,,,
524923148576518144,ottawashooting-all-rnr-threads,non-rumours,non-rumour,nonrumour,,,,
524993523746373633,ottawashooting-all-rnr-threads,non-rumours,non-rumour,nonrumour,,,,
524938137320312832,ottawashooting-all-rnr-threads,non-rumours,non-rumour,nonrumour,,,,
524979184297590784,ottawashooting-all-rnr-threads,non-rumours,non-rumour,nonrumour,,,,
524924987774631936,ottawashooting-all-rnr-threads,non-rumours,non-rumour,nonrumour,,,,
524994218964815873,ottawashooting-all-rnr-threads,non-rumours,non-rumour,nonrumour,,,,
524993166651318273,ottawashooting-all-rnr-threads,non-rumours,non-rumour,nonrumour,,,,
525037540508594176,ottawashooting-all-rnr-threads,non-rumours,non-rumour,nonrumour,,,,
525071809226346496,ottawashooting-all-rnr-threads,non-rumours,non-rumour,nonrumour,,,,
524925600318754816,ottawashooting-all-rnr-threads,non-rumours,non-rumour,nonrumour,,,,
524940452383170560,ottawashooting-all-rnr-threads,non-rumours,non-rumour,nonrumour,,,,
524974786460778497,ottawashooting-all-rnr-threads,non-rumours,non-rumour,nonrumour,,,,
524954161054756864,ottawashooting-all-rnr-threads,non-rumours,non-rumour,nonrumour,,,,
524995375468249088,ottawashooting-all-rnr-threads,non-rumours,non-rumour,nonrumour,,,,
524950507023245313,ottawashooting-all-rnr-threads,non-rumours,non-rumour,nonrumour,,,,
524939818347028480,ottawashooting-all-rnr-threads,non-rumours,non-rumour,nonrumour,,,,
525068387899031552,ottawashooting-all-rnr-threads,non-rumours,non-rumour,nonrumour,,,,
524955850591334403,ottawashooting-all-rnr-threads,non-rumours,non-rumour,nonrumour,,,,
524934897367285760,ottawashooting-all-rnr-threads,non-rumours,non-rumour,nonrumour,,,,
524946808271671297,ottawashooting-all-rnr-threads,non-rumours,non-rumour,nonrumour,,,,
524980166289002496,ottawashooting-all-rnr-threads,non-rumours,non-rumour,nonrumour,,,,
524959715957424128,ottawashooting-all-rnr-threads,non-rumours,non-rumour,nonrumour,,,,
524956007324082177,ottawashooting-all-rnr-threads,non-rumours,non-rumour,nonrumour,,,,
524993612279336960,ottawashooting-all-rnr-threads,non-rumours,non-rumour,nonrumour,,,,
524977830124617728,ottawashooting-all-rnr-threads,non-rumours,non-rumour,nonrumour,,,,
524945814796644352,ottawashooting-all-rnr-threads,non-rumours,non-rumour,nonrumour,,,,
524995776578330624,ottawashooting-all-rnr-threads,non-rumours,non-rumour,nonrumour,,,,
524957925157384192,ottawashooting-all-rnr-threads,non-rumours,non-rumour,nonrumour,,,,
525034332474601472,ottawashooting-all-rnr-threads,non-rumours,non-rumour,nonrumour,,,,
524949884143927296,ottawashooting-all-rnr-threads,non-rumours,non-rumour,nonrumour,,,,
524956415589621760,ottawashooting-all-rnr-threads,non-rumours,non-rumour,nonrumour,,,,
524929559909916672,ottawashooting-all-rnr-threads,non-rumours,non-rumour,nonrumour,,,,
524954241547632640,ottawashooting-all-rnr-threads,non-rumours,non-rumour,nonrumour,,,,
524978196589334529,ottawashooting-all-rnr-threads,non-rumours,non-rumour,nonrumour,,,,
524984505376182272,ottawashooting-all-rnr-threads,non-rumours,non-rumour,nonrumour,,,,
524950339074523137,ottawashooting-all-rnr-threads,non-rumours,non-rumour,nonrumour,,,,
524995620088864768,ottawashooting-all-rnr-threads,non-rumours,non-rumour,nonrumour,,,,
524950203476869120,ottawashooting-all-rnr-threads,non-rumours,non-rumour,nonrumour,,,,
524958173245870080,ottawashooting-all-rnr-threads,non-rumours,non-rumour,nonrumour,,,,
524960580944560128,ottawashooting-all-rnr-threads,non-rumours,non-rumour,nonrumour,,,,
524971165056782337,ottawashooting-all-rnr-threads,non-rumours,non-rumour,nonrumour,,,,
524955388190662657,ottawashooting-all-rnr-threads,non-rumours,non-rumour,nonrumour,,,,
524992063553953792,ottawashooting-all-rnr-threads,non-rumours,non-rumour,nonrumour,,,,
524964278030172160,ottawashooting-all-rnr-threads,non-rumours,non-rumour,nonrumour,,,,
524928960615186432,ottawashooting-all-rnr-threads,non-rumours,non-rumour,nonrumour,,,,
524945585539776512,ottawashooting-all-rnr-threads,non-rumours,non-rumour,nonrumour,,,,
524941119403335681,ottawashooting-all-rnr-threads,non-rumours,non-rumour,nonrumour,,,,
524955386697515008,ottawashooting-all-rnr-threads,non-rumours,non-rumour,nonrumour,,,,
524968293577158656,ottawashooting-all-rnr-threads,non-rumours,non-rumour,nonrumour,,,,
524941318389501953,ottawashooting-all-rnr-threads,non-rumours,non-rumour,nonrumour,,,,
525022821534429185,ottawashooting-all-rnr-threads,non-rumours,non-rumour,nonrumour,,,,
525038296921960449,ottawashooting-all-rnr-threads,non-rumours,non-rumour,nonrumour,,,,
525063740769972224,ottawashooting-all-rnr-threads,non-rumours,non-rumour,nonrumour,,,,
524978999534317568,ottawashooting-all-rnr-threads,non-rumours,non-rumour,nonrumour,,,,
524963322525798400,ottawashooting-all-rnr-threads,non-rumours,non-rumour,nonrumour,,,,
525069752566575104,ottawashooting-all-rnr-threads,non-rumours,non-rumour,nonrumour,,,,
524979548195024898,ottawashooting-all-rnr-threads,non-rumours,non-rumour,nonrumour,,,,
524983236712476672,ottawashooting-all-rnr-threads,non-rumours,non-rumour,nonrumour,,,,
524965077318107137,ottawashooting-all-rnr-threads,non-rumours,non-rumour,nonrumour,,,,
525049044201377793,ottawashooting-all-rnr-threads,non-rumours,non-rumour,nonrumour,,,,
524933534692442112,ottawashooting-all-rnr-threads,non-rumours,non-rumour,nonrumour,,,,
524949435886096385,ottawashooting-all-rnr-threads,non-rumours,non-rumour,nonrumour,,,,
525026031833718785,ottawashooting-all-rnr-threads,non-rumours,non-rumour,nonrumour,,,,
524945101542678529,ottawashooting-all-rnr-threads,non-rumours,non-rumour,nonrumour,,,,
525006853626159105,ottawashooting-all-rnr-threads,non-rumours,non-rumour,nonrumour,,,,
524976857822011394,ottawashooting-all-rnr-threads,non-rumours,non-rumour,nonrumour,,,,
525011747007377408,ottawashooting-all-rnr-threads,non-rumours,non-rumour,nonrumour,,,,
524951696376487936,ottawashooting-all-rnr-threads,non-rumours,non-rumour,nonrumour,,,,
524983599851130880,ottawashooting-all-rnr-threads,non-rumours,non-rumour,nonrumour,,,,
525070811439579138,ottawashooting-all-rnr-threads,non-rumours,non-rumour,nonrumour,,,,
524950455743291392,ottawashooting-all-rnr-threads,non-rumours,non-rumour,nonrumour,,,,
524939347699585025,ottawashooting-all-rnr-threads,non-rumours,non-rumour,nonrumour,,,,
524937597206790144,ottawashooting-all-rnr-threads,non-rumours,non-rumour,nonrumour,,,,
524983395026497536,ottawashooting-all-rnr-threads,non-rumours,non-rumour,nonrumour,,,,
524958383468978176,ottawashooting-all-rnr-threads,non-rumours,non-rumour,nonrumour,,,,
524979179235069952,ottawashooting-all-rnr-threads,non-rumours,non-rumour,nonrumour,,,,
524955102554361856,ottawashooting-all-rnr-threads,non-rumours,non-rumour,nonrumour,,,,
524930594950479873,ottawashooting-all-rnr-threads,non-rumours,non-rumour,nonrumour,,,,
524947716393414656,ottawashooting-all-rnr-threads,non-rumours,non-rumour,nonrumour,,,,
525020733622464512,ottawashooting-all-rnr-threads,non-rumours,non-rumour,nonrumour,,,,
524947071770435585,ottawashooting-all-rnr-threads,non-rumours,non-rumour,nonrumour,,,,
525047079325155329,ottawashooting-all-rnr-threads,non-rumours,non-rumour,nonrumour,,,,
524942687003484161,ottawashooting-all-rnr-threads,non-rumours,non-rumour,nonrumour,,,,
525040252948189186,ottawashooting-all-rnr-threads,non-rumours,non-rumour,nonrumour,,,,
524988555178045440,ottawashooting-all-rnr-threads,non-rumours,non-rumour,nonrumour,,,,
524949003834634240,ottawashooting-all-rnr-threads,non-rumours,non-rumour,nonrumour,,,,
524973223356940288,ottawashooting-all-rnr-threads,non-rumours,non-rumour,nonrumour,,,,
524939362048290817,ottawashooting-all-rnr-threads,non-rumours,non-rumour,nonrumour,,,,
525016728091500545,ottawashooting-all-rnr-threads,non-rumours,non-rumour,nonrumour,,,,
524955083297931264,ottawashooting-all-rnr-threads,non-rumours,non-rumour,nonrumour,,,,
524956168754843648,ottawashooting-all-rnr-threads,non-rumours,non-rumour,nonrumour,,,,
524995942995746819,ottawashooting-all-rnr-threads,non-rumours,non-rumour,nonrumour,,,,
525044678765187072,ottawashooting-all-rnr-threads,non-rumours,non-rumour,nonrumour,,,,
524957773810135040,ottawashooting-all-rnr-threads,non-rumours,non-rumour,nonrumour,,,,
525052976562712576,ottawashooting-all-rnr-threads,non-rumours,non-rumour,nonrumour,,,,
524974900017373184,ottawashooting-all-rnr-threads,non-rumours,non-rumour,nonrumour,,,,
524996756220956672,ottawashooting-all-rnr-threads,non-rumours,non-rumour,nonrumour,,,,
524945225253675008,ottawashooting-all-rnr-threads,non-rumours,non-rumour,nonrumour,,,,
524964166936068097,ottawashooting-all-rnr-threads,non-rumours,non-rumour,nonrumour,,,,
525053517531062272,ottawashooting-all-rnr-threads,non-rumours,non-rumour,nonrumour,,,,
524941272549969920,ottawashooting-all-rnr-threads,non-rumours,non-rumour,nonrumour,,,,
524986820850106370,ottawashooting-all-rnr-threads,non-rumours,non-rumour,nonrumour,,,,
524927809773649922,ottawashooting-all-rnr-threads,non-rumours,non-rumour,nonrumour,,,,
524958409381384192,ottawashooting-all-rnr-threads,non-rumours,non-rumour,nonrumour,,,,
525021050627973120,ottawashooting-all-rnr-threads,non-rumours,non-rumour,nonrumour,,,,
524950395110842369,ottawashooting-all-rnr-threads,non-rumours,non-rumour,nonrumour,,,,
524963878904823808,ottawashooting-all-rnr-threads,non-rumours,non-rumour,nonrumour,,,,
524967510563889152,ottawashooting-all-rnr-threads,non-rumours,non-rumour,nonrumour,,,,
524938009834450945,ottawashooting-all-rnr-threads,non-rumours,non-rumour,nonrumour,,,,
524937560276344832,ottawashooting-all-rnr-threads,non-rumours,non-rumour,nonrumour,,,,
524955871689052160,ottawashooting-all-rnr-threads,non-rumours,non-rumour,nonrumour,,,,
524956449836130304,ottawashooting-all-rnr-threads,non-rumours,non-rumour,nonrumour,,,,
524967811081195520,ottawashooting-all-rnr-threads,non-rumours,non-rumour,nonrumour,,,,
524944978288852992,ottawashooting-all-rnr-threads,non-rumours,non-rumour,nonrumour,,,,
524967572689522688,ottawashooting-all-rnr-threads,non-rumours,non-rumour,nonrumour,,,,
525052526593601537,ottawashooting-all-rnr-threads,non-rumours,non-rumour,nonrumour,,,,
524934142958788608,ottawashooting-all-rnr-threads,non-rumours,non-rumour,nonrumour,,,,
525066628359127041,ottawashooting-all-rnr-threads,non-rumours,non-rumour,nonrumour,,,,
524980402495430656,ottawashooting-all-rnr-threads,non-rumours,non-rumour,nonrumour,,,,
524967231902318592,ottawashooting-all-rnr-threads,non-rumours,non-rumour,nonrumour,,,,
524951439417044992,ottawashooting-all-rnr-threads,non-rumours,non-rumour,nonrumour,,,,
524943615437848576,ottawashooting-all-rnr-threads,non-rumours,non-rumour,nonrumour,,,,
524944981753356288,ottawashooting-all-rnr-threads,non-rumours,non-rumour,nonrumour,,,,
524964457936863232,ottawashooting-all-rnr-threads,non-rumours,non-rumour,nonrumour,,,,
524928223499784192,ottawashooting-all-rnr-threads,non-rumours,non-rumour,nonrumour,,,,
525003253185277952,ottawashooting-all-rnr-threads,non-rumours,non-rumour,nonrumour,,,,
525036180379676673,ottawashooting-all-rnr-threads,non-rumours,non-rumour,nonrumour,,,,
524985689905967105,ottawashooting-all-rnr-threads,non-rumours,non-rumour,nonrumour,,,,
524978855531253760,ottawashooting-all-rnr-threads,non-rumours,non-rumour,nonrumour,,,,
524953530193301505,ottawashooting-all-rnr-threads,non-rumours,non-rumour,nonrumour,,,,
524932635177795585,ottawashooting-all-rnr-threads,non-rumours,non-rumour,nonrumour,,,,
524998881676107776,ottawashooting-all-rnr-threads,non-rumours,non-rumour,nonrumour,,,,
524978912145985536,ottawashooting-all-rnr-threads,non-rumours,non-rumour,nonrumour,,,,
524979089787330560,ottawashooting-all-rnr-threads,non-rumours,non-rumour,nonrumour,,,,
524936075870228480,ottawashooting-all-rnr-threads,non-rumours,non-rumour,nonrumour,,,,
524943976902971392,ottawashooting-all-rnr-threads,non-rumours,non-rumour,nonrumour,,,,
525016983646244865,ottawashooting-all-rnr-threads,non-rumours,non-rumour,nonrumour,,,,
524957554829717504,ottawashooting-all-rnr-threads,non-rumours,non-rumour,nonrumour,,,,
525018717038854144,ottawashooting-all-rnr-threads,non-rumours,non-rumour,nonrumour,,,,
525069509342683137,ottawashooting-all-rnr-threads,non-rumours,non-rumour,nonrumour,,,,
524947368865964033,ottawashooting-all-rnr-threads,non-rumours,non-rumour,nonrumour,,,,
524944178586091520,ottawashooting-all-rnr-threads,non-rumours,non-rumour,nonrumour,,,,
524926528342487041,ottawashooting-all-rnr-threads,non-rumours,non-rumour,nonrumour,,,,
524991832451981312,ottawashooting-all-rnr-threads,non-rumours,non-rumour,nonrumour,,,,
524958498770395137,ottawashooting-all-rnr-threads,non-rumours,non-rumour,nonrumour,,,,
524968330172850177,ottawashooting-all-rnr-threads,non-rumours,non-rumour,nonrumour,,,,
524970488590651395,ottawashooting-all-rnr-threads,non-rumours,non-rumour,nonrumour,,,,
524936881348558849,ottawashooting-all-rnr-threads,non-rumours,non-rumour,nonrumour,,,,
524944571256434688,ottawashooting-all-rnr-threads,non-rumours,non-rumour,nonrumour,,,,
524961589406216192,ottawashooting-all-rnr-threads,non-rumours,non-rumour,nonrumour,,,,
524948618776944640,ottawashooting-all-rnr-threads,non-rumours,non-rumour,nonrumour,,,,
524988027425554432,ottawashooting-all-rnr-threads,non-rumours,non-rumour,nonrumour,,,,
524947129354420225,ottawashooting-all-rnr-threads,non-rumours,non-rumour,nonrumour,,,,
524949897221795840,ottawashooting-all-rnr-threads,non-rumours,non-rumour,nonrumour,,,,
524997030536830976,ottawashooting-all-rnr-threads,non-rumours,non-rumour,nonrumour,,,,
524950159160250368,ottawashooting-all-rnr-threads,non-rumours,non-rumour,nonrumour,,,,
525012912562536448,ottawashooting-all-rnr-threads,non-rumours,non-rumour,nonrumour,,,,
524966565788520448,ottawashooting-all-rnr-threads,non-rumours,non-rumour,nonrumour,,,,
524936008870400000,ottawashooting-all-rnr-threads,non-rumours,non-rumour,nonrumour,,,,
525009541671702528,ottawashooting-all-rnr-threads,non-rumours,non-rumour,nonrumour,,,,
524966946467749888,ottawashooting-all-rnr-threads,non-rumours,non-rumour,nonrumour,,,,
524935943925796866,ottawashooting-all-rnr-threads,non-rumours,non-rumour,nonrumour,,,,
524959390332239872,ottawashooting-all-rnr-threads,non-rumours,non-rumour,nonrumour,,,,
524934090542182400,ottawashooting-all-rnr-threads,non-rumours,non-rumour,nonrumour,,,,
524960221694005248,ottawashooting-all-rnr-threads,non-rumours,non-rumour,nonrumour,,,,
525008469385302017,ottawashooting-all-rnr-threads,non-rumours,non-rumour,nonrumour,,,,
524928863714168832,ottawashooting-all-rnr-threads,non-rumours,non-rumour,nonrumour,,,,
525044166519451648,ottawashooting-all-rnr-threads,non-rumours,non-rumour,nonrumour,,,,
524960814944747520,ottawashooting-all-rnr-threads,non-rumours,non-rumour,nonrumour,,,,
524935906596499456,ottawashooting-all-rnr-threads,non-rumours,non-rumour,nonrumour,,,,
524930400272265216,ottawashooting-all-rnr-threads,non-rumours,non-rumour,nonrumour,,,,
524976835881205760,ottawashooting-all-rnr-threads,non-rumours,non-rumour,nonrumour,,,,
525050632211021825,ottawashooting-all-rnr-threads,non-rumours,non-rumour,nonrumour,,,,
524969431534153728,ottawashooting-all-rnr-threads,non-rumours,non-rumour,nonrumour,,,,
524944146025312256,ottawashooting-all-rnr-threads,non-rumours,non-rumour,nonrumour,,,,
524982954880413696,ottawashooting-all-rnr-threads,non-rumours,non-rumour,nonrumour,,,,
525049481679892481,ottawashooting-all-rnr-threads,non-rumours,non-rumour,nonrumour,,,,
525063393309630464,ottawashooting-all-rnr-threads,non-rumours,non-rumour,nonrumour,,,,
524951948337098752,ottawashooting-all-rnr-threads,non-rumours,non-rumour,nonrumour,,,,
524977767688200192,ottawashooting-all-rnr-threads,non-rumours,non-rumour,nonrumour,,,,
524986210402705408,ottawashooting-all-rnr-threads,non-rumours,non-rumour,nonrumour,,,,
524931083797004288,ottawashooting-all-rnr-threads,non-rumours,non-rumour,nonrumour,,,,
525047104239333377,ottawashooting-all-rnr-threads,non-rumours,non-rumour,nonrumour,,,,
524970444156571648,ottawashooting-all-rnr-threads,non-rumours,non-rumour,nonrumour,,,,
524958741259886592,ottawashooting-all-rnr-threads,non-rumours,non-rumour,nonrumour,,,,
524937675115999232,ottawashooting-all-rnr-threads,non-rumours,non-rumour,nonrumour,,,,
524954262657581057,ottawashooting-all-rnr-threads,non-rumours,non-rumour,nonrumour,,,,
529723023591743488,prince-toronto-all-rnr-threads,rumours,false,rumour,1,,0,Prince will play a show at Massey Hall in Toronto on November 4
529742159352975362,prince-toronto-all-rnr-threads,rumours,false,rumour,1,,0,Prince will play a show at Massey Hall in Toronto on November 4
529721745486659584,prince-toronto-all-rnr-threads,rumours,false,rumour,1,,0,Prince will play a show at Massey Hall in Toronto on November 4
529684962778570753,prince-toronto-all-rnr-threads,rumours,false,rumour,1,,0,Prince will play a show at Massey Hall in Toronto on November 4
529674474019651584,prince-toronto-all-rnr-threads,rumours,false,rumour,1,,0,Prince will play a show at Massey Hall in Toronto on November 4
529637014527029248,prince-toronto-all-rnr-threads,rumours,false,rumour,1,,0,Prince will play a show at Massey Hall in Toronto on November 4
529654845838741504,prince-toronto-all-rnr-threads,rumours,false,rumour,1,,0,Wristbands for the show cost $10 each
529733645435949056,prince-toronto-all-rnr-threads,rumours,false,rumour,1,,0,Prince will play a show in Toronto on November 4
529691396098510848,prince-toronto-all-rnr-threads,rumours,false,rumour,1,,0,Prince will play a show in Toronto on November 4
529727006427340801,prince-toronto-all-rnr-threads,rumours,false,rumour,1,,0,Prince will play a show at Massey Hall in Toronto on November 4
529698410879025153,prince-toronto-all-rnr-threads,rumours,unverified,rumour,0,,0,Prince's drumkit has been set up inside Massey Hall
529683211774083073,prince-toronto-all-rnr-threads,rumours,false,rumour,1,,0,Prince will play a show at Massey Hall in Toronto on November 4
529757077200449536,prince-toronto-all-rnr-threads,rumours,false,rumour,1,,0,Prince will play a show in Toronto on November 4
529830606210093058,prince-toronto-all-rnr-threads,rumours,unverified,rumour,0,,1,Prince's drumkit has been set up inside Massey Hall
529660101683318785,prince-toronto-all-rnr-threads,rumours,false,rumour,1,,0,Prince will play a show in Toronto on November 4
529671725865111552,prince-toronto-all-rnr-threads,rumours,false,rumour,1,,0,Prince will play a show at Massey Hall in Toronto on November 4
529578734102523904,prince-toronto-all-rnr-threads,rumours,false,rumour,1,,0,Prince will play a show in Toronto on November 4
529644676333453312,prince-toronto-all-rnr-threads,rumours,false,rumour,1,,0,Prince will play a show at Massey Hall in Toronto on November 4
529732310099578880,prince-toronto-all-rnr-threads,rumours,false,rumour,1,,0,Prince will play a show in Toronto on November 4
529726966178787328,prince-toronto-all-rnr-threads,rumours,false,rumour,1,,0,Prince will play a show in Toronto on November 4
529731453865955328,prince-toronto-all-rnr-threads,rumours,false,rumour,1,,0,Prince will play a show in Toronto on November 4
529660296080916480,prince-toronto-all-rnr-threads,rumours,false,rumour,1,,0,Prince will play a show in Toronto on November 4
529706188032999425,prince-toronto-all-rnr-threads,rumours,false,rumour,1,,0,Prince will play a show in Toronto on November 4
529726244834017280,prince-toronto-all-rnr-threads,rumours,false,rumour,1,,0,Prince will play a show in Toronto on November 4
529674135098900481,prince-toronto-all-rnr-threads,rumours,false,rumour,1,,0,Prince will play a show at Massey Hall in Toronto on November 4
529726211241803776,prince-toronto-all-rnr-threads,rumours,false,rumour,1,,0,Prince will play a show at Massey Hall in Toronto on November 4
529691396169809921,prince-toronto-all-rnr-threads,rumours,false,rumour,1,,0,Prince will play a show in Toronto on November 4
529710975730323457,prince-toronto-all-rnr-threads,rumours,false,rumour,1,,0,Prince will play a show in Toronto on November 4
529728722963034113,prince-toronto-all-rnr-threads,rumours,false,rumour,1,,0,Prince will play a show at Massey Hall on November 5 
529670566031421440,prince-toronto-all-rnr-threads,rumours,false,rumour,1,,0,Prince will play a show at Massey Hall in Toronto on November 4
529652829536141314,prince-toronto-all-rnr-threads,rumours,false,rumour,1,,0,Prince will play a show at Massey Hall in Toronto on November 4
529680484402749440,prince-toronto-all-rnr-threads,rumours,false,rumour,1,,0,Prince will play a show at Massey Hall in Toronto on November 4
529664593921314816,prince-toronto-all-rnr-threads,rumours,false,rumour,1,,0,Prince will play a show at Massey Hall in Toronto on November 4
529727794826457089,prince-toronto-all-rnr-threads,rumours,false,rumour,1,,0,Prince will play a show in Toronto on November 4
529645279159779329,prince-toronto-all-rnr-threads,rumours,false,rumour,1,,0,Wristbands for the Prince show will be available at 6 p.m.
529627707382853632,prince-toronto-all-rnr-threads,rumours,false,rumour,1,,0,Prince will play a show in Toronto on November 4
529658492391813120,prince-toronto-all-rnr-threads,rumours,false,rumour,1,,0,Prince will play a show at Massey Hall in Toronto on November 4
529679359301648384,prince-toronto-all-rnr-threads,rumours,false,rumour,1,,0,Prince will play a show at Massey Hall in Toronto on November 4
529733015862513664,prince-toronto-all-rnr-threads,rumours,false,rumour,1,,0,Prince will play a show at Massey Hall in Toronto on November 4
529654486974099456,prince-toronto-all-rnr-threads,rumours,false,rumour,1,,0,Prince will play a show in Toronto on November 4
529773317889064960,prince-toronto-all-rnr-threads,rumours,false,rumour,1,,0,Prince will play a show at Massey Hall in Toronto on November 4
529654321873715200,prince-toronto-all-rnr-threads,rumours,false,rumour,1,,0,Wristbands for the show cost $10 each
529679551631089664,prince-toronto-all-rnr-threads,rumours,false,rumour,1,,0,Prince will play a show in Toronto on November 4
529771847186124800,prince-toronto-all-rnr-threads,rumours,false,rumour,1,,0,Prince will play a show at Massey Hall in Toronto on November 4
529702456348139520,prince-toronto-all-rnr-threads,rumours,false,rumour,1,,0,Prince will play a show at Massey Hall in Toronto on November 4
529732350402646016,prince-toronto-all-rnr-threads,rumours,false,rumour,1,,0,Prince will play a show in Toronto on November 4
529778109290012673,prince-toronto-all-rnr-threads,rumours,false,rumour,1,,0,Prince will play a show in Toronto on November 4
529725532569886720,prince-toronto-all-rnr-threads,rumours,false,rumour,1,,0,Prince will play a show at Massey Hall in Toronto on November 4
529775890767437825,prince-toronto-all-rnr-threads,rumours,false,rumour,1,,0,Prince will play a show at Massey Hall in Toronto on November 4
529729262593773568,prince-toronto-all-rnr-threads,rumours,false,rumour,1,,0,Prince will play a show at Massey Hall in Toronto on November 4
529660746645647360,prince-toronto-all-rnr-threads,rumours,false,rumour,1,,0,Wristbands for the show cost $10 each
529679172650942465,prince-toronto-all-rnr-threads,rumours,false,rumour,1,,0,Prince will play a show in Toronto on November 4
529735706386898944,prince-toronto-all-rnr-threads,rumours,false,rumour,1,,0,Prince will play a show at Massey Hall in Toronto on November 4
529671638539698178,prince-toronto-all-rnr-threads,rumours,false,rumour,1,,0,Prince will play a show in Toronto on November 4
529735459069788161,prince-toronto-all-rnr-threads,rumours,unverified,rumour,0,,0,Prince's drumkit has been set up inside Massey Hall
529735664347406339,prince-toronto-all-rnr-threads,rumours,false,rumour,1,,0,Prince will play a show in Toronto on November 4
529634428734423042,prince-toronto-all-rnr-threads,rumours,false,rumour,1,,0,Prince will play a show in Toronto on November 4
529725420162539520,prince-toronto-all-rnr-threads,rumours,false,rumour,1,,0,Prince will play a show in Toronto on November 4
529652689471569920,prince-toronto-all-rnr-threads,rumours,false,rumour,1,,0,Prince will play a show at Massey Hall in Toronto on November 4
529724755906400256,prince-toronto-all-rnr-threads,rumours,false,rumour,1,,0,Prince will play a show at Massey Hall in Toronto on November 4
529702797349253121,prince-toronto-all-rnr-threads,rumours,false,rumour,1,,0,Prince will play a show at Massey Hall in Toronto on November 4
529738730748534786,prince-toronto-all-rnr-threads,rumours,false,rumour,1,,0,Prince will play a show at Massey Hall in Toronto on November 4
529638205013123073,prince-toronto-all-rnr-threads,rumours,false,rumour,1,,0,Prince will play a show in Toronto on November 4
529765936199647233,prince-toronto-all-rnr-threads,rumours,false,rumour,1,,0,Prince will play a show at Massey Hall in Toronto on November 4
529657418985525248,prince-toronto-all-rnr-threads,rumours,false,rumour,1,,0,Prince will play a show at Massey Hall in Toronto on November 4
529653029747064832,prince-toronto-all-rnr-threads,rumours,false,rumour,1,,0,Wristbands for the Prince show will be available at 6 p.m.
529638427462217728,prince-toronto-all-rnr-threads,rumours,false,rumour,1,,0,Prince will play a show at Massey Hall in Toronto on November 4
529734565599121410,prince-toronto-all-rnr-threads,rumours,false,rumour,1,,0,Prince will play a show at Massey Hall in Toronto on November 4
529653880196698112,prince-toronto-all-rnr-threads,rumours,false,rumour,1,,0,Prince will play a show at Massey Hall in Toronto on November 4
529660692832739328,prince-toronto-all-rnr-threads,rumours,false,rumour,1,,0,Prince will play a show at Massey Hall in Toronto on November 4
529637505981624320,prince-toronto-all-rnr-threads,rumours,false,rumour,1,,0,Prince will play a show in Toronto on November 4
529727813239451649,prince-toronto-all-rnr-threads,rumours,false,rumour,1,,0,Prince will play a show at Massey Hall in Toronto on November 4
529762820108607489,prince-toronto-all-rnr-threads,rumours,false,rumour,1,,0,Prince will play a show in Toronto on November 4
529696730607271936,prince-toronto-all-rnr-threads,rumours,false,rumour,1,,0,Prince will play a show at Massey Hall in Toronto on November 4
529731513613836288,prince-toronto-all-rnr-threads,rumours,false,rumour,1,,0,Prince will play a show at Massey Hall in Toronto on November 4
529715547538485248,prince-toronto-all-rnr-threads,rumours,false,rumour,1,,0,Prince will play a show at Massey Hall in Toronto on November 4
529726825938030592,prince-toronto-all-rnr-threads,rumours,false,rumour,1,,0,Prince will play a show at Massey Hall in Toronto on November 4
529688713253494785,prince-toronto-all-rnr-threads,rumours,false,rumour,1,,0,Prince will play a show at Massey Hall in Toronto on November 4
529745609969131522,prince-toronto-all-rnr-threads,rumours,false,rumour,1,,0,Prince will play a show in Toronto on November 4
529572620782825473,prince-toronto-all-rnr-threads,rumours,false,rumour,1,,0,Prince will play a show in Toronto on November 4
529664974978023425,prince-toronto-all-rnr-threads,rumours,false,rumour,1,,0,Prince will play a show in Toronto on November 4
529687410611728384,prince-toronto-all-rnr-threads,rumours,false,rumour,1,,0,Prince will play a show in Toronto on November 4
529669611030331392,prince-toronto-all-rnr-threads,rumours,false,rumour,1,,0,Prince will play a show at Massey Hall in Toronto on November 4
529724985775235072,prince-toronto-all-rnr-threads,rumours,false,rumour,1,,0,Prince will play a show at Massey Hall in Toronto on November 4
529734612998955008,prince-toronto-all-rnr-threads,rumours,false,rumour,1,,0,Prince will play a show at Massey Hall in Toronto on November 4
529695299200360448,prince-toronto-all-rnr-threads,rumours,false,rumour,1,,0,Prince will play a show in Toronto on November 4
529708410464636929,prince-toronto-all-rnr-threads,rumours,false,rumour,1,,0,Prince will play a show at Massey Hall in Toronto on November 4
529707148537004033,prince-toronto-all-rnr-threads,rumours,false,rumour,1,,0,Prince will play a show at Massey Hall in Toronto on November 4
529654835537518592,prince-toronto-all-rnr-threads,rumours,false,rumour,1,,0,Prince will play a show at Massey Hall in Toronto on November 4
529773194027073537,prince-toronto-all-rnr-threads,rumours,false,rumour,1,,0,Prince will play a show at Massey Hall in Toronto on November 4
529664783599943680,prince-toronto-all-rnr-threads,rumours,false,rumour,1,,0,Prince will play a show in Toronto on November 4
529735674405326848,prince-toronto-all-rnr-threads,rumours,false,rumour,1,,0,Prince will play a show at Massey Hall in Toronto on November 4
529627706057834496,prince-toronto-all-rnr-threads,rumours,false,rumour,1,,0,Prince will play a show in Toronto on November 4
529647809243648001,prince-toronto-all-rnr-threads,rumours,false,rumour,1,,0,Prince will play a show in Toronto on November 4
529742801274429440,prince-toronto-all-rnr-threads,rumours,false,rumour,1,,0,Prince will play a show at Massey Hall in Toronto on November 4
529652940869738496,prince-toronto-all-rnr-threads,rumours,false,rumour,1,,0,Prince will play a show at Massey Hall in Toronto on November 4
529700827557285889,prince-toronto-all-rnr-threads,rumours,false,rumour,1,,0,Wristbands for the show cost $10 each
529716182438653952,prince-toronto-all-rnr-threads,rumours,false,rumour,1,,0,Prince will play a show at Massey Hall in Toronto on November 4
529724254183780355,prince-toronto-all-rnr-threads,rumours,false,rumour,1,,0,Prince will play a show at Massey Hall in Toronto on November 4
529702197916090370,prince-toronto-all-rnr-threads,rumours,false,rumour,1,,0,Prince will play a show at Massey Hall in Toronto on November 4
529655582882791424,prince-toronto-all-rnr-threads,rumours,false,rumour,1,,0,Prince will play a show in Toronto on November 4
529776116773298176,prince-toronto-all-rnr-threads,rumours,false,rumour,1,,0,Prince will play a show in Toronto on November 4
529752475541442560,prince-toronto-all-rnr-threads,rumours,unverified,rumour,0,,0,Prince's drumkit has been set up inside Massey Hall
529689763230797824,prince-toronto-all-rnr-threads,rumours,false,rumour,1,,0,Prince will play a show at Massey Hall in Toronto on November 4
529725862246375424,prince-toronto-all-rnr-threads,rumours,false,rumour,1,,0,Prince will play a show at Massey Hall in Toronto on November 4
529646030472904704,prince-toronto-all-rnr-threads,rumours,false,rumour,1,,0,Prince will play a show at Massey Hall in Toronto on November 4
529723362894176256,prince-toronto-all-rnr-threads,rumours,false,rumour,1,,0,Prince will play a show at Massey Hall in Toronto on November 4
529643568873230337,prince-toronto-all-rnr-threads,rumours,false,rumour,1,,0,Wristbands for the Prince show will be available at 6 p.m.
529654489356070912,prince-toronto-all-rnr-threads,rumours,false,rumour,1,,0,Prince will play a show in Toronto on November 4
529446466541326336,prince-toronto-all-rnr-threads,rumours,false,rumour,1,,0,Prince will play a show at Massey Hall in Toronto on November 4
529664525768077314,prince-toronto-all-rnr-threads,rumours,false,rumour,1,,0,Prince will play a show in Toronto on November 4
529746217098825728,prince-toronto-all-rnr-threads,rumours,unverified,rumour,0,,0,Prince's drumkit has been set up inside Massey Hall
529723420993683457,prince-toronto-all-rnr-threads,rumours,false,rumour,1,,0,Prince will play a show at Massey Hall in Toronto on November 4
529733937170771969,prince-toronto-all-rnr-threads,rumours,unverified,rumour,0,,0,Prince's drumkit has been set up inside Massey Hall
529713467184676864,prince-toronto-all-rnr-threads,rumours,false,rumour,1,,0,Prince will play a show in Toronto on November 4
529735608676413441,prince-toronto-all-rnr-threads,rumours,false,rumour,1,,0,Prince will play a show at Massey Hall in Toronto on November 4
529667041142124544,prince-toronto-all-rnr-threads,rumours,false,rumour,1,,0,Prince will play a show at Massey Hall in Toronto on November 4
529728291545284608,prince-toronto-all-rnr-threads,rumours,false,rumour,1,,0,Prince will play a show at Massey Hall in Toronto on November 4
529648547864399872,prince-toronto-all-rnr-threads,rumours,false,rumour,1,,0,Prince will play a show in Toronto on November 4
529645026452979712,prince-toronto-all-rnr-threads,rumours,false,rumour,1,,0,Prince will play a show at Massey Hall in Toronto on November 4
529756814175633411,prince-toronto-all-rnr-threads,rumours,false,rumour,1,,0,Prince will play a show in Toronto on November 4
529720675272249344,prince-toronto-all-rnr-threads,rumours,false,rumour,1,,0,Prince will play a show at Massey Hall in Toronto on November 4
529734972249505795,prince-toronto-all-rnr-threads,rumours,false,rumour,1,,0,Prince will play a show at Massey Hall in Toronto on November 4
529700937053773824,prince-toronto-all-rnr-threads,rumours,false,rumour,1,,0,Prince will play a show in Toronto on November 4
529722176380076032,prince-toronto-all-rnr-threads,rumours,false,rumour,1,,0,Prince will play a show at Massey Hall in Toronto on November 4
529749273211330562,prince-toronto-all-rnr-threads,rumours,false,rumour,1,,0,Prince will play a show in Toronto on November 4
529669581506236416,prince-toronto-all-rnr-threads,rumours,false,rumour,1,,0,Prince will play a show in Toronto on November 4
529830319982407680,prince-toronto-all-rnr-threads,rumours,false,rumour,1,,0,Prince will play a show in Toronto on November 4
529657139959451648,prince-toronto-all-rnr-threads,rumours,false,rumour,1,,0,Prince will play a show in Toronto on November 4
529644561770217473,prince-toronto-all-rnr-threads,rumours,false,rumour,1,,0,Prince will play a show at Massey Hall in Toronto on November 4
529649368656134144,prince-toronto-all-rnr-threads,rumours,false,rumour,1,,0,Wristbands for the show cost $10 each
529723807591038977,prince-toronto-all-rnr-threads,rumours,false,rumour,1,,0,Prince will play a show at Massey Hall in Toronto on November 4
529723684454666240,prince-toronto-all-rnr-threads,rumours,false,rumour,1,,0,Prince will play a show at Massey Hall in Toronto on November 4
529828486975066112,prince-toronto-all-rnr-threads,rumours,false,rumour,1,,0,Prince will play a show at Massey Hall in Toronto on November 4
529637341645008896,prince-toronto-all-rnr-threads,rumours,false,rumour,1,,0,Prince will play a show at Massey Hall in Toronto on November 4
529669184670941184,prince-toronto-all-rnr-threads,rumours,false,rumour,1,,0,Prince will play a show at Massey Hall in Toronto on November 4
529723708207030274,prince-toronto-all-rnr-threads,rumours,false,rumour,1,,0,Prince will play a show at Massey Hall in Toronto on November 4
529725387400835072,prince-toronto-all-rnr-threads,rumours,false,rumour,1,,0,Prince will play a show at Massey Hall in Toronto on November 4
529667934697029632,prince-toronto-all-rnr-threads,rumours,false,rumour,1,,0,Prince will play a show at Massey Hall in Toronto on November 4
529722630363181056,prince-toronto-all-rnr-threads,rumours,false,rumour,1,,0,Prince will play a show in Toronto on November 4
529652269105815553,prince-toronto-all-rnr-threads,rumours,false,rumour,1,,0,Prince will play a show at Massey Hall in Toronto on November 4
529641857513308160,prince-toronto-all-rnr-threads,rumours,false,rumour,1,,0,Prince will play a show in Toronto on November 4
529705050453835776,prince-toronto-all-rnr-threads,rumours,false,rumour,1,,0,Prince will play a show at Massey Hall on November 5 
529714770422022146,prince-toronto-all-rnr-threads,rumours,false,rumour,1,,0,Prince will play a show at Massey Hall in Toronto on November 4
529648452511473666,prince-toronto-all-rnr-threads,rumours,false,rumour,1,,0,Wristbands for the Prince show will be available at 6 p.m.
529743499588276226,prince-toronto-all-rnr-threads,rumours,false,rumour,1,,0,Prince will play a show at Massey Hall in Toronto on November 4
529729911926583296,prince-toronto-all-rnr-threads,rumours,false,rumour,1,,0,Prince will play a show at Massey Hall in Toronto on November 4
529689679411810304,prince-toronto-all-rnr-threads,rumours,false,rumour,1,,0,Prince will play a show in Toronto on November 4
529731332717678593,prince-toronto-all-rnr-threads,rumours,false,rumour,1,,0,Prince will play a show at Massey Hall in Toronto on November 4
529659390664908801,prince-toronto-all-rnr-threads,rumours,false,rumour,1,,0,Prince will play a show at Massey Hall in Toronto on November 4
529671440829005825,prince-toronto-all-rnr-threads,rumours,false,rumour,1,,0,Prince will play a show at Massey Hall in Toronto on November 4
529627936622931968,prince-toronto-all-rnr-threads,rumours,false,rumour,1,,0,Prince will play a show in Toronto on November 4
529648202379964416,prince-toronto-all-rnr-threads,rumours,false,rumour,1,,0,Wristbands for the Prince show will be available at 6 p.m.
529664568772292610,prince-toronto-all-rnr-threads,rumours,false,rumour,1,,0,Prince will play a show at Massey Hall in Toronto on November 4
529621484130828290,prince-toronto-all-rnr-threads,rumours,false,rumour,1,,0,Prince will play a show at Massey Hall in Toronto on November 4
529714629745082369,prince-toronto-all-rnr-threads,rumours,false,rumour,1,,0,Prince will play a show in Toronto on November 4
529730384989544449,prince-toronto-all-rnr-threads,rumours,false,rumour,1,,0,Prince will play a show at Massey Hall in Toronto on November 4
529692457337118721,prince-toronto-all-rnr-threads,rumours,false,rumour,1,,0,Prince will play a show at Massey Hall in Toronto on November 4
529726656941162496,prince-toronto-all-rnr-threads,rumours,false,rumour,1,,0,Prince will play a show at Massey Hall in Toronto on November 4
529736435780583424,prince-toronto-all-rnr-threads,rumours,false,rumour,1,,0,Prince will play a show in Toronto on November 4
529654388269535232,prince-toronto-all-rnr-threads,rumours,false,rumour,1,,0,Prince will play a show in Toronto on November 4
529775258698399746,prince-toronto-all-rnr-threads,rumours,false,rumour,1,,0,Prince will play a show in Toronto on November 4
529399936434327552,prince-toronto-all-rnr-threads,rumours,false,rumour,1,,0,Prince will play a show in Toronto on November 4
529726642902810625,prince-toronto-all-rnr-threads,rumours,false,rumour,1,,0,Prince will play a show at Massey Hall in Toronto on November 4
529679889923076096,prince-toronto-all-rnr-threads,rumours,false,rumour,1,,0,Prince will play a show at Massey Hall in Toronto on November 4
529541962639355904,prince-toronto-all-rnr-threads,rumours,false,rumour,1,,0,Prince will play a show at Massey Hall in Toronto on November 4
529712119391199232,prince-toronto-all-rnr-threads,rumours,false,rumour,1,,0,Prince will play a show at Massey Hall in Toronto on November 4
529730550169624579,prince-toronto-all-rnr-threads,rumours,false,rumour,1,,0,Prince will play a show at Massey Hall in Toronto on November 4
529733930199814144,prince-toronto-all-rnr-threads,rumours,false,rumour,1,,0,Prince will play a show in Toronto on November 4
529676682622664704,prince-toronto-all-rnr-threads,rumours,false,rumour,1,,0,Prince will play a show at Massey Hall in Toronto on November 4
529647261689864192,prince-toronto-all-rnr-threads,rumours,false,rumour,1,,0,Prince will play a show at Massey Hall in Toronto on November 4
529642612618035202,prince-toronto-all-rnr-threads,rumours,false,rumour,1,,0,Prince will play a show at Massey Hall in Toronto on November 4
529630665168281601,prince-toronto-all-rnr-threads,rumours,false,rumour,1,,0,Prince will play a show at Massey Hall in Toronto on November 4
529692613780439040,prince-toronto-all-rnr-threads,rumours,false,rumour,1,,0,Prince will play a show at Massey Hall in Toronto on November 4
529728664137904128,prince-toronto-all-rnr-threads,rumours,false,rumour,1,,1,Prince will play a show at Massey Hall on November 5 
529651454832037888,prince-toronto-all-rnr-threads,rumours,false,rumour,1,,0,Prince will play a show at Massey Hall in Toronto on November 4
529749285198655488,prince-toronto-all-rnr-threads,rumours,false,rumour,1,,0,Prince will play a show at Massey Hall in Toronto on November 4
529726566646177794,prince-toronto-all-rnr-threads,rumours,false,rumour,1,,0,Prince will play a show in Toronto on November 4
529716453792956416,prince-toronto-all-rnr-threads,rumours,false,rumour,1,,0,Prince will play a show at Massey Hall in Toronto on November 4
529738310022090752,prince-toronto-all-rnr-threads,rumours,false,rumour,1,,0,Prince will play a show in Toronto on November 4
529695367680761856,prince-toronto-all-rnr-threads,rumours,false,rumour,1,,0,Prince will play a show in Toronto on November 4
529655746074779648,prince-toronto-all-rnr-threads,rumours,false,rumour,1,,0,Prince will play a show at Massey Hall in Toronto on November 4
529739770524860418,prince-toronto-all-rnr-threads,rumours,false,rumour,1,,0,Prince will play a show at Massey Hall in Toronto on November 4
529729927835557888,prince-toronto-all-rnr-threads,rumours,false,rumour,1,,0,Prince will play a show in Toronto on November 4
529723023184498688,prince-toronto-all-rnr-threads,rumours,false,rumour,1,,0,Prince will play a show at Massey Hall in Toronto on November 4
529681320965079041,prince-toronto-all-rnr-threads,rumours,false,rumour,1,,0,Prince will play a show at Massey Hall in Toronto on November 4
529627432996044801,prince-toronto-all-rnr-threads,rumours,false,rumour,1,,0,Prince will play a show at Massey Hall in Toronto on November 4
529746982106324992,prince-toronto-all-rnr-threads,rumours,false,rumour,1,,0,Prince will play a show at Massey Hall in Toronto on November 4
529818929607475201,prince-toronto-all-rnr-threads,rumours,false,rumour,1,,0,Prince will play a show at Massey Hall in Toronto on November 4
529691342168141824,prince-toronto-all-rnr-threads,rumours,false,rumour,1,,0,Prince will play a show at Massey Hall in Toronto on November 4
529664917239250946,prince-toronto-all-rnr-threads,rumours,false,rumour,1,,0,Prince will play a show at Massey Hall in Toronto on November 4
529697032659673088,prince-toronto-all-rnr-threads,rumours,false,rumour,1,,0,Prince will play a show in Toronto on November 4
529590474005544960,prince-toronto-all-rnr-threads,rumours,false,rumour,1,,0,Prince will play a show at Massey Hall in Toronto on November 4
529628988683976704,prince-toronto-all-rnr-threads,rumours,false,rumour,1,,0,Prince will play a show in Toronto on November 4
529723761428557824,prince-toronto-all-rnr-threads,rumours,false,rumour,1,,0,Prince will play a show at Massey Hall in Toronto on November 4
529665662856495104,prince-toronto-all-rnr-threads,rumours,false,rumour,1,,0,Prince will play a show at Massey Hall in Toronto on November 4
529695483661664257,prince-toronto-all-rnr-threads,rumours,false,rumour,1,,0,Prince will play a show at Massey Hall in Toronto on November 4
529758256596787200,prince-toronto-all-rnr-threads,rumours,false,rumour,1,,0,Prince will play a show at Massey Hall in Toronto on November 4
529670383629520896,prince-toronto-all-rnr-threads,rumours,false,rumour,1,,0,Prince will play a show at Massey Hall in Toronto on November 4
529729144536723456,prince-toronto-all-rnr-threads,rumours,false,rumour,1,,0,Prince will play a show at Massey Hall on November 5 
529725730603925505,prince-toronto-all-rnr-threads,rumours,false,rumour,1,,0,Prince will play a show at Massey Hall in Toronto on November 4
529722264615673856,prince-toronto-all-rnr-threads,rumours,false,rumour,1,,1,Prince will play a show in Toronto on November 4
529723420268068865,prince-toronto-all-rnr-threads,rumours,false,rumour,1,,0,Prince will play a show at Massey Hall in Toronto on November 4
529679905483915264,prince-toronto-all-rnr-threads,rumours,false,rumour,1,,0,Prince will play a show at Massey Hall in Toronto on November 4
529730804688375809,prince-toronto-all-rnr-threads,rumours,false,rumour,1,,0,Prince will play a show at Massey Hall on November 5 
529701740925698048,prince-toronto-all-rnr-threads,rumours,false,rumour,1,,0,Prince will play a show in Toronto on November 4
529704637301923840,prince-toronto-all-rnr-threads,rumours,false,rumour,1,,0,Prince will play a show in Toronto on November 4
529739968470867968,prince-toronto-all-rnr-threads,rumours,false,rumour,1,,0,Prince will play a show at Massey Hall in Toronto on November 4
529763954231607297,prince-toronto-all-rnr-threads,rumours,false,rumour,1,,0,Prince will play a show at Massey Hall in Toronto on November 4
529722357267857408,prince-toronto-all-rnr-threads,rumours,false,rumour,1,,0,Prince will play a show at Massey Hall in Toronto on November 4
529702439164067840,prince-toronto-all-rnr-threads,rumours,unverified,rumour,0,,0,Prince's drumkit has been set up inside Massey Hall
529736110667468800,prince-toronto-all-rnr-threads,rumours,false,rumour,1,,0,Prince will play a show in Toronto on November 4
529722288971984897,prince-toronto-all-rnr-threads,rumours,false,rumour,1,,0,Prince will play a show at Massey Hall in Toronto on November 4
529663474079920128,prince-toronto-all-rnr-threads,rumours,false,rumour,1,,0,Prince will play a show at Massey Hall in Toronto on November 4
529740161144602624,prince-toronto-all-rnr-threads,rumours,false,rumour,1,,0,Prince will play a show in Toronto on November 4
529763844176896000,prince-toronto-all-rnr-threads,rumours,false,rumour,1,,0,Prince will play a show in Toronto on November 4
529731160025612288,prince-toronto-all-rnr-threads,rumours,false,rumour,1,,0,Prince will play a show at Massey Hall in Toronto on November 4
529738126026358784,prince-toronto-all-rnr-threads,rumours,false,rumour,1,,0,Prince will play a show at Massey Hall on November 5 
529540733020405760,prince-toronto-all-rnr-threads,rumours,false,rumour,1,,0,Prince will play a show in Toronto on November 4
529724757366022145,prince-toronto-all-rnr-threads,rumours,false,rumour,1,,0,Prince will play a show at Massey Hall in Toronto on November 4
529727601280307201,prince-toronto-all-rnr-threads,rumours,false,rumour,1,,0,Prince will play a show at Massey Hall in Toronto on November 4
529695308302000128,prince-toronto-all-rnr-threads,rumours,false,rumour,1,,0,Prince will play a show in Toronto on November 4
529655766509445122,prince-toronto-all-rnr-threads,rumours,false,rumour,1,,0,Prince will play a show at Massey Hall in Toronto on November 4
529694805010685952,prince-toronto-all-rnr-threads,rumours,false,rumour,1,,0,Wristbands for the show cost $10 each
529734113608359936,prince-toronto-all-rnr-threads,rumours,false,rumour,1,,0,Prince will play a show at Massey Hall in Toronto on November 4
529654186791944192,prince-toronto-all-rnr-threads,rumours,false,rumour,1,,0,Prince will play a show in Toronto on November 4
529720273285566464,prince-toronto-all-rnr-threads,rumours,false,rumour,1,,1,Prince will play a show at Massey Hall in Toronto on November 4
529757088881573889,prince-toronto-all-rnr-threads,rumours,false,rumour,1,,0,Prince will play a show in Toronto on November 4
529666235710332928,prince-toronto-all-rnr-threads,rumours,false,rumour,1,,0,Wristbands for the show cost $10 each
529761572881985536,prince-toronto-all-rnr-threads,non-rumours,non-rumour,nonrumour,,,,
529695075560071168,prince-toronto-all-rnr-threads,non-rumours,non-rumour,nonrumour,,,,
529590949136326656,prince-toronto-all-rnr-threads,non-rumours,non-rumour,nonrumour,,,,
529755373721632768,prince-toronto-all-rnr-threads,non-rumours,non-rumour,nonrumour,,,,
576320540983582720,putinmissing-all-rnr-threads,rumours,unverified,rumour,0,,,Putin's girlfriend is giving birth to their child in Switzerland
576323086888361984,putinmissing-all-rnr-threads,rumours,unverified,rumour,0,,,Putin's girlfriend is giving birth to their child in Switzerland
576824525339402240,putinmissing-all-rnr-threads,rumours,unverified,rumour,0,,,"Putin is facing a ""palace coup"""
576836412051304448,putinmissing-all-rnr-threads,rumours,unverified,rumour,0,,,"Putin is facing a ""palace coup"""
576389113319944193,putinmissing-all-rnr-threads,rumours,unverified,rumour,0,,,Putin's girlfriend is giving birth to their child in Switzerland
576832918343032832,putinmissing-all-rnr-threads,rumours,unverified,rumour,0,,,Putin's girlfriend is giving birth to their child in Switzerland
576382568586706944,putinmissing-all-rnr-threads,rumours,unverified,rumour,0,,,Putin's girlfriend is giving birth to their child in Switzerland
576409244968361985,putinmissing-all-rnr-threads,rumours,unverified,rumour,0,,,Putin's girlfriend is giving birth to their child in Switzerland
576860819322880000,putinmissing-all-rnr-threads,rumours,unverified,rumour,0,,,"Putin is facing a ""palace coup"""
576530268351246337,putinmissing-all-rnr-threads,rumours,unverified,rumour,0,,,"Putin is facing a ""palace coup"""
576326555246415872,putinmissing-all-rnr-threads,rumours,unverified,rumour,0,,,Putin's girlfriend is giving birth to their child in Switzerland
576796432730071040,putinmissing-all-rnr-threads,rumours,false,rumour,1,,,Putin has died
576548875072335872,putinmissing-all-rnr-threads,rumours,false,rumour,1,,,Putin has died
576344611519614976,putinmissing-all-rnr-threads,rumours,unverified,rumour,0,,,Putin's girlfriend is giving birth to their child in Switzerland
576344015458570240,putinmissing-all-rnr-threads,rumours,false,rumour,1,,,Putin has died
576470720328392704,putinmissing-all-rnr-threads,rumours,unverified,rumour,0,,,Putin's girlfriend is giving birth to their child in Switzerland
576770854803107841,putinmissing-all-rnr-threads,rumours,unverified,rumour,0,,,"Putin's disappearance has been ""staged"""
576515871876767744,putinmissing-all-rnr-threads,rumours,unverified,rumour,0,,,Putin's girlfriend is giving birth to their child in Switzerland
576319105965359105,putinmissing-all-rnr-threads,rumours,unverified,rumour,0,,,Putin's girlfriend is giving birth to their child in Switzerland
576338374925164544,putinmissing-all-rnr-threads,rumours,unverified,rumour,0,,,Putin's girlfriend is giving birth to their child in Switzerland
577294310573502465,putinmissing-all-rnr-threads,rumours,unverified,rumour,0,,,"Putin is facing a ""palace coup"""
576362213134454785,putinmissing-all-rnr-threads,rumours,unverified,rumour,0,,,Putin's girlfriend is giving birth to their child in Switzerland
576694748095782912,putinmissing-all-rnr-threads,rumours,unverified,rumour,0,,,Journalists have been told not to leave Moscow as a major announcement from the Kremlin is pending
577273752796282881,putinmissing-all-rnr-threads,rumours,unverified,rumour,0,,,"Putin is facing a ""palace coup"""
576819925005680640,putinmissing-all-rnr-threads,rumours,unverified,rumour,0,,,"Putin is facing a ""palace coup"""
576850639600357376,putinmissing-all-rnr-threads,rumours,unverified,rumour,0,,,Putin's girlfriend is giving birth to their child in Switzerland
577303162765250560,putinmissing-all-rnr-threads,rumours,unverified,rumour,0,,,"Putin is facing a ""palace coup"""
576789978795155457,putinmissing-all-rnr-threads,rumours,unverified,rumour,0,,,Putin has fallen ill
576821399983026177,putinmissing-all-rnr-threads,rumours,unverified,rumour,0,,,"Putin is facing a ""palace coup"""
576829262927413248,putinmissing-all-rnr-threads,rumours,unverified,rumour,0,,,"Putin is facing a ""palace coup"""
577297951325876224,putinmissing-all-rnr-threads,rumours,unverified,rumour,0,,,"Putin's disappearance has been ""staged"""
576749539375235072,putinmissing-all-rnr-threads,rumours,unverified,rumour,0,,,Journalists have been told not to leave Moscow as a major announcement from the Kremlin is pending
576531907606892544,putinmissing-all-rnr-threads,rumours,unverified,rumour,0,,,"Putin is facing a ""palace coup"""
576833924967493633,putinmissing-all-rnr-threads,rumours,unverified,rumour,0,,,Putin's girlfriend is giving birth to their child in Switzerland
576812336952000512,putinmissing-all-rnr-threads,rumours,unverified,rumour,0,,,Putin's girlfriend is giving birth to their child in Switzerland
576814574873235457,putinmissing-all-rnr-threads,rumours,unverified,rumour,0,,,"Putin is facing a ""palace coup"""
576855819125432321,putinmissing-all-rnr-threads,rumours,unverified,rumour,0,,,"Putin is facing a ""palace coup"""
576716016908136448,putinmissing-all-rnr-threads,rumours,false,rumour,1,,,Putin has died
576480269835845632,putinmissing-all-rnr-threads,rumours,unverified,rumour,0,,,"Putin is facing a ""palace coup"""
576347888168644609,putinmissing-all-rnr-threads,rumours,unverified,rumour,0,,,Putin's girlfriend is giving birth to their child in Switzerland
576528880208637952,putinmissing-all-rnr-threads,rumours,unverified,rumour,0,,,"Putin is facing a ""palace coup"""
576815428066009089,putinmissing-all-rnr-threads,rumours,unverified,rumour,0,,,"Putin is facing a ""palace coup"""
576763653329809408,putinmissing-all-rnr-threads,rumours,unverified,rumour,0,,,"Putin is facing a ""palace coup"""
576831447299796994,putinmissing-all-rnr-threads,rumours,unverified,rumour,0,,,"Putin is facing a ""palace coup"""
576276947648405505,putinmissing-all-rnr-threads,rumours,unverified,rumour,0,,,"Putin is facing a ""palace coup"""
577287176288776192,putinmissing-all-rnr-threads,rumours,unverified,rumour,0,,,"Putin is facing a ""palace coup"""
576448454005813248,putinmissing-all-rnr-threads,rumours,unverified,rumour,0,,,"Putin is facing a ""palace coup"""
576866204360581120,putinmissing-all-rnr-threads,rumours,unverified,rumour,0,,,"Putin is facing a ""palace coup"""
577301342617673729,putinmissing-all-rnr-threads,rumours,unverified,rumour,0,,,"Putin is facing a ""palace coup"""
576597020065996800,putinmissing-all-rnr-threads,rumours,unverified,rumour,0,,,Journalists have been told not to leave Moscow as a major announcement from the Kremlin is pending
576840804834144258,putinmissing-all-rnr-threads,rumours,unverified,rumour,0,,,"Putin is facing a ""palace coup"""
576394422813769728,putinmissing-all-rnr-threads,rumours,unverified,rumour,0,,,"Putin is facing a ""palace coup"""
576889864907427840,putinmissing-all-rnr-threads,rumours,unverified,rumour,0,,,"Putin is facing a ""palace coup"""
576338406088687616,putinmissing-all-rnr-threads,rumours,unverified,rumour,0,,,Putin has fallen ill
576330947588558849,putinmissing-all-rnr-threads,rumours,unverified,rumour,0,,,"Putin is facing a ""palace coup"""
576341809812623360,putinmissing-all-rnr-threads,rumours,unverified,rumour,0,,,Putin's girlfriend is giving birth to their child in Switzerland
576346280336756737,putinmissing-all-rnr-threads,rumours,unverified,rumour,0,,,Putin's girlfriend is giving birth to their child in Switzerland
576833011955679232,putinmissing-all-rnr-threads,rumours,unverified,rumour,0,,,"Putin is facing a ""palace coup"""
576472861528961024,putinmissing-all-rnr-threads,rumours,unverified,rumour,0,,,"Putin is facing a ""palace coup"""
576847727918739457,putinmissing-all-rnr-threads,rumours,unverified,rumour,0,,,"Putin is facing a ""palace coup"""
576468519598104577,putinmissing-all-rnr-threads,rumours,unverified,rumour,0,,,"Putin is facing a ""palace coup"""
576349360767807488,putinmissing-all-rnr-threads,rumours,unverified,rumour,0,,,"Putin is facing a ""palace coup"""
576379928914046976,putinmissing-all-rnr-threads,rumours,unverified,rumour,0,,,"Putin is facing a ""palace coup"""
576874788683005952,putinmissing-all-rnr-threads,rumours,unverified,rumour,0,,,"Putin is facing a ""palace coup"""
576192621351145472,putinmissing-all-rnr-threads,rumours,false,rumour,1,,,Putin has died
576833924736892928,putinmissing-all-rnr-threads,rumours,unverified,rumour,0,,,Putin's girlfriend is giving birth to their child in Switzerland
576327507093360640,putinmissing-all-rnr-threads,rumours,unverified,rumour,0,,,Putin's girlfriend is giving birth to their child in Switzerland
576321889276207105,putinmissing-all-rnr-threads,rumours,unverified,rumour,0,,,Putin's girlfriend is giving birth to their child in Switzerland
576427289111474177,putinmissing-all-rnr-threads,rumours,unverified,rumour,0,,,Journalists have been told not to leave Moscow as a major announcement from the Kremlin is pending
576452724281102336,putinmissing-all-rnr-threads,rumours,unverified,rumour,0,,,"Putin is facing a ""palace coup"""
577261281125642241,putinmissing-all-rnr-threads,rumours,unverified,rumour,0,,,"Putin is facing a ""palace coup"""
576471501081292800,putinmissing-all-rnr-threads,rumours,unverified,rumour,0,,,"Putin is facing a ""palace coup"""
576376097824198656,putinmissing-all-rnr-threads,rumours,false,rumour,1,,,Putin has died
576781604821053440,putinmissing-all-rnr-threads,rumours,unverified,rumour,0,,,"Putin is facing a ""palace coup"""
576565012086579200,putinmissing-all-rnr-threads,rumours,unverified,rumour,0,,,Putin's girlfriend is giving birth to their child in Switzerland
576248645365846016,putinmissing-all-rnr-threads,rumours,unverified,rumour,0,,,"Putin is facing a ""palace coup"""
576327863802138624,putinmissing-all-rnr-threads,rumours,unverified,rumour,0,,,Putin's girlfriend is giving birth to their child in Switzerland
576350258021675009,putinmissing-all-rnr-threads,rumours,unverified,rumour,0,,,Putin's girlfriend is giving birth to their child in Switzerland
576508971923693568,putinmissing-all-rnr-threads,rumours,unverified,rumour,0,,,"Putin is facing a ""palace coup"""
576204915694964737,putinmissing-all-rnr-threads,rumours,unverified,rumour,0,,,"Putin is facing a ""palace coup"""
576356996145917952,putinmissing-all-rnr-threads,rumours,unverified,rumour,0,,,Putin's girlfriend is giving birth to their child in Switzerland
576191681827057664,putinmissing-all-rnr-threads,rumours,unverified,rumour,0,,,"Putin is facing a ""palace coup"""
576181101577703424,putinmissing-all-rnr-threads,rumours,false,rumour,1,,,Putin has died
576325381990535169,putinmissing-all-rnr-threads,rumours,unverified,rumour,0,,,"Putin is facing a ""palace coup"""
576794571629166592,putinmissing-all-rnr-threads,rumours,unverified,rumour,0,,,"Putin is facing a ""palace coup"""
576526802056814593,putinmissing-all-rnr-threads,rumours,unverified,rumour,0,,,Putin's girlfriend is giving birth to their child in Switzerland
576231309254721536,putinmissing-all-rnr-threads,rumours,unverified,rumour,0,,,"Putin is facing a ""palace coup"""
576225987119198208,putinmissing-all-rnr-threads,rumours,unverified,rumour,0,,,"Putin is facing a ""palace coup"""
576863192854462464,putinmissing-all-rnr-threads,rumours,unverified,rumour,0,,,"Putin is facing a ""palace coup"""
576238005951811584,putinmissing-all-rnr-threads,rumours,unverified,rumour,0,,,"Putin is facing a ""palace coup"""
576319832800555008,putinmissing-all-rnr-threads,rumours,unverified,rumour,0,,,Putin's girlfriend is giving birth to their child in Switzerland
576866204339609602,putinmissing-all-rnr-threads,rumours,unverified,rumour,0,,,"Putin is facing a ""palace coup"""
576794571448909824,putinmissing-all-rnr-threads,rumours,unverified,rumour,0,,,"Putin is facing a ""palace coup"""
576475228928385024,putinmissing-all-rnr-threads,rumours,unverified,rumour,0,,,Putin's girlfriend is giving birth to their child in Switzerland
576709199146717185,putinmissing-all-rnr-threads,rumours,unverified,rumour,0,,,"Putin is facing a ""palace coup"""
576872037089566720,putinmissing-all-rnr-threads,rumours,unverified,rumour,0,,,"Putin is facing a ""palace coup"""
576238790936662017,putinmissing-all-rnr-threads,rumours,unverified,rumour,0,,,"Putin is facing a ""palace coup"""
576513091287945216,putinmissing-all-rnr-threads,rumours,unverified,rumour,0,,,Putin has fallen ill
576394839220178946,putinmissing-all-rnr-threads,rumours,unverified,rumour,0,,,Putin's girlfriend is giving birth to their child in Switzerland
577269846259433472,putinmissing-all-rnr-threads,rumours,unverified,rumour,0,,,"Putin is facing a ""palace coup"""
576780691616198656,putinmissing-all-rnr-threads,rumours,unverified,rumour,0,,,"Putin is facing a ""palace coup"""
576755174531862529,putinmissing-all-rnr-threads,rumours,unverified,rumour,0,,,"Putin is facing a ""palace coup"""
576815329172590592,putinmissing-all-rnr-threads,rumours,unverified,rumour,0,,,"Putin is facing a ""palace coup"""
576643337173749760,putinmissing-all-rnr-threads,rumours,unverified,rumour,0,,,"Putin is facing a ""palace coup"""
576397815406071808,putinmissing-all-rnr-threads,rumours,unverified,rumour,0,,,"Putin is facing a ""palace coup"""
576821651490340864,putinmissing-all-rnr-threads,rumours,unverified,rumour,0,,,"Putin is facing a ""palace coup"""
576552070456741888,putinmissing-all-rnr-threads,rumours,unverified,rumour,0,,,"Putin is facing a ""palace coup"""
576348679231033344,putinmissing-all-rnr-threads,rumours,unverified,rumour,0,,,Putin's girlfriend is giving birth to their child in Switzerland
576378113711558656,putinmissing-all-rnr-threads,rumours,unverified,rumour,0,,,Putin's girlfriend is giving birth to their child in Switzerland
576485427315535872,putinmissing-all-rnr-threads,rumours,unverified,rumour,0,,,"Putin is facing a ""palace coup"""
576813256905486336,putinmissing-all-rnr-threads,rumours,unverified,rumour,0,,,"Putin is facing a ""palace coup"""
576513463738109954,putinmissing-all-rnr-threads,rumours,unverified,rumour,0,,,Putin has fallen ill
576509083152457728,putinmissing-all-rnr-threads,rumours,unverified,rumour,0,,,"Putin is facing a ""palace coup"""
576820722426839040,putinmissing-all-rnr-threads,rumours,unverified,rumour,0,,,"Putin is facing a ""palace coup"""
577342598592901120,putinmissing-all-rnr-threads,rumours,unverified,rumour,0,,,"Putin's disappearance has been ""staged"""
576507292415320064,putinmissing-all-rnr-threads,rumours,false,rumour,1,,,Putin has died
576812998418939904,putinmissing-all-rnr-threads,rumours,unverified,rumour,0,,,Putin's girlfriend is giving birth to their child in Switzerland
576516069516525568,putinmissing-all-rnr-threads,rumours,unverified,rumour,0,,,Journalists have been told not to leave Moscow as a major announcement from the Kremlin is pending
576321916593659904,putinmissing-all-rnr-threads,rumours,unverified,rumour,0,,,Putin's girlfriend is giving birth to their child in Switzerland
576860610400501760,putinmissing-all-rnr-threads,rumours,unverified,rumour,0,,,"Putin is facing a ""palace coup"""
576842966964117504,putinmissing-all-rnr-threads,rumours,unverified,rumour,0,,,Journalists have been told not to leave Moscow as a major announcement from the Kremlin is pending
577258317942149120,putinmissing-all-rnr-threads,rumours,unverified,rumour,0,,,"Putin is facing a ""palace coup"""
576775762461745152,putinmissing-all-rnr-threads,rumours,unverified,rumour,0,,,Journalists have been told not to leave Moscow as a major announcement from the Kremlin is pending
576483978363973632,putinmissing-all-rnr-threads,rumours,unverified,rumour,0,,,"Putin is facing a ""palace coup"""
576465693798957058,putinmissing-all-rnr-threads,rumours,unverified,rumour,0,,,"Putin is facing a ""palace coup"""
576175612336992257,putinmissing-all-rnr-threads,rumours,false,rumour,1,,,Putin has died
576316647880839168,putinmissing-all-rnr-threads,non-rumours,non-rumour,nonrumour,,,,
576382704700256256,putinmissing-all-rnr-threads,non-rumours,non-rumour,nonrumour,,,,
577295940278738944,putinmissing-all-rnr-threads,non-rumours,non-rumour,nonrumour,,,,
577269239779893248,putinmissing-all-rnr-threads,non-rumours,non-rumour,nonrumour,,,,
576423157587906560,putinmissing-all-rnr-threads,non-rumours,non-rumour,nonrumour,,,,
576819219876225024,putinmissing-all-rnr-threads,non-rumours,non-rumour,nonrumour,,,,
577298811460128768,putinmissing-all-rnr-threads,non-rumours,non-rumour,nonrumour,,,,
576859807388418050,putinmissing-all-rnr-threads,non-rumours,non-rumour,nonrumour,,,,
576892395930955776,putinmissing-all-rnr-threads,non-rumours,non-rumour,nonrumour,,,,
576855835445428225,putinmissing-all-rnr-threads,non-rumours,non-rumour,nonrumour,,,,
577303343728627712,putinmissing-all-rnr-threads,non-rumours,non-rumour,nonrumour,,,,
576389199202496512,putinmissing-all-rnr-threads,non-rumours,non-rumour,nonrumour,,,,
576185920094908416,putinmissing-all-rnr-threads,non-rumours,non-rumour,nonrumour,,,,
576412997662433280,putinmissing-all-rnr-threads,non-rumours,non-rumour,nonrumour,,,,
577300802294804481,putinmissing-all-rnr-threads,non-rumours,non-rumour,nonrumour,,,,
576402376073965568,putinmissing-all-rnr-threads,non-rumours,non-rumour,nonrumour,,,,
576592351776346112,putinmissing-all-rnr-threads,non-rumours,non-rumour,nonrumour,,,,
576830057496248320,putinmissing-all-rnr-threads,non-rumours,non-rumour,nonrumour,,,,
576794158108581888,putinmissing-all-rnr-threads,non-rumours,non-rumour,nonrumour,,,,
576551024929992705,putinmissing-all-rnr-threads,non-rumours,non-rumour,nonrumour,,,,
576412144759136256,putinmissing-all-rnr-threads,non-rumours,non-rumour,nonrumour,,,,
576836049151868928,putinmissing-all-rnr-threads,non-rumours,non-rumour,nonrumour,,,,
576772668805935104,putinmissing-all-rnr-threads,non-rumours,non-rumour,nonrumour,,,,
576641067317096448,putinmissing-all-rnr-threads,non-rumours,non-rumour,nonrumour,,,,
576481588004933632,putinmissing-all-rnr-threads,non-rumours,non-rumour,nonrumour,,,,
576524931409772544,putinmissing-all-rnr-threads,non-rumours,non-rumour,nonrumour,,,,
576790814942236672,putinmissing-all-rnr-threads,non-rumours,non-rumour,nonrumour,,,,
576546827643703296,putinmissing-all-rnr-threads,non-rumours,non-rumour,nonrumour,,,,
576494415851626496,putinmissing-all-rnr-threads,non-rumours,non-rumour,nonrumour,,,,
576848770136174594,putinmissing-all-rnr-threads,non-rumours,non-rumour,nonrumour,,,,
576811711652450304,putinmissing-all-rnr-threads,non-rumours,non-rumour,nonrumour,,,,
576771847754268672,putinmissing-all-rnr-threads,non-rumours,non-rumour,nonrumour,,,,
576494602070441984,putinmissing-all-rnr-threads,non-rumours,non-rumour,nonrumour,,,,
576889130258419712,putinmissing-all-rnr-threads,non-rumours,non-rumour,nonrumour,,,,
576497758862987265,putinmissing-all-rnr-threads,non-rumours,non-rumour,nonrumour,,,,
576833878981136384,putinmissing-all-rnr-threads,non-rumours,non-rumour,nonrumour,,,,
576435578691956736,putinmissing-all-rnr-threads,non-rumours,non-rumour,nonrumour,,,,
576867083331497984,putinmissing-all-rnr-threads,non-rumours,non-rumour,nonrumour,,,,
576486732864098304,putinmissing-all-rnr-threads,non-rumours,non-rumour,nonrumour,,,,
576406521833086976,putinmissing-all-rnr-threads,non-rumours,non-rumour,nonrumour,,,,
576736349153288192,putinmissing-all-rnr-threads,non-rumours,non-rumour,nonrumour,,,,
576510163596795906,putinmissing-all-rnr-threads,non-rumours,non-rumour,nonrumour,,,,
576746408184676352,putinmissing-all-rnr-threads,non-rumours,non-rumour,nonrumour,,,,
576732099304095744,putinmissing-all-rnr-threads,non-rumours,non-rumour,nonrumour,,,,
576617856919465984,putinmissing-all-rnr-threads,non-rumours,non-rumour,nonrumour,,,,
576769677592039424,putinmissing-all-rnr-threads,non-rumours,non-rumour,nonrumour,,,,
576679386616881152,putinmissing-all-rnr-threads,non-rumours,non-rumour,nonrumour,,,,
576773359729426432,putinmissing-all-rnr-threads,non-rumours,non-rumour,nonrumour,,,,
576757242042703872,putinmissing-all-rnr-threads,non-rumours,non-rumour,nonrumour,,,,
577308426902056960,putinmissing-all-rnr-threads,non-rumours,non-rumour,nonrumour,,,,
576814014438703104,putinmissing-all-rnr-threads,non-rumours,non-rumour,nonrumour,,,,
576795865433706496,putinmissing-all-rnr-threads,non-rumours,non-rumour,nonrumour,,,,
576600087066869760,putinmissing-all-rnr-threads,non-rumours,non-rumour,nonrumour,,,,
576657704933990400,putinmissing-all-rnr-threads,non-rumours,non-rumour,nonrumour,,,,
576816930272776192,putinmissing-all-rnr-threads,non-rumours,non-rumour,nonrumour,,,,
576249853979807745,putinmissing-all-rnr-threads,non-rumours,non-rumour,nonrumour,,,,
576530892119793664,putinmissing-all-rnr-threads,non-rumours,non-rumour,nonrumour,,,,
576767713328144384,putinmissing-all-rnr-threads,non-rumours,non-rumour,nonrumour,,,,
576417507277467648,putinmissing-all-rnr-threads,non-rumours,non-rumour,nonrumour,,,,
576890261382520832,putinmissing-all-rnr-threads,non-rumours,non-rumour,nonrumour,,,,
577309214663684097,putinmissing-all-rnr-threads,non-rumours,non-rumour,nonrumour,,,,
576357849204412416,putinmissing-all-rnr-threads,non-rumours,non-rumour,nonrumour,,,,
576656873681731584,putinmissing-all-rnr-threads,non-rumours,non-rumour,nonrumour,,,,
576806702454075392,putinmissing-all-rnr-threads,non-rumours,non-rumour,nonrumour,,,,
576388172109750273,putinmissing-all-rnr-threads,non-rumours,non-rumour,nonrumour,,,,
577277669588537344,putinmissing-all-rnr-threads,non-rumours,non-rumour,nonrumour,,,,
576723588952276992,putinmissing-all-rnr-threads,non-rumours,non-rumour,nonrumour,,,,
576819222694744064,putinmissing-all-rnr-threads,non-rumours,non-rumour,nonrumour,,,,
576465897637949440,putinmissing-all-rnr-threads,non-rumours,non-rumour,nonrumour,,,,
576671947091779584,putinmissing-all-rnr-threads,non-rumours,non-rumour,nonrumour,,,,
576767882945789953,putinmissing-all-rnr-threads,non-rumours,non-rumour,nonrumour,,,,
576777317474652160,putinmissing-all-rnr-threads,non-rumours,non-rumour,nonrumour,,,,
576655512462344192,putinmissing-all-rnr-threads,non-rumours,non-rumour,nonrumour,,,,
576573355404431360,putinmissing-all-rnr-threads,non-rumours,non-rumour,nonrumour,,,,
576336032809005056,putinmissing-all-rnr-threads,non-rumours,non-rumour,nonrumour,,,,
576321776424189954,putinmissing-all-rnr-threads,non-rumours,non-rumour,nonrumour,,,,
576885758537109505,putinmissing-all-rnr-threads,non-rumours,non-rumour,nonrumour,,,,
576171827086520320,putinmissing-all-rnr-threads,non-rumours,non-rumour,nonrumour,,,,
576639665786249216,putinmissing-all-rnr-threads,non-rumours,non-rumour,nonrumour,,,,
577294068851421184,putinmissing-all-rnr-threads,non-rumours,non-rumour,nonrumour,,,,
576772770220113920,putinmissing-all-rnr-threads,non-rumours,non-rumour,nonrumour,,,,
577311956048154625,putinmissing-all-rnr-threads,non-rumours,non-rumour,nonrumour,,,,
576429318701760512,putinmissing-all-rnr-threads,non-rumours,non-rumour,nonrumour,,,,
577301582917816321,putinmissing-all-rnr-threads,non-rumours,non-rumour,nonrumour,,,,
576713397196210176,putinmissing-all-rnr-threads,non-rumours,non-rumour,nonrumour,,,,
576815154735775744,putinmissing-all-rnr-threads,non-rumours,non-rumour,nonrumour,,,,
576453994484252673,putinmissing-all-rnr-threads,non-rumours,non-rumour,nonrumour,,,,
576860068316057600,putinmissing-all-rnr-threads,non-rumours,non-rumour,nonrumour,,,,
576687226979004416,putinmissing-all-rnr-threads,non-rumours,non-rumour,nonrumour,,,,
576807652145160192,putinmissing-all-rnr-threads,non-rumours,non-rumour,nonrumour,,,,
576499275754041344,putinmissing-all-rnr-threads,non-rumours,non-rumour,nonrumour,,,,
576842803013091329,putinmissing-all-rnr-threads,non-rumours,non-rumour,nonrumour,,,,
576853097445752832,putinmissing-all-rnr-threads,non-rumours,non-rumour,nonrumour,,,,
576393784835072001,putinmissing-all-rnr-threads,non-rumours,non-rumour,nonrumour,,,,
576770693683105792,putinmissing-all-rnr-threads,non-rumours,non-rumour,nonrumour,,,,
576857359533789184,putinmissing-all-rnr-threads,non-rumours,non-rumour,nonrumour,,,,
576825885774467072,putinmissing-all-rnr-threads,non-rumours,non-rumour,nonrumour,,,,
576427952860045313,putinmissing-all-rnr-threads,non-rumours,non-rumour,nonrumour,,,,
576847722055131136,putinmissing-all-rnr-threads,non-rumours,non-rumour,nonrumour,,,,
576480712699744257,putinmissing-all-rnr-threads,non-rumours,non-rumour,nonrumour,,,,
577287149516541952,putinmissing-all-rnr-threads,non-rumours,non-rumour,nonrumour,,,,
576504635738951680,putinmissing-all-rnr-threads,non-rumours,non-rumour,nonrumour,,,,
576407819353780224,putinmissing-all-rnr-threads,non-rumours,non-rumour,nonrumour,,,,
576821792834232320,putinmissing-all-rnr-threads,non-rumours,non-rumour,nonrumour,,,,
576477089043488769,putinmissing-all-rnr-threads,non-rumours,non-rumour,nonrumour,,,,
576777148217843712,putinmissing-all-rnr-threads,non-rumours,non-rumour,nonrumour,,,,
577302850318938113,putinmissing-all-rnr-threads,non-rumours,non-rumour,nonrumour,,,,
576509905596727296,putinmissing-all-rnr-threads,non-rumours,non-rumour,nonrumour,,,,
576464933648371712,putinmissing-all-rnr-threads,non-rumours,non-rumour,nonrumour,,,,
576387464924819456,putinmissing-all-rnr-threads,non-rumours,non-rumour,nonrumour,,,,
576443643680178176,putinmissing-all-rnr-threads,non-rumours,non-rumour,nonrumour,,,,
576715243948118016,putinmissing-all-rnr-threads,non-rumours,non-rumour,nonrumour,,,,
544287499397242880,sydneysiege-all-rnr-threads,rumours,true,rumour,0,1,0,"The gunman and/or hostages have made contact with Sydney media outlet(s) (radio station, etc.)"
544512691948498944,sydneysiege-all-rnr-threads,rumours,true,rumour,0,1,0,At least one person has been shot / injured
544284078330376192,sydneysiege-all-rnr-threads,rumours,true,rumour,0,1,0,There is a hostage situation at a cafe in Sydney
544349042952916993,sydneysiege-all-rnr-threads,rumours,true,rumour,0,1,0,A (black) Islamic flag is being held up in the window of cafe in Sydney's Martin Place
544306719686656000,sydneysiege-all-rnr-threads,rumours,unverified,rumour,0,0,0,The US Consulate in Sydney has been evacuated
544272701108797440,sydneysiege-all-rnr-threads,rumours,false,rumour,1,0,0,There is more than one gunman involved in the hostage-taking at the Sydney cafe
544285712653500419,sydneysiege-all-rnr-threads,rumours,true,rumour,0,1,0,There is a hostage situation at a cafe in Sydney
544514474963922944,sydneysiege-all-rnr-threads,rumours,true,rumour,0,1,0,The hostage-taker is down
544269997745242112,sydneysiege-all-rnr-threads,rumours,false,rumour,1,0,0,Hostages are being held by men waving an ISIS flag inside a cafe in Sydney's Martin Place
544293783702364162,sydneysiege-all-rnr-threads,rumours,true,rumour,0,1,0,There is a hostage situation at a cafe in Sydney
544290611856408576,sydneysiege-all-rnr-threads,rumours,false,rumour,1,0,0,The Sydney airspace has been closed
544384041391517697,sydneysiege-all-rnr-threads,rumours,true,rumour,0,1,0,There is a hostage situation at a cafe in Sydney
544333764814323713,sydneysiege-all-rnr-threads,rumours,unverified,rumour,0,0,0,"The gunman's headband reads, ""We are your soldiers O Muhammad"""
544287252306997249,sydneysiege-all-rnr-threads,rumours,false,rumour,1,0,0,There has been an incident at Sydney Opera House
544510453201006592,sydneysiege-all-rnr-threads,rumours,unverified,rumour,0,0,0,"""Several"" more hostages have escaped from the cafe (after initial 5)"
544287796719288321,sydneysiege-all-rnr-threads,rumours,false,rumour,1,0,0,There are 13 hostages inside the Sydney cafe
544288773023203328,sydneysiege-all-rnr-threads,rumours,true,rumour,0,1,0,"The gunman has said he has ""devices"" (bombs) placed in other parts of the city"
544395712130449408,sydneysiege-all-rnr-threads,rumours,true,rumour,0,1,0,The gunman has made specific demands to authorities
544280217104031744,sydneysiege-all-rnr-threads,rumours,false,rumour,1,0,0,The Sydney airspace has been closed
544301786849640448,sydneysiege-all-rnr-threads,rumours,false,rumour,1,0,0,There are 13 hostages inside the Sydney cafe
544377700677615616,sydneysiege-all-rnr-threads,rumours,true,rumour,0,1,0,Two more (female) hostages have run out of the cafe (for total of five hostages free so far)
544372222400671744,sydneysiege-all-rnr-threads,rumours,true,rumour,0,1,0,Two more (female) hostages have run out of the cafe (for total of five hostages free so far)
544355845489065984,sydneysiege-all-rnr-threads,rumours,true,rumour,0,1,0,Uber introduced surge pricing in downtown Sydney during hostage crisis
544271815007145984,sydneysiege-all-rnr-threads,rumours,false,rumour,1,0,0,There is more than one gunman involved in the hostage-taking at the Sydney cafe
544518033902149632,sydneysiege-all-rnr-threads,rumours,true,rumour,0,1,0,The hostage-taker has been killed/shot (by police)
544316576645017600,sydneysiege-all-rnr-threads,rumours,true,rumour,0,1,0,There is a hostage situation at a cafe in Sydney
544366934154678272,sydneysiege-all-rnr-threads,rumours,true,rumour,0,1,0,A (black) Islamic flag is being held up in the window of cafe in Sydney's Martin Place
544307040932601857,sydneysiege-all-rnr-threads,rumours,false,rumour,1,0,0,40-50 hostages are being held at cafe in Sydney (according to Lindt CEO)
544519594438696961,sydneysiege-all-rnr-threads,rumours,true,rumour,0,1,0,The hostage-taker has been killed/shot (by police)
544301455952588801,sydneysiege-all-rnr-threads,rumours,true,rumour,0,1,0,There is a hostage situation at a cafe in Sydney
544516514519343104,sydneysiege-all-rnr-threads,rumours,unverified,rumour,0,0,0,A bomb detection robot has entered the cafe
544350565283532800,sydneysiege-all-rnr-threads,rumours,true,rumour,0,1,0,Hostages are running out/escaping from the cafe
544277817987330049,sydneysiege-all-rnr-threads,rumours,true,rumour,0,1,0,There is a hostage situation at a cafe in Sydney
544492984880754688,sydneysiege-all-rnr-threads,rumours,true,rumour,0,1,0,The gunman behind the hostage-taking is named Man Monis
544274879055675392,sydneysiege-all-rnr-threads,rumours,true,rumour,0,1,0,There is a hostage situation at a cafe in Sydney
544396563116589056,sydneysiege-all-rnr-threads,rumours,true,rumour,0,1,0,Hostages are posting messages on social media from inside cafe
544512910538838016,sydneysiege-all-rnr-threads,rumours,unverified,rumour,0,0,0,"""Several"" more hostages have escaped from the cafe (after initial 5)"
544407139205132288,sydneysiege-all-rnr-threads,rumours,true,rumour,0,1,0,Hostages are posting messages on social media from inside cafe
544401675789033473,sydneysiege-all-rnr-threads,rumours,true,rumour,0,1,0,Two more (female) hostages have run out of the cafe (for total of five hostages free so far)
544353303468199936,sydneysiege-all-rnr-threads,rumours,unverified,rumour,0,0,0,The gunman has released (three) hostages / 3 hostages are free
544403913076924417,sydneysiege-all-rnr-threads,rumours,true,rumour,0,1,0,Police (authorities) have been in contact with the hostage-taker
544334939374641152,sydneysiege-all-rnr-threads,rumours,true,rumour,0,1,0,Martin Place/CBD is in lockdown (and surrounding buildings have been evacuated)
544401468875616257,sydneysiege-all-rnr-threads,rumours,true,rumour,0,1,0,Two more (female) hostages have run out of the cafe (for total of five hostages free so far)
544334554631536640,sydneysiege-all-rnr-threads,rumours,true,rumour,0,1,0,A (black) Islamic flag is being held up in the window of cafe in Sydney's Martin Place
544292129972170752,sydneysiege-all-rnr-threads,rumours,false,rumour,1,0,0,(Alleged) ISIS militants are behind the hostage-taking in the Sydney cafe
544508479675711489,sydneysiege-all-rnr-threads,rumours,unverified,rumour,0,0,0,"""Several"" more hostages have escaped from the cafe (after initial 5)"
544280739290677249,sydneysiege-all-rnr-threads,rumours,true,rumour,0,1,0,There is a hostage situation at a cafe in Sydney
544483282352889857,sydneysiege-all-rnr-threads,rumours,unverified,rumour,0,0,0,"One hostage texted ""I'm OK"" to his mother"
544351885298130945,sydneysiege-all-rnr-threads,rumours,true,rumour,0,1,0,Hostages are running out/escaping from the cafe
544511434840113152,sydneysiege-all-rnr-threads,rumours,true,rumour,0,1,0,The gunman behind the hostage-taking is named Man Monis
544275597464444929,sydneysiege-all-rnr-threads,rumours,true,rumour,0,1,0,There is a hostage situation at a cafe in Sydney
544385535909715968,sydneysiege-all-rnr-threads,rumours,true,rumour,0,1,0,"The gunman has said he has ""devices"" (bombs) placed in other parts of the city"
544514564407427072,sydneysiege-all-rnr-threads,rumours,true,rumour,0,1,0,The hostage-taker is down
544373593841623040,sydneysiege-all-rnr-threads,rumours,true,rumour,0,1,0,Two more (female) hostages have run out of the cafe (for total of five hostages free so far)
544373515067998208,sydneysiege-all-rnr-threads,rumours,true,rumour,0,1,0,Two more (female) hostages have run out of the cafe (for total of five hostages free so far)
544296096244441089,sydneysiege-all-rnr-threads,rumours,true,rumour,0,1,0,The gunman wants to speak to Prime Minister Tony Abbott
544373504419069952,sydneysiege-all-rnr-threads,rumours,true,rumour,0,1,0,Two more (female) hostages have run out of the cafe (for total of five hostages free so far)
544289941996326912,sydneysiege-all-rnr-threads,rumours,true,rumour,0,1,0,There is a hostage situation at a cafe in Sydney
544513072006967297,sydneysiege-all-rnr-threads,rumours,true,rumour,0,1,0,Paramedics are carrying out a number of hostages from the cafe
544313043463987201,sydneysiege-all-rnr-threads,rumours,unverified,rumour,0,0,1,The US Consulate in Sydney has been evacuated
544425928290750464,sydneysiege-all-rnr-threads,rumours,true,rumour,0,1,0,"The gunman has said he has ""devices"" (bombs) placed in other parts of the city"
544521141335764992,sydneysiege-all-rnr-threads,rumours,true,rumour,0,1,0,At least 2 people have died
544305540286148609,sydneysiege-all-rnr-threads,rumours,true,rumour,0,1,0,A gunman has taken hostages at a cafe in Sydney's Martin Place
544320939245043712,sydneysiege-all-rnr-threads,rumours,false,rumour,1,0,0,40-50 hostages are being held at cafe in Sydney (according to Lindt CEO)
544309060883845120,sydneysiege-all-rnr-threads,rumours,unverified,rumour,0,0,0,The gunman is using a female hostage as a shield inside the cafe
544350480780914688,sydneysiege-all-rnr-threads,rumours,true,rumour,0,1,0,Hostages are running out/escaping from the cafe
544343410849886209,sydneysiege-all-rnr-threads,rumours,true,rumour,0,1,0,A gunman has taken hostages at a cafe in Sydney's Martin Place
544278985249550337,sydneysiege-all-rnr-threads,rumours,true,rumour,0,1,0,There is a hostage situation at a cafe in Sydney
544290258951892992,sydneysiege-all-rnr-threads,rumours,true,rumour,0,1,0,Martin Place/CBD is in lockdown (and surrounding buildings have been evacuated)
544515097625108480,sydneysiege-all-rnr-threads,rumours,unverified,rumour,0,0,0,CPR is being performed on at least 2 people
544270745744846848,sydneysiege-all-rnr-threads,rumours,false,rumour,1,0,0,Hostages are being held by men waving an ISIS flag inside a cafe in Sydney's Martin Place
544269221564137472,sydneysiege-all-rnr-threads,rumours,false,rumour,1,0,0,An ISIS (IS) flag is being displayed (by hostages) at the cafe in Sydney's Martin Place
544280077778055168,sydneysiege-all-rnr-threads,rumours,true,rumour,0,1,0,There is a hostage situation at a cafe in Sydney
544351015936331777,sydneysiege-all-rnr-threads,rumours,true,rumour,0,1,0,Hostages are running out/escaping from the cafe
544443027570556928,sydneysiege-all-rnr-threads,rumours,true,rumour,0,1,0,Police (authorities) have been in contact with the hostage-taker
544289880805605376,sydneysiege-all-rnr-threads,rumours,true,rumour,0,1,0,There is a hostage situation at a cafe in Sydney
544277852968210432,sydneysiege-all-rnr-threads,rumours,false,rumour,1,0,0,The Sydney airspace has been closed
544383230091464704,sydneysiege-all-rnr-threads,rumours,true,rumour,0,1,0,Two more (female) hostages have run out of the cafe (for total of five hostages free so far)
544284859628523521,sydneysiege-all-rnr-threads,rumours,unverified,rumour,0,0,0,The flag being held up is a Shahadah flag with Islamic creed (script) commonly used by militants
544314234541469696,sydneysiege-all-rnr-threads,rumours,true,rumour,0,1,0,Uber introduced surge pricing in downtown Sydney during hostage crisis
544493466836017154,sydneysiege-all-rnr-threads,rumours,true,rumour,0,1,0,The gunman behind the hostage-taking is named Man Monis
544290752533393408,sydneysiege-all-rnr-threads,rumours,true,rumour,0,1,0,There is a hostage situation at a cafe in Sydney
544352874969698305,sydneysiege-all-rnr-threads,rumours,true,rumour,0,1,0,Hostages are running out/escaping from the cafe
544478708741201920,sydneysiege-all-rnr-threads,rumours,true,rumour,0,1,0,Two more (female) hostages have run out of the cafe (for total of five hostages free so far)
544492843499540480,sydneysiege-all-rnr-threads,rumours,true,rumour,0,1,0,The gunman behind the hostage-taking is named Man Monis
544402785966772224,sydneysiege-all-rnr-threads,rumours,true,rumour,0,1,0,Two more (female) hostages have run out of the cafe (for total of five hostages free so far)
544353552177455104,sydneysiege-all-rnr-threads,rumours,true,rumour,0,1,0,Hostages are running out/escaping from the cafe
544287165912735744,sydneysiege-all-rnr-threads,rumours,true,rumour,0,1,0,"The gunman has said he has ""devices"" (bombs) placed in other parts of the city"
544511676088066048,sydneysiege-all-rnr-threads,rumours,true,rumour,0,1,0,The gunman behind the hostage-taking is named Man Monis
544514127197388801,sydneysiege-all-rnr-threads,rumours,true,rumour,0,1,0,Police have stormed the cafe
544454229960974336,sydneysiege-all-rnr-threads,rumours,true,rumour,0,1,0,The gunman has made specific demands to authorities
544491410439667713,sydneysiege-all-rnr-threads,rumours,true,rumour,0,1,0,The gunman behind the hostage-taking is named Man Monis
544512514651066368,sydneysiege-all-rnr-threads,rumours,unverified,rumour,0,0,0,"""Several"" more hostages have escaped from the cafe (after initial 5)"
544405871703240704,sydneysiege-all-rnr-threads,rumours,true,rumour,0,1,0,The gunman has made specific demands to authorities
544509086998749186,sydneysiege-all-rnr-threads,rumours,unverified,rumour,0,0,0,Up to five more hostages have escaped from the cafe (after initial 5)
544287209730236416,sydneysiege-all-rnr-threads,rumours,unverified,rumour,0,0,0,The Sydney Opera House has been evacuated
544312876245057536,sydneysiege-all-rnr-threads,rumours,true,rumour,0,1,0,There is a hostage situation at a cafe in Sydney
544302851158470657,sydneysiege-all-rnr-threads,rumours,true,rumour,0,1,0,There is a hostage situation at a cafe in Sydney
544297827258888192,sydneysiege-all-rnr-threads,rumours,false,rumour,1,0,0,There are 13 hostages inside the Sydney cafe
544326461952241664,sydneysiege-all-rnr-threads,rumours,false,rumour,1,0,0,40-50 hostages are being held at cafe in Sydney (according to Lindt CEO)
544282449388519424,sydneysiege-all-rnr-threads,rumours,true,rumour,0,1,0,A (black) Islamic flag is being held up in the window of cafe in Sydney's Martin Place
544336537870434304,sydneysiege-all-rnr-threads,rumours,true,rumour,0,1,0,A (black) Islamic flag is being held up in the window of cafe in Sydney's Martin Place
544305673287524353,sydneysiege-all-rnr-threads,rumours,false,rumour,1,0,0,40-50 hostages are being held at cafe in Sydney (according to Lindt CEO)
544300088747884544,sydneysiege-all-rnr-threads,rumours,true,rumour,0,1,0,There is a hostage situation at a cafe in Sydney
544268732046913536,sydneysiege-all-rnr-threads,rumours,true,rumour,0,1,0,A gunman has taken hostages at a cafe in Sydney's Martin Place
544292146342531072,sydneysiege-all-rnr-threads,rumours,true,rumour,0,1,0,The gunman wants to speak to Prime Minister Tony Abbott
544369667096477696,sydneysiege-all-rnr-threads,rumours,true,rumour,0,1,0,There is a hostage situation at a cafe in Sydney
544328894812549121,sydneysiege-all-rnr-threads,rumours,unverified,rumour,0,0,0,The hostage-takers are wearing suicide belts
544294794139533313,sydneysiege-all-rnr-threads,rumours,true,rumour,0,1,0,A gunman has taken hostages at a cafe in Sydney's Martin Place
544396260740845568,sydneysiege-all-rnr-threads,rumours,true,rumour,0,1,0,The gunman has made specific demands to authorities
544391533240516608,sydneysiege-all-rnr-threads,rumours,true,rumour,0,1,0,Two more (female) hostages have run out of the cafe (for total of five hostages free so far)
544284957766463488,sydneysiege-all-rnr-threads,rumours,true,rumour,0,1,0,Martin Place/CBD is in lockdown (and surrounding buildings have been evacuated)
544278335455776769,sydneysiege-all-rnr-threads,rumours,true,rumour,0,1,0,A (black) Islamic flag is being held up in the window of cafe in Sydney's Martin Place
544301296099270656,sydneysiege-all-rnr-threads,rumours,false,rumour,1,0,1,There have been police raids in Lakemba
544511736465072128,sydneysiege-all-rnr-threads,rumours,true,rumour,0,1,0,Police have stormed the cafe
544504183341064192,sydneysiege-all-rnr-threads,rumours,true,rumour,0,1,0,One of the hostages now free is Elly Chen
544446282559799296,sydneysiege-all-rnr-threads,rumours,false,rumour,1,0,0,The Lindt cafe hostage-taking may be a diversion for something else (another bigger terrorist event)
544302448522035202,sydneysiege-all-rnr-threads,rumours,true,rumour,0,1,0,Police have arrested a suspect at Martin Place
544400853298184194,sydneysiege-all-rnr-threads,rumours,true,rumour,0,1,0,Martin Place/CBD is in lockdown (and surrounding buildings have been evacuated)
544326741674967042,sydneysiege-all-rnr-threads,rumours,true,rumour,0,1,0,Uber introduced surge pricing in downtown Sydney during hostage crisis
544360928603799552,sydneysiege-all-rnr-threads,rumours,true,rumour,0,1,0,There is a hostage situation at a cafe in Sydney
544511865729323009,sydneysiege-all-rnr-threads,rumours,true,rumour,0,1,0,One or more shots/live ammunition have gone off at the cafe
544353918315397121,sydneysiege-all-rnr-threads,rumours,true,rumour,0,1,0,Hostages are running out/escaping from the cafe
544281591833317377,sydneysiege-all-rnr-threads,rumours,false,rumour,1,0,0,The Sydney airspace has been closed
544517440332627968,sydneysiege-all-rnr-threads,rumours,true,rumour,0,1,0,The siege/hostage-taking crisis is over
544296007589433344,sydneysiege-all-rnr-threads,rumours,false,rumour,1,0,0,There has been an incident at Sydney Opera House
544378468931076097,sydneysiege-all-rnr-threads,rumours,true,rumour,0,1,0,Two more (female) hostages have run out of the cafe (for total of five hostages free so far)
544285245600989184,sydneysiege-all-rnr-threads,rumours,true,rumour,0,1,0,There is a hostage situation at a cafe in Sydney
544288681021145090,sydneysiege-all-rnr-threads,rumours,false,rumour,1,0,0,Up to 20 people are being held hostage inside the Sydney cafe
544391085150457856,sydneysiege-all-rnr-threads,rumours,false,rumour,1,0,0,A sixth hostage has escaped/run out of the Sydney cafe
544358564484378624,sydneysiege-all-rnr-threads,rumours,true,rumour,0,1,1,Police (authorities) have been in contact with the hostage-taker
544462912644214785,sydneysiege-all-rnr-threads,rumours,true,rumour,0,1,0,Two more (female) hostages have run out of the cafe (for total of five hostages free so far)
544301624814870530,sydneysiege-all-rnr-threads,rumours,true,rumour,0,1,0,A gunman has taken hostages at a cafe in Sydney's Martin Place
544287922166726657,sydneysiege-all-rnr-threads,rumours,false,rumour,1,0,0,There are 13 hostages inside the Sydney cafe
544407157077467136,sydneysiege-all-rnr-threads,rumours,false,rumour,1,0,0,(Alleged) ISIS militants are behind the hostage-taking in the Sydney cafe
544399927045283840,sydneysiege-all-rnr-threads,rumours,true,rumour,0,1,1,Two more (female) hostages have run out of the cafe (for total of five hostages free so far)
544281235271745537,sydneysiege-all-rnr-threads,rumours,false,rumour,1,0,0,An ISIS (IS) flag is being displayed (by hostages) at the cafe in Sydney's Martin Place
544491151118860289,sydneysiege-all-rnr-threads,rumours,true,rumour,0,1,0,The gunman behind the hostage-taking is named Man Monis
544271069146656768,sydneysiege-all-rnr-threads,rumours,false,rumour,1,0,0,There is more than one gunman involved in the hostage-taking at the Sydney cafe
544519245087121408,sydneysiege-all-rnr-threads,rumours,true,rumour,0,1,0,At least 2 people have died
544374511194632192,sydneysiege-all-rnr-threads,rumours,true,rumour,0,1,0,Two more (female) hostages have run out of the cafe (for total of five hostages free so far)
544374422056882176,sydneysiege-all-rnr-threads,rumours,true,rumour,0,1,0,Two more (female) hostages have run out of the cafe (for total of five hostages free so far)
544517264054423552,sydneysiege-all-rnr-threads,rumours,true,rumour,0,1,0,The siege/hostage-taking crisis is over
544272537341812736,sydneysiege-all-rnr-threads,rumours,false,rumour,1,0,0,An ISIS (IS) flag is being displayed (by hostages) at the cafe in Sydney's Martin Place
544384255825289216,sydneysiege-all-rnr-threads,rumours,true,rumour,0,1,0,Police have established the identity of the gunman
544298376851111936,sydneysiege-all-rnr-threads,rumours,true,rumour,0,1,0,There is a hostage situation at a cafe in Sydney
544324444773433348,sydneysiege-all-rnr-threads,rumours,true,rumour,0,1,0,Uber introduced surge pricing in downtown Sydney during hostage crisis
544380980677857280,sydneysiege-all-rnr-threads,rumours,true,rumour,0,1,0,Two more (female) hostages have run out of the cafe (for total of five hostages free so far)
544351486956670976,sydneysiege-all-rnr-threads,rumours,true,rumour,0,1,0,Hostages are running out/escaping from the cafe
544309275141885952,sydneysiege-all-rnr-threads,rumours,false,rumour,1,0,0,40-50 hostages are being held at cafe in Sydney (according to Lindt CEO)
544268637134393344,sydneysiege-all-rnr-threads,rumours,false,rumour,1,0,0,An ISIS (IS) flag is being displayed (by hostages) at the cafe in Sydney's Martin Place
544356997718900736,sydneysiege-all-rnr-threads,rumours,true,rumour,0,1,0,Hostages are running out/escaping from the cafe
544287815790755840,sydneysiege-all-rnr-threads,rumours,true,rumour,0,1,0,A (black) Islamic flag is being held up in the window of cafe in Sydney's Martin Place
544351969658564608,sydneysiege-all-rnr-threads,rumours,unverified,rumour,0,0,0,The gunman has released (three) hostages / 3 hostages are free
544400775775289344,sydneysiege-all-rnr-threads,rumours,true,rumour,0,1,0,There is a hostage situation at a cafe in Sydney
544511130249744384,sydneysiege-all-rnr-threads,rumours,true,rumour,0,1,0,One or more shots/live ammunition have gone off at the cafe
544294639805923328,sydneysiege-all-rnr-threads,rumours,true,rumour,0,1,0,There is a hostage situation at a cafe in Sydney
544273256174198785,sydneysiege-all-rnr-threads,rumours,true,rumour,0,1,0,There is a hostage situation at a cafe in Sydney
544301453717041152,sydneysiege-all-rnr-threads,rumours,true,rumour,0,1,0,"The gunman has said he has ""devices"" (bombs) placed in other parts of the city"
544323933634564098,sydneysiege-all-rnr-threads,rumours,unverified,rumour,0,0,0,The flag being flown at the cafe is that of Jabah Al-Nusra
544286537299787777,sydneysiege-all-rnr-threads,rumours,true,rumour,0,1,0,There is a hostage situation at a cafe in Sydney
544490782183657474,sydneysiege-all-rnr-threads,rumours,true,rumour,0,1,0,The gunman behind the hostage-taking is named Man Monis
544409517224898560,sydneysiege-all-rnr-threads,rumours,true,rumour,0,1,0,The gunman has made specific demands to authorities
544338575240609792,sydneysiege-all-rnr-threads,rumours,false,rumour,1,0,0,40-50 hostages are being held at cafe in Sydney (according to Lindt CEO)
544377870554898432,sydneysiege-all-rnr-threads,rumours,true,rumour,0,1,0,Two more (female) hostages have run out of the cafe (for total of five hostages free so far)
544289448150986752,sydneysiege-all-rnr-threads,rumours,true,rumour,0,1,0,The gunman wants to speak to Prime Minister Tony Abbott
544358533819420672,sydneysiege-all-rnr-threads,rumours,true,rumour,0,1,0,Hostages are running out/escaping from the cafe
544515584931528704,sydneysiege-all-rnr-threads,rumours,true,rumour,0,1,0,One or more shots/live ammunition have gone off at the cafe
544381144620216320,sydneysiege-all-rnr-threads,rumours,true,rumour,0,1,0,Two more (female) hostages have run out of the cafe (for total of five hostages free so far)
544469470568148992,sydneysiege-all-rnr-threads,rumours,true,rumour,0,1,0,"The gunman and/or hostages have made contact with Sydney media outlet(s) (radio station, etc.)"
544356122082410496,sydneysiege-all-rnr-threads,rumours,unverified,rumour,0,0,0,The gunman has released (three) hostages / 3 hostages are free
544510345289924608,sydneysiege-all-rnr-threads,rumours,true,rumour,0,1,0,One or more shots/live ammunition have gone off at the cafe
544492053900836864,sydneysiege-all-rnr-threads,rumours,true,rumour,0,1,0,The gunman behind the hostage-taking is named Man Monis
544372545219489792,sydneysiege-all-rnr-threads,rumours,true,rumour,0,1,0,Two more (female) hostages have run out of the cafe (for total of five hostages free so far)
544353600273518592,sydneysiege-all-rnr-threads,rumours,true,rumour,0,1,0,There is a hostage situation at a cafe in Sydney
544277113683980288,sydneysiege-all-rnr-threads,rumours,true,rumour,0,1,0,"The script on the flag reads: ""There is no God but Allah and Muhammad is the messenger of God"""
544408496918499329,sydneysiege-all-rnr-threads,rumours,true,rumour,0,1,0,Two more (female) hostages have run out of the cafe (for total of five hostages free so far)
544374313848430592,sydneysiege-all-rnr-threads,rumours,true,rumour,0,1,0,Two more (female) hostages have run out of the cafe (for total of five hostages free so far)
544351133120987136,sydneysiege-all-rnr-threads,rumours,true,rumour,0,1,0,Hostages are running out/escaping from the cafe
544354175900196864,sydneysiege-all-rnr-threads,rumours,true,rumour,0,1,0,Hostages are running out/escaping from the cafe
544383022876065792,sydneysiege-all-rnr-threads,rumours,true,rumour,0,1,0,Two more (female) hostages have run out of the cafe (for total of five hostages free so far)
544296671950020609,sydneysiege-all-rnr-threads,rumours,false,rumour,1,0,0,There have been police raids in Lakemba
544328324601114625,sydneysiege-all-rnr-threads,rumours,true,rumour,0,1,0,There is a hostage situation at a cafe in Sydney
544372465078505472,sydneysiege-all-rnr-threads,rumours,true,rumour,0,1,0,Two more (female) hostages have run out of the cafe (for total of five hostages free so far)
544326597055369216,sydneysiege-all-rnr-threads,rumours,true,rumour,0,1,1,A gunman has taken hostages at a cafe in Sydney's Martin Place
544389893120856064,sydneysiege-all-rnr-threads,rumours,true,rumour,0,1,0,Two more (female) hostages have run out of the cafe (for total of five hostages free so far)
544307547390607361,sydneysiege-all-rnr-threads,rumours,unverified,rumour,0,0,0,The US Consulate in Sydney has been evacuated
544340091615715329,sydneysiege-all-rnr-threads,rumours,true,rumour,0,1,0,There is a hostage situation at a cafe in Sydney
544292910578278400,sydneysiege-all-rnr-threads,rumours,false,rumour,1,0,0,There have been police raids in Lakemba
544287203728556032,sydneysiege-all-rnr-threads,rumours,unverified,rumour,0,0,0,The flag being held up is a Shahadah flag with Islamic creed (script) commonly used by militants
544305463048015872,sydneysiege-all-rnr-threads,rumours,true,rumour,0,1,0,There is a hostage situation at a cafe in Sydney
544301235596054528,sydneysiege-all-rnr-threads,rumours,true,rumour,0,1,0,There is a hostage situation at a cafe in Sydney
544373839548145664,sydneysiege-all-rnr-threads,rumours,true,rumour,0,1,0,Two more (female) hostages have run out of the cafe (for total of five hostages free so far)
544277336422486016,sydneysiege-all-rnr-threads,rumours,true,rumour,0,1,0,There is a hostage situation at a cafe in Sydney
544309006500888576,sydneysiege-all-rnr-threads,rumours,unverified,rumour,0,0,0,The gunman is using a female hostage as a shield inside the cafe
544359422726664192,sydneysiege-all-rnr-threads,rumours,true,rumour,0,1,0,Hostages are running out/escaping from the cafe
544388658334146561,sydneysiege-all-rnr-threads,rumours,true,rumour,0,1,0,"The gunman and/or hostages have made contact with Sydney media outlet(s) (radio station, etc.)"
544424775939293184,sydneysiege-all-rnr-threads,rumours,true,rumour,0,1,1,Hostages are posting messages on social media from inside cafe
544513292576641025,sydneysiege-all-rnr-threads,rumours,true,rumour,0,1,0,Police have stormed the cafe
544445364322197504,sydneysiege-all-rnr-threads,rumours,true,rumour,0,1,0,A (black) Islamic flag is being held up in the window of cafe in Sydney's Martin Place
544296672608534528,sydneysiege-all-rnr-threads,rumours,unverified,rumour,0,0,0,The Sydney Opera House has been evacuated
544282877278814208,sydneysiege-all-rnr-threads,rumours,false,rumour,1,0,0,An ISIS (IS) flag is being displayed (by hostages) at the cafe in Sydney's Martin Place
544391063742332928,sydneysiege-all-rnr-threads,rumours,true,rumour,0,1,0,Two more (female) hostages have run out of the cafe (for total of five hostages free so far)
544287425380360193,sydneysiege-all-rnr-threads,rumours,true,rumour,0,1,0,There is a hostage situation at a cafe in Sydney
544409432600223744,sydneysiege-all-rnr-threads,rumours,true,rumour,0,1,0,Two more (female) hostages have run out of the cafe (for total of five hostages free so far)
544304200423723008,sydneysiege-all-rnr-threads,rumours,true,rumour,0,1,1,Police have arrested a suspect at Martin Place
544350712365207552,sydneysiege-all-rnr-threads,rumours,true,rumour,0,1,0,Hostages are running out/escaping from the cafe
544285296565948416,sydneysiege-all-rnr-threads,rumours,true,rumour,0,1,0,There is a hostage situation at a cafe in Sydney
544513524438155264,sydneysiege-all-rnr-threads,rumours,true,rumour,0,1,0,At least one person has been shot / injured
544372257674788864,sydneysiege-all-rnr-threads,rumours,true,rumour,0,1,0,Two more (female) hostages have run out of the cafe (for total of five hostages free so far)
544513557912879105,sydneysiege-all-rnr-threads,rumours,true,rumour,0,1,0,One or more shots/live ammunition have gone off at the cafe
544287991959539713,sydneysiege-all-rnr-threads,rumours,true,rumour,0,1,0,There is a hostage situation at a cafe in Sydney
544297950134816768,sydneysiege-all-rnr-threads,rumours,true,rumour,0,1,0,A gunman has taken hostages at a cafe in Sydney's Martin Place
544379738240720896,sydneysiege-all-rnr-threads,rumours,true,rumour,0,1,0,There is a hostage situation at a cafe in Sydney
544273885437652992,sydneysiege-all-rnr-threads,rumours,false,rumour,1,0,0,Up to 20 people are being held hostage inside the Sydney cafe
544462330105712640,sydneysiege-all-rnr-threads,rumours,false,rumour,1,0,0,The Sydney airspace has been closed
544520654431981568,sydneysiege-all-rnr-threads,rumours,true,rumour,0,1,0,At least 2 people have died
544273459199893505,sydneysiege-all-rnr-threads,rumours,true,rumour,0,1,0,There is a hostage situation at a cafe in Sydney
544510827433558016,sydneysiege-all-rnr-threads,rumours,true,rumour,0,1,0,One or more shots/live ammunition have gone off at the cafe
544516101556961280,sydneysiege-all-rnr-threads,rumours,true,rumour,0,1,0,The siege/hostage-taking crisis is over
544329393737170944,sydneysiege-all-rnr-threads,rumours,true,rumour,0,1,0,Martin Place/CBD is in lockdown (and surrounding buildings have been evacuated)
544489340584222720,sydneysiege-all-rnr-threads,rumours,true,rumour,0,1,0,The gunman behind the hostage-taking is named Man Monis
544293694166536192,sydneysiege-all-rnr-threads,rumours,true,rumour,0,1,0,A gunman has taken hostages at a cafe in Sydney's Martin Place
544319832486064128,sydneysiege-all-rnr-threads,rumours,true,rumour,0,1,0,There is a hostage situation at a cafe in Sydney
544329204314406912,sydneysiege-all-rnr-threads,rumours,true,rumour,0,1,0,Police (authorities) have been in contact with the hostage-taker
544273220128739329,sydneysiege-all-rnr-threads,rumours,false,rumour,1,0,0,An ISIS (IS) flag is being displayed (by hostages) at the cafe in Sydney's Martin Place
544382892378714113,sydneysiege-all-rnr-threads,rumours,true,rumour,0,1,0,Two more (female) hostages have run out of the cafe (for total of five hostages free so far)
544282127404388353,sydneysiege-all-rnr-threads,rumours,unverified,rumour,0,0,0,The Sydney Opera House has been evacuated
544380742076088320,sydneysiege-all-rnr-threads,rumours,true,rumour,0,1,0,Two more (female) hostages have run out of the cafe (for total of five hostages free so far)
544511783940403201,sydneysiege-all-rnr-threads,rumours,true,rumour,0,1,0,One or more shots/live ammunition have gone off at the cafe
544292670336925696,sydneysiege-all-rnr-threads,rumours,false,rumour,1,0,0,There are 13 hostages inside the Sydney cafe
544518647881170945,sydneysiege-all-rnr-threads,rumours,true,rumour,0,1,0,At least 2 people have died
544355924224532481,sydneysiege-all-rnr-threads,rumours,true,rumour,0,1,0,Hostages are running out/escaping from the cafe
544378515378814977,sydneysiege-all-rnr-threads,rumours,true,rumour,0,1,0,Two more (female) hostages have run out of the cafe (for total of five hostages free so far)
544278913883447298,sydneysiege-all-rnr-threads,rumours,false,rumour,1,0,0,There are 13 hostages inside the Sydney cafe
544388329094270976,sydneysiege-all-rnr-threads,rumours,true,rumour,0,1,0,There is a hostage situation at a cafe in Sydney
544422678119981056,sydneysiege-all-rnr-threads,rumours,true,rumour,0,1,0,Martin Place/CBD is in lockdown (and surrounding buildings have been evacuated)
544352188210745344,sydneysiege-all-rnr-threads,rumours,true,rumour,0,1,0,Uber introduced surge pricing in downtown Sydney during hostage crisis
544300178443100160,sydneysiege-all-rnr-threads,rumours,true,rumour,0,1,0,There is a hostage situation at a cafe in Sydney
544515538383564801,sydneysiege-all-rnr-threads,rumours,true,rumour,0,1,0,The gunman behind the hostage-taking is named Man Monis
544319274072817664,sydneysiege-all-rnr-threads,rumours,true,rumour,0,1,0,"The gunman and/or hostages have made contact with Sydney media outlet(s) (radio station, etc.)"
544512664769396736,sydneysiege-all-rnr-threads,rumours,true,rumour,0,1,0,Police have stormed the cafe
544514207933542401,sydneysiege-all-rnr-threads,rumours,true,rumour,0,1,0,Police have stormed the cafe
544377046030635008,sydneysiege-all-rnr-threads,rumours,true,rumour,0,1,0,Two more (female) hostages have run out of the cafe (for total of five hostages free so far)
544280516821024769,sydneysiege-all-rnr-threads,rumours,true,rumour,0,1,0,A (black) Islamic flag is being held up in the window of cafe in Sydney's Martin Place
544373694068686848,sydneysiege-all-rnr-threads,rumours,true,rumour,0,1,0,Two more (female) hostages have run out of the cafe (for total of five hostages free so far)
544280765111218176,sydneysiege-all-rnr-threads,rumours,true,rumour,0,1,0,There is a hostage situation at a cafe in Sydney
544374395540881408,sydneysiege-all-rnr-threads,rumours,true,rumour,0,1,0,There is a hostage situation at a cafe in Sydney
544509519179816960,sydneysiege-all-rnr-threads,rumours,unverified,rumour,0,0,0,Up to five more hostages have escaped from the cafe (after initial 5)
544411313779126272,sydneysiege-all-rnr-threads,rumours,true,rumour,0,1,0,The gunman has made specific demands to authorities
544273888725577729,sydneysiege-all-rnr-threads,rumours,true,rumour,0,1,0,There is a hostage situation at a cafe in Sydney
544353793270243328,sydneysiege-all-rnr-threads,rumours,true,rumour,0,1,0,Hostages are running out/escaping from the cafe
544511263788003329,sydneysiege-all-rnr-threads,rumours,true,rumour,0,1,0,One or more shots/live ammunition have gone off at the cafe
544283387087691776,sydneysiege-all-rnr-threads,rumours,unverified,rumour,0,0,0,The flag being held up is a Shahadah flag with Islamic creed (script) commonly used by militants
544512108885725184,sydneysiege-all-rnr-threads,rumours,true,rumour,0,1,0,Paramedics are carrying out a number of hostages from the cafe
544388013141143552,sydneysiege-all-rnr-threads,rumours,false,rumour,1,0,0,The hostage situation in the Sydney cafe is an armed robbery
544520932405284864,sydneysiege-all-rnr-threads,rumours,true,rumour,0,1,0,Paramedics are carrying out a number of hostages from the cafe
544279776765431809,sydneysiege-all-rnr-threads,rumours,false,rumour,1,0,0,The Sydney airspace has been closed
544510450101415936,sydneysiege-all-rnr-threads,rumours,unverified,rumour,0,0,0,"""Several"" more hostages have escaped from the cafe (after initial 5)"
544411585070911488,sydneysiege-all-rnr-threads,rumours,true,rumour,0,1,0,Two more (female) hostages have run out of the cafe (for total of five hostages free so far)
544519788752818176,sydneysiege-all-rnr-threads,rumours,true,rumour,0,1,0,At least 2 people have died
544277860555710464,sydneysiege-all-rnr-threads,rumours,false,rumour,1,0,0,(Alleged) ISIS militants are behind the hostage-taking in the Sydney cafe
544511151900753921,sydneysiege-all-rnr-threads,rumours,true,rumour,0,1,0,Police have stormed the cafe
544271743331078144,sydneysiege-all-rnr-threads,rumours,true,rumour,0,1,0,There is a hostage situation at a cafe in Sydney
544376300417585152,sydneysiege-all-rnr-threads,rumours,true,rumour,0,1,0,Two more (female) hostages have run out of the cafe (for total of five hostages free so far)
544338731210399744,sydneysiege-all-rnr-threads,rumours,true,rumour,0,1,0,Uber introduced surge pricing in downtown Sydney during hostage crisis
544511693204647936,sydneysiege-all-rnr-threads,rumours,unverified,rumour,0,0,0,At least 7 hostages have been released from cafe (after initial 5 ran out)
544492454016475137,sydneysiege-all-rnr-threads,rumours,true,rumour,0,1,0,The gunman behind the hostage-taking is named Man Monis
544518841020473345,sydneysiege-all-rnr-threads,rumours,true,rumour,0,1,0,At least 2 people have died
544296158206894081,sydneysiege-all-rnr-threads,rumours,true,rumour,0,1,0,Martin Place/CBD is in lockdown (and surrounding buildings have been evacuated)
544332254068350978,sydneysiege-all-rnr-threads,rumours,true,rumour,0,1,0,Uber introduced surge pricing in downtown Sydney during hostage crisis
544379489263042561,sydneysiege-all-rnr-threads,rumours,true,rumour,0,1,0,Two more (female) hostages have run out of the cafe (for total of five hostages free so far)
544283745939767296,sydneysiege-all-rnr-threads,rumours,true,rumour,0,1,0,There is a hostage situation at a cafe in Sydney
544513339544838147,sydneysiege-all-rnr-threads,rumours,true,rumour,0,1,0,One or more shots/live ammunition have gone off at the cafe
544332510440595456,sydneysiege-all-rnr-threads,rumours,true,rumour,0,1,0,A gunman has taken hostages at a cafe in Sydney's Martin Place
544288135564107776,sydneysiege-all-rnr-threads,rumours,false,rumour,1,0,0,Up to 20 people are being held hostage inside the Sydney cafe
544317438079139841,sydneysiege-all-rnr-threads,rumours,true,rumour,0,1,0,"The gunman and/or hostages have made contact with Sydney media outlet(s) (radio station, etc.)"
544516079129993216,sydneysiege-all-rnr-threads,rumours,unverified,rumour,0,0,0,CPR is being performed on at least 2 people
544269749405097984,sydneysiege-all-rnr-threads,rumours,true,rumour,0,1,0,A gunman has taken hostages at a cafe in Sydney's Martin Place
544471469527691264,sydneysiege-all-rnr-threads,rumours,true,rumour,0,1,0,The gunman wants to speak to Prime Minister Tony Abbott
544315187608973312,sydneysiege-all-rnr-threads,rumours,true,rumour,0,1,0,There is a hostage situation at a cafe in Sydney
544382249178001408,sydneysiege-all-rnr-threads,rumours,true,rumour,0,1,0,Two more (female) hostages have run out of the cafe (for total of five hostages free so far)
544280397472088064,sydneysiege-all-rnr-threads,rumours,unverified,rumour,0,0,0,The flag being held up is a Shahadah flag with Islamic creed (script) commonly used by militants
544512187171995649,sydneysiege-all-rnr-threads,rumours,true,rumour,0,1,0,Paramedics are carrying out a number of hostages from the cafe
544376732649013248,sydneysiege-all-rnr-threads,rumours,true,rumour,0,1,0,Two more (female) hostages have run out of the cafe (for total of five hostages free so far)
544281589749137408,sydneysiege-all-rnr-threads,rumours,false,rumour,1,0,0,There has been an incident at Sydney Opera House
544280923923959808,sydneysiege-all-rnr-threads,rumours,false,rumour,1,0,0,There are 13 hostages inside the Sydney cafe
544316904861478912,sydneysiege-all-rnr-threads,rumours,unverified,rumour,0,0,0,The flag being flown at the cafe is that of Jabah Al-Nusra
544273427075710976,sydneysiege-all-rnr-threads,rumours,false,rumour,1,0,0,An ISIS (IS) flag is being displayed (by hostages) at the cafe in Sydney's Martin Place
544305913260433408,sydneysiege-all-rnr-threads,rumours,unverified,rumour,0,0,0,The US Consulate in Sydney has been evacuated
544515446100090881,sydneysiege-all-rnr-threads,rumours,true,rumour,0,1,0,Paramedics are carrying out a number of hostages from the cafe
544391789789331456,sydneysiege-all-rnr-threads,rumours,false,rumour,1,0,0,A sixth hostage has escaped/run out of the Sydney cafe
544285194815942657,sydneysiege-all-rnr-threads,rumours,false,rumour,1,0,0,There are 13 hostages inside the Sydney cafe
544273563872538624,sydneysiege-all-rnr-threads,rumours,false,rumour,1,0,0,(Alleged) ISIS militants are behind the hostage-taking in the Sydney cafe
544374871812472832,sydneysiege-all-rnr-threads,rumours,true,rumour,0,1,0,A (black) Islamic flag is being held up in the window of cafe in Sydney's Martin Place
544392718601183232,sydneysiege-all-rnr-threads,rumours,true,rumour,0,1,0,A (black) Islamic flag is being held up in the window of cafe in Sydney's Martin Place
544341194822520832,sydneysiege-all-rnr-threads,rumours,true,rumour,0,1,0,There is a hostage situation at a cafe in Sydney
544379366474403840,sydneysiege-all-rnr-threads,rumours,true,rumour,0,1,0,Two more (female) hostages have run out of the cafe (for total of five hostages free so far)
544291619084959744,sydneysiege-all-rnr-threads,rumours,true,rumour,0,1,0,The gunman wants to speak to Prime Minister Tony Abbott
544381485591982083,sydneysiege-all-rnr-threads,rumours,true,rumour,0,1,0,The gunman wants to speak to Prime Minister Tony Abbott
544272561266503681,sydneysiege-all-rnr-threads,rumours,true,rumour,0,1,0,There is a hostage situation at a cafe in Sydney
544296772592336896,sydneysiege-all-rnr-threads,rumours,true,rumour,0,1,0,Martin Place/CBD is in lockdown (and surrounding buildings have been evacuated)
544302827330224128,sydneysiege-all-rnr-threads,rumours,true,rumour,0,1,0,Police have arrested a suspect at Martin Place
544285508441231361,sydneysiege-all-rnr-threads,rumours,false,rumour,1,0,0,The Sydney airspace has been closed
544443739800731648,sydneysiege-all-rnr-threads,rumours,false,rumour,1,0,0,The Lindt cafe hostage-taking may be a diversion for something else (another bigger terrorist event)
544282005941530624,sydneysiege-all-rnr-threads,rumours,true,rumour,0,1,0,A (black) Islamic flag is being held up in the window of cafe in Sydney's Martin Place
544511199702822913,sydneysiege-all-rnr-threads,rumours,true,rumour,0,1,1,One or more shots/live ammunition have gone off at the cafe
544304298243653632,sydneysiege-all-rnr-threads,rumours,true,rumour,0,1,0,There is a hostage situation at a cafe in Sydney
544274757689307136,sydneysiege-all-rnr-threads,rumours,unverified,rumour,0,0,0,The flag being held up is a Shahadah flag with Islamic creed (script) commonly used by militants
544318036715782144,sydneysiege-all-rnr-threads,rumours,true,rumour,0,1,0,There is a hostage situation at a cafe in Sydney
544384498947719169,sydneysiege-all-rnr-threads,rumours,true,rumour,0,1,0,There is a hostage situation at a cafe in Sydney
544321103875694593,sydneysiege-all-rnr-threads,rumours,true,rumour,0,1,0,Uber introduced surge pricing in downtown Sydney during hostage crisis
544401599414943744,sydneysiege-all-rnr-threads,rumours,true,rumour,0,1,0,Hostages are running out/escaping from the cafe
544503037973528577,sydneysiege-all-rnr-threads,rumours,true,rumour,0,1,0,"The gunman has said he has ""devices"" (bombs) placed in other parts of the city"
544308531684335617,sydneysiege-all-rnr-threads,rumours,false,rumour,1,0,0,There have been police raids in Lakemba
544277526248304640,sydneysiege-all-rnr-threads,rumours,true,rumour,0,1,0,A (black) Islamic flag is being held up in the window of cafe in Sydney's Martin Place
544514569339953154,sydneysiege-all-rnr-threads,rumours,true,rumour,0,1,0,The hostage-taker has been killed/shot (by police)
544354657385316352,sydneysiege-all-rnr-threads,rumours,true,rumour,0,1,0,Hostages are running out/escaping from the cafe
544361266718846977,sydneysiege-all-rnr-threads,rumours,true,rumour,0,1,0,Hostages are running out/escaping from the cafe
544424408027115520,sydneysiege-all-rnr-threads,rumours,true,rumour,0,1,0,There is one Indian national among the hostages
544305745416581120,sydneysiege-all-rnr-threads,rumours,false,rumour,1,0,0,The hostage situation in the Sydney cafe is an armed robbery
544298346345947136,sydneysiege-all-rnr-threads,rumours,true,rumour,0,1,0,A (black) Islamic flag is being held up in the window of cafe in Sydney's Martin Place
544272134764122112,sydneysiege-all-rnr-threads,rumours,true,rumour,0,1,0,There is a hostage situation at a cafe in Sydney
544284823041212416,sydneysiege-all-rnr-threads,rumours,false,rumour,1,0,1,The Sydney airspace has been closed
544285819108741120,sydneysiege-all-rnr-threads,rumours,true,rumour,0,1,0,There is a hostage situation at a cafe in Sydney
544315864397258752,sydneysiege-all-rnr-threads,rumours,true,rumour,0,1,0,There is a hostage situation at a cafe in Sydney
544385829180035072,sydneysiege-all-rnr-threads,rumours,true,rumour,0,1,0,The gunman wants to speak to Prime Minister Tony Abbott
544508411178536960,sydneysiege-all-rnr-threads,rumours,unverified,rumour,0,0,0,One more hostage has run out of the cafe (for total of 6)
544516427827249153,sydneysiege-all-rnr-threads,rumours,true,rumour,0,1,0,The siege/hostage-taking crisis is over
544282355989753857,sydneysiege-all-rnr-threads,rumours,true,rumour,0,1,0,There is a hostage situation at a cafe in Sydney
544307776135364608,sydneysiege-all-rnr-threads,rumours,false,rumour,1,0,0,There is more than one gunman involved in the hostage-taking at the Sydney cafe
544518590104621058,sydneysiege-all-rnr-threads,rumours,true,rumour,0,1,0,The hostage-taker is down
544358920869789696,sydneysiege-all-rnr-threads,rumours,true,rumour,0,1,0,There is a hostage situation at a cafe in Sydney
544281014768795649,sydneysiege-all-rnr-threads,rumours,unverified,rumour,0,0,0,The Sydney Opera House has been evacuated
544317709396496384,sydneysiege-all-rnr-threads,rumours,unverified,rumour,0,0,0,The flag being flown at the cafe is that of Jabah Al-Nusra
544271362022338560,sydneysiege-all-rnr-threads,rumours,true,rumour,0,1,0,A (black) Islamic flag is being held up in the window of cafe in Sydney's Martin Place
544384662765068288,sydneysiege-all-rnr-threads,rumours,true,rumour,0,1,0,The gunman has made specific demands to authorities
544382740750024704,sydneysiege-all-rnr-threads,rumours,true,rumour,0,1,0,Two more (female) hostages have run out of the cafe (for total of five hostages free so far)
544276998017646593,sydneysiege-all-rnr-threads,rumours,false,rumour,1,0,1,An ISIS (IS) flag is being displayed (by hostages) at the cafe in Sydney's Martin Place
544316384273248256,sydneysiege-all-rnr-threads,rumours,true,rumour,0,1,0,There is a hostage situation at a cafe in Sydney
544334477011349505,sydneysiege-all-rnr-threads,rumours,false,rumour,1,0,0,(Alleged) ISIS militants are behind the hostage-taking in the Sydney cafe
544307417677189121,sydneysiege-all-rnr-threads,rumours,true,rumour,0,1,0,There is a hostage situation at a cafe in Sydney
544378769952505856,sydneysiege-all-rnr-threads,rumours,true,rumour,0,1,0,Two more (female) hostages have run out of the cafe (for total of five hostages free so far)
544511489869373440,sydneysiege-all-rnr-threads,rumours,true,rumour,0,1,0,Police have stormed the cafe
544511558173601792,sydneysiege-all-rnr-threads,rumours,true,rumour,0,1,0,One or more shots/live ammunition have gone off at the cafe
544371668131393537,sydneysiege-all-rnr-threads,rumours,true,rumour,0,1,0,Two more (female) hostages have run out of the cafe (for total of five hostages free so far)
544301900682629121,sydneysiege-all-rnr-threads,rumours,true,rumour,0,1,0,Police have arrested a suspect at Martin Place
544302938374426624,sydneysiege-all-rnr-threads,rumours,false,rumour,1,0,0,40-50 hostages are being held at cafe in Sydney (according to Lindt CEO)
544364000897945600,sydneysiege-all-rnr-threads,rumours,true,rumour,0,1,0,Police (authorities) have been in contact with the hostage-taker
544299439087550464,sydneysiege-all-rnr-threads,rumours,true,rumour,0,1,0,There is a hostage situation at a cafe in Sydney
544300674448887809,sydneysiege-all-rnr-threads,rumours,unverified,rumour,0,0,0,The Lindt cafe was targeted because it was not halal-certified
544355218251452416,sydneysiege-all-rnr-threads,rumours,true,rumour,0,1,0,Hostages are running out/escaping from the cafe
544309177859203073,sydneysiege-all-rnr-threads,rumours,unverified,rumour,0,0,0,The gunman is using a female hostage as a shield inside the cafe
544372177965834240,sydneysiege-all-rnr-threads,rumours,true,rumour,0,1,0,Two more (female) hostages have run out of the cafe (for total of five hostages free so far)
544277516773380097,sydneysiege-all-rnr-threads,rumours,true,rumour,0,1,0,There is a hostage situation at a cafe in Sydney
544325779199258626,sydneysiege-all-rnr-threads,rumours,true,rumour,0,1,0,There is a hostage situation at a cafe in Sydney
544514538797035520,sydneysiege-all-rnr-threads,rumours,true,rumour,0,1,0,The hostage-taker is down
544367462012432384,sydneysiege-all-rnr-threads,rumours,true,rumour,0,1,0,Hostages are running out/escaping from the cafe
544519694401941504,sydneysiege-all-rnr-threads,rumours,true,rumour,0,1,0,At least 2 people have died
544271284796784640,sydneysiege-all-rnr-threads,rumours,true,rumour,0,1,0,A gunman has taken hostages at a cafe in Sydney's Martin Place
544513517706305536,sydneysiege-all-rnr-threads,rumours,unverified,rumour,0,0,0,At least four people have been injured
544294402366394369,sydneysiege-all-rnr-threads,rumours,false,rumour,1,0,0,40-50 hostages are being held at cafe in Sydney (according to Lindt CEO)
544390903839088640,sydneysiege-all-rnr-threads,rumours,false,rumour,1,0,0,A sixth hostage has escaped/run out of the Sydney cafe
544366036498542592,sydneysiege-all-rnr-threads,rumours,true,rumour,0,1,0,Hostages are running out/escaping from the cafe
544374018661687296,sydneysiege-all-rnr-threads,rumours,true,rumour,0,1,0,A gunman has taken hostages at a cafe in Sydney's Martin Place
544517991086710784,sydneysiege-all-rnr-threads,rumours,true,rumour,0,1,0,Paramedics are carrying out a number of hostages from the cafe
544510219401703425,sydneysiege-all-rnr-threads,rumours,unverified,rumour,0,0,0,Six more hostages have escaped from the cafe (after initial 5)
544351356824604673,sydneysiege-all-rnr-threads,rumours,true,rumour,0,1,0,Hostages are running out/escaping from the cafe
544409519380758528,sydneysiege-all-rnr-threads,rumours,true,rumour,0,1,0,"The gunman has said he has ""devices"" (bombs) placed in other parts of the city"
544451181754744832,sydneysiege-all-rnr-threads,rumours,false,rumour,1,0,0,Up to 20 people are being held hostage inside the Sydney cafe
544351832483450880,sydneysiege-all-rnr-threads,rumours,true,rumour,0,1,0,There is a hostage situation at a cafe in Sydney
544321934410788865,sydneysiege-all-rnr-threads,rumours,true,rumour,0,1,0,Uber introduced surge pricing in downtown Sydney during hostage crisis
544517624114081793,sydneysiege-all-rnr-threads,rumours,true,rumour,0,1,0,A police officer has a gunshot wound to the head/is injured
544273050188148736,sydneysiege-all-rnr-threads,rumours,false,rumour,1,0,0,An ISIS (IS) flag is being displayed (by hostages) at the cafe in Sydney's Martin Place
544383383095508992,sydneysiege-all-rnr-threads,rumours,true,rumour,0,1,0,The gunman has made specific demands to authorities
544317165965303808,sydneysiege-all-rnr-threads,rumours,true,rumour,0,1,0,Uber introduced surge pricing in downtown Sydney during hostage crisis
544366894107480064,sydneysiege-all-rnr-threads,rumours,true,rumour,0,1,0,There is a hostage situation at a cafe in Sydney
544511915158810624,sydneysiege-all-rnr-threads,rumours,true,rumour,0,1,0,One or more shots/live ammunition have gone off at the cafe
544367253857525761,sydneysiege-all-rnr-threads,rumours,true,rumour,0,1,0,Police (authorities) have been in contact with the hostage-taker
544286172109758464,sydneysiege-all-rnr-threads,rumours,true,rumour,0,1,0,There is a hostage situation at a cafe in Sydney
544297696308518912,sydneysiege-all-rnr-threads,rumours,false,rumour,1,0,0,There are 13 hostages inside the Sydney cafe
544291829290508289,sydneysiege-all-rnr-threads,rumours,true,rumour,0,1,0,"The gunman has said he has ""devices"" (bombs) placed in other parts of the city"
544390017930383360,sydneysiege-all-rnr-threads,rumours,true,rumour,0,1,0,"The gunman and/or hostages have made contact with Sydney media outlet(s) (radio station, etc.)"
544318880001560576,sydneysiege-all-rnr-threads,rumours,false,rumour,1,0,0,There are 13 hostages inside the Sydney cafe
544353502689251329,sydneysiege-all-rnr-threads,rumours,true,rumour,0,1,0,Hostages are running out/escaping from the cafe
544294692456628224,sydneysiege-all-rnr-threads,rumours,true,rumour,0,1,1,Martin Place/CBD is in lockdown (and surrounding buildings have been evacuated)
544352727971954690,sydneysiege-all-rnr-threads,rumours,true,rumour,0,1,0,Hostages are running out/escaping from the cafe
544288799711592448,sydneysiege-all-rnr-threads,rumours,true,rumour,0,1,0,There is a hostage situation at a cafe in Sydney
544511773223968768,sydneysiege-all-rnr-threads,rumours,true,rumour,0,1,0,One or more shots/live ammunition have gone off at the cafe
544286686142685184,sydneysiege-all-rnr-threads,rumours,false,rumour,1,0,0,The Sydney airspace has been closed
544342204576038912,sydneysiege-all-rnr-threads,rumours,true,rumour,0,1,0,There is a hostage situation at a cafe in Sydney
544357563534680064,sydneysiege-all-rnr-threads,rumours,true,rumour,0,1,0,Hostages are running out/escaping from the cafe
544290646010261504,sydneysiege-all-rnr-threads,rumours,true,rumour,0,1,0,Martin Place/CBD is in lockdown (and surrounding buildings have been evacuated)
544356724871036928,sydneysiege-all-rnr-threads,rumours,true,rumour,0,1,0,Hostages are running out/escaping from the cafe
544519635916169218,sydneysiege-all-rnr-threads,rumours,true,rumour,0,1,0,The siege/hostage-taking crisis is over
544430771688439808,sydneysiege-all-rnr-threads,rumours,true,rumour,0,1,0,A gunman has taken hostages at a cafe in Sydney's Martin Place
544280873806610433,sydneysiege-all-rnr-threads,rumours,unverified,rumour,0,0,0,The Sydney Opera House has been evacuated
544320179560525824,sydneysiege-all-rnr-threads,rumours,true,rumour,0,1,0,A gunman has taken hostages at a cafe in Sydney's Martin Place
544355197435142145,sydneysiege-all-rnr-threads,rumours,true,rumour,0,1,1,Hostages are running out/escaping from the cafe
544367010894086145,sydneysiege-all-rnr-threads,rumours,true,rumour,0,1,0,Uber introduced surge pricing in downtown Sydney during hostage crisis
544289311504355328,sydneysiege-all-rnr-threads,rumours,true,rumour,0,1,1,There is a hostage situation at a cafe in Sydney
544377463581581314,sydneysiege-all-rnr-threads,rumours,true,rumour,0,1,0,Two more (female) hostages have run out of the cafe (for total of five hostages free so far)
544283772569788416,sydneysiege-all-rnr-threads,rumours,true,rumour,0,1,0,There is a hostage situation at a cafe in Sydney
544343367279456256,sydneysiege-all-rnr-threads,rumours,true,rumour,0,1,0,Police (authorities) have been in contact with the hostage-taker
544516381031792642,sydneysiege-all-rnr-threads,rumours,true,rumour,0,1,0,A police officer has a gunshot wound to the head/is injured
544274934835707905,sydneysiege-all-rnr-threads,rumours,true,rumour,0,1,0,There is a hostage situation at a cafe in Sydney
544280399044960256,sydneysiege-all-rnr-threads,rumours,true,rumour,0,1,0,There is a hostage situation at a cafe in Sydney
544512398628241408,sydneysiege-all-rnr-threads,rumours,true,rumour,0,1,0,Police have stormed the cafe
544281689233850370,sydneysiege-all-rnr-threads,rumours,true,rumour,0,1,0,There is a hostage situation at a cafe in Sydney
544512676643500033,sydneysiege-all-rnr-threads,rumours,true,rumour,0,1,0,Paramedics are carrying out a number of hostages from the cafe
544274585697280000,sydneysiege-all-rnr-threads,rumours,true,rumour,0,1,0,Martin Place/CBD is in lockdown (and surrounding buildings have been evacuated)
544271815044894720,sydneysiege-all-rnr-threads,rumours,false,rumour,1,0,0,There is more than one gunman involved in the hostage-taking at the Sydney cafe
544341406094213121,sydneysiege-all-rnr-threads,rumours,unverified,rumour,0,0,0,The Sydney Opera House has been evacuated
544338622078410752,sydneysiege-all-rnr-threads,rumours,true,rumour,0,1,0,A (black) Islamic flag is being held up in the window of cafe in Sydney's Martin Place
544520273718812672,sydneysiege-all-rnr-threads,rumours,true,rumour,0,1,0,The siege/hostage-taking crisis is over
544384394337611776,sydneysiege-all-rnr-threads,rumours,true,rumour,0,1,0,Police have established the identity of the gunman
544355417900716032,sydneysiege-all-rnr-threads,rumours,true,rumour,0,1,0,Hostages are running out/escaping from the cafe
544350567183556608,sydneysiege-all-rnr-threads,rumours,true,rumour,0,1,0,Hostages are running out/escaping from the cafe
544373676842311681,sydneysiege-all-rnr-threads,rumours,true,rumour,0,1,0,Two more (female) hostages have run out of the cafe (for total of five hostages free so far)
544274364288364544,sydneysiege-all-rnr-threads,rumours,false,rumour,1,0,0,The Lindt cafe hostage-taking may be a diversion for something else (another bigger terrorist event)
544492209861836800,sydneysiege-all-rnr-threads,rumours,true,rumour,0,1,0,The gunman behind the hostage-taking is named Man Monis
544356579098001408,sydneysiege-all-rnr-threads,rumours,true,rumour,0,1,0,Hostages are running out/escaping from the cafe
544293753130082305,sydneysiege-all-rnr-threads,rumours,false,rumour,1,0,0,Hostages are being held by men waving an ISIS flag inside a cafe in Sydney's Martin Place
544293291785596928,sydneysiege-all-rnr-threads,rumours,false,rumour,1,0,0,Hostages are being held by men waving an ISIS flag inside a cafe in Sydney's Martin Place
544387886611570688,sydneysiege-all-rnr-threads,rumours,true,rumour,0,1,0,Two more (female) hostages have run out of the cafe (for total of five hostages free so far)
544516530160300032,sydneysiege-all-rnr-threads,rumours,true,rumour,0,1,0,The siege/hostage-taking crisis is over
544279945128591360,sydneysiege-all-rnr-threads,rumours,false,rumour,1,0,0,There are 13 hostages inside the Sydney cafe
544511112654618624,sydneysiege-all-rnr-threads,rumours,true,rumour,0,1,0,Police have stormed the cafe
544333020023754752,sydneysiege-all-rnr-threads,rumours,true,rumour,0,1,0,A (black) Islamic flag is being held up in the window of cafe in Sydney's Martin Place
544275138712469504,sydneysiege-all-rnr-threads,rumours,false,rumour,1,0,0,Up to 20 people are being held hostage inside the Sydney cafe
544515850963648512,sydneysiege-all-rnr-threads,rumours,true,rumour,0,1,0,A police officer has a gunshot wound to the head/is injured
544317609718865920,sydneysiege-all-rnr-threads,rumours,true,rumour,0,1,0,Martin Place/CBD is in lockdown (and surrounding buildings have been evacuated)
544491160803106816,sydneysiege-all-rnr-threads,rumours,true,rumour,0,1,0,The gunman behind the hostage-taking is named Man Monis
544294893146091520,sydneysiege-all-rnr-threads,rumours,true,rumour,0,1,0,There is a hostage situation at a cafe in Sydney
544496262629036032,sydneysiege-all-rnr-threads,rumours,true,rumour,0,1,0,Two more (female) hostages have run out of the cafe (for total of five hostages free so far)
544307028815253504,sydneysiege-all-rnr-threads,rumours,false,rumour,1,0,0,40-50 hostages are being held at cafe in Sydney (according to Lindt CEO)
544519166582337536,sydneysiege-all-rnr-threads,rumours,true,rumour,0,1,0,The siege/hostage-taking crisis is over
544300945820352512,sydneysiege-all-rnr-threads,rumours,true,rumour,0,1,0,"The gunman has said he has ""devices"" (bombs) placed in other parts of the city"
544296985910861824,sydneysiege-all-rnr-threads,rumours,false,rumour,1,0,0,40-50 hostages are being held at cafe in Sydney (according to Lindt CEO)
544407300329709568,sydneysiege-all-rnr-threads,rumours,false,rumour,1,0,0,(Alleged) ISIS militants are behind the hostage-taking in the Sydney cafe
544351967829839873,sydneysiege-all-rnr-threads,rumours,true,rumour,0,1,0,There is a hostage situation at a cafe in Sydney
544509140911919104,sydneysiege-all-rnr-threads,rumours,unverified,rumour,0,0,0,"""Several"" more hostages have escaped from the cafe (after initial 5)"
544433739539812353,sydneysiege-all-rnr-threads,rumours,unverified,rumour,0,0,0,Media outlets know identity of gunman but are not publishing it
544339368823894019,sydneysiege-all-rnr-threads,rumours,true,rumour,0,1,0,Uber introduced surge pricing in downtown Sydney during hostage crisis
544476808566276097,sydneysiege-all-rnr-threads,rumours,true,rumour,0,1,0,"The gunman and/or hostages have made contact with Sydney media outlet(s) (radio station, etc.)"
544362279006113792,sydneysiege-all-rnr-threads,rumours,true,rumour,0,1,0,Police (authorities) have been in contact with the hostage-taker
544332613532811264,sydneysiege-all-rnr-threads,rumours,true,rumour,0,1,0,Uber introduced surge pricing in downtown Sydney during hostage crisis
544520042810200064,sydneysiege-all-rnr-threads,rumours,true,rumour,0,1,0,At least 2 people have died
544279262547935232,sydneysiege-all-rnr-threads,rumours,false,rumour,1,0,0,There are 13 hostages inside the Sydney cafe
544514883484520448,sydneysiege-all-rnr-threads,rumours,unverified,rumour,0,0,0,At least 12 more hostages have emerged from cafe (after initial 5)
544366824997912576,sydneysiege-all-rnr-threads,rumours,true,rumour,0,1,0,There is a hostage situation at a cafe in Sydney
544284577318318080,sydneysiege-all-rnr-threads,rumours,true,rumour,0,1,0,There is a hostage situation at a cafe in Sydney
544391176137089024,sydneysiege-all-rnr-threads,rumours,true,rumour,0,1,0,The gunman has made specific demands to authorities
544521166543548416,sydneysiege-all-rnr-threads,rumours,true,rumour,0,1,0,At least 2 people have died
544511811404705792,sydneysiege-all-rnr-threads,rumours,true,rumour,0,1,0,Police have stormed the cafe
544277728930062336,sydneysiege-all-rnr-threads,rumours,false,rumour,1,0,0,The Sydney airspace has been closed
544357487911395329,sydneysiege-all-rnr-threads,rumours,true,rumour,0,1,0,Hostages are running out/escaping from the cafe
544446828654366720,sydneysiege-all-rnr-threads,rumours,true,rumour,0,1,0,The gunman has made specific demands to authorities
544410576894427136,sydneysiege-all-rnr-threads,rumours,true,rumour,0,1,1,The gunman has made specific demands to authorities
544511300630753280,sydneysiege-all-rnr-threads,rumours,true,rumour,0,1,0,One or more shots/live ammunition have gone off at the cafe
544519622389956609,sydneysiege-all-rnr-threads,rumours,true,rumour,0,1,0,At least 2 people have died
544289409294553088,sydneysiege-all-rnr-threads,rumours,true,rumour,0,1,0,There is a hostage situation at a cafe in Sydney
544313370892324864,sydneysiege-all-rnr-threads,rumours,false,rumour,1,0,0,Up to 20 people are being held hostage inside the Sydney cafe
544510402454110208,sydneysiege-all-rnr-threads,rumours,unverified,rumour,0,0,0,Up to five more hostages have escaped from the cafe (after initial 5)
544428421745741824,sydneysiege-all-rnr-threads,rumours,true,rumour,0,1,0,Uber introduced surge pricing in downtown Sydney during hostage crisis
544346359948910592,sydneysiege-all-rnr-threads,rumours,true,rumour,0,1,0,There is a hostage situation at a cafe in Sydney
544316500002484226,sydneysiege-all-rnr-threads,rumours,true,rumour,0,1,0,There is a hostage situation at a cafe in Sydney
544272155144646656,sydneysiege-all-rnr-threads,rumours,false,rumour,1,0,0,The hostage situation in the Sydney cafe is an armed robbery
544268186292867072,sydneysiege-all-rnr-threads,rumours,true,rumour,0,1,0,A gunman has taken hostages at a cafe in Sydney's Martin Place
544384349395628033,sydneysiege-all-rnr-threads,rumours,true,rumour,0,1,0,Two more (female) hostages have run out of the cafe (for total of five hostages free so far)
544274544174071809,sydneysiege-all-rnr-threads,rumours,false,rumour,1,0,0,(Alleged) ISIS militants are behind the hostage-taking in the Sydney cafe
544291804057960448,sydneysiege-all-rnr-threads,rumours,true,rumour,0,1,0,There is a hostage situation at a cafe in Sydney
544381860214603776,sydneysiege-all-rnr-threads,rumours,true,rumour,0,1,0,"The gunman has said he has ""devices"" (bombs) placed in other parts of the city"
544307161589772290,sydneysiege-all-rnr-threads,rumours,false,rumour,1,0,0,(Alleged) ISIS militants are behind the hostage-taking in the Sydney cafe
544282227035869184,sydneysiege-all-rnr-threads,rumours,true,rumour,0,1,0,There is a hostage situation at a cafe in Sydney
544316814856306688,sydneysiege-all-rnr-threads,rumours,unverified,rumour,0,0,0,The Sydney Opera House has been evacuated
544304742743044096,sydneysiege-all-rnr-threads,rumours,true,rumour,0,1,0,There is a hostage situation at a cafe in Sydney
544287083343671296,sydneysiege-all-rnr-threads,rumours,true,rumour,0,1,0,"The script on the flag reads: ""There is no God but Allah and Muhammad is the messenger of God"""
544279103864860674,sydneysiege-all-rnr-threads,rumours,false,rumour,1,0,0,An ISIS (IS) flag is being displayed (by hostages) at the cafe in Sydney's Martin Place
544288661253398528,sydneysiege-all-rnr-threads,rumours,false,rumour,1,0,0,An ISIS (IS) flag is being displayed (by hostages) at the cafe in Sydney's Martin Place
544385641975676929,sydneysiege-all-rnr-threads,rumours,true,rumour,0,1,0,Two more (female) hostages have run out of the cafe (for total of five hostages free so far)
544302821450207233,sydneysiege-all-rnr-threads,rumours,true,rumour,0,1,0,There is a hostage situation at a cafe in Sydney
544315472075042818,sydneysiege-all-rnr-threads,rumours,unverified,rumour,0,0,0,The US Consulate in Sydney has been evacuated
544518335019229184,sydneysiege-all-rnr-threads,rumours,true,rumour,0,1,0,At least 2 people have died
544350985142173697,sydneysiege-all-rnr-threads,rumours,true,rumour,0,1,0,There is a hostage situation at a cafe in Sydney
544374563539140608,sydneysiege-all-rnr-threads,rumours,true,rumour,0,1,0,Two more (female) hostages have run out of the cafe (for total of five hostages free so far)
544333172180537344,sydneysiege-all-rnr-threads,rumours,unverified,rumour,0,0,0,The Sydney Opera House has been evacuated
544306402731507712,sydneysiege-all-rnr-threads,rumours,false,rumour,1,0,0,There are 13 hostages inside the Sydney cafe
544385086955589632,sydneysiege-all-rnr-threads,rumours,true,rumour,0,1,0,Two more (female) hostages have run out of the cafe (for total of five hostages free so far)
544517264725516288,sydneysiege-all-rnr-threads,rumours,true,rumour,0,1,0,The siege/hostage-taking crisis is over
544514645571420160,sydneysiege-all-rnr-threads,rumours,true,rumour,0,1,0,The hostage-taker has been killed/shot (by police)
544370712639590400,sydneysiege-all-rnr-threads,rumours,true,rumour,0,1,0,Two more (female) hostages have run out of the cafe (for total of five hostages free so far)
544487535418687488,sydneysiege-all-rnr-threads,rumours,true,rumour,0,1,0,Two more (female) hostages have run out of the cafe (for total of five hostages free so far)
544291965513134080,sydneysiege-all-rnr-threads,rumours,true,rumour,0,1,0,A gunman has taken hostages at a cafe in Sydney's Martin Place
544310853613281281,sydneysiege-all-rnr-threads,rumours,false,rumour,1,0,0,The Lindt cafe hostage-taking may be a diversion for something else (another bigger terrorist event)
544359578612559872,sydneysiege-all-rnr-threads,rumours,true,rumour,0,1,0,Police (authorities) have been in contact with the hostage-taker
544271185903484929,sydneysiege-all-rnr-threads,rumours,true,rumour,0,1,0,There is a hostage situation at a cafe in Sydney
544363757493702656,sydneysiege-all-rnr-threads,rumours,true,rumour,0,1,0,Police (authorities) have been in contact with the hostage-taker
544380433014591488,sydneysiege-all-rnr-threads,rumours,true,rumour,0,1,0,There is a hostage situation at a cafe in Sydney
544320992361721856,sydneysiege-all-rnr-threads,rumours,true,rumour,0,1,0,Martin Place/CBD is in lockdown (and surrounding buildings have been evacuated)
544508900595499009,sydneysiege-all-rnr-threads,rumours,unverified,rumour,0,0,0,One more hostage has run out of the cafe (for total of 6)
544519140552507392,sydneysiege-all-rnr-threads,rumours,true,rumour,0,1,0,At least 2 people have died
544284455909998592,sydneysiege-all-rnr-threads,rumours,true,rumour,0,1,0,There is a hostage situation at a cafe in Sydney
544508666724876288,sydneysiege-all-rnr-threads,rumours,unverified,rumour,0,0,0,One more hostage has run out of the cafe (for total of 6)
544511560249790464,sydneysiege-all-rnr-threads,rumours,true,rumour,0,1,0,One or more shots/live ammunition have gone off at the cafe
544267656597995521,sydneysiege-all-rnr-threads,rumours,false,rumour,1,0,0,An ISIS (IS) flag is being displayed (by hostages) at the cafe in Sydney's Martin Place
544387967037763584,sydneysiege-all-rnr-threads,rumours,true,rumour,0,1,0,"The gunman has said he has ""devices"" (bombs) placed in other parts of the city"
544300361360498688,sydneysiege-all-rnr-threads,rumours,true,rumour,0,1,0,There is a hostage situation at a cafe in Sydney
544329935943237632,sydneysiege-all-rnr-threads,rumours,true,rumour,0,1,1,Uber introduced surge pricing in downtown Sydney during hostage crisis
544377502563459072,sydneysiege-all-rnr-threads,rumours,true,rumour,0,1,0,Uber introduced surge pricing in downtown Sydney during hostage crisis
544277117039837184,sydneysiege-all-rnr-threads,rumours,true,rumour,0,1,0,"The script on the flag reads: ""There is no God but Allah and Muhammad is the messenger of God"""
544361776020586496,sydneysiege-all-rnr-threads,rumours,true,rumour,0,1,0,Police (authorities) have been in contact with the hostage-taker
544277650714677249,sydneysiege-all-rnr-threads,rumours,true,rumour,0,1,0,There is a hostage situation at a cafe in Sydney
544290780991725568,sydneysiege-all-rnr-threads,rumours,false,rumour,1,0,0,There has been an incident at Sydney Opera House
544515999161393152,sydneysiege-all-rnr-threads,rumours,true,rumour,0,1,0,The hostage-taker has been killed/shot (by police)
544508995361202176,sydneysiege-all-rnr-threads,rumours,unverified,rumour,0,0,0,Up to five more hostages have escaped from the cafe (after initial 5)
544514570367168512,sydneysiege-all-rnr-threads,rumours,unverified,rumour,0,0,0,"""Several"" more hostages have escaped from the cafe (after initial 5)"
544411097797644288,sydneysiege-all-rnr-threads,rumours,true,rumour,0,1,0,Police have established the identity of the gunman
544280707800264704,sydneysiege-all-rnr-threads,rumours,unverified,rumour,0,0,0,The gunman is using a female hostage as a shield inside the cafe
544380899639689216,sydneysiege-all-rnr-threads,rumours,true,rumour,0,1,0,There is a hostage situation at a cafe in Sydney
544390130682068993,sydneysiege-all-rnr-threads,rumours,true,rumour,0,1,0,The gunman has made specific demands to authorities
544512064694546432,sydneysiege-all-rnr-threads,rumours,true,rumour,0,1,0,One or more shots/live ammunition have gone off at the cafe
544282393801007104,sydneysiege-all-rnr-threads,non-rumours,non-rumour,nonrumour,,,,
544406902990323712,sydneysiege-all-rnr-threads,non-rumours,non-rumour,nonrumour,,,,
544482664515121153,sydneysiege-all-rnr-threads,non-rumours,non-rumour,nonrumour,,,,
544310849784274945,sydneysiege-all-rnr-threads,non-rumours,non-rumour,nonrumour,,,,
544437798426509312,sydneysiege-all-rnr-threads,non-rumours,non-rumour,nonrumour,,,,
544444148234076160,sydneysiege-all-rnr-threads,non-rumours,non-rumour,nonrumour,,,,
544519480018489344,sydneysiege-all-rnr-threads,non-rumours,non-rumour,nonrumour,,,,
544411561205301248,sydneysiege-all-rnr-threads,non-rumours,non-rumour,nonrumour,,,,
544312732443348995,sydneysiege-all-rnr-threads,non-rumours,non-rumour,nonrumour,,,,
544408991649251329,sydneysiege-all-rnr-threads,non-rumours,non-rumour,nonrumour,,,,
544414430025371649,sydneysiege-all-rnr-threads,non-rumours,non-rumour,nonrumour,,,,
544520121436213248,sydneysiege-all-rnr-threads,non-rumours,non-rumour,nonrumour,,,,
544282714237448192,sydneysiege-all-rnr-threads,non-rumours,non-rumour,nonrumour,,,,
544299916252573698,sydneysiege-all-rnr-threads,non-rumours,non-rumour,nonrumour,,,,
544435176479027200,sydneysiege-all-rnr-threads,non-rumours,non-rumour,nonrumour,,,,
544516240572940289,sydneysiege-all-rnr-threads,non-rumours,non-rumour,nonrumour,,,,
544420963429797889,sydneysiege-all-rnr-threads,non-rumours,non-rumour,nonrumour,,,,
544383649131806722,sydneysiege-all-rnr-threads,non-rumours,non-rumour,nonrumour,,,,
544466608450580481,sydneysiege-all-rnr-threads,non-rumours,non-rumour,nonrumour,,,,
544465890218369024,sydneysiege-all-rnr-threads,non-rumours,non-rumour,nonrumour,,,,
544329092100005888,sydneysiege-all-rnr-threads,non-rumours,non-rumour,nonrumour,,,,
544294890343915520,sydneysiege-all-rnr-threads,non-rumours,non-rumour,nonrumour,,,,
544317494379294721,sydneysiege-all-rnr-threads,non-rumours,non-rumour,nonrumour,,,,
544459882075017216,sydneysiege-all-rnr-threads,non-rumours,non-rumour,nonrumour,,,,
544319905076903936,sydneysiege-all-rnr-threads,non-rumours,non-rumour,nonrumour,,,,
544372384690872321,sydneysiege-all-rnr-threads,non-rumours,non-rumour,nonrumour,,,,
544293021995393024,sydneysiege-all-rnr-threads,non-rumours,non-rumour,nonrumour,,,,
544345939054710785,sydneysiege-all-rnr-threads,non-rumours,non-rumour,nonrumour,,,,
544395106426425345,sydneysiege-all-rnr-threads,non-rumours,non-rumour,nonrumour,,,,
544308031446872065,sydneysiege-all-rnr-threads,non-rumours,non-rumour,nonrumour,,,,
544323450270392322,sydneysiege-all-rnr-threads,non-rumours,non-rumour,nonrumour,,,,
544499931101548544,sydneysiege-all-rnr-threads,non-rumours,non-rumour,nonrumour,,,,
544487672145018880,sydneysiege-all-rnr-threads,non-rumours,non-rumour,nonrumour,,,,
544419416578850818,sydneysiege-all-rnr-threads,non-rumours,non-rumour,nonrumour,,,,
544410806167678976,sydneysiege-all-rnr-threads,non-rumours,non-rumour,nonrumour,,,,
544506443626741762,sydneysiege-all-rnr-threads,non-rumours,non-rumour,nonrumour,,,,
544301313459101696,sydneysiege-all-rnr-threads,non-rumours,non-rumour,nonrumour,,,,
544421207115051008,sydneysiege-all-rnr-threads,non-rumours,non-rumour,nonrumour,,,,
544521260840267776,sydneysiege-all-rnr-threads,non-rumours,non-rumour,nonrumour,,,,
544495737770618880,sydneysiege-all-rnr-threads,non-rumours,non-rumour,nonrumour,,,,
544473507594113024,sydneysiege-all-rnr-threads,non-rumours,non-rumour,nonrumour,,,,
544363222296297473,sydneysiege-all-rnr-threads,non-rumours,non-rumour,nonrumour,,,,
544506347438735361,sydneysiege-all-rnr-threads,non-rumours,non-rumour,nonrumour,,,,
544316046379716608,sydneysiege-all-rnr-threads,non-rumours,non-rumour,nonrumour,,,,
544440724192628736,sydneysiege-all-rnr-threads,non-rumours,non-rumour,nonrumour,,,,
544433367765110784,sydneysiege-all-rnr-threads,non-rumours,non-rumour,nonrumour,,,,
544309113694740480,sydneysiege-all-rnr-threads,non-rumours,non-rumour,nonrumour,,,,
544502782267752449,sydneysiege-all-rnr-threads,non-rumours,non-rumour,nonrumour,,,,
544487291465392128,sydneysiege-all-rnr-threads,non-rumours,non-rumour,nonrumour,,,,
544452299641192448,sydneysiege-all-rnr-threads,non-rumours,non-rumour,nonrumour,,,,
544314464569675776,sydneysiege-all-rnr-threads,non-rumours,non-rumour,nonrumour,,,,
544427753785659393,sydneysiege-all-rnr-threads,non-rumours,non-rumour,nonrumour,,,,
544370072018378752,sydneysiege-all-rnr-threads,non-rumours,non-rumour,nonrumour,,,,
544451052679204864,sydneysiege-all-rnr-threads,non-rumours,non-rumour,nonrumour,,,,
544505447911149569,sydneysiege-all-rnr-threads,non-rumours,non-rumour,nonrumour,,,,
544430910511140865,sydneysiege-all-rnr-threads,non-rumours,non-rumour,nonrumour,,,,
544497405237161984,sydneysiege-all-rnr-threads,non-rumours,non-rumour,nonrumour,,,,
544416582256967680,sydneysiege-all-rnr-threads,non-rumours,non-rumour,nonrumour,,,,
544425494763302913,sydneysiege-all-rnr-threads,non-rumours,non-rumour,nonrumour,,,,
544520434767503361,sydneysiege-all-rnr-threads,non-rumours,non-rumour,nonrumour,,,,
544348632980676608,sydneysiege-all-rnr-threads,non-rumours,non-rumour,nonrumour,,,,
544493536771854336,sydneysiege-all-rnr-threads,non-rumours,non-rumour,nonrumour,,,,
544396608704901120,sydneysiege-all-rnr-threads,non-rumours,non-rumour,nonrumour,,,,
544439521236893696,sydneysiege-all-rnr-threads,non-rumours,non-rumour,nonrumour,,,,
544366723067957249,sydneysiege-all-rnr-threads,non-rumours,non-rumour,nonrumour,,,,
544494787168972800,sydneysiege-all-rnr-threads,non-rumours,non-rumour,nonrumour,,,,
544519284740079616,sydneysiege-all-rnr-threads,non-rumours,non-rumour,nonrumour,,,,
544332519861022720,sydneysiege-all-rnr-threads,non-rumours,non-rumour,nonrumour,,,,
544308188909027328,sydneysiege-all-rnr-threads,non-rumours,non-rumour,nonrumour,,,,
544518707825750016,sydneysiege-all-rnr-threads,non-rumours,non-rumour,nonrumour,,,,
544292342430449664,sydneysiege-all-rnr-threads,non-rumours,non-rumour,nonrumour,,,,
544332847050670080,sydneysiege-all-rnr-threads,non-rumours,non-rumour,nonrumour,,,,
544484918567239681,sydneysiege-all-rnr-threads,non-rumours,non-rumour,nonrumour,,,,
544293177596067840,sydneysiege-all-rnr-threads,non-rumours,non-rumour,nonrumour,,,,
544518128798294016,sydneysiege-all-rnr-threads,non-rumours,non-rumour,nonrumour,,,,
544406212461473792,sydneysiege-all-rnr-threads,non-rumours,non-rumour,nonrumour,,,,
544363471660277760,sydneysiege-all-rnr-threads,non-rumours,non-rumour,nonrumour,,,,
544373945206460416,sydneysiege-all-rnr-threads,non-rumours,non-rumour,nonrumour,,,,
544395613043818496,sydneysiege-all-rnr-threads,non-rumours,non-rumour,nonrumour,,,,
544427938372792321,sydneysiege-all-rnr-threads,non-rumours,non-rumour,nonrumour,,,,
544389911630340096,sydneysiege-all-rnr-threads,non-rumours,non-rumour,nonrumour,,,,
544429942323167233,sydneysiege-all-rnr-threads,non-rumours,non-rumour,nonrumour,,,,
544365130138808321,sydneysiege-all-rnr-threads,non-rumours,non-rumour,nonrumour,,,,
544434192478519297,sydneysiege-all-rnr-threads,non-rumours,non-rumour,nonrumour,,,,
544296373466562560,sydneysiege-all-rnr-threads,non-rumours,non-rumour,nonrumour,,,,
544396078125039617,sydneysiege-all-rnr-threads,non-rumours,non-rumour,nonrumour,,,,
544377326122057728,sydneysiege-all-rnr-threads,non-rumours,non-rumour,nonrumour,,,,
544415156659175424,sydneysiege-all-rnr-threads,non-rumours,non-rumour,nonrumour,,,,
544436279442546688,sydneysiege-all-rnr-threads,non-rumours,non-rumour,nonrumour,,,,
544295960449265664,sydneysiege-all-rnr-threads,non-rumours,non-rumour,nonrumour,,,,
544337816298070017,sydneysiege-all-rnr-threads,non-rumours,non-rumour,nonrumour,,,,
544501464849059840,sydneysiege-all-rnr-threads,non-rumours,non-rumour,nonrumour,,,,
544459137674125312,sydneysiege-all-rnr-threads,non-rumours,non-rumour,nonrumour,,,,
544308888628387840,sydneysiege-all-rnr-threads,non-rumours,non-rumour,nonrumour,,,,
544420349052342272,sydneysiege-all-rnr-threads,non-rumours,non-rumour,nonrumour,,,,
544450560460480512,sydneysiege-all-rnr-threads,non-rumours,non-rumour,nonrumour,,,,
544519577733173248,sydneysiege-all-rnr-threads,non-rumours,non-rumour,nonrumour,,,,
544295667112230912,sydneysiege-all-rnr-threads,non-rumours,non-rumour,nonrumour,,,,
544521433473634304,sydneysiege-all-rnr-threads,non-rumours,non-rumour,nonrumour,,,,
544470843997564928,sydneysiege-all-rnr-threads,non-rumours,non-rumour,nonrumour,,,,
544298959993200640,sydneysiege-all-rnr-threads,non-rumours,non-rumour,nonrumour,,,,
544436172999495680,sydneysiege-all-rnr-threads,non-rumours,non-rumour,nonrumour,,,,
544355987608444929,sydneysiege-all-rnr-threads,non-rumours,non-rumour,nonrumour,,,,
544333302178799617,sydneysiege-all-rnr-threads,non-rumours,non-rumour,nonrumour,,,,
544518803225604096,sydneysiege-all-rnr-threads,non-rumours,non-rumour,nonrumour,,,,
544483404528775168,sydneysiege-all-rnr-threads,non-rumours,non-rumour,nonrumour,,,,
544466920880492544,sydneysiege-all-rnr-threads,non-rumours,non-rumour,nonrumour,,,,
544282015487787008,sydneysiege-all-rnr-threads,non-rumours,non-rumour,nonrumour,,,,
544312065637097472,sydneysiege-all-rnr-threads,non-rumours,non-rumour,nonrumour,,,,
544390550497947649,sydneysiege-all-rnr-threads,non-rumours,non-rumour,nonrumour,,,,
544500883963518976,sydneysiege-all-rnr-threads,non-rumours,non-rumour,nonrumour,,,,
544459886365376515,sydneysiege-all-rnr-threads,non-rumours,non-rumour,nonrumour,,,,
544497137221136384,sydneysiege-all-rnr-threads,non-rumours,non-rumour,nonrumour,,,,
544401573968097280,sydneysiege-all-rnr-threads,non-rumours,non-rumour,nonrumour,,,,
544446269968908289,sydneysiege-all-rnr-threads,non-rumours,non-rumour,nonrumour,,,,
544513407400304640,sydneysiege-all-rnr-threads,non-rumours,non-rumour,nonrumour,,,,
544275574642835456,sydneysiege-all-rnr-threads,non-rumours,non-rumour,nonrumour,,,,
544283714751328256,sydneysiege-all-rnr-threads,non-rumours,non-rumour,nonrumour,,,,
544486187478433793,sydneysiege-all-rnr-threads,non-rumours,non-rumour,nonrumour,,,,
544520795511611392,sydneysiege-all-rnr-threads,non-rumours,non-rumour,nonrumour,,,,
544494721872433152,sydneysiege-all-rnr-threads,non-rumours,non-rumour,nonrumour,,,,
544323358327070720,sydneysiege-all-rnr-threads,non-rumours,non-rumour,nonrumour,,,,
544413195884974080,sydneysiege-all-rnr-threads,non-rumours,non-rumour,nonrumour,,,,
544426670095368192,sydneysiege-all-rnr-threads,non-rumours,non-rumour,nonrumour,,,,
544469768745398272,sydneysiege-all-rnr-threads,non-rumours,non-rumour,nonrumour,,,,
544506678922977280,sydneysiege-all-rnr-threads,non-rumours,non-rumour,nonrumour,,,,
544444409769512960,sydneysiege-all-rnr-threads,non-rumours,non-rumour,nonrumour,,,,
544276027644850176,sydneysiege-all-rnr-threads,non-rumours,non-rumour,nonrumour,,,,
544427216516698113,sydneysiege-all-rnr-threads,non-rumours,non-rumour,nonrumour,,,,
544268900351766528,sydneysiege-all-rnr-threads,non-rumours,non-rumour,nonrumour,,,,
544470398881259520,sydneysiege-all-rnr-threads,non-rumours,non-rumour,nonrumour,,,,
544461947882586112,sydneysiege-all-rnr-threads,non-rumours,non-rumour,nonrumour,,,,
544308156625481728,sydneysiege-all-rnr-threads,non-rumours,non-rumour,nonrumour,,,,
544319450569134081,sydneysiege-all-rnr-threads,non-rumours,non-rumour,nonrumour,,,,
544303499756855297,sydneysiege-all-rnr-threads,non-rumours,non-rumour,nonrumour,,,,
544331918506872832,sydneysiege-all-rnr-threads,non-rumours,non-rumour,nonrumour,,,,
544357935439417345,sydneysiege-all-rnr-threads,non-rumours,non-rumour,nonrumour,,,,
544393723099238400,sydneysiege-all-rnr-threads,non-rumours,non-rumour,nonrumour,,,,
544516142983684097,sydneysiege-all-rnr-threads,non-rumours,non-rumour,nonrumour,,,,
544392801836728321,sydneysiege-all-rnr-threads,non-rumours,non-rumour,nonrumour,,,,
544387390752567297,sydneysiege-all-rnr-threads,non-rumours,non-rumour,nonrumour,,,,
544482745637158912,sydneysiege-all-rnr-threads,non-rumours,non-rumour,nonrumour,,,,
544384825332101120,sydneysiege-all-rnr-threads,non-rumours,non-rumour,nonrumour,,,,
544475686740967424,sydneysiege-all-rnr-threads,non-rumours,non-rumour,nonrumour,,,,
544353257175654400,sydneysiege-all-rnr-threads,non-rumours,non-rumour,nonrumour,,,,
544384839906906113,sydneysiege-all-rnr-threads,non-rumours,non-rumour,nonrumour,,,,
544399562866053120,sydneysiege-all-rnr-threads,non-rumours,non-rumour,nonrumour,,,,
544266241511133186,sydneysiege-all-rnr-threads,non-rumours,non-rumour,nonrumour,,,,
544432661419155456,sydneysiege-all-rnr-threads,non-rumours,non-rumour,nonrumour,,,,
544336736948473856,sydneysiege-all-rnr-threads,non-rumours,non-rumour,nonrumour,,,,
544298663061643264,sydneysiege-all-rnr-threads,non-rumours,non-rumour,nonrumour,,,,
544325938826076161,sydneysiege-all-rnr-threads,non-rumours,non-rumour,nonrumour,,,,
544298354029506560,sydneysiege-all-rnr-threads,non-rumours,non-rumour,nonrumour,,,,
544487579048222721,sydneysiege-all-rnr-threads,non-rumours,non-rumour,nonrumour,,,,
544428943080951808,sydneysiege-all-rnr-threads,non-rumours,non-rumour,nonrumour,,,,
544450710926934017,sydneysiege-all-rnr-threads,non-rumours,non-rumour,nonrumour,,,,
544464445787750401,sydneysiege-all-rnr-threads,non-rumours,non-rumour,nonrumour,,,,
544458427263512576,sydneysiege-all-rnr-threads,non-rumours,non-rumour,nonrumour,,,,
544402012570284032,sydneysiege-all-rnr-threads,non-rumours,non-rumour,nonrumour,,,,
544518696463765505,sydneysiege-all-rnr-threads,non-rumours,non-rumour,nonrumour,,,,
544462825952133121,sydneysiege-all-rnr-threads,non-rumours,non-rumour,nonrumour,,,,
544425457471725568,sydneysiege-all-rnr-threads,non-rumours,non-rumour,nonrumour,,,,
544345465311879170,sydneysiege-all-rnr-threads,non-rumours,non-rumour,nonrumour,,,,
544392353717317632,sydneysiege-all-rnr-threads,non-rumours,non-rumour,nonrumour,,,,
544354840042680320,sydneysiege-all-rnr-threads,non-rumours,non-rumour,nonrumour,,,,
544519396828672000,sydneysiege-all-rnr-threads,non-rumours,non-rumour,nonrumour,,,,
544431559320014848,sydneysiege-all-rnr-threads,non-rumours,non-rumour,nonrumour,,,,
544357899783655424,sydneysiege-all-rnr-threads,non-rumours,non-rumour,nonrumour,,,,
544410900854091776,sydneysiege-all-rnr-threads,non-rumours,non-rumour,nonrumour,,,,
544494058287423489,sydneysiege-all-rnr-threads,non-rumours,non-rumour,nonrumour,,,,
544345074960584704,sydneysiege-all-rnr-threads,non-rumours,non-rumour,nonrumour,,,,
544305672372772865,sydneysiege-all-rnr-threads,non-rumours,non-rumour,nonrumour,,,,
544403526773125120,sydneysiege-all-rnr-threads,non-rumours,non-rumour,nonrumour,,,,
544483951524737024,sydneysiege-all-rnr-threads,non-rumours,non-rumour,nonrumour,,,,
544444661859749890,sydneysiege-all-rnr-threads,non-rumours,non-rumour,nonrumour,,,,
544460097146331136,sydneysiege-all-rnr-threads,non-rumours,non-rumour,nonrumour,,,,
544508035113439232,sydneysiege-all-rnr-threads,non-rumours,non-rumour,nonrumour,,,,
544477802255630336,sydneysiege-all-rnr-threads,non-rumours,non-rumour,nonrumour,,,,
544283374911627264,sydneysiege-all-rnr-threads,non-rumours,non-rumour,nonrumour,,,,
544369501857263616,sydneysiege-all-rnr-threads,non-rumours,non-rumour,nonrumour,,,,
544442068639416320,sydneysiege-all-rnr-threads,non-rumours,non-rumour,nonrumour,,,,
544434475807936512,sydneysiege-all-rnr-threads,non-rumours,non-rumour,nonrumour,,,,
544389770009276416,sydneysiege-all-rnr-threads,non-rumours,non-rumour,nonrumour,,,,
544499892010635264,sydneysiege-all-rnr-threads,non-rumours,non-rumour,nonrumour,,,,
544419029905985536,sydneysiege-all-rnr-threads,non-rumours,non-rumour,nonrumour,,,,
544404937380093952,sydneysiege-all-rnr-threads,non-rumours,non-rumour,nonrumour,,,,
544443266926931968,sydneysiege-all-rnr-threads,non-rumours,non-rumour,nonrumour,,,,
544396587192311808,sydneysiege-all-rnr-threads,non-rumours,non-rumour,nonrumour,,,,
544350087020019712,sydneysiege-all-rnr-threads,non-rumours,non-rumour,nonrumour,,,,
544488899100147713,sydneysiege-all-rnr-threads,non-rumours,non-rumour,nonrumour,,,,
544474138287812608,sydneysiege-all-rnr-threads,non-rumours,non-rumour,nonrumour,,,,
544495155198181376,sydneysiege-all-rnr-threads,non-rumours,non-rumour,nonrumour,,,,
544427042616254465,sydneysiege-all-rnr-threads,non-rumours,non-rumour,nonrumour,,,,
544346361101963265,sydneysiege-all-rnr-threads,non-rumours,non-rumour,nonrumour,,,,
544325896661114881,sydneysiege-all-rnr-threads,non-rumours,non-rumour,nonrumour,,,,
544436750097973250,sydneysiege-all-rnr-threads,non-rumours,non-rumour,nonrumour,,,,
544290967369428992,sydneysiege-all-rnr-threads,non-rumours,non-rumour,nonrumour,,,,
544516739178827776,sydneysiege-all-rnr-threads,non-rumours,non-rumour,nonrumour,,,,
544515971637968898,sydneysiege-all-rnr-threads,non-rumours,non-rumour,nonrumour,,,,
544435708299972608,sydneysiege-all-rnr-threads,non-rumours,non-rumour,nonrumour,,,,
544442676410867712,sydneysiege-all-rnr-threads,non-rumours,non-rumour,nonrumour,,,,
544495167836016640,sydneysiege-all-rnr-threads,non-rumours,non-rumour,nonrumour,,,,
544411992279093248,sydneysiege-all-rnr-threads,non-rumours,non-rumour,nonrumour,,,,
544298121379852289,sydneysiege-all-rnr-threads,non-rumours,non-rumour,nonrumour,,,,
544440498594017280,sydneysiege-all-rnr-threads,non-rumours,non-rumour,nonrumour,,,,
544323127522906112,sydneysiege-all-rnr-threads,non-rumours,non-rumour,nonrumour,,,,
544477048048082945,sydneysiege-all-rnr-threads,non-rumours,non-rumour,nonrumour,,,,
544520690490417152,sydneysiege-all-rnr-threads,non-rumours,non-rumour,nonrumour,,,,
544393165101613056,sydneysiege-all-rnr-threads,non-rumours,non-rumour,nonrumour,,,,
544393766287970304,sydneysiege-all-rnr-threads,non-rumours,non-rumour,nonrumour,,,,
544407393451646976,sydneysiege-all-rnr-threads,non-rumours,non-rumour,nonrumour,,,,
544520615441756162,sydneysiege-all-rnr-threads,non-rumours,non-rumour,nonrumour,,,,
544503217107648513,sydneysiege-all-rnr-threads,non-rumours,non-rumour,nonrumour,,,,
544346261365600257,sydneysiege-all-rnr-threads,non-rumours,non-rumour,nonrumour,,,,
544463701030354944,sydneysiege-all-rnr-threads,non-rumours,non-rumour,nonrumour,,,,
544314020539289600,sydneysiege-all-rnr-threads,non-rumours,non-rumour,nonrumour,,,,
544492465185898496,sydneysiege-all-rnr-threads,non-rumours,non-rumour,nonrumour,,,,
544336572141694976,sydneysiege-all-rnr-threads,non-rumours,non-rumour,nonrumour,,,,
544427255439425536,sydneysiege-all-rnr-threads,non-rumours,non-rumour,nonrumour,,,,
544279950929321984,sydneysiege-all-rnr-threads,non-rumours,non-rumour,nonrumour,,,,
544280650455728129,sydneysiege-all-rnr-threads,non-rumours,non-rumour,nonrumour,,,,
544477097016578048,sydneysiege-all-rnr-threads,non-rumours,non-rumour,nonrumour,,,,
544492614838673408,sydneysiege-all-rnr-threads,non-rumours,non-rumour,nonrumour,,,,
544443959662358528,sydneysiege-all-rnr-threads,non-rumours,non-rumour,nonrumour,,,,
544296465619619840,sydneysiege-all-rnr-threads,non-rumours,non-rumour,nonrumour,,,,
544309096351268864,sydneysiege-all-rnr-threads,non-rumours,non-rumour,nonrumour,,,,
544490976253726720,sydneysiege-all-rnr-threads,non-rumours,non-rumour,nonrumour,,,,
544332610097676288,sydneysiege-all-rnr-threads,non-rumours,non-rumour,nonrumour,,,,
544306732475105283,sydneysiege-all-rnr-threads,non-rumours,non-rumour,nonrumour,,,,
544513510450155520,sydneysiege-all-rnr-threads,non-rumours,non-rumour,nonrumour,,,,
544504954334224384,sydneysiege-all-rnr-threads,non-rumours,non-rumour,nonrumour,,,,
544434450918932480,sydneysiege-all-rnr-threads,non-rumours,non-rumour,nonrumour,,,,
544443377643954176,sydneysiege-all-rnr-threads,non-rumours,non-rumour,nonrumour,,,,
544369229987078145,sydneysiege-all-rnr-threads,non-rumours,non-rumour,nonrumour,,,,
544496648445890561,sydneysiege-all-rnr-threads,non-rumours,non-rumour,nonrumour,,,,
544437375003131904,sydneysiege-all-rnr-threads,non-rumours,non-rumour,nonrumour,,,,
544432190281359360,sydneysiege-all-rnr-threads,non-rumours,non-rumour,nonrumour,,,,
544381029537312769,sydneysiege-all-rnr-threads,non-rumours,non-rumour,nonrumour,,,,
544520379176599552,sydneysiege-all-rnr-threads,non-rumours,non-rumour,nonrumour,,,,
544435685864660992,sydneysiege-all-rnr-threads,non-rumours,non-rumour,nonrumour,,,,
544457877688430593,sydneysiege-all-rnr-threads,non-rumours,non-rumour,nonrumour,,,,
544436666661085184,sydneysiege-all-rnr-threads,non-rumours,non-rumour,nonrumour,,,,
544509652390924290,sydneysiege-all-rnr-threads,non-rumours,non-rumour,nonrumour,,,,
544448652886818816,sydneysiege-all-rnr-threads,non-rumours,non-rumour,nonrumour,,,,
544468178961592321,sydneysiege-all-rnr-threads,non-rumours,non-rumour,nonrumour,,,,
544419162001383424,sydneysiege-all-rnr-threads,non-rumours,non-rumour,nonrumour,,,,
544472800379940864,sydneysiege-all-rnr-threads,non-rumours,non-rumour,nonrumour,,,,
544317139323473920,sydneysiege-all-rnr-threads,non-rumours,non-rumour,nonrumour,,,,
544406288231174144,sydneysiege-all-rnr-threads,non-rumours,non-rumour,nonrumour,,,,
544414028752121856,sydneysiege-all-rnr-threads,non-rumours,non-rumour,nonrumour,,,,
544461231549992962,sydneysiege-all-rnr-threads,non-rumours,non-rumour,nonrumour,,,,
544497307933474816,sydneysiege-all-rnr-threads,non-rumours,non-rumour,nonrumour,,,,
544360342995099648,sydneysiege-all-rnr-threads,non-rumours,non-rumour,nonrumour,,,,
544326782334558208,sydneysiege-all-rnr-threads,non-rumours,non-rumour,nonrumour,,,,
544446667312091136,sydneysiege-all-rnr-threads,non-rumours,non-rumour,nonrumour,,,,
544515517546254338,sydneysiege-all-rnr-threads,non-rumours,non-rumour,nonrumour,,,,
544311814649942016,sydneysiege-all-rnr-threads,non-rumours,non-rumour,nonrumour,,,,
544321311250468865,sydneysiege-all-rnr-threads,non-rumours,non-rumour,nonrumour,,,,
544447757860483072,sydneysiege-all-rnr-threads,non-rumours,non-rumour,nonrumour,,,,
544293770926120960,sydneysiege-all-rnr-threads,non-rumours,non-rumour,nonrumour,,,,
544365039663083521,sydneysiege-all-rnr-threads,non-rumours,non-rumour,nonrumour,,,,
544452969702236161,sydneysiege-all-rnr-threads,non-rumours,non-rumour,nonrumour,,,,
544508725420380160,sydneysiege-all-rnr-threads,non-rumours,non-rumour,nonrumour,,,,
544447054034919424,sydneysiege-all-rnr-threads,non-rumours,non-rumour,nonrumour,,,,
544406931897479168,sydneysiege-all-rnr-threads,non-rumours,non-rumour,nonrumour,,,,
544314810884562946,sydneysiege-all-rnr-threads,non-rumours,non-rumour,nonrumour,,,,
544477834396577793,sydneysiege-all-rnr-threads,non-rumours,non-rumour,nonrumour,,,,
544416939867529216,sydneysiege-all-rnr-threads,non-rumours,non-rumour,nonrumour,,,,
544330861680664576,sydneysiege-all-rnr-threads,non-rumours,non-rumour,nonrumour,,,,
544450135988899840,sydneysiege-all-rnr-threads,non-rumours,non-rumour,nonrumour,,,,
544387669766451200,sydneysiege-all-rnr-threads,non-rumours,non-rumour,nonrumour,,,,
544334612718055424,sydneysiege-all-rnr-threads,non-rumours,non-rumour,nonrumour,,,,
544399649025433601,sydneysiege-all-rnr-threads,non-rumours,non-rumour,nonrumour,,,,
544395562666037248,sydneysiege-all-rnr-threads,non-rumours,non-rumour,nonrumour,,,,
544458083129229312,sydneysiege-all-rnr-threads,non-rumours,non-rumour,nonrumour,,,,
544419497667751937,sydneysiege-all-rnr-threads,non-rumours,non-rumour,nonrumour,,,,
544470979842281472,sydneysiege-all-rnr-threads,non-rumours,non-rumour,nonrumour,,,,
544307589245587457,sydneysiege-all-rnr-threads,non-rumours,non-rumour,nonrumour,,,,
544521948924248066,sydneysiege-all-rnr-threads,non-rumours,non-rumour,nonrumour,,,,
544401029211496449,sydneysiege-all-rnr-threads,non-rumours,non-rumour,nonrumour,,,,
544417650680823808,sydneysiege-all-rnr-threads,non-rumours,non-rumour,nonrumour,,,,
544520990538358784,sydneysiege-all-rnr-threads,non-rumours,non-rumour,nonrumour,,,,
544293069957259264,sydneysiege-all-rnr-threads,non-rumours,non-rumour,nonrumour,,,,
544429467968339970,sydneysiege-all-rnr-threads,non-rumours,non-rumour,nonrumour,,,,
544469609433563136,sydneysiege-all-rnr-threads,non-rumours,non-rumour,nonrumour,,,,
544334623023452160,sydneysiege-all-rnr-threads,non-rumours,non-rumour,nonrumour,,,,
544475892685099008,sydneysiege-all-rnr-threads,non-rumours,non-rumour,nonrumour,,,,
544464695646617600,sydneysiege-all-rnr-threads,non-rumours,non-rumour,nonrumour,,,,
544401367540834304,sydneysiege-all-rnr-threads,non-rumours,non-rumour,nonrumour,,,,
544439380329644032,sydneysiege-all-rnr-threads,non-rumours,non-rumour,nonrumour,,,,
544356213837017089,sydneysiege-all-rnr-threads,non-rumours,non-rumour,nonrumour,,,,
544453564718804992,sydneysiege-all-rnr-threads,non-rumours,non-rumour,nonrumour,,,,
544495240640757760,sydneysiege-all-rnr-threads,non-rumours,non-rumour,nonrumour,,,,
544415425140776961,sydneysiege-all-rnr-threads,non-rumours,non-rumour,nonrumour,,,,
544389639046721537,sydneysiege-all-rnr-threads,non-rumours,non-rumour,nonrumour,,,,
544447768354639872,sydneysiege-all-rnr-threads,non-rumours,non-rumour,nonrumour,,,,
544281012708970497,sydneysiege-all-rnr-threads,non-rumours,non-rumour,nonrumour,,,,
544484477930467328,sydneysiege-all-rnr-threads,non-rumours,non-rumour,nonrumour,,,,
544459333983948800,sydneysiege-all-rnr-threads,non-rumours,non-rumour,nonrumour,,,,
544487556700598272,sydneysiege-all-rnr-threads,non-rumours,non-rumour,nonrumour,,,,
544382795099799553,sydneysiege-all-rnr-threads,non-rumours,non-rumour,nonrumour,,,,
544403112656527360,sydneysiege-all-rnr-threads,non-rumours,non-rumour,nonrumour,,,,
544512078518968320,sydneysiege-all-rnr-threads,non-rumours,non-rumour,nonrumour,,,,
544309956250320897,sydneysiege-all-rnr-threads,non-rumours,non-rumour,nonrumour,,,,
544309497041133568,sydneysiege-all-rnr-threads,non-rumours,non-rumour,nonrumour,,,,
544294618758520832,sydneysiege-all-rnr-threads,non-rumours,non-rumour,nonrumour,,,,
544519486498676736,sydneysiege-all-rnr-threads,non-rumours,non-rumour,nonrumour,,,,
544426421331169280,sydneysiege-all-rnr-threads,non-rumours,non-rumour,nonrumour,,,,
544500288183607296,sydneysiege-all-rnr-threads,non-rumours,non-rumour,nonrumour,,,,
544452087468150784,sydneysiege-all-rnr-threads,non-rumours,non-rumour,nonrumour,,,,
544461661055098881,sydneysiege-all-rnr-threads,non-rumours,non-rumour,nonrumour,,,,
544518036255150080,sydneysiege-all-rnr-threads,non-rumours,non-rumour,nonrumour,,,,
544348392944463872,sydneysiege-all-rnr-threads,non-rumours,non-rumour,nonrumour,,,,
544517500118249472,sydneysiege-all-rnr-threads,non-rumours,non-rumour,nonrumour,,,,
544467822168920064,sydneysiege-all-rnr-threads,non-rumours,non-rumour,nonrumour,,,,
544296463027961856,sydneysiege-all-rnr-threads,non-rumours,non-rumour,nonrumour,,,,
544414686935285760,sydneysiege-all-rnr-threads,non-rumours,non-rumour,nonrumour,,,,
544308490840195072,sydneysiege-all-rnr-threads,non-rumours,non-rumour,nonrumour,,,,
544394005182963712,sydneysiege-all-rnr-threads,non-rumours,non-rumour,nonrumour,,,,
544369653015801856,sydneysiege-all-rnr-threads,non-rumours,non-rumour,nonrumour,,,,
544365585417527296,sydneysiege-all-rnr-threads,non-rumours,non-rumour,nonrumour,,,,
544288009747566592,sydneysiege-all-rnr-threads,non-rumours,non-rumour,nonrumour,,,,
544301012492632064,sydneysiege-all-rnr-threads,non-rumours,non-rumour,nonrumour,,,,
544397240601563137,sydneysiege-all-rnr-threads,non-rumours,non-rumour,nonrumour,,,,
544445607717261314,sydneysiege-all-rnr-threads,non-rumours,non-rumour,nonrumour,,,,
544435030127161344,sydneysiege-all-rnr-threads,non-rumours,non-rumour,nonrumour,,,,
544479045149130753,sydneysiege-all-rnr-threads,non-rumours,non-rumour,nonrumour,,,,
544369574842347520,sydneysiege-all-rnr-threads,non-rumours,non-rumour,nonrumour,,,,
544465040666288129,sydneysiege-all-rnr-threads,non-rumours,non-rumour,nonrumour,,,,
544457904422531072,sydneysiege-all-rnr-threads,non-rumours,non-rumour,nonrumour,,,,
544404673357021184,sydneysiege-all-rnr-threads,non-rumours,non-rumour,nonrumour,,,,
544515671347200001,sydneysiege-all-rnr-threads,non-rumours,non-rumour,nonrumour,,,,
544402024524038144,sydneysiege-all-rnr-threads,non-rumours,non-rumour,nonrumour,,,,
544462911729455104,sydneysiege-all-rnr-threads,non-rumours,non-rumour,nonrumour,,,,
544464812621578243,sydneysiege-all-rnr-threads,non-rumours,non-rumour,nonrumour,,,,
544301338935312384,sydneysiege-all-rnr-threads,non-rumours,non-rumour,nonrumour,,,,
544424261163569152,sydneysiege-all-rnr-threads,non-rumours,non-rumour,nonrumour,,,,
544287332061298688,sydneysiege-all-rnr-threads,non-rumours,non-rumour,nonrumour,,,,
544496602262806528,sydneysiege-all-rnr-threads,non-rumours,non-rumour,nonrumour,,,,
544470708093747202,sydneysiege-all-rnr-threads,non-rumours,non-rumour,nonrumour,,,,
544313592477384704,sydneysiege-all-rnr-threads,non-rumours,non-rumour,nonrumour,,,,
544329431998038016,sydneysiege-all-rnr-threads,non-rumours,non-rumour,nonrumour,,,,
544414634308939776,sydneysiege-all-rnr-threads,non-rumours,non-rumour,nonrumour,,,,
544427333969805312,sydneysiege-all-rnr-threads,non-rumours,non-rumour,nonrumour,,,,
544420067774316544,sydneysiege-all-rnr-threads,non-rumours,non-rumour,nonrumour,,,,
544405761925738496,sydneysiege-all-rnr-threads,non-rumours,non-rumour,nonrumour,,,,
544284483453595648,sydneysiege-all-rnr-threads,non-rumours,non-rumour,nonrumour,,,,
544428261602623488,sydneysiege-all-rnr-threads,non-rumours,non-rumour,nonrumour,,,,
544449039433883650,sydneysiege-all-rnr-threads,non-rumours,non-rumour,nonrumour,,,,
544275733607366656,sydneysiege-all-rnr-threads,non-rumours,non-rumour,nonrumour,,,,
544514782456729600,sydneysiege-all-rnr-threads,non-rumours,non-rumour,nonrumour,,,,
544364507342979072,sydneysiege-all-rnr-threads,non-rumours,non-rumour,nonrumour,,,,
544518337498058753,sydneysiege-all-rnr-threads,non-rumours,non-rumour,nonrumour,,,,
544439832466817024,sydneysiege-all-rnr-threads,non-rumours,non-rumour,nonrumour,,,,
544458445764968448,sydneysiege-all-rnr-threads,non-rumours,non-rumour,nonrumour,,,,
544480083982168064,sydneysiege-all-rnr-threads,non-rumours,non-rumour,nonrumour,,,,
544391790615605249,sydneysiege-all-rnr-threads,non-rumours,non-rumour,nonrumour,,,,
544298334354411521,sydneysiege-all-rnr-threads,non-rumours,non-rumour,nonrumour,,,,
544494652418949120,sydneysiege-all-rnr-threads,non-rumours,non-rumour,nonrumour,,,,
544348695076954114,sydneysiege-all-rnr-threads,non-rumours,non-rumour,nonrumour,,,,
544292798887784449,sydneysiege-all-rnr-threads,non-rumours,non-rumour,nonrumour,,,,
544438653410639872,sydneysiege-all-rnr-threads,non-rumours,non-rumour,nonrumour,,,,
544279603259248640,sydneysiege-all-rnr-threads,non-rumours,non-rumour,nonrumour,,,,
544476533302505472,sydneysiege-all-rnr-threads,non-rumours,non-rumour,nonrumour,,,,
544301589931241472,sydneysiege-all-rnr-threads,non-rumours,non-rumour,nonrumour,,,,
544482233038286848,sydneysiege-all-rnr-threads,non-rumours,non-rumour,nonrumour,,,,
544518859290464256,sydneysiege-all-rnr-threads,non-rumours,non-rumour,nonrumour,,,,
544418204508893184,sydneysiege-all-rnr-threads,non-rumours,non-rumour,nonrumour,,,,
544512465099587584,sydneysiege-all-rnr-threads,non-rumours,non-rumour,nonrumour,,,,
544373513407062016,sydneysiege-all-rnr-threads,non-rumours,non-rumour,nonrumour,,,,
544299029601861632,sydneysiege-all-rnr-threads,non-rumours,non-rumour,nonrumour,,,,
544520586576547840,sydneysiege-all-rnr-threads,non-rumours,non-rumour,nonrumour,,,,
544496062321664001,sydneysiege-all-rnr-threads,non-rumours,non-rumour,nonrumour,,,,
544300256981430272,sydneysiege-all-rnr-threads,non-rumours,non-rumour,nonrumour,,,,
544327577406410752,sydneysiege-all-rnr-threads,non-rumours,non-rumour,nonrumour,,,,
544286833362747392,sydneysiege-all-rnr-threads,non-rumours,non-rumour,nonrumour,,,,
544443259804598272,sydneysiege-all-rnr-threads,non-rumours,non-rumour,nonrumour,,,,
544298507868200961,sydneysiege-all-rnr-threads,non-rumours,non-rumour,nonrumour,,,,
544295871592951808,sydneysiege-all-rnr-threads,non-rumours,non-rumour,nonrumour,,,,
544334431830286336,sydneysiege-all-rnr-threads,non-rumours,non-rumour,nonrumour,,,,
544443154964152320,sydneysiege-all-rnr-threads,non-rumours,non-rumour,nonrumour,,,,
544449562552045568,sydneysiege-all-rnr-threads,non-rumours,non-rumour,nonrumour,,,,
544376469279875072,sydneysiege-all-rnr-threads,non-rumours,non-rumour,nonrumour,,,,
544512867144192000,sydneysiege-all-rnr-threads,non-rumours,non-rumour,nonrumour,,,,
544476597512699904,sydneysiege-all-rnr-threads,non-rumours,non-rumour,nonrumour,,,,
544321631976296449,sydneysiege-all-rnr-threads,non-rumours,non-rumour,nonrumour,,,,
544518583112314880,sydneysiege-all-rnr-threads,non-rumours,non-rumour,nonrumour,,,,
544410895602839552,sydneysiege-all-rnr-threads,non-rumours,non-rumour,nonrumour,,,,
544328673097039873,sydneysiege-all-rnr-threads,non-rumours,non-rumour,nonrumour,,,,
544462918465503233,sydneysiege-all-rnr-threads,non-rumours,non-rumour,nonrumour,,,,
544391471458451456,sydneysiege-all-rnr-threads,non-rumours,non-rumour,nonrumour,,,,
544466903364673536,sydneysiege-all-rnr-threads,non-rumours,non-rumour,nonrumour,,,,
544515546633355264,sydneysiege-all-rnr-threads,non-rumours,non-rumour,nonrumour,,,,
544274797640044544,sydneysiege-all-rnr-threads,non-rumours,non-rumour,nonrumour,,,,
544375969687953410,sydneysiege-all-rnr-threads,non-rumours,non-rumour,nonrumour,,,,
544467299218886656,sydneysiege-all-rnr-threads,non-rumours,non-rumour,nonrumour,,,,
544519298015039489,sydneysiege-all-rnr-threads,non-rumours,non-rumour,nonrumour,,,,
544417680284192768,sydneysiege-all-rnr-threads,non-rumours,non-rumour,nonrumour,,,,
544403765575839744,sydneysiege-all-rnr-threads,non-rumours,non-rumour,nonrumour,,,,
544441034948636672,sydneysiege-all-rnr-threads,non-rumours,non-rumour,nonrumour,,,,
544420432099545089,sydneysiege-all-rnr-threads,non-rumours,non-rumour,nonrumour,,,,
544416937178976256,sydneysiege-all-rnr-threads,non-rumours,non-rumour,nonrumour,,,,
544439077756755969,sydneysiege-all-rnr-threads,non-rumours,non-rumour,nonrumour,,,,
544360851646709760,sydneysiege-all-rnr-threads,non-rumours,non-rumour,nonrumour,,,,
544437117963616256,sydneysiege-all-rnr-threads,non-rumours,non-rumour,nonrumour,,,,
544432946841538560,sydneysiege-all-rnr-threads,non-rumours,non-rumour,nonrumour,,,,
544464731449196544,sydneysiege-all-rnr-threads,non-rumours,non-rumour,nonrumour,,,,
544285213891629056,sydneysiege-all-rnr-threads,non-rumours,non-rumour,nonrumour,,,,
544374569016885248,sydneysiege-all-rnr-threads,non-rumours,non-rumour,nonrumour,,,,
544309943533600769,sydneysiege-all-rnr-threads,non-rumours,non-rumour,nonrumour,,,,
544280617160949760,sydneysiege-all-rnr-threads,non-rumours,non-rumour,nonrumour,,,,
544330174351679489,sydneysiege-all-rnr-threads,non-rumours,non-rumour,nonrumour,,,,
544420375224791040,sydneysiege-all-rnr-threads,non-rumours,non-rumour,nonrumour,,,,
544467919003213824,sydneysiege-all-rnr-threads,non-rumours,non-rumour,nonrumour,,,,
544520195659014145,sydneysiege-all-rnr-threads,non-rumours,non-rumour,nonrumour,,,,
544489539348471808,sydneysiege-all-rnr-threads,non-rumours,non-rumour,nonrumour,,,,
544410907204259840,sydneysiege-all-rnr-threads,non-rumours,non-rumour,nonrumour,,,,
544341255174356992,sydneysiege-all-rnr-threads,non-rumours,non-rumour,nonrumour,,,,
544427133398175744,sydneysiege-all-rnr-threads,non-rumours,non-rumour,nonrumour,,,,
544305859904286720,sydneysiege-all-rnr-threads,non-rumours,non-rumour,nonrumour,,,,
544453205682556928,sydneysiege-all-rnr-threads,non-rumours,non-rumour,nonrumour,,,,
544349773676179456,sydneysiege-all-rnr-threads,non-rumours,non-rumour,nonrumour,,,,
544420376424353792,sydneysiege-all-rnr-threads,non-rumours,non-rumour,nonrumour,,,,
544334394912014336,sydneysiege-all-rnr-threads,non-rumours,non-rumour,nonrumour,,,,
544335202923737089,sydneysiege-all-rnr-threads,non-rumours,non-rumour,nonrumour,,,,
544376073685712896,sydneysiege-all-rnr-threads,non-rumours,non-rumour,nonrumour,,,,
544329896529760256,sydneysiege-all-rnr-threads,non-rumours,non-rumour,nonrumour,,,,
544393889113600000,sydneysiege-all-rnr-threads,non-rumours,non-rumour,nonrumour,,,,
544401374675341312,sydneysiege-all-rnr-threads,non-rumours,non-rumour,nonrumour,,,,
544468997916614656,sydneysiege-all-rnr-threads,non-rumours,non-rumour,nonrumour,,,,
544401577113845760,sydneysiege-all-rnr-threads,non-rumours,non-rumour,nonrumour,,,,
544478625383608320,sydneysiege-all-rnr-threads,non-rumours,non-rumour,nonrumour,,,,
544440749387808768,sydneysiege-all-rnr-threads,non-rumours,non-rumour,nonrumour,,,,
544429514525507585,sydneysiege-all-rnr-threads,non-rumours,non-rumour,nonrumour,,,,
544319667364708352,sydneysiege-all-rnr-threads,non-rumours,non-rumour,nonrumour,,,,
544363391641341952,sydneysiege-all-rnr-threads,non-rumours,non-rumour,nonrumour,,,,
544376532161298432,sydneysiege-all-rnr-threads,non-rumours,non-rumour,nonrumour,,,,
544340943965409281,sydneysiege-all-rnr-threads,non-rumours,non-rumour,nonrumour,,,,
544486142763347969,sydneysiege-all-rnr-threads,non-rumours,non-rumour,nonrumour,,,,
544482559900393472,sydneysiege-all-rnr-threads,non-rumours,non-rumour,nonrumour,,,,
544472595140063232,sydneysiege-all-rnr-threads,non-rumours,non-rumour,nonrumour,,,,
544415105358643200,sydneysiege-all-rnr-threads,non-rumours,non-rumour,nonrumour,,,,
544350803125735424,sydneysiege-all-rnr-threads,non-rumours,non-rumour,nonrumour,,,,
544388259359387648,sydneysiege-all-rnr-threads,non-rumours,non-rumour,nonrumour,,,,
544380441210277888,sydneysiege-all-rnr-threads,non-rumours,non-rumour,nonrumour,,,,
544305999994421249,sydneysiege-all-rnr-threads,non-rumours,non-rumour,nonrumour,,,,
544306591235710976,sydneysiege-all-rnr-threads,non-rumours,non-rumour,nonrumour,,,,
544515781367582720,sydneysiege-all-rnr-threads,non-rumours,non-rumour,nonrumour,,,,
544319395619958784,sydneysiege-all-rnr-threads,non-rumours,non-rumour,nonrumour,,,,
544337761600557056,sydneysiege-all-rnr-threads,non-rumours,non-rumour,nonrumour,,,,
544515665319976960,sydneysiege-all-rnr-threads,non-rumours,non-rumour,nonrumour,,,,
544442448965947392,sydneysiege-all-rnr-threads,non-rumours,non-rumour,nonrumour,,,,
544346107900207105,sydneysiege-all-rnr-threads,non-rumours,non-rumour,nonrumour,,,,
544519083300241408,sydneysiege-all-rnr-threads,non-rumours,non-rumour,nonrumour,,,,
544290995462889472,sydneysiege-all-rnr-threads,non-rumours,non-rumour,nonrumour,,,,
544409869990633473,sydneysiege-all-rnr-threads,non-rumours,non-rumour,nonrumour,,,,
544389506569220096,sydneysiege-all-rnr-threads,non-rumours,non-rumour,nonrumour,,,,
544340578528272385,sydneysiege-all-rnr-threads,non-rumours,non-rumour,nonrumour,,,,
544309283048144897,sydneysiege-all-rnr-threads,non-rumours,non-rumour,nonrumour,,,,
544419788739461121,sydneysiege-all-rnr-threads,non-rumours,non-rumour,nonrumour,,,,
544425492971941888,sydneysiege-all-rnr-threads,non-rumours,non-rumour,nonrumour,,,,
544343625069379584,sydneysiege-all-rnr-threads,non-rumours,non-rumour,nonrumour,,,,
544455370476109824,sydneysiege-all-rnr-threads,non-rumours,non-rumour,nonrumour,,,,
544446973667860480,sydneysiege-all-rnr-threads,non-rumours,non-rumour,nonrumour,,,,
544518445870497793,sydneysiege-all-rnr-threads,non-rumours,non-rumour,nonrumour,,,,
544499449645768706,sydneysiege-all-rnr-threads,non-rumours,non-rumour,nonrumour,,,,
544299273664593920,sydneysiege-all-rnr-threads,non-rumours,non-rumour,nonrumour,,,,
544520344976232449,sydneysiege-all-rnr-threads,non-rumours,non-rumour,nonrumour,,,,
544474960602083328,sydneysiege-all-rnr-threads,non-rumours,non-rumour,nonrumour,,,,
544390718253699072,sydneysiege-all-rnr-threads,non-rumours,non-rumour,nonrumour,,,,
544458458527834112,sydneysiege-all-rnr-threads,non-rumours,non-rumour,nonrumour,,,,
544422134127525888,sydneysiege-all-rnr-threads,non-rumours,non-rumour,nonrumour,,,,
544379143136497664,sydneysiege-all-rnr-threads,non-rumours,non-rumour,nonrumour,,,,
544307871853592576,sydneysiege-all-rnr-threads,non-rumours,non-rumour,nonrumour,,,,
544449632131375104,sydneysiege-all-rnr-threads,non-rumours,non-rumour,nonrumour,,,,
544337689676636161,sydneysiege-all-rnr-threads,non-rumours,non-rumour,nonrumour,,,,
544338676835041280,sydneysiege-all-rnr-threads,non-rumours,non-rumour,nonrumour,,,,
544480905532669952,sydneysiege-all-rnr-threads,non-rumours,non-rumour,nonrumour,,,,
544284599996526592,sydneysiege-all-rnr-threads,non-rumours,non-rumour,nonrumour,,,,
544513035118075904,sydneysiege-all-rnr-threads,non-rumours,non-rumour,nonrumour,,,,
544301961638457344,sydneysiege-all-rnr-threads,non-rumours,non-rumour,nonrumour,,,,
544341369762742272,sydneysiege-all-rnr-threads,non-rumours,non-rumour,nonrumour,,,,
544330052796559360,sydneysiege-all-rnr-threads,non-rumours,non-rumour,nonrumour,,,,
544306118273794048,sydneysiege-all-rnr-threads,non-rumours,non-rumour,nonrumour,,,,
544518088117329920,sydneysiege-all-rnr-threads,non-rumours,non-rumour,nonrumour,,,,
544504859290906624,sydneysiege-all-rnr-threads,non-rumours,non-rumour,nonrumour,,,,
544415616753745920,sydneysiege-all-rnr-threads,non-rumours,non-rumour,nonrumour,,,,
544508313220567041,sydneysiege-all-rnr-threads,non-rumours,non-rumour,nonrumour,,,,
544328351939186689,sydneysiege-all-rnr-threads,non-rumours,non-rumour,nonrumour,,,,
544520949748752384,sydneysiege-all-rnr-threads,non-rumours,non-rumour,nonrumour,,,,
544357264333615104,sydneysiege-all-rnr-threads,non-rumours,non-rumour,nonrumour,,,,
544288968624578560,sydneysiege-all-rnr-threads,non-rumours,non-rumour,nonrumour,,,,
544291966536523776,sydneysiege-all-rnr-threads,non-rumours,non-rumour,nonrumour,,,,
544388092552294400,sydneysiege-all-rnr-threads,non-rumours,non-rumour,nonrumour,,,,
544282250503012352,sydneysiege-all-rnr-threads,non-rumours,non-rumour,nonrumour,,,,
544459726948286464,sydneysiege-all-rnr-threads,non-rumours,non-rumour,nonrumour,,,,
544428082749132800,sydneysiege-all-rnr-threads,non-rumours,non-rumour,nonrumour,,,,
544458558432350208,sydneysiege-all-rnr-threads,non-rumours,non-rumour,nonrumour,,,,
544438309267578880,sydneysiege-all-rnr-threads,non-rumours,non-rumour,nonrumour,,,,
544277607723048961,sydneysiege-all-rnr-threads,non-rumours,non-rumour,nonrumour,,,,
544423787949600768,sydneysiege-all-rnr-threads,non-rumours,non-rumour,nonrumour,,,,
544310691600302080,sydneysiege-all-rnr-threads,non-rumours,non-rumour,nonrumour,,,,
544347292493705216,sydneysiege-all-rnr-threads,non-rumours,non-rumour,nonrumour,,,,
544409532324413440,sydneysiege-all-rnr-threads,non-rumours,non-rumour,nonrumour,,,,
544384680376532992,sydneysiege-all-rnr-threads,non-rumours,non-rumour,nonrumour,,,,
544391946513305600,sydneysiege-all-rnr-threads,non-rumours,non-rumour,nonrumour,,,,
544294274674593792,sydneysiege-all-rnr-threads,non-rumours,non-rumour,nonrumour,,,,
544286688436969472,sydneysiege-all-rnr-threads,non-rumours,non-rumour,nonrumour,,,,
544284526684286976,sydneysiege-all-rnr-threads,non-rumours,non-rumour,nonrumour,,,,
544379787246981122,sydneysiege-all-rnr-threads,non-rumours,non-rumour,nonrumour,,,,
544317301064208384,sydneysiege-all-rnr-threads,non-rumours,non-rumour,nonrumour,,,,
544518044643770368,sydneysiege-all-rnr-threads,non-rumours,non-rumour,nonrumour,,,,
544327278469988352,sydneysiege-all-rnr-threads,non-rumours,non-rumour,nonrumour,,,,
544480936960606210,sydneysiege-all-rnr-threads,non-rumours,non-rumour,nonrumour,,,,
544291853227786240,sydneysiege-all-rnr-threads,non-rumours,non-rumour,nonrumour,,,,
544483003758419969,sydneysiege-all-rnr-threads,non-rumours,non-rumour,nonrumour,,,,
544478071340806146,sydneysiege-all-rnr-threads,non-rumours,non-rumour,nonrumour,,,,
544455530756841474,sydneysiege-all-rnr-threads,non-rumours,non-rumour,nonrumour,,,,
544297247567917056,sydneysiege-all-rnr-threads,non-rumours,non-rumour,nonrumour,,,,
544313008642461697,sydneysiege-all-rnr-threads,non-rumours,non-rumour,nonrumour,,,,
544391323214573568,sydneysiege-all-rnr-threads,non-rumours,non-rumour,nonrumour,,,,
544393504768925697,sydneysiege-all-rnr-threads,non-rumours,non-rumour,nonrumour,,,,
544312118497914880,sydneysiege-all-rnr-threads,non-rumours,non-rumour,nonrumour,,,,
544463201875025921,sydneysiege-all-rnr-threads,non-rumours,non-rumour,nonrumour,,,,
544492919567417344,sydneysiege-all-rnr-threads,non-rumours,non-rumour,nonrumour,,,,
544391412075069440,sydneysiege-all-rnr-threads,non-rumours,non-rumour,nonrumour,,,,
544416818711252992,sydneysiege-all-rnr-threads,non-rumours,non-rumour,nonrumour,,,,
544406832073416704,sydneysiege-all-rnr-threads,non-rumours,non-rumour,nonrumour,,,,
544519358090084354,sydneysiege-all-rnr-threads,non-rumours,non-rumour,nonrumour,,,,
544389493273276416,sydneysiege-all-rnr-threads,non-rumours,non-rumour,nonrumour,,,,
544516164333080577,sydneysiege-all-rnr-threads,non-rumours,non-rumour,nonrumour,,,,
544508543152304128,sydneysiege-all-rnr-threads,non-rumours,non-rumour,nonrumour,,,,
544515489016594432,sydneysiege-all-rnr-threads,non-rumours,non-rumour,nonrumour,,,,
544412767240085504,sydneysiege-all-rnr-threads,non-rumours,non-rumour,nonrumour,,,,
544308749725626368,sydneysiege-all-rnr-threads,non-rumours,non-rumour,nonrumour,,,,
544448991518130176,sydneysiege-all-rnr-threads,non-rumours,non-rumour,nonrumour,,,,
544427543336464384,sydneysiege-all-rnr-threads,non-rumours,non-rumour,nonrumour,,,,
544330542871633920,sydneysiege-all-rnr-threads,non-rumours,non-rumour,nonrumour,,,,
544378232624410624,sydneysiege-all-rnr-threads,non-rumours,non-rumour,nonrumour,,,,
544494408515608576,sydneysiege-all-rnr-threads,non-rumours,non-rumour,nonrumour,,,,
544465934149513216,sydneysiege-all-rnr-threads,non-rumours,non-rumour,nonrumour,,,,
544306616137293824,sydneysiege-all-rnr-threads,non-rumours,non-rumour,nonrumour,,,,
544435863946416129,sydneysiege-all-rnr-threads,non-rumours,non-rumour,nonrumour,,,,
544495359800930304,sydneysiege-all-rnr-threads,non-rumours,non-rumour,nonrumour,,,,
544310166242734080,sydneysiege-all-rnr-threads,non-rumours,non-rumour,nonrumour,,,,
544301609472122881,sydneysiege-all-rnr-threads,non-rumours,non-rumour,nonrumour,,,,
544288302254137345,sydneysiege-all-rnr-threads,non-rumours,non-rumour,nonrumour,,,,
544477404342018048,sydneysiege-all-rnr-threads,non-rumours,non-rumour,nonrumour,,,,
544386515171020801,sydneysiege-all-rnr-threads,non-rumours,non-rumour,nonrumour,,,,
544333236243947520,sydneysiege-all-rnr-threads,non-rumours,non-rumour,nonrumour,,,,
544444021066563584,sydneysiege-all-rnr-threads,non-rumours,non-rumour,nonrumour,,,,
544338622422335489,sydneysiege-all-rnr-threads,non-rumours,non-rumour,nonrumour,,,,
544465862942797825,sydneysiege-all-rnr-threads,non-rumours,non-rumour,nonrumour,,,,
544341124614459393,sydneysiege-all-rnr-threads,non-rumours,non-rumour,nonrumour,,,,
544421653128556544,sydneysiege-all-rnr-threads,non-rumours,non-rumour,nonrumour,,,,
544297331906973696,sydneysiege-all-rnr-threads,non-rumours,non-rumour,nonrumour,,,,
544499381731622912,sydneysiege-all-rnr-threads,non-rumours,non-rumour,nonrumour,,,,
544516478821613569,sydneysiege-all-rnr-threads,non-rumours,non-rumour,nonrumour,,,,
544403564077260800,sydneysiege-all-rnr-threads,non-rumours,non-rumour,nonrumour,,,,
544505129810944001,sydneysiege-all-rnr-threads,non-rumours,non-rumour,nonrumour,,,,
544343299138392065,sydneysiege-all-rnr-threads,non-rumours,non-rumour,nonrumour,,,,
544394858405060608,sydneysiege-all-rnr-threads,non-rumours,non-rumour,nonrumour,,,,
544410079043551232,sydneysiege-all-rnr-threads,non-rumours,non-rumour,nonrumour,,,,
544278202743402496,sydneysiege-all-rnr-threads,non-rumours,non-rumour,nonrumour,,,,
544506628239028224,sydneysiege-all-rnr-threads,non-rumours,non-rumour,nonrumour,,,,
544372701285351424,sydneysiege-all-rnr-threads,non-rumours,non-rumour,nonrumour,,,,
544293716140126208,sydneysiege-all-rnr-threads,non-rumours,non-rumour,nonrumour,,,,
544314301067304960,sydneysiege-all-rnr-threads,non-rumours,non-rumour,nonrumour,,,,
544518415952539649,sydneysiege-all-rnr-threads,non-rumours,non-rumour,nonrumour,,,,
544471218951581696,sydneysiege-all-rnr-threads,non-rumours,non-rumour,nonrumour,,,,
544450580367024128,sydneysiege-all-rnr-threads,non-rumours,non-rumour,nonrumour,,,,
544437156505067520,sydneysiege-all-rnr-threads,non-rumours,non-rumour,nonrumour,,,,
544519024156360704,sydneysiege-all-rnr-threads,non-rumours,non-rumour,nonrumour,,,,
544286724831318017,sydneysiege-all-rnr-threads,non-rumours,non-rumour,nonrumour,,,,
544520888003985408,sydneysiege-all-rnr-threads,non-rumours,non-rumour,nonrumour,,,,
544398776236904448,sydneysiege-all-rnr-threads,non-rumours,non-rumour,nonrumour,,,,
544324741239037952,sydneysiege-all-rnr-threads,non-rumours,non-rumour,nonrumour,,,,
544317474498703360,sydneysiege-all-rnr-threads,non-rumours,non-rumour,nonrumour,,,,
544342743003045888,sydneysiege-all-rnr-threads,non-rumours,non-rumour,nonrumour,,,,
544400801083686912,sydneysiege-all-rnr-threads,non-rumours,non-rumour,nonrumour,,,,
544293261506928640,sydneysiege-all-rnr-threads,non-rumours,non-rumour,nonrumour,,,,
544438499642847232,sydneysiege-all-rnr-threads,non-rumours,non-rumour,nonrumour,,,,
544336432609775618,sydneysiege-all-rnr-threads,non-rumours,non-rumour,nonrumour,,,,
544434964985421824,sydneysiege-all-rnr-threads,non-rumours,non-rumour,nonrumour,,,,
544287902079803392,sydneysiege-all-rnr-threads,non-rumours,non-rumour,nonrumour,,,,
544311959483473920,sydneysiege-all-rnr-threads,non-rumours,non-rumour,nonrumour,,,,
544442206832963584,sydneysiege-all-rnr-threads,non-rumours,non-rumour,nonrumour,,,,
544515215576948736,sydneysiege-all-rnr-threads,non-rumours,non-rumour,nonrumour,,,,
544323086841954304,sydneysiege-all-rnr-threads,non-rumours,non-rumour,nonrumour,,,,
544503881527742464,sydneysiege-all-rnr-threads,non-rumours,non-rumour,nonrumour,,,,
544467005655748608,sydneysiege-all-rnr-threads,non-rumours,non-rumour,nonrumour,,,,
544510784366080000,sydneysiege-all-rnr-threads,non-rumours,non-rumour,nonrumour,,,,
544409400941625344,sydneysiege-all-rnr-threads,non-rumours,non-rumour,nonrumour,,,,
544410050572582912,sydneysiege-all-rnr-threads,non-rumours,non-rumour,nonrumour,,,,
544444261027299328,sydneysiege-all-rnr-threads,non-rumours,non-rumour,nonrumour,,,,
544477019472289792,sydneysiege-all-rnr-threads,non-rumours,non-rumour,nonrumour,,,,
544483913830531073,sydneysiege-all-rnr-threads,non-rumours,non-rumour,nonrumour,,,,
544401106617786370,sydneysiege-all-rnr-threads,non-rumours,non-rumour,nonrumour,,,,
544337283801829376,sydneysiege-all-rnr-threads,non-rumours,non-rumour,nonrumour,,,,
544475905926524928,sydneysiege-all-rnr-threads,non-rumours,non-rumour,nonrumour,,,,
544513199375384576,sydneysiege-all-rnr-threads,non-rumours,non-rumour,nonrumour,,,,
544474153646956547,sydneysiege-all-rnr-threads,non-rumours,non-rumour,nonrumour,,,,
544384467809230848,sydneysiege-all-rnr-threads,non-rumours,non-rumour,nonrumour,,,,
544456216907636736,sydneysiege-all-rnr-threads,non-rumours,non-rumour,nonrumour,,,,
544467710923395073,sydneysiege-all-rnr-threads,non-rumours,non-rumour,nonrumour,,,,
544453251068743681,sydneysiege-all-rnr-threads,non-rumours,non-rumour,nonrumour,,,,
544444539092488192,sydneysiege-all-rnr-threads,non-rumours,non-rumour,nonrumour,,,,
544368246271406080,sydneysiege-all-rnr-threads,non-rumours,non-rumour,nonrumour,,,,
544500527720325120,sydneysiege-all-rnr-threads,non-rumours,non-rumour,nonrumour,,,,
544301925735202816,sydneysiege-all-rnr-threads,non-rumours,non-rumour,nonrumour,,,,
544316978278592512,sydneysiege-all-rnr-threads,non-rumours,non-rumour,nonrumour,,,,
544451041396531200,sydneysiege-all-rnr-threads,non-rumours,non-rumour,nonrumour,,,,
544310222547087361,sydneysiege-all-rnr-threads,non-rumours,non-rumour,nonrumour,,,,
544436330856329216,sydneysiege-all-rnr-threads,non-rumours,non-rumour,nonrumour,,,,
544359670480379905,sydneysiege-all-rnr-threads,non-rumours,non-rumour,nonrumour,,,,
544280391226761218,sydneysiege-all-rnr-threads,non-rumours,non-rumour,nonrumour,,,,
544516940367413248,sydneysiege-all-rnr-threads,non-rumours,non-rumour,nonrumour,,,,
544336408144781313,sydneysiege-all-rnr-threads,non-rumours,non-rumour,nonrumour,,,,
544434195469045761,sydneysiege-all-rnr-threads,non-rumours,non-rumour,nonrumour,,,,
544293739221368832,sydneysiege-all-rnr-threads,non-rumours,non-rumour,nonrumour,,,,
544351179044425729,sydneysiege-all-rnr-threads,non-rumours,non-rumour,nonrumour,,,,
544504889746149377,sydneysiege-all-rnr-threads,non-rumours,non-rumour,nonrumour,,,,
544408293192368128,sydneysiege-all-rnr-threads,non-rumours,non-rumour,nonrumour,,,,
544511391349354496,sydneysiege-all-rnr-threads,non-rumours,non-rumour,nonrumour,,,,
544484515742482432,sydneysiege-all-rnr-threads,non-rumours,non-rumour,nonrumour,,,,
544521788777304064,sydneysiege-all-rnr-threads,non-rumours,non-rumour,nonrumour,,,,
544336585052160001,sydneysiege-all-rnr-threads,non-rumours,non-rumour,nonrumour,,,,
544402515085623296,sydneysiege-all-rnr-threads,non-rumours,non-rumour,nonrumour,,,,
544308793623207936,sydneysiege-all-rnr-threads,non-rumours,non-rumour,nonrumour,,,,
544398512931086336,sydneysiege-all-rnr-threads,non-rumours,non-rumour,nonrumour,,,,
544389986809036800,sydneysiege-all-rnr-threads,non-rumours,non-rumour,nonrumour,,,,
544340812448804864,sydneysiege-all-rnr-threads,non-rumours,non-rumour,nonrumour,,,,
544429350376861696,sydneysiege-all-rnr-threads,non-rumours,non-rumour,nonrumour,,,,
544337383215226880,sydneysiege-all-rnr-threads,non-rumours,non-rumour,nonrumour,,,,
544412083714928640,sydneysiege-all-rnr-threads,non-rumours,non-rumour,nonrumour,,,,
544499780479893504,sydneysiege-all-rnr-threads,non-rumours,non-rumour,nonrumour,,,,
544416436374892544,sydneysiege-all-rnr-threads,non-rumours,non-rumour,nonrumour,,,,
544406665223999488,sydneysiege-all-rnr-threads,non-rumours,non-rumour,nonrumour,,,,
544503425082613761,sydneysiege-all-rnr-threads,non-rumours,non-rumour,nonrumour,,,,
544309893969092608,sydneysiege-all-rnr-threads,non-rumours,non-rumour,nonrumour,,,,
544328059482939392,sydneysiege-all-rnr-threads,non-rumours,non-rumour,nonrumour,,,,
544352649978843136,sydneysiege-all-rnr-threads,non-rumours,non-rumour,nonrumour,,,,
544338698750664704,sydneysiege-all-rnr-threads,non-rumours,non-rumour,nonrumour,,,,
544521880661950464,sydneysiege-all-rnr-threads,non-rumours,non-rumour,nonrumour,,,,
544514988078280704,sydneysiege-all-rnr-threads,non-rumours,non-rumour,nonrumour,,,,
544495975083941889,sydneysiege-all-rnr-threads,non-rumours,non-rumour,nonrumour,,,,
544426163964096513,sydneysiege-all-rnr-threads,non-rumours,non-rumour,nonrumour,,,,
544462438310375425,sydneysiege-all-rnr-threads,non-rumours,non-rumour,nonrumour,,,,
544316684736028673,sydneysiege-all-rnr-threads,non-rumours,non-rumour,nonrumour,,,,
544519849507307520,sydneysiege-all-rnr-threads,non-rumours,non-rumour,nonrumour,,,,
544514249356484608,sydneysiege-all-rnr-threads,non-rumours,non-rumour,nonrumour,,,,
544404072179060736,sydneysiege-all-rnr-threads,non-rumours,non-rumour,nonrumour,,,,
544435023282470912,sydneysiege-all-rnr-threads,non-rumours,non-rumour,nonrumour,,,,
544301025079730176,sydneysiege-all-rnr-threads,non-rumours,non-rumour,nonrumour,,,,
544301149348982784,sydneysiege-all-rnr-threads,non-rumours,non-rumour,nonrumour,,,,
544331022104395777,sydneysiege-all-rnr-threads,non-rumours,non-rumour,nonrumour,,,,
544344684685189120,sydneysiege-all-rnr-threads,non-rumours,non-rumour,nonrumour,,,,
544472530921480192,sydneysiege-all-rnr-threads,non-rumours,non-rumour,nonrumour,,,,
544354418938740736,sydneysiege-all-rnr-threads,non-rumours,non-rumour,nonrumour,,,,
544430900235075584,sydneysiege-all-rnr-threads,non-rumours,non-rumour,nonrumour,,,,
544444189078208512,sydneysiege-all-rnr-threads,non-rumours,non-rumour,nonrumour,,,,
544520802339917824,sydneysiege-all-rnr-threads,non-rumours,non-rumour,nonrumour,,,,
544497191155290112,sydneysiege-all-rnr-threads,non-rumours,non-rumour,nonrumour,,,,
544429185255481344,sydneysiege-all-rnr-threads,non-rumours,non-rumour,nonrumour,,,,
544421245698056194,sydneysiege-all-rnr-threads,non-rumours,non-rumour,nonrumour,,,,
544329251487756288,sydneysiege-all-rnr-threads,non-rumours,non-rumour,nonrumour,,,,
544476492281827328,sydneysiege-all-rnr-threads,non-rumours,non-rumour,nonrumour,,,,
544416309266898944,sydneysiege-all-rnr-threads,non-rumours,non-rumour,nonrumour,,,,
544519021702311936,sydneysiege-all-rnr-threads,non-rumours,non-rumour,nonrumour,,,,
544428008258297856,sydneysiege-all-rnr-threads,non-rumours,non-rumour,nonrumour,,,,
544492372088717312,sydneysiege-all-rnr-threads,non-rumours,non-rumour,nonrumour,,,,
544517721757847552,sydneysiege-all-rnr-threads,non-rumours,non-rumour,nonrumour,,,,
544396816083468290,sydneysiege-all-rnr-threads,non-rumours,non-rumour,nonrumour,,,,
544313132865159169,sydneysiege-all-rnr-threads,non-rumours,non-rumour,nonrumour,,,,
544280929154637825,sydneysiege-all-rnr-threads,non-rumours,non-rumour,nonrumour,,,,
544423869981802496,sydneysiege-all-rnr-threads,non-rumours,non-rumour,nonrumour,,,,
544463189447294976,sydneysiege-all-rnr-threads,non-rumours,non-rumour,nonrumour,,,,
544400809182523392,sydneysiege-all-rnr-threads,non-rumours,non-rumour,nonrumour,,,,
544288856263360512,sydneysiege-all-rnr-threads,non-rumours,non-rumour,nonrumour,,,,
544494273924562944,sydneysiege-all-rnr-threads,non-rumours,non-rumour,nonrumour,,,,
544389259491172353,sydneysiege-all-rnr-threads,non-rumours,non-rumour,nonrumour,,,,
544427461136502784,sydneysiege-all-rnr-threads,non-rumours,non-rumour,nonrumour,,,,
544395804190855168,sydneysiege-all-rnr-threads,non-rumours,non-rumour,nonrumour,,,,
544362543997665280,sydneysiege-all-rnr-threads,non-rumours,non-rumour,nonrumour,,,,
544515072203444224,sydneysiege-all-rnr-threads,non-rumours,non-rumour,nonrumour,,,,
544301449845305344,sydneysiege-all-rnr-threads,non-rumours,non-rumour,nonrumour,,,,
544494312206000128,sydneysiege-all-rnr-threads,non-rumours,non-rumour,nonrumour,,,,
544415318345396224,sydneysiege-all-rnr-threads,non-rumours,non-rumour,nonrumour,,,,
544457324211879937,sydneysiege-all-rnr-threads,non-rumours,non-rumour,nonrumour,,,,
544300369765859328,sydneysiege-all-rnr-threads,non-rumours,non-rumour,nonrumour,,,,
544367862211952641,sydneysiege-all-rnr-threads,non-rumours,non-rumour,nonrumour,,,,
544331094523662337,sydneysiege-all-rnr-threads,non-rumours,non-rumour,nonrumour,,,,
544515174376701952,sydneysiege-all-rnr-threads,non-rumours,non-rumour,nonrumour,,,,
544519486167330817,sydneysiege-all-rnr-threads,non-rumours,non-rumour,nonrumour,,,,
544463778780557312,sydneysiege-all-rnr-threads,non-rumours,non-rumour,nonrumour,,,,
544305018439204864,sydneysiege-all-rnr-threads,non-rumours,non-rumour,nonrumour,,,,
544415816851021824,sydneysiege-all-rnr-threads,non-rumours,non-rumour,nonrumour,,,,
544495066258362368,sydneysiege-all-rnr-threads,non-rumours,non-rumour,nonrumour,,,,
544419008615702528,sydneysiege-all-rnr-threads,non-rumours,non-rumour,nonrumour,,,,
