root_id,first_timestamp,last_timestamp,duration_seconds,num_posts,num_source_posts,num_reactions,response_time_seconds,average_response_time_seconds,propagation_speed,posts_per_minute,conversation_depth,max_branching_factor,average_branching_factor
498235547685756928,2014-08-09T22:33:06+00:00,2014-08-11T15:15:42+00:00,146556.0,14,1,13,1855.0,55936.769230769234,8.870329430388384e-05,0.00573159747809711,3,9,3.25
498248415223246848,2014-08-09T23:24:13+00:00,2014-08-11T03:24:06+00:00,100793.0,27,1,26,230.0,14977.615384615385,0.00025795442143799666,0.016072544720367486,5,17,3.25
498248648699150336,2014-08-09T23:25:09+00:00,2014-08-11T17:18:10+00:00,150781.0,56,1,55,201.0,14555.290909090909,0.0003647674441740007,0.022283974771357132,5,32,4.230769230769231
498250100079341568,2014-08-09T23:30:55+00:00,2014-08-10T00:15:28+00:00,2673.0,5,1,4,670.0,1351.0,0.0014964459408903852,0.1122334455667789,1,4,4.0
498251940997136384,2014-08-09T23:38:14+00:00,2014-08-12T19:33:57+00:00,244543.0,8,1,7,1237.0,37962.857142857145,2.8624822628331213e-05,0.0019628449802284263,1,7,7.0
498253149707464704,2014-08-09T23:43:02+00:00,2014-08-10T01:24:51+00:00,6109.0,3,1,2,466.0,3287.5,0.0003273858241938124,0.029464724177443117,1,2,2.0
498253652755111937,2014-08-09T23:45:02+00:00,2014-08-11T03:36:32+00:00,100290.0,9,1,8,1623.0,27501.375,7.976867085452189e-05,0.0053843852826802275,2,6,2.6666666666666665
498254340310966273,2014-08-09T23:47:46+00:00,2014-08-11T20:03:18+00:00,159332.0,43,1,42,1544.0,79217.28571428571,0.000263600532222027,0.016192604122210227,11,8,1.8636363636363635
498254540870017025,2014-08-09T23:48:34+00:00,2014-08-10T02:41:00+00:00,10346.0,5,1,4,905.0,4744.5,0.00038662284941040013,0.02899671370578001,1,4,4.0
498254929942028288,2014-08-09T23:50:07+00:00,2014-08-11T17:29:56+00:00,149989.0,20,1,19,803.0,42040.0,0.0001266759562367907,0.008000586709692043,3,13,3.1666666666666665
498255721260400640,2014-08-09T23:53:15+00:00,2014-08-10T02:40:05+00:00,10010.0,4,1,3,423.0,4313.333333333333,0.0002997002997002997,0.023976023976023976,1,3,3.0
498255816034893824,2014-08-09T23:53:38+00:00,2014-08-12T02:23:53+00:00,181815.0,28,1,27,9882.0,74912.4074074074,0.00014850259879547892,0.0092401617028298,8,9,1.8
498256407980826625,2014-08-09T23:55:59+00:00,2014-08-10T05:45:38+00:00,20979.0,14,1,13,48.0,3889.3076923076924,0.000619667286333953,0.04004004004004004,3,10,3.25
498259432237969408,2014-08-10T00:08:00+00:00,2014-08-10T16:11:22+00:00,57802.0,10,1,9,271.0,8193.888888888889,0.00015570395488045396,0.010380263658696931,2,8,4.5
498259903962570752,2014-08-10T00:09:52+00:00,2014-08-11T05:58:22+00:00,107310.0,16,1,15,49.0,20232.266666666666,0.0001397819401733296,0.008946044171093095,2,14,7.5
498262106937237504,2014-08-10T00:18:38+00:00,2014-08-10T04:40:26+00:00,15708.0,19,1,18,127.0,5418.166666666667,0.001145912910618793,0.07257448433919021,1,18,18.0
498263598062661633,2014-08-10T00:24:33+00:00,2014-08-11T11:45:06+00:00,127233.0,10,1,9,607.0,43817.88888888889,7.073636556553724e-05,0.004715757704369149,1,9,9.0
498264107460870144,2014-08-10T00:26:35+00:00,2014-08-12T04:48:48+00:00,188533.0,111,1,110,33.0,126858.26363636364,0.0005834522338264388,0.03532538070258257,12,10,2.2888888888888888
498264393185239040,2014-08-10T00:27:43+00:00,2014-08-10T01:31:49+00:00,3846.0,19,1,18,23.0,1483.8333333333333,0.0046801872074883,0.296411856474259,3,16,6.0
498265095559184384,2014-08-10T00:30:30+00:00,2014-08-10T21:16:29+00:00,74759.0,19,1,18,483.0,9719.666666666666,0.0002407736861113712,0.015249000120386843,4,7,3.0
498265555833720832,2014-08-10T00:32:20+00:00,2014-08-10T00:32:20+00:00,0.0,1,1,0,0.0,0.0,0.0,0.0,0,0,0.0
498267196833808384,2014-08-10T00:38:51+00:00,2014-08-10T03:12:25+00:00,9214.0,15,1,14,358.0,3717.0,0.001519426958975472,0.09767744736270892,3,9,2.8
498267673789472768,2014-08-10T00:40:45+00:00,2014-08-10T07:48:12+00:00,25647.0,19,1,18,305.0,8154.0,0.0007018364721020002,0.04444964323312668,3,13,4.5
498268463639851008,2014-08-10T00:43:53+00:00,2014-08-11T05:58:13+00:00,105260.0,7,1,6,787.0,34431.166666666664,5.700171005130154e-05,0.0039901197035911076,1,6,6.0
498269289812856832,2014-08-10T00:47:10+00:00,2014-08-10T02:11:39+00:00,5069.0,4,1,3,66.0,1818.3333333333333,0.0005918327086210298,0.04734661668968238,1,3,3.0
498269365175721984,2014-08-10T00:47:28+00:00,2014-08-10T00:47:28+00:00,0.0,1,1,0,0.0,0.0,0.0,0.0,0,0,0.0
498269636551798784,2014-08-10T00:48:33+00:00,2014-08-10T00:48:33+00:00,0.0,1,1,0,0.0,0.0,0.0,0.0,0,0,0.0
498269697453084672,2014-08-10T00:48:47+00:00,2014-08-12T05:05:37+00:00,188210.0,43,1,42,1046.0,48287.833333333336,0.0002231549864513044,0.01370809202486584,5,29,3.230769230769231
498271531386953728,2014-08-10T00:56:05+00:00,2014-08-10T00:56:05+00:00,0.0,1,1,0,0.0,0.0,0.0,0.0,0,0,0.0
498271954185379840,2014-08-10T00:57:45+00:00,2014-08-10T09:58:33+00:00,32448.0,9,1,8,342.0,9779.0,0.0002465483234714004,0.01664201183431953,1,8,8.0
498272080564334592,2014-08-10T00:58:16+00:00,2014-08-10T12:40:58+00:00,42162.0,15,1,14,129.0,4692.142857142857,0.0003320525591765097,0.021346235947061334,3,8,2.75
498272309535191041,2014-08-10T00:59:10+00:00,2014-08-10T02:51:40+00:00,6750.0,10,1,9,286.0,1458.3333333333333,0.0013333333333333333,0.08888888888888889,1,8,8.0
498272364560257025,2014-08-10T00:59:23+00:00,2014-08-10T04:57:47+00:00,14304.0,9,1,8,231.0,6135.625,0.0005592841163310962,0.037751677852348994,1,8,8.0
498273703428620289,2014-08-10T01:04:43+00:00,2014-08-10T13:18:15+00:00,44012.0,6,1,5,213.0,11828.6,0.00011360538035081342,0.008179587385258567,2,4,2.5
498274493337702401,2014-08-10T01:07:51+00:00,2014-08-13T01:23:03+00:00,260112.0,7,1,6,288.0,44918.666666666664,2.3066986528879867e-05,0.0016146890570215907,2,5,3.0
498274692873351170,2014-08-10T01:08:38+00:00,2014-08-10T02:16:02+00:00,4044.0,19,1,18,69.0,1270.7777777777778,0.004451038575667656,0.28189910979228483,2,17,9.0
498274934553317376,2014-08-10T01:09:36+00:00,2014-08-10T01:38:11+00:00,1715.0,8,1,7,701.0,1098.4285714285713,0.004081632653061225,0.27988338192419826,4,4,1.75
498274948772024321,2014-08-10T01:09:39+00:00,2014-08-15T05:32:10+00:00,447751.0,13,1,12,102.0,48559.416666666664,2.6800610160557988e-05,0.0017420396604362694,1,12,12.0
498275621651636224,2014-08-10T01:12:20+00:00,2014-08-10T02:44:26+00:00,5526.0,6,1,5,209.0,2073.2,0.0009048136083966703,0.06514657980456026,3,3,1.6666666666666667
498276304635322368,2014-08-10T01:15:03+00:00,2014-08-10T04:04:34+00:00,10171.0,19,1,18,27.0,750.1111111111111,0.0017697374889391407,0.1120833742994789,2,16,6.0
498276354434277376,2014-08-10T01:15:15+00:00,2014-08-13T01:45:48+00:00,261033.0,13,1,12,69.0,61891.333333333336,4.597119904379906e-05,0.0029881279378469387,4,9,3.0
498276771226451968,2014-08-10T01:16:54+00:00,2014-08-11T13:06:09+00:00,128955.0,34,1,33,69.0,14986.454545454546,0.00025590322205420497,0.015819471908805397,2,31,11.0
498277197581664256,2014-08-10T01:18:36+00:00,2014-08-10T03:13:58+00:00,6922.0,4,1,3,198.0,2544.0,0.0004334007512279688,0.034672060098237506,2,2,1.5
498277231253127168,2014-08-10T01:18:44+00:00,2014-08-10T01:29:07+00:00,623.0,3,1,2,540.0,581.5,0.0032102728731942215,0.28892455858747995,1,2,2.0
498277674692149248,2014-08-10T01:20:29+00:00,2014-08-10T02:24:00+00:00,3811.0,19,1,18,181.0,1016.5,0.004723169771713461,0.29913408554185256,4,11,3.6
498277678706077696,2014-08-10T01:20:30+00:00,2014-08-12T18:50:15+00:00,235785.0,8,1,7,2220.0,90006.85714285714,2.96880632779863e-05,0.002035752910490489,3,4,1.75
498278882244853760,2014-08-10T01:25:17+00:00,2014-08-10T03:37:43+00:00,7946.0,18,1,17,477.0,2942.176470588235,0.002139441228290964,0.13591744273848477,3,7,2.142857142857143
498279420885360641,2014-08-10T01:27:26+00:00,2014-08-10T15:59:52+00:00,52346.0,15,1,14,908.0,19529.64285714286,0.0002674511901577962,0.017193290795858327,2,11,4.333333333333333
498280074941313024,2014-08-10T01:30:02+00:00,2014-08-10T01:58:58+00:00,1736.0,6,1,5,531.0,1121.4,0.002880184331797235,0.2073732718894009,2,4,2.5
498280126254428160,2014-08-10T01:30:14+00:00,2014-08-10T04:21:56+00:00,10302.0,5,1,4,189.0,2982.0,0.00038827412152980003,0.029120559114735003,1,4,4.0
498280730070622209,2014-08-10T01:32:38+00:00,2014-08-10T04:56:51+00:00,12253.0,9,1,8,373.0,4649.75,0.0006529013302864605,0.044070839794336084,1,8,8.0
498281104865259521,2014-08-10T01:34:07+00:00,2014-08-10T14:05:27+00:00,45080.0,8,1,7,1078.0,12828.142857142857,0.00015527950310559007,0.01064773735581189,1,7,7.0
498281812821803008,2014-08-10T01:36:56+00:00,2014-08-10T02:33:39+00:00,3403.0,9,1,8,227.0,1725.125,0.0023508668821627977,0.15868351454598884,3,4,1.75
498281886603411456,2014-08-10T01:37:14+00:00,2014-08-11T03:32:32+00:00,93318.0,18,1,17,181.0,15738.941176470587,0.0001821727855290512,0.011573329904198548,2,14,5.666666666666667
498283038338711552,2014-08-10T01:41:48+00:00,2014-08-10T04:00:28+00:00,8320.0,26,1,25,64.0,1993.56,0.0030048076923076925,0.1875,6,17,2.7777777777777777
498283233982025728,2014-08-10T01:42:35+00:00,2014-08-10T04:41:26+00:00,10731.0,13,1,12,54.0,2444.0,0.0011182555213866368,0.0726866088901314,2,10,6.0
498283586425200640,2014-08-10T01:43:59+00:00,2014-08-10T05:59:39+00:00,15340.0,19,1,18,4940.0,11312.555555555555,0.0011734028683181225,0.0743155149934811,2,12,4.25
498284302128668672,2014-08-10T01:46:49+00:00,2014-08-10T23:27:55+00:00,78066.0,34,1,33,42.0,6989.757575757576,0.0004227192375682115,0.026131734686034896,5,20,3.3
498284334806495233,2014-08-10T01:46:57+00:00,2014-08-10T02:25:56+00:00,2339.0,19,1,18,72.0,673.2777777777778,0.007695596408721676,0.4873877725523728,1,11,11.0
498284429333524480,2014-08-10T01:47:20+00:00,2014-08-11T01:18:29+00:00,84669.0,59,1,58,150.0,3033.1724137931033,0.0006850204915612562,0.04180987138149736,15,6,1.9333333333333333
498285405142540289,2014-08-10T01:51:12+00:00,2014-08-10T15:28:53+00:00,49061.0,44,1,43,60.0,6048.3488372093025,0.0008764599172458776,0.053810562361142254,5,29,3.0714285714285716
498285529704976385,2014-08-10T01:51:42+00:00,2014-08-11T03:55:54+00:00,93852.0,4,1,3,141.0,32944.333333333336,3.196522183863956e-05,0.0025572177470911646,1,3,3.0
498285556502372352,2014-08-10T01:51:49+00:00,2014-08-11T02:23:11+00:00,88282.0,9,1,8,193.0,23710.75,9.061869916857344e-05,0.006116762193878707,2,7,4.0
498285782512050176,2014-08-10T01:52:42+00:00,2014-08-10T11:36:35+00:00,35033.0,4,1,3,1687.0,15514.666666666666,8.563354551422944e-05,0.006850683641138356,1,3,3.0
498286045843435521,2014-08-10T01:53:45+00:00,2014-08-11T10:43:41+00:00,118196.0,7,1,6,2964.0,59823.833333333336,5.0763139192527663e-05,0.0035534197434769366,3,4,2.0
498286202077085696,2014-08-10T01:54:22+00:00,2014-08-10T01:54:22+00:00,0.0,1,1,0,0.0,0.0,0.0,0.0,0,0,0.0
498286281894682624,2014-08-10T01:54:41+00:00,2014-08-10T15:21:56+00:00,48435.0,8,1,7,546.0,8095.285714285715,0.00014452358831423557,0.009910188912976153,3,3,1.75
498286918011224065,2014-08-10T01:57:13+00:00,2014-08-10T01:57:13+00:00,0.0,1,1,0,0.0,0.0,0.0,0.0,0,0,0.0
498287166909579264,2014-08-10T01:58:12+00:00,2014-08-10T06:09:17+00:00,15065.0,18,1,17,43.0,2470.3529411764707,0.0011284434118818453,0.07168934616661135,3,14,4.25
498287947301814274,2014-08-10T02:01:19+00:00,2014-08-10T03:51:11+00:00,6592.0,18,1,17,159.0,3257.235294117647,0.0025788834951456312,0.1638349514563107,4,12,4.25
498289596463980544,2014-08-10T02:07:52+00:00,2014-08-10T20:26:18+00:00,65906.0,81,1,80,239.0,2637.5375,0.0012138500288289382,0.073741389251358,12,31,2.7241379310344827
498290802255466498,2014-08-10T02:12:39+00:00,2014-08-10T02:12:39+00:00,0.0,1,1,0,0.0,0.0,0.0,0.0,0,0,0.0
498291267756130305,2014-08-10T02:14:30+00:00,2014-08-12T12:49:00+00:00,210870.0,16,1,15,353.0,20872.133333333335,7.113387395077535e-05,0.004552567932849623,4,10,2.5
498292200955195392,2014-08-10T02:18:13+00:00,2014-08-10T05:09:40+00:00,10287.0,12,1,11,183.0,1901.8181818181818,0.0010693107805968699,0.0699912510936133,2,10,5.5
498292317296812032,2014-08-10T02:18:40+00:00,2014-08-11T02:05:43+00:00,85623.0,50,1,49,67.0,24172.102040816328,0.0005722761407565724,0.03503731474019831,11,11,1.6206896551724137
498292602861400064,2014-08-10T02:19:49+00:00,2014-08-20T03:56:21+00:00,869792.0,18,1,17,2565.0,310328.1176470588,1.954490268937861e-05,0.0012416761708546411,5,7,1.7
498292628455034882,2014-08-10T02:19:55+00:00,2014-08-15T16:15:07+00:00,482112.0,4,1,3,129601.0,252542.33333333334,6.222620469932298e-06,0.0004978096375945839,1,3,3.0
498292732159619072,2014-08-10T02:20:19+00:00,2014-08-13T07:04:10+00:00,276231.0,6,1,5,323.0,102498.6,1.810079245269358e-05,0.0013032570565939376,2,4,2.5
498293625420148736,2014-08-10T02:23:52+00:00,2014-08-10T02:30:42+00:00,410.0,4,1,3,122.0,270.6666666666667,0.007317073170731708,0.5853658536585367,1,3,3.0
498293668655423488,2014-08-10T02:24:03+00:00,2014-08-10T05:06:18+00:00,9735.0,39,1,38,22.0,2320.6052631578946,0.003903441191576785,0.24036979969183359,5,34,7.6
498294248488574976,2014-08-10T02:26:21+00:00,2014-08-10T03:55:10+00:00,5329.0,6,1,5,146.0,2237.8,0.0009382623381497466,0.06755488834678176,1,5,5.0
498294367405477888,2014-08-10T02:26:49+00:00,2014-08-10T03:01:25+00:00,2076.0,19,1,18,370.0,1257.111111111111,0.008670520231213872,0.5491329479768786,7,8,2.0
498294764718915586,2014-08-10T02:28:24+00:00,2014-08-10T02:28:24+00:00,0.0,1,1,0,0.0,0.0,0.0,0.0,0,0,0.0
498294775649665024,2014-08-10T02:28:27+00:00,2014-08-10T04:46:54+00:00,8307.0,5,1,4,931.0,3495.25,0.00048152160828217165,0.03611412062116288,1,3,3.0
498294815579467777,2014-08-10T02:28:36+00:00,2014-08-11T00:20:19+00:00,78703.0,8,1,7,441.0,25082.285714285714,8.894197171645299e-05,0.006098878060556777,2,5,2.3333333333333335
498296205777326080,2014-08-10T02:34:08+00:00,2014-08-10T05:42:19+00:00,11291.0,19,1,18,29.0,1300.0555555555557,0.0015941900628819413,0.10096537064918962,1,18,18.0
498297336968515584,2014-08-10T02:38:37+00:00,2014-08-10T02:38:37+00:00,0.0,1,1,0,0.0,0.0,0.0,0.0,0,0,0.0
498298040881782785,2014-08-10T02:41:25+00:00,2014-08-28T16:00:55+00:00,1603170.0,23,1,22,112.0,108753.31818181818,1.3722811679360267e-05,0.0008607945507962349,2,21,11.0
498300128088694786,2014-08-10T02:49:43+00:00,2014-08-11T03:40:56+00:00,89473.0,3,1,2,89082.0,89277.5,2.23531121120338e-05,0.0020117800900830416,1,2,2.0
498300256678076417,2014-08-10T02:50:13+00:00,2014-08-10T03:24:55+00:00,2082.0,9,1,8,66.0,447.125,0.0038424591738712775,0.25936599423631124,2,7,4.0
498300832648273920,2014-08-10T02:52:31+00:00,2014-08-12T13:04:28+00:00,209517.0,21,1,20,29.0,30421.05,9.545764782809987e-05,0.006013831813170292,5,7,2.857142857142857
498300897051807744,2014-08-10T02:52:46+00:00,2014-08-10T17:47:25+00:00,53679.0,10,1,9,92.0,25232.444444444445,0.0001676633320292852,0.011177555468619014,2,8,4.5
498301635756838912,2014-08-10T02:55:42+00:00,2014-08-10T03:24:17+00:00,1715.0,6,1,5,184.0,754.4,0.0029154518950437317,0.2099125364431487,1,5,5.0
498301902048997377,2014-08-10T02:56:46+00:00,2014-08-11T11:36:25+00:00,117579.0,41,1,40,158.0,20286.175,0.0003401968038510278,0.02092210343683821,10,11,1.7391304347826086
498302254190166016,2014-08-10T02:58:10+00:00,2014-08-10T02:58:10+00:00,0.0,1,1,0,0.0,0.0,0.0,0.0,0,0,0.0
498302603034640384,2014-08-10T02:59:33+00:00,2014-08-12T19:28:10+00:00,232117.0,3,1,2,73317.0,152717.0,8.616344343585347e-06,0.0007754709909226813,1,2,2.0
498302874531553280,2014-08-10T03:00:37+00:00,2014-08-11T15:56:10+00:00,132933.0,12,1,11,2572.0,38921.09090909091,8.274845222781401e-05,0.0054162623276387345,3,8,2.75
498303288295817217,2014-08-10T03:02:16+00:00,2014-08-10T17:38:37+00:00,52581.0,19,1,18,422.0,26886.666666666668,0.00034232897814800024,0.02168083528270668,4,15,4.5
498303769915191297,2014-08-10T03:04:11+00:00,2014-08-14T19:41:55+00:00,405464.0,16,1,15,146.0,36462.13333333333,3.699465303948069e-05,0.0023676577945267643,3,10,3.75
498303921430204416,2014-08-10T03:04:47+00:00,2014-08-10T03:04:47+00:00,0.0,1,1,0,0.0,0.0,0.0,0.0,0,0,0.0
498304114955419648,2014-08-10T03:05:33+00:00,2014-08-11T04:29:36+00:00,91443.0,3,1,2,51546.0,71494.5,2.1871548396268715e-05,0.0019684393556641845,1,2,2.0
498305825341845504,2014-08-10T03:12:21+00:00,2014-08-12T01:50:22+00:00,167881.0,32,1,31,641.0,46468.87096774193,0.00018465460653677306,0.011436672404858203,8,11,1.8235294117647058
498305851828879368,2014-08-10T03:12:27+00:00,2014-08-10T03:12:27+00:00,0.0,1,1,0,0.0,0.0,0.0,0.0,0,0,0.0
498305962726273024,2014-08-10T03:12:54+00:00,2014-08-11T07:33:03+00:00,102009.0,8,1,7,510.0,30305.714285714286,6.862139615131998e-05,0.004705467164661942,1,7,7.0
498308585227431936,2014-08-10T03:23:19+00:00,2014-08-10T16:31:17+00:00,47278.0,5,1,4,234.0,13367.75,8.46059477981302e-05,0.006345446084859765,1,4,4.0
498310006169538561,2014-08-10T03:28:58+00:00,2014-08-11T03:29:52+00:00,86454.0,38,1,37,219.0,17120.72972972973,0.0004279732574548315,0.02637240613505448,9,23,2.8461538461538463
498310720350863362,2014-08-10T03:31:48+00:00,2014-08-10T03:31:48+00:00,0.0,1,1,0,0.0,0.0,0.0,0.0,0,0,0.0
498311895716470784,2014-08-10T03:36:28+00:00,2014-08-11T04:00:24+00:00,87836.0,3,1,2,41926.0,64881.0,2.2769707181565645e-05,0.0020492736463409078,1,2,2.0
498313143530303488,2014-08-10T03:41:26+00:00,2014-08-10T16:01:23+00:00,44397.0,20,1,19,94.0,3117.0526315789475,0.00042795684393089626,0.027028853300898707,3,16,6.333333333333333
498314939359301632,2014-08-10T03:48:34+00:00,2014-08-10T13:00:33+00:00,33119.0,14,1,13,1561.0,7315.7692307692305,0.00039252392886258644,0.025363084634197893,4,8,2.1666666666666665
498316475317239809,2014-08-10T03:54:40+00:00,2014-08-14T03:46:53+00:00,345133.0,11,1,10,2634.0,73638.0,2.8974337429338835e-05,0.0019123062703363632,1,10,10.0
498316826988642304,2014-08-10T03:56:04+00:00,2014-08-10T03:56:04+00:00,0.0,1,1,0,0.0,0.0,0.0,0.0,0,0,0.0
498317138554150912,2014-08-10T03:57:18+00:00,2014-08-15T17:10:25+00:00,479587.0,51,1,50,65.0,72483.78,0.00010425637058552463,0.006380489879834107,5,16,2.0
498317308771987456,2014-08-10T03:57:59+00:00,2014-08-10T03:57:59+00:00,0.0,1,1,0,0.0,0.0,0.0,0.0,0,0,0.0
498318192000118784,2014-08-10T04:01:29+00:00,2014-08-10T09:32:42+00:00,19873.0,19,1,18,62.0,3573.0,0.0009057515221657526,0.05736426307049766,2,16,9.0
498318493293772800,2014-08-10T04:02:41+00:00,2014-08-10T04:02:41+00:00,0.0,1,1,0,0.0,0.0,0.0,0.0,0,0,0.0
498320854707896321,2014-08-10T04:12:04+00:00,2014-08-10T04:12:04+00:00,0.0,1,1,0,0.0,0.0,0.0,0.0,0,0,0.0
498321666267561985,2014-08-10T04:15:18+00:00,2014-08-10T08:45:59+00:00,16241.0,5,1,4,4769.0,10257.75,0.000246290253063235,0.018471768979742627,1,4,4.0
498322865843109888,2014-08-10T04:20:04+00:00,2014-08-10T12:36:13+00:00,29769.0,6,1,5,137.0,6458.4,0.00016795995834593033,0.012093117000906985,2,3,2.5
498323364197699584,2014-08-10T04:22:03+00:00,2014-08-10T14:40:14+00:00,37091.0,19,1,18,49.0,9635.888888888889,0.00048529292820360736,0.03073521878622847,4,12,3.6
498325055726559232,2014-08-10T04:28:46+00:00,2014-08-10T05:30:20+00:00,3694.0,18,1,17,121.0,1328.0588235294117,0.0046020573903627505,0.292365998917163,4,12,3.75
498340530770939904,2014-08-10T05:30:15+00:00,2014-08-14T08:06:10+00:00,354955.0,25,1,24,102.0,87834.58333333333,6.761420461748673e-05,0.00422588778859292,3,16,4.0
498341675476217856,2014-08-10T05:34:48+00:00,2014-08-10T05:34:48+00:00,0.0,1,1,0,0.0,0.0,0.0,0.0,0,0,0.0
498345343629541376,2014-08-10T05:49:23+00:00,2014-09-08T18:18:33+00:00,2550550.0,19,1,18,35.0,185549.11111111112,7.057301366371959e-06,0.0004469624198702241,3,10,3.6
498349598197702656,2014-08-10T06:06:17+00:00,2014-08-13T07:01:51+00:00,262534.0,19,1,18,884.0,46546.944444444445,6.856254808900942e-05,0.00434229471230393,5,14,3.6
498355319979143168,2014-08-10T06:29:01+00:00,2014-08-10T07:11:01+00:00,2520.0,13,1,12,498.0,1861.0833333333333,0.004761904761904762,0.30952380952380953,2,1,1.0
498356729634390016,2014-08-10T06:34:38+00:00,2014-08-10T19:40:22+00:00,47144.0,5,1,4,229.0,13885.5,8.484642796538266e-05,0.006363482097403699,1,4,4.0
498357910603575296,2014-08-10T06:39:19+00:00,2014-08-15T00:55:09+00:00,411350.0,56,1,55,21907.0,361574.4909090909,0.0001337060897046311,0.008168226571046554,10,16,2.8421052631578947
498401948585181184,2014-08-10T09:34:19+00:00,2014-08-17T17:47:53+00:00,634414.0,11,1,10,173.0,75101.4,1.5762577748914745e-05,0.0010403301314283733,3,5,2.5
498430783699554305,2014-08-10T11:28:53+00:00,2014-08-10T17:30:58+00:00,21725.0,22,1,21,322.0,7472.333333333333,0.0009666283084004603,0.06075949367088608,3,10,3.5
498433651835940865,2014-08-10T11:40:17+00:00,2014-08-14T02:01:05+00:00,310848.0,288,1,287,319.0,23370.337979094078,0.0009232808317891703,0.055589870290302656,20,11,1.8055555555555556
498452658605535232,2014-08-10T12:55:49+00:00,2014-08-11T02:55:17+00:00,50368.0,10,1,9,313.0,12610.555555555555,0.0001786848792884371,0.011912325285895807,2,8,4.5
498452664527511553,2014-08-10T12:55:50+00:00,2014-08-10T22:07:23+00:00,33093.0,4,1,3,1446.0,14730.0,9.065361254645998e-05,0.007252289003716799,1,3,3.0
498455001463664640,2014-08-10T13:05:07+00:00,2014-08-10T21:22:49+00:00,29862.0,7,1,6,106.0,7793.833333333333,0.00020092425155716296,0.014064697609001408,2,4,3.0
498457205801488385,2014-08-10T13:13:53+00:00,2014-08-10T13:13:53+00:00,0.0,1,1,0,0.0,0.0,0.0,0.0,0,0,0.0
498463591767756800,2014-08-10T13:39:15+00:00,2014-08-10T21:15:28+00:00,27373.0,17,1,16,98.0,5086.8125,0.0005845175903262339,0.037262996383297414,1,16,16.0
498463733447163905,2014-08-10T13:39:49+00:00,2014-08-11T02:17:52+00:00,45483.0,13,1,12,1595.0,13738.916666666666,0.0002638348393905415,0.0171492645603852,4,7,2.0
498466570675716096,2014-08-10T13:51:06+00:00,2014-08-11T04:09:25+00:00,51499.0,34,1,33,190.0,12901.69696969697,0.0006407891415367289,0.03961241965863414,9,11,1.9411764705882353
498472666802958336,2014-08-10T14:15:19+00:00,2014-08-10T15:04:56+00:00,2977.0,17,1,16,395.0,1770.75,0.0053745381256298285,0.34262680550890157,3,4,1.75
498473263862149120,2014-08-10T14:17:41+00:00,2014-08-10T15:51:41+00:00,5640.0,7,1,6,3854.0,4687.0,0.0010638297872340426,0.07446808510638298,3,3,1.5
498473515302260736,2014-08-10T14:18:41+00:00,2014-08-10T19:59:53+00:00,20472.0,5,1,4,9415.0,13249.0,0.00019538882375928098,0.014654161781946073,1,4,4.0
498474035668586497,2014-08-10T14:20:45+00:00,2014-08-12T08:58:30+00:00,153465.0,24,1,23,43.0,30270.565217391304,0.0001498713061610139,0.009383246994428697,4,16,5.5
498474263255330818,2014-08-10T14:21:40+00:00,2014-08-14T15:02:29+00:00,348049.0,16,1,15,7560.0,46606.066666666666,4.3097379966613895e-05,0.0027582323178632893,4,9,2.5
498476761538371584,2014-08-10T14:31:35+00:00,2014-08-10T16:12:07+00:00,6032.0,14,1,13,84.0,1968.923076923077,0.0021551724137931034,0.13925729442970822,1,13,13.0
498477164380299264,2014-08-10T14:33:11+00:00,2014-08-11T04:40:05+00:00,50814.0,17,1,16,118.0,18963.0,0.0003148738536623765,0.020073208170976502,1,16,16.0
498477676219600896,2014-08-10T14:35:13+00:00,2014-08-15T15:48:57+00:00,436424.0,28,1,27,109.0,48943.77777777778,6.18664418088831e-05,0.003849467490330504,8,11,2.4545454545454546
498480344992350209,2014-08-10T14:45:50+00:00,2014-08-24T15:23:37+00:00,1211867.0,19,1,18,126.0,77380.05555555556,1.4853115069557962e-05,0.000940697287738671,2,17,9.0
498480911243948034,2014-08-10T14:48:05+00:00,2014-08-10T17:08:26+00:00,8421.0,27,1,26,126.0,3786.846153846154,0.0030875192969956064,0.1923762023512647,4,10,2.3636363636363638
498482619232055296,2014-08-10T14:54:52+00:00,2014-08-11T18:47:38+00:00,100366.0,38,1,37,86.0,20081.432432432433,0.0003686507382978299,0.02271685630592033,3,31,5.285714285714286
498483031842500608,2014-08-10T14:56:30+00:00,2014-08-10T17:12:40+00:00,8170.0,10,1,9,198.0,3081.222222222222,0.001101591187270502,0.07343941248470012,1,9,9.0
498483279943962625,2014-08-10T14:57:29+00:00,2014-08-10T16:35:02+00:00,5853.0,14,1,13,45.0,2165.6153846153848,0.002221083205193918,0.14351614556637624,3,10,4.333333333333333
498483485133516800,2014-08-10T14:58:18+00:00,2014-08-13T21:25:41+00:00,282443.0,4,1,3,7266.0,108493.66666666667,1.0621612148291867e-05,0.0008497289718633495,1,3,3.0
498483784296448000,2014-08-10T14:59:30+00:00,2014-08-10T17:59:42+00:00,10812.0,7,1,6,124.0,2128.8333333333335,0.0005549389567147614,0.0388457269700333,3,4,2.0
498486539585069056,2014-08-10T15:10:27+00:00,2014-08-10T22:39:33+00:00,26946.0,6,1,5,790.0,7806.4,0.00018555629778074667,0.01336005344021376,2,4,2.5
498486826269548545,2014-08-10T15:11:35+00:00,2014-08-13T03:36:04+00:00,217469.0,19,1,18,471.0,16415.5,8.277041785265946e-05,0.005242126464001766,8,4,1.3636363636363635
498486850521423872,2014-08-10T15:11:41+00:00,2014-08-10T16:52:12+00:00,6031.0,5,1,4,181.0,1680.25,0.000663239927043608,0.0497429945282706,1,4,4.0
498487087105314816,2014-08-10T15:12:37+00:00,2014-08-10T15:52:44+00:00,2407.0,10,1,9,442.0,1402.5555555555557,0.003739094308267553,0.24927295388450352,4,6,2.25
498487611963744256,2014-08-10T15:14:42+00:00,2014-08-11T00:35:34+00:00,33652.0,20,1,19,54.0,9524.894736842105,0.0005646024010460002,0.035659099013431596,3,14,4.5
498487999848800256,2014-08-10T15:16:15+00:00,2014-08-10T15:16:15+00:00,0.0,1,1,0,0.0,0.0,0.0,0.0,0,0,0.0
498488195047096320,2014-08-10T15:17:01+00:00,2014-08-10T15:17:01+00:00,0.0,1,1,0,0.0,0.0,0.0,0.0,0,0,0.0
498489114384420865,2014-08-10T15:20:41+00:00,2014-08-11T00:56:06+00:00,34525.0,47,1,46,117.0,6696.282608695652,0.001332367849384504,0.08167994207096307,7,7,1.5862068965517242
498489451954573312,2014-08-10T15:22:01+00:00,2014-08-10T22:50:12+00:00,26891.0,3,1,2,17236.0,22063.5,7.437432598267078e-05,0.00669368933844037,1,2,2.0
498491047329402880,2014-08-10T15:28:21+00:00,2014-08-10T15:28:21+00:00,0.0,1,1,0,0.0,0.0,0.0,0.0,0,0,0.0
498492003903356928,2014-08-10T15:32:09+00:00,2014-08-10T21:36:58+00:00,21889.0,17,1,16,88.0,3754.875,0.000730960756544383,0.04659874822970442,2,15,8.0
498492636630896640,2014-08-10T15:34:40+00:00,2014-08-10T21:48:29+00:00,22429.0,15,1,14,361.0,3943.3571428571427,0.0006241918944223996,0.040126621784297115,2,13,7.0
498494758814109696,2014-08-10T15:43:06+00:00,2014-08-10T18:46:11+00:00,10985.0,18,1,17,3485.0,6412.294117647059,0.0015475648611743287,0.09831588529813381,3,12,3.2
498495764486950912,2014-08-10T15:47:06+00:00,2014-08-10T15:47:06+00:00,0.0,1,1,0,0.0,0.0,0.0,0.0,0,0,0.0
498497371899449344,2014-08-10T15:53:29+00:00,2014-08-10T16:19:04+00:00,1535.0,8,1,7,87.0,392.0,0.004560260586319218,0.3127035830618893,2,6,3.5
498497395198799872,2014-08-10T15:53:35+00:00,2014-08-11T01:53:22+00:00,35987.0,9,1,8,133.0,7469.125,0.00022230249812432267,0.01500541862339178,1,8,8.0
498498431271190528,2014-08-10T15:57:42+00:00,2014-08-10T17:55:10+00:00,7048.0,11,1,10,153.0,1776.8,0.0014188422247446084,0.09364358683314415,3,6,2.5
498499795192143872,2014-08-10T16:03:07+00:00,2014-08-12T02:06:15+00:00,122588.0,26,1,25,99.0,25448.6,0.00020393513231311384,0.012725552256338304,3,12,3.125
498499836900278272,2014-08-10T16:03:17+00:00,2014-08-11T17:20:48+00:00,91051.0,36,1,35,174.0,23911.14285714286,0.00038439995167543464,0.023722968446255394,13,5,1.4583333333333333
498500813845966848,2014-08-10T16:07:10+00:00,2014-08-19T08:19:04+00:00,749514.0,8,1,7,78.0,121770.42857142857,9.33938525497856e-06,0.0006404149889128155,1,7,7.0
498504673339666432,2014-08-10T16:22:30+00:00,2014-08-11T20:03:20+00:00,99650.0,13,1,12,37.0,16654.25,0.00012042147516307075,0.0078273958855996,4,7,2.0
498504707393220608,2014-08-10T16:22:38+00:00,2014-08-10T16:22:38+00:00,0.0,1,1,0,0.0,0.0,0.0,0.0,0,0,0.0
498506343368519680,2014-08-10T16:29:08+00:00,2014-08-10T16:53:30+00:00,1462.0,3,1,2,441.0,951.5,0.0013679890560875513,0.12311901504787962,1,2,2.0
498507434693246977,2014-08-10T16:33:28+00:00,2014-08-10T17:02:57+00:00,1769.0,6,1,5,176.0,636.0,0.002826455624646693,0.2035048049745619,1,5,5.0
498507730395484160,2014-08-10T16:34:39+00:00,2014-08-12T12:00:49+00:00,156370.0,50,1,49,929.0,66059.4693877551,0.00031335934002685935,0.019185265715930166,8,17,1.8076923076923077
498508707244683264,2014-08-10T16:38:32+00:00,2014-08-10T23:42:40+00:00,25448.0,13,1,12,237.0,8689.333333333334,0.00047154982709839675,0.030650738761395787,3,10,4.0
498510381774819330,2014-08-10T16:45:11+00:00,2014-08-14T14:04:19+00:00,335948.0,15,1,14,41.0,43323.357142857145,4.167311607748818e-05,0.002678986033552812,1,14,14.0
498512372584415232,2014-08-10T16:53:06+00:00,2014-08-11T00:26:53+00:00,27227.0,7,1,6,194.0,8754.833333333334,0.00022036948617181474,0.015425864032027031,1,6,6.0
498512590260023296,2014-08-10T16:53:58+00:00,2014-08-10T20:48:50+00:00,14092.0,219,1,218,259.0,6302.284403669725,0.015469770082316208,0.9324439398240136,24,11,1.4265734265734267
498515980205948928,2014-08-10T17:07:26+00:00,2014-08-15T19:27:24+00:00,440398.0,101,1,100,417.0,58920.61,0.0002270673345473867,0.013760280473571633,25,5,1.6129032258064515
498524570593140736,2014-08-10T17:41:34+00:00,2014-08-11T20:24:06+00:00,96152.0,4,1,3,2507.0,33951.333333333336,3.120059905150179e-05,0.002496047924120143,1,3,3.0
498527404386578432,2014-08-10T17:52:50+00:00,2014-08-15T04:52:40+00:00,385190.0,30,1,29,1246.0,116564.96551724138,7.528752044445598e-05,0.004673018510345544,4,16,2.4166666666666665
498529979672842241,2014-08-10T18:03:04+00:00,2014-08-16T12:55:46+00:00,499962.0,47,1,46,413.0,74455.71739130435,9.20069925314324e-05,0.005640428672579116,9,33,3.8333333333333335
498530293116968960,2014-08-10T18:04:18+00:00,2014-08-14T14:27:48+00:00,332610.0,21,1,20,91.0,42616.45,6.01304831484321e-05,0.003788220438351222,3,13,2.5
498530904139378688,2014-08-10T18:06:44+00:00,2014-08-10T18:21:20+00:00,876.0,2,1,1,876.0,876.0,0.001141552511415525,0.136986301369863,1,1,1.0
498530946338258944,2014-08-10T18:06:54+00:00,2014-08-13T02:15:31+00:00,202117.0,15,1,14,2888.0,54655.07142857143,6.926681080760154e-05,0.004452866409060099,3,7,1.8571428571428572
498531639472189441,2014-08-10T18:09:39+00:00,2014-08-10T19:18:31+00:00,4132.0,19,1,18,184.0,2012.1666666666667,0.004356243949661181,0.27589545014520817,6,5,2.125
498532911143206913,2014-08-10T18:14:42+00:00,2014-08-10T18:14:42+00:00,0.0,1,1,0,0.0,0.0,0.0,0.0,0,0,0.0
498535462349582337,2014-08-10T18:24:51+00:00,2014-08-12T03:43:25+00:00,119914.0,45,1,44,309.0,41546.65909090909,0.0003669296329035809,0.02251613656453792,9,19,2.588235294117647
498541831052083201,2014-08-10T18:50:09+00:00,2014-08-10T18:50:09+00:00,0.0,1,1,0,0.0,0.0,0.0,0.0,0,0,0.0
498544167757570049,2014-08-10T18:59:26+00:00,2014-08-13T03:14:15+00:00,202489.0,19,1,18,2238.0,54371.555555555555,8.889371768342971e-05,0.005629935453283882,5,11,2.5714285714285716
498556324868009984,2014-08-10T19:47:45+00:00,2014-08-12T21:10:07+00:00,177742.0,36,1,35,2262.0,22721.257142857143,0.00019691462906910016,0.012152445679693038,6,23,3.1818181818181817
498560433021026304,2014-08-10T20:04:04+00:00,2014-08-11T19:26:18+00:00,84134.0,23,1,22,192.0,32669.81818181818,0.00026148762688092805,0.016402405686167305,3,13,2.4444444444444446
498575704582148096,2014-08-10T21:04:45+00:00,2014-08-11T07:49:15+00:00,38670.0,15,1,14,73.0,4578.785714285715,0.00036203775536591674,0.023273855702094646,1,14,14.0
498584409055174656,2014-08-10T21:39:21+00:00,2014-08-11T00:38:04+00:00,10723.0,4,1,3,4804.0,7164.666666666667,0.0002797724517392521,0.022381796139140167,1,3,3.0
498585089828478977,2014-08-10T21:42:03+00:00,2014-08-11T06:06:46+00:00,30283.0,19,1,18,103.0,5822.611111111111,0.0005943928937027375,0.037644883267840046,1,18,18.0
498586725502173184,2014-08-10T21:48:33+00:00,2014-08-14T02:59:02+00:00,277829.0,5,1,4,10889.0,129993.5,1.4397345129558109e-05,0.001079800884716858,3,2,1.3333333333333333
498590686065606657,2014-08-10T22:04:17+00:00,2014-08-18T14:24:44+00:00,663627.0,34,1,33,223.0,37781.69696969697,4.972672902097112e-05,0.0030740159758418507,7,19,2.5384615384615383
498600617645199361,2014-08-10T22:43:45+00:00,2014-08-10T22:43:45+00:00,0.0,1,1,0,0.0,0.0,0.0,0.0,0,0,0.0
498602787614511104,2014-08-10T22:52:22+00:00,2014-08-10T23:06:06+00:00,824.0,3,1,2,803.0,813.5,0.0024271844660194173,0.2184466019417476,1,2,2.0
498602798687469568,2014-08-10T22:52:25+00:00,2014-08-11T04:20:14+00:00,19669.0,8,1,7,74.0,5661.571428571428,0.0003558899791550155,0.02440388428491535,3,5,2.3333333333333335
498602841335169024,2014-08-10T22:52:35+00:00,2014-08-11T03:40:13+00:00,17258.0,6,1,5,116.0,7445.0,0.0002897207092362962,0.020859891065013327,1,5,5.0
498603999252467713,2014-08-10T22:57:11+00:00,2014-08-11T17:47:49+00:00,67838.0,19,1,18,2960.0,12406.333333333334,0.00026533801114419646,0.01680474070579911,2,15,5.666666666666667
498609222020780033,2014-08-10T23:17:56+00:00,2014-08-11T02:47:18+00:00,12562.0,12,1,11,222.0,2638.181818181818,0.0008756567425569177,0.057315714058270975,3,9,3.6666666666666665
498616975850225664,2014-08-10T23:48:45+00:00,2014-08-11T02:46:50+00:00,10685.0,17,1,16,455.0,2968.125,0.0014974262985493682,0.09546092653252222,4,12,3.2
499345010190348288,2014-08-13T00:01:42+00:00,2014-08-13T01:01:28+00:00,3586.0,10,1,9,107.0,1069.7777777777778,0.0025097601784718347,0.16731734523145567,1,9,9.0
499345023721537536,2014-08-13T00:01:45+00:00,2014-08-18T14:48:26+00:00,485201.0,9,1,8,173.0,107818.0,1.6488012184641004e-05,0.0011129408224632678,4,4,2.0
499345384024842240,2014-08-13T00:03:11+00:00,2014-08-13T04:12:15+00:00,14944.0,16,1,15,261.0,2805.2,0.001003747323340471,0.06423982869379015,4,8,2.142857142857143
499345604297121792,2014-08-13T00:04:04+00:00,2014-08-13T11:11:59+00:00,40075.0,62,1,61,173.0,26538.213114754097,0.001522145976294448,0.09282595134123518,17,12,2.033333333333333
499346625760751616,2014-08-13T00:08:07+00:00,2014-08-15T01:33:53+00:00,177946.0,78,1,77,373.0,78872.66233766233,0.0004327155429175143,0.026300113517583983,7,19,2.3636363636363638
499347831954870274,2014-08-13T00:12:55+00:00,2014-08-22T16:06:01+00:00,834786.0,15,1,14,146.0,125582.92857142857,1.67707652020997e-05,0.0010781206201349806,1,14,14.0
499349252938956800,2014-08-13T00:18:34+00:00,2014-08-13T00:18:34+00:00,0.0,1,1,0,0.0,0.0,0.0,0.0,0,0,0.0
499349294034743297,2014-08-13T00:18:43+00:00,2014-08-13T00:29:13+00:00,630.0,19,1,18,47.0,270.6666666666667,0.02857142857142857,1.8095238095238095,2,17,9.0
499355083734519808,2014-08-13T00:41:44+00:00,2014-08-13T04:07:35+00:00,12351.0,11,1,10,1049.0,4167.9,0.0008096510404015869,0.053436968666504735,1,10,10.0
499357077429817344,2014-08-13T00:49:39+00:00,2014-08-14T05:58:44+00:00,104945.0,9,1,8,4024.0,44143.125,7.623040640335413e-05,0.005145552432226404,2,7,4.0
499357289363431425,2014-08-13T00:50:30+00:00,2014-08-13T01:59:09+00:00,4119.0,7,1,6,3337.0,3577.5,0.0014566642388929353,0.10196649672250545,2,5,3.0
499358869492367360,2014-08-13T00:56:46+00:00,2014-08-13T02:14:11+00:00,4645.0,19,1,18,30.0,775.0,0.0038751345532831,0.24542518837459631,2,17,9.0
499359735947087872,2014-08-13T01:00:13+00:00,2014-08-13T20:34:32+00:00,70459.0,16,1,15,2067.0,27597.933333333334,0.00021288976567933123,0.0136249450034772,3,12,3.75
499360134779637761,2014-08-13T01:01:48+00:00,2014-08-13T03:28:32+00:00,8804.0,13,1,12,129.0,2413.9166666666665,0.0013630168105406633,0.08859609268514312,2,9,6.0
499360762167848960,2014-08-13T01:04:18+00:00,2014-08-13T01:04:18+00:00,0.0,1,1,0,0.0,0.0,0.0,0.0,0,0,0.0
499360784666071040,2014-08-13T01:04:23+00:00,2014-08-14T04:56:53+00:00,100350.0,3,1,2,2082.0,51216.0,1.993024414549078e-05,0.0017937219730941704,1,2,2.0
499361017038905344,2014-08-13T01:05:18+00:00,2014-08-13T14:39:55+00:00,48877.0,2,1,1,48877.0,48877.0,2.0459520838021975e-05,0.002455142500562637,1,1,1.0
499361252691681281,2014-08-13T01:06:14+00:00,2014-08-13T01:06:14+00:00,0.0,1,1,0,0.0,0.0,0.0,0.0,0,0,0.0
499361506132508673,2014-08-13T01:07:15+00:00,2014-08-13T16:38:49+00:00,55894.0,17,1,16,120.0,21590.5,0.0002862561276702329,0.01824882813897735,4,8,2.6666666666666665
499361662743220224,2014-08-13T01:07:52+00:00,2014-08-13T04:32:36+00:00,12284.0,19,1,18,183.0,4412.5,0.001465320742429176,0.0928036470205145,5,9,1.8
499361679197884416,2014-08-13T01:07:56+00:00,2014-08-13T01:13:04+00:00,308.0,3,1,2,131.0,219.5,0.006493506493506494,0.5844155844155844,1,2,2.0
499361965035491329,2014-08-13T01:09:04+00:00,2014-08-13T03:59:23+00:00,10219.0,6,1,5,1002.0,3981.2,0.0004892846658185732,0.035228495938937274,2,4,2.5
499362269269336064,2014-08-13T01:10:17+00:00,2014-08-13T01:33:43+00:00,1406.0,3,1,2,933.0,1169.5,0.001422475106685633,0.12802275960170698,1,1,1.0
499362348940144640,2014-08-13T01:10:36+00:00,2014-08-13T02:48:21+00:00,5865.0,10,1,9,367.0,2411.0,0.001534526854219949,0.10230179028132992,3,7,3.0
499362441697193985,2014-08-13T01:10:58+00:00,2014-08-13T01:12:01+00:00,63.0,2,1,1,63.0,63.0,0.015873015873015872,1.9047619047619047,1,1,1.0
499362480179912705,2014-08-13T01:11:07+00:00,2014-08-13T01:18:29+00:00,442.0,2,1,1,442.0,442.0,0.0022624434389140274,0.2714932126696833,1,1,1.0
499362949166030848,2014-08-13T01:12:59+00:00,2014-08-13T03:37:21+00:00,8662.0,4,1,3,427.0,4511.666666666667,0.0003463403371045948,0.027707226968367582,1,3,3.0
499362994862960640,2014-08-13T01:13:10+00:00,2014-08-13T01:13:10+00:00,0.0,1,1,0,0.0,0.0,0.0,0.0,0,0,0.0
499363323335680000,2014-08-13T01:14:28+00:00,2014-08-13T01:14:28+00:00,0.0,1,1,0,0.0,0.0,0.0,0.0,0,0,0.0
499363612260315136,2014-08-13T01:15:37+00:00,2014-08-13T01:23:27+00:00,470.0,19,1,18,63.0,264.1666666666667,0.03829787234042553,2.425531914893617,2,17,9.0
499363921661140993,2014-08-13T01:16:51+00:00,2014-08-13T13:31:00+00:00,44049.0,4,1,3,154.0,23202.666666666668,6.81059728938228e-05,0.005448477831505824,2,2,1.5
499363975377993729,2014-08-13T01:17:04+00:00,2014-08-13T21:37:36+00:00,73232.0,30,1,29,63.0,12071.172413793103,0.0003960017478697837,0.02457941883329692,6,15,2.6363636363636362
499364002318020608,2014-08-13T01:17:10+00:00,2014-08-15T02:11:03+00:00,176033.0,5,1,4,1439.0,68576.25,2.272301216249226e-05,0.0017042259121869195,1,4,4.0
499364508641808384,2014-08-13T01:19:11+00:00,2014-08-13T01:19:11+00:00,0.0,1,1,0,0.0,0.0,0.0,0.0,0,0,0.0
499364522038394880,2014-08-13T01:19:14+00:00,2014-08-16T02:28:03+00:00,263329.0,47,1,46,41.0,41487.913043478264,0.00017468641889043743,0.010709036984152903,12,20,2.4210526315789473
499365436816105473,2014-08-13T01:22:52+00:00,2014-08-13T02:29:59+00:00,4027.0,12,1,11,61.0,2405.3636363636365,0.0027315619567916563,0.1787931462627266,7,2,1.375
499366152049803264,2014-08-13T01:25:43+00:00,2014-08-13T01:25:43+00:00,0.0,1,1,0,0.0,0.0,0.0,0.0,0,0,0.0
499366666300846081,2014-08-13T01:27:45+00:00,2014-08-16T02:47:46+00:00,264001.0,15,1,14,103.0,35991.21428571428,5.3030102158703946e-05,0.0034090779959166824,1,14,14.0
499366930457710592,2014-08-13T01:28:48+00:00,2014-08-13T23:52:54+00:00,80646.0,22,1,21,326.0,43877.95238095238,0.00026039729186816456,0.016367829774570346,8,7,1.75
499366977497214976,2014-08-13T01:28:59+00:00,2014-08-14T00:48:24+00:00,83965.0,36,1,35,342.0,59135.514285714286,0.00041684035014589413,0.025725004466146607,12,5,1.4583333333333333
499368426931228672,2014-08-13T01:34:45+00:00,2014-08-13T18:26:37+00:00,60712.0,12,1,11,111.0,10767.454545454546,0.00018118329160627224,0.01185926999604691,2,10,5.5
499368533378498560,2014-08-13T01:35:10+00:00,2014-08-14T23:04:32+00:00,163762.0,18,1,17,729.0,17410.058823529413,0.00010380918650236319,0.006594936554267778,2,14,5.333333333333333
499368931367608320,2014-08-13T01:36:45+00:00,2014-08-14T02:51:57+00:00,90912.0,48,1,47,43.0,18359.872340425532,0.000516983456529391,0.03167898627243928,6,24,3.6
499369948943495168,2014-08-13T01:40:48+00:00,2014-08-13T05:43:39+00:00,14571.0,24,1,23,400.0,3459.217391304348,0.0015784777983666187,0.09882643607164916,4,9,2.3
499375535458643968,2014-08-13T02:03:00+00:00,2014-08-13T03:53:35+00:00,6635.0,17,1,16,57.0,3098.75,0.0024114544084400903,0.15373021853805577,5,9,2.2857142857142856
499376069485821952,2014-08-13T02:05:07+00:00,2014-08-13T04:53:31+00:00,10104.0,19,1,18,102.0,2259.4444444444443,0.0017814726840855108,0.11282660332541568,5,10,2.25
499377470697926656,2014-08-13T02:10:41+00:00,2014-08-13T13:24:17+00:00,40416.0,59,1,58,137.0,5922.758620689655,0.0014350752177355504,0.08758907363420428,10,15,2.409090909090909
499377813758443520,2014-08-13T02:12:03+00:00,2014-08-13T05:01:35+00:00,10172.0,14,1,13,102.0,2730.4615384615386,0.0012780180888714117,0.08257963035784506,4,9,2.6
499379061718659073,2014-08-13T02:17:00+00:00,2014-08-15T06:33:30+00:00,188190.0,57,1,56,101.0,81313.26785714286,0.00029757160316701205,0.018173122907699665,11,7,2.8
499381321954000896,2014-08-13T02:25:59+00:00,2014-08-13T14:00:57+00:00,41698.0,83,1,82,432.0,12489.30487804878,0.0019665211760755913,0.11943018849824931,12,13,1.975609756097561
499381843955707904,2014-08-13T02:28:04+00:00,2014-08-14T18:57:45+00:00,145781.0,62,1,61,444.0,40154.29508196721,0.0004184358729875635,0.02551772864776617,13,13,2.107142857142857
499381917490237440,2014-08-13T02:28:21+00:00,2014-08-13T03:46:30+00:00,4689.0,3,1,2,2409.0,3549.0,0.00042653017701002344,0.03838771593090211,1,2,2.0
499383196451368960,2014-08-13T02:33:26+00:00,2014-08-13T03:48:32+00:00,4506.0,6,1,5,101.0,1281.2,0.0011096316023080338,0.07989347536617844,2,3,2.5
499383640267423744,2014-08-13T02:35:12+00:00,2014-08-13T03:55:42+00:00,4830.0,11,1,10,80.0,1364.9,0.002070393374741201,0.13664596273291926,1,10,10.0
499385227362328576,2014-08-13T02:41:30+00:00,2014-08-24T03:56:21+00:00,954891.0,49,1,48,784.0,145115.64583333334,5.026751744439941e-05,0.003078885443469464,4,10,2.090909090909091
499386181310619649,2014-08-13T02:45:18+00:00,2014-08-19T20:18:58+00:00,581620.0,49,1,48,117.0,21017.229166666668,8.252811113785633e-05,0.005054846807193701,19,19,2.1363636363636362
499386726414954496,2014-08-13T02:47:28+00:00,2014-08-14T11:52:48+00:00,119120.0,33,1,32,154.0,38268.875,0.0002686366689053056,0.016621893888515784,11,8,2.0
499387698390790144,2014-08-13T02:51:20+00:00,2014-08-16T20:02:31+00:00,321071.0,35,1,34,1692.0,34026.85294117647,0.00010589558072825014,0.006540609397921332,6,14,2.4285714285714284
499387985096237056,2014-08-13T02:52:28+00:00,2014-08-13T05:23:27+00:00,9059.0,6,1,5,391.0,2298.4,0.0005519372999227288,0.03973948559443648,1,5,5.0
499387993879511041,2014-08-13T02:52:30+00:00,2014-08-13T03:07:42+00:00,912.0,19,1,18,29.0,380.44444444444446,0.019736842105263157,1.25,2,16,9.0
499388398529175552,2014-08-13T02:54:07+00:00,2014-08-14T20:33:45+00:00,149978.0,5,1,4,2690.0,61942.25,2.6670578351491553e-05,0.0020002933763618664,1,4,4.0
499388619425980416,2014-08-13T02:54:59+00:00,2014-08-13T14:23:05+00:00,41286.0,34,1,33,102.0,7538.484848484848,0.0007993024269728237,0.04941142275832001,8,11,1.736842105263158
499389815268573187,2014-08-13T02:59:44+00:00,2014-08-28T19:53:50+00:00,1356846.0,8,1,7,144.0,268235.5714285714,5.159023205286377e-06,0.00035376159121963734,1,7,7.0
499394221984714752,2014-08-13T03:17:15+00:00,2014-08-13T04:27:31+00:00,4216.0,8,1,7,277.0,3290.285714285714,0.0016603415559772296,0.11385199240986718,4,3,1.75
499394946416529409,2014-08-13T03:20:08+00:00,2014-08-20T19:37:18+00:00,663430.0,164,1,163,53.0,52682.22699386503,0.0002456928387320441,0.014832009405664502,15,19,1.613861386138614
499397048878501888,2014-08-13T03:28:29+00:00,2014-08-13T16:12:00+00:00,45811.0,7,1,6,35093.0,38378.666666666664,0.0001309729104363581,0.009168103730545066,3,3,2.0
499397804620386304,2014-08-13T03:31:29+00:00,2014-08-14T05:05:50+00:00,92061.0,10,1,9,87323.0,88684.11111111111,9.776126698602014e-05,0.00651741779906801,1,9,9.0
499400566397607936,2014-08-13T03:42:28+00:00,2014-08-13T04:29:25+00:00,2817.0,8,1,7,115.0,1029.4285714285713,0.0024849130280440185,0.1703940362087327,1,6,6.0
499401478235099137,2014-08-13T03:46:05+00:00,2014-08-13T03:46:05+00:00,0.0,1,1,0,0.0,0.0,0.0,0.0,0,0,0.0
499401831874043905,2014-08-13T03:47:29+00:00,2014-08-21T16:08:54+00:00,735685.0,16,1,15,86.0,52934.13333333333,2.0389161121947572e-05,0.0013049063118046448,2,12,6.5
499402006146977792,2014-08-13T03:48:11+00:00,2014-08-13T18:06:03+00:00,51472.0,13,1,12,283.0,13906.25,0.00023313646254274168,0.01515387006527821,1,10,10.0
499402444267212800,2014-08-13T03:49:55+00:00,2014-08-13T04:44:38+00:00,3283.0,19,1,18,71.0,1509.388888888889,0.005482790130977765,0.34724337496192503,6,11,2.25
499402643869929474,2014-08-13T03:50:43+00:00,2014-08-13T03:50:43+00:00,0.0,1,1,0,0.0,0.0,0.0,0.0,0,0,0.0
499403422278619136,2014-08-13T03:53:49+00:00,2014-08-13T12:18:34+00:00,30285.0,15,1,14,128.0,3168.0,0.00046227505365692585,0.029717682020802376,5,7,2.6
499404849835175938,2014-08-13T03:59:29+00:00,2014-08-13T04:51:31+00:00,3122.0,23,1,22,103.0,507.04545454545456,0.007046764894298526,0.44202434336963486,4,15,4.4
499405013261635584,2014-08-13T04:00:08+00:00,2014-08-13T08:46:46+00:00,17198.0,5,1,4,6583.0,11674.0,0.00023258518432375856,0.017443888824281894,1,4,4.0
499405449951584256,2014-08-13T04:01:52+00:00,2014-08-13T15:49:20+00:00,42448.0,2,1,1,42448.0,42448.0,2.355823595929137e-05,0.002826988315114964,1,1,1.0
499406086945136640,2014-08-13T04:04:24+00:00,2014-08-15T10:42:50+00:00,196706.0,53,1,52,9048.0,74163.98076923077,0.0002643539088792411,0.016166258273768976,6,30,3.3333333333333335
499406854615597056,2014-08-13T04:07:27+00:00,2014-08-13T15:46:24+00:00,41937.0,58,1,57,1323.0,37560.929824561405,0.001359181629587238,0.08298161528006294,21,5,1.6285714285714286
499407248427188224,2014-08-13T04:09:01+00:00,2014-08-13T04:19:46+00:00,645.0,3,1,2,177.0,411.0,0.0031007751937984496,0.27906976744186046,1,2,2.0
499408845127819265,2014-08-13T04:15:21+00:00,2014-08-13T13:23:04+00:00,32863.0,9,1,8,76.0,9499.0,0.00024343486595867694,0.016431853452210692,1,8,8.0
499408988422037505,2014-08-13T04:15:56+00:00,2014-08-13T20:40:26+00:00,59070.0,68,1,67,2448.0,52124.432835820895,0.0011342475029625868,0.06907059421025902,21,7,1.425531914893617
499409455814287360,2014-08-13T04:17:47+00:00,2014-08-13T12:13:11+00:00,28524.0,7,1,6,123.0,5393.5,0.00021034917963819942,0.01472444257467396,1,6,6.0
499409692834021376,2014-08-13T04:18:44+00:00,2014-08-15T22:56:11+00:00,239847.0,15,1,14,142.0,29863.64285714286,5.837054455548746e-05,0.0037523921499956225,5,8,2.3333333333333335
499410901033054208,2014-08-13T04:23:32+00:00,2014-08-13T05:38:20+00:00,4488.0,9,1,8,51.0,884.375,0.0017825311942959,0.12032085561497327,2,6,2.6666666666666665
499410965075886080,2014-08-13T04:23:47+00:00,2014-08-19T15:25:59+00:00,558132.0,35,1,34,425.0,213314.9705882353,6.0917489052768876e-05,0.0037625507944357246,6,17,2.2
499411596255719424,2014-08-13T04:26:17+00:00,2014-08-13T13:09:44+00:00,31407.0,11,1,10,244.0,6016.5,0.0003184003566083994,0.021014423536154358,4,6,2.5
499411738467794945,2014-08-13T04:26:51+00:00,2014-08-13T10:31:08+00:00,21857.0,19,1,18,124.0,2760.722222222222,0.0008235347943450611,0.05215720364185387,2,15,5.666666666666667
499411840733282304,2014-08-13T04:27:16+00:00,2014-08-13T09:27:03+00:00,17987.0,22,1,21,19.0,4206.476190476191,0.001167509868238172,0.0733863345749708,2,20,10.5
499412007573942272,2014-08-13T04:27:55+00:00,2014-08-13T04:27:55+00:00,0.0,1,1,0,0.0,0.0,0.0,0.0,0,0,0.0
499412661176926209,2014-08-13T04:30:31+00:00,2014-08-13T13:15:12+00:00,31481.0,12,1,11,162.0,4761.727272727273,0.0003494171087322512,0.02287093802611099,1,11,11.0
499412821671968769,2014-08-13T04:31:09+00:00,2014-08-13T04:31:09+00:00,0.0,1,1,0,0.0,0.0,0.0,0.0,0,0,0.0
499424290748780546,2014-08-13T05:16:44+00:00,2014-08-13T13:26:21+00:00,29377.0,9,1,8,1297.0,9852.875,0.00027232188446744054,0.018381727201552234,2,7,4.0
499426471300329472,2014-08-13T05:25:24+00:00,2014-08-13T11:41:58+00:00,22594.0,14,1,13,14.0,4181.0,0.0005753739930955121,0.037178011861556164,2,12,6.5
499427218171248641,2014-08-13T05:28:22+00:00,2014-08-13T05:54:01+00:00,1539.0,20,1,19,217.0,756.0526315789474,0.012345679012345678,0.7797270955165693,2,14,4.75
499427833102745600,2014-08-13T05:30:48+00:00,2014-08-13T05:53:15+00:00,1347.0,11,1,10,87.0,687.2,0.007423904974016332,0.48997772828507796,5,3,1.4285714285714286
499430225043009537,2014-08-13T05:40:19+00:00,2014-08-13T05:53:05+00:00,766.0,11,1,10,82.0,402.4,0.013054830287206266,0.8616187989556136,2,8,5.0
499431474731683841,2014-08-13T05:45:17+00:00,2014-08-13T05:45:17+00:00,0.0,1,1,0,0.0,0.0,0.0,0.0,0,0,0.0
499432169836531712,2014-08-13T05:48:02+00:00,2014-08-13T06:37:04+00:00,2942.0,11,1,10,151.0,1109.2,0.003399048266485384,0.22433718558803536,3,8,3.3333333333333335
499432557906104320,2014-08-13T05:49:35+00:00,2014-08-14T10:20:35+00:00,102660.0,62,1,61,170.0,7347.934426229508,0.000594194428209624,0.03623611922852133,6,36,2.857142857142857
499435341259223040,2014-08-13T06:00:39+00:00,2014-08-13T08:29:17+00:00,8918.0,6,1,5,157.0,2508.4,0.0005606638259699485,0.040367795469836286,1,5,5.0
499437429690888192,2014-08-13T06:08:57+00:00,2014-08-13T07:26:26+00:00,4649.0,7,1,6,83.0,1066.3333333333333,0.001290600129060013,0.0903420090342009,3,4,2.0
499438052688023552,2014-08-13T06:11:25+00:00,2014-08-13T06:16:36+00:00,311.0,11,1,10,21.0,140.8,0.03215434083601286,2.122186495176849,1,10,10.0
499438977774931968,2014-08-13T06:15:06+00:00,2014-08-22T05:11:30+00:00,773784.0,29,1,28,12.0,46204.92857142857,3.61858089596063e-05,0.0022486895567755344,4,15,2.875
499439550029381632,2014-08-13T06:17:22+00:00,2014-08-13T08:03:06+00:00,6344.0,13,1,12,65.0,1117.5,0.0018915510718789407,0.12295081967213115,4,9,3.0
499439571520991232,2014-08-13T06:17:27+00:00,2014-08-14T14:58:38+00:00,117671.0,31,1,30,389.0,45888.26666666667,0.0002549481180579752,0.015806783319594463,5,17,2.6363636363636362
499439795618480128,2014-08-13T06:18:21+00:00,2014-08-17T14:53:15+00:00,376494.0,120,1,119,107.0,79308.63025210085,0.00031607409414227054,0.01912381073801973,12,40,2.217391304347826
499440386767859712,2014-08-13T06:20:42+00:00,2014-08-15T07:27:48+00:00,176826.0,44,1,43,160.0,28590.20930232558,0.00024317690837320302,0.014929931118726885,8,22,2.15
499441454498852864,2014-08-13T06:24:56+00:00,2014-08-13T14:27:28+00:00,28952.0,18,1,17,60.0,3515.176470588235,0.0005871787786681403,0.03730312240950539,3,12,3.4
499444325646757888,2014-08-13T06:36:21+00:00,2014-08-13T06:46:11+00:00,590.0,3,1,2,453.0,521.5,0.003389830508474576,0.30508474576271183,1,2,2.0
499444395800682497,2014-08-13T06:36:37+00:00,2014-08-13T15:47:37+00:00,33060.0,4,1,3,1178.0,18621.0,9.074410163339382e-05,0.007259528130671506,1,3,3.0
499445575956578304,2014-08-13T06:41:19+00:00,2014-08-13T13:43:02+00:00,25303.0,7,1,6,165.0,9748.0,0.00023712603248626646,0.016598822274038652,1,6,6.0
499446112147628032,2014-08-13T06:43:27+00:00,2014-08-16T01:11:15+00:00,239268.0,7,1,6,283.0,117376.33333333333,2.5076483273985658e-05,0.001755353829178996,1,5,5.0
499446567229603841,2014-08-13T06:45:15+00:00,2014-08-15T00:04:41+00:00,148766.0,24,1,23,192.0,48533.913043478264,0.00015460521893443394,0.00967963109850369,8,12,2.5555555555555554
499448210789007360,2014-08-13T06:51:47+00:00,2014-08-18T15:42:05+00:00,463818.0,25,1,24,564.0,80190.58333333333,5.174443423929214e-05,0.0032340271399557583,3,16,2.6666666666666665
499453410744483842,2014-08-13T07:12:27+00:00,2014-08-13T16:57:28+00:00,35101.0,4,1,3,231.0,12640.333333333334,8.546765049428791e-05,0.006837412039543033,2,2,1.5
499453886474637312,2014-08-13T07:14:20+00:00,2014-08-16T21:48:31+00:00,311651.0,28,1,27,70.0,79376.55555555556,8.663537097586724e-05,0.005390645305165072,8,16,2.4545454545454546
499455799723184130,2014-08-13T07:21:56+00:00,2014-08-14T11:18:29+00:00,100593.0,20,1,19,277.0,36445.05263157895,0.00018887994194427047,0.011929259491217084,3,10,3.1666666666666665
499456140044824576,2014-08-13T07:23:17+00:00,2014-08-13T13:59:51+00:00,23794.0,11,1,10,100.0,5007.4,0.00042027401866016645,0.027738085231570984,2,8,3.3333333333333335
499456913902284800,2014-08-13T07:26:22+00:00,2014-08-13T11:48:18+00:00,15716.0,6,1,5,151.0,3489.4,0.0003181471112242301,0.022906592008144565,2,4,2.5
499457882144796672,2014-08-13T07:30:13+00:00,2014-08-14T05:34:59+00:00,79486.0,4,1,3,1059.0,36363.0,3.7742495533804696e-05,0.0030193996427043757,2,2,1.5
499463629251837952,2014-08-13T07:53:03+00:00,2014-08-13T20:26:07+00:00,45184.0,15,1,14,200.0,8105.0,0.0003098441926345609,0.0199185552407932,1,14,14.0
499464258183114754,2014-08-13T07:55:33+00:00,2014-08-13T07:55:33+00:00,0.0,1,1,0,0.0,0.0,0.0,0.0,0,0,0.0
499465611647275008,2014-08-13T08:00:56+00:00,2014-08-13T20:41:39+00:00,45643.0,8,1,7,111.0,15177.285714285714,0.00015336415222487565,0.01051639900970576,1,7,7.0
499467982943186944,2014-08-13T08:10:21+00:00,2014-08-13T21:36:15+00:00,48354.0,17,1,16,220.0,12955.8125,0.0003308929974769409,0.021094428589154984,3,8,3.0
499471162058231808,2014-08-13T08:22:59+00:00,2014-08-13T08:22:59+00:00,0.0,1,1,0,0.0,0.0,0.0,0.0,0,0,0.0
499472596853743618,2014-08-13T08:28:41+00:00,2014-08-13T21:59:00+00:00,48619.0,6,1,5,1502.0,16891.8,0.00010284045332071824,0.007404512639091713,2,4,2.5
499478126570004480,2014-08-13T08:50:39+00:00,2014-08-17T16:01:18+00:00,371439.0,25,1,24,88.0,63291.875,6.461357046513693e-05,0.004038348154071059,2,23,12.0
499478537468792832,2014-08-13T08:52:17+00:00,2014-08-13T08:52:17+00:00,0.0,1,1,0,0.0,0.0,0.0,0.0,0,0,0.0
499478732315566080,2014-08-13T08:53:04+00:00,2014-08-13T08:53:04+00:00,0.0,1,1,0,0.0,0.0,0.0,0.0,0,0,0.0
499481575059619840,2014-08-13T09:04:22+00:00,2014-08-13T13:07:56+00:00,14614.0,28,1,27,59.0,9850.62962962963,0.0018475434514848776,0.11495825920350349,8,12,2.25
499484255869612034,2014-08-13T09:15:01+00:00,2014-09-04T01:19:50+00:00,1872289.0,20,1,19,137.0,159086.63157894736,1.0148005996937439e-05,0.0006409266945434172,2,17,6.333333333333333
499488337338843137,2014-08-13T09:31:14+00:00,2014-08-14T02:55:04+00:00,62630.0,8,1,7,8097.0,18569.85714285714,0.00011176752355101389,0.00766405875778381,2,6,3.5
499490314718310400,2014-08-13T09:39:05+00:00,2014-08-13T09:39:05+00:00,0.0,1,1,0,0.0,0.0,0.0,0.0,0,0,0.0
499494187969298432,2014-08-13T09:54:29+00:00,2014-08-13T22:27:17+00:00,45168.0,25,1,24,1473.0,20380.916666666668,0.0005313496280552603,0.03320935175345378,6,10,2.1818181818181817
499497872564703233,2014-08-13T10:09:07+00:00,2014-08-13T17:10:26+00:00,25279.0,2,1,1,25279.0,25279.0,3.955852684046046e-05,0.0047470232208552555,1,1,1.0
499501246907432960,2014-08-13T10:22:32+00:00,2014-08-14T01:48:55+00:00,55583.0,47,1,46,1553.0,15403.260869565218,0.0008275911699620387,0.050734936941151075,6,16,2.0
499504676250066945,2014-08-13T10:36:09+00:00,2014-08-21T04:16:17+00:00,668408.0,15,1,14,124.0,57592.42857142857,2.094529090016876e-05,0.0013464829864394204,2,13,7.0
499507509171060736,2014-08-13T10:47:25+00:00,2014-08-13T11:58:29+00:00,4264.0,3,1,2,3034.0,3649.0,0.00046904315196998124,0.042213883677298315,1,2,2.0
499511714438971392,2014-08-13T11:04:07+00:00,2014-08-13T19:01:03+00:00,28616.0,60,1,59,900.0,10733.728813559323,0.0020617836175566115,0.12580374615599665,9,9,1.7142857142857142
499512318410375168,2014-08-13T11:06:31+00:00,2014-08-13T17:08:27+00:00,21716.0,9,1,8,1999.0,7625.875,0.0003683919690550746,0.024866457911217534,1,5,5.0
499514668814467072,2014-08-13T11:15:52+00:00,2014-08-13T19:51:20+00:00,30928.0,17,1,16,57.0,10755.4375,0.0005173305742369374,0.032979824107604756,4,7,1.7777777777777777
499517463457849345,2014-08-13T11:26:58+00:00,2014-08-21T14:53:10+00:00,703572.0,50,1,49,119.0,16762.979591836734,6.964461348660834e-05,0.004263955927751531,10,14,1.88
499519101644308480,2014-08-13T11:33:29+00:00,2014-08-13T16:14:57+00:00,16888.0,7,1,6,595.0,6967.666666666667,0.00035528185693983896,0.02486972998578873,2,4,2.0
499519439206092800,2014-08-13T11:34:49+00:00,2014-08-14T03:11:30+00:00,56201.0,20,1,19,287.0,12760.947368421053,0.0003380722762940161,0.021351933239622072,9,4,1.5833333333333333
499520839860367360,2014-08-13T11:40:23+00:00,2014-08-13T15:26:02+00:00,13539.0,17,1,16,203.0,7622.125,0.0011817711795553585,0.0753379126966541,3,12,3.2
499524024012386304,2014-08-13T11:53:02+00:00,2014-08-14T08:23:16+00:00,73814.0,2,1,1,73814.0,73814.0,1.3547565502479204e-05,0.0016257078602975046,1,1,1.0
499525020708634625,2014-08-13T11:57:00+00:00,2014-08-15T10:52:56+00:00,168956.0,32,1,31,45.0,17646.74193548387,0.00018347972253130994,0.011363905395487582,5,22,3.1
499526002469797888,2014-08-13T12:00:54+00:00,2014-08-13T16:05:43+00:00,14689.0,18,1,17,153.0,4952.470588235294,0.0011573286132480088,0.07352440601810879,2,15,5.666666666666667
499527157023277056,2014-08-13T12:05:29+00:00,2014-08-14T01:55:41+00:00,49812.0,10,1,9,155.0,10195.333333333334,0.00018067935437244038,0.012045290291496024,1,9,9.0
499529014797557760,2014-08-13T12:12:52+00:00,2014-08-13T15:48:17+00:00,12925.0,19,1,18,89.0,4828.277777777777,0.0013926499032882011,0.08820116054158608,1,18,18.0
499530130487017472,2014-08-13T12:17:18+00:00,2014-09-12T21:02:40+00:00,2623522.0,25,1,24,292.0,113583.75,9.148007906928167e-06,0.0005717504941830105,5,12,2.1818181818181817
499530401136668672,2014-08-13T12:18:23+00:00,2014-08-14T13:41:55+00:00,91412.0,12,1,11,343.0,14308.363636363636,0.00012033431059379513,0.007876427602502954,3,9,3.6666666666666665
499531968229683200,2014-08-13T12:24:36+00:00,2014-08-13T18:27:14+00:00,21758.0,14,1,13,2870.0,18701.46153846154,0.0005974813861568159,0.0386064895670558,5,5,2.0
499532858399412224,2014-08-13T12:28:08+00:00,2014-08-13T15:38:38+00:00,11430.0,19,1,18,408.0,5302.055555555556,0.0015748031496062992,0.09973753280839895,2,17,9.0
499536812109742080,2014-08-13T12:43:51+00:00,2014-08-13T17:23:36+00:00,16785.0,19,1,18,140.0,4112.722222222223,0.0010723860589812334,0.0679177837354781,3,12,3.0
499540195734065152,2014-08-13T12:57:18+00:00,2014-08-13T12:57:18+00:00,0.0,1,1,0,0.0,0.0,0.0,0.0,0,0,0.0
499541439962185729,2014-08-13T13:02:14+00:00,2014-08-14T13:30:09+00:00,88075.0,106,1,105,197.0,14646.6,0.0011921657678115242,0.07221118365029804,15,13,2.28
499542449753051136,2014-08-13T13:06:15+00:00,2014-08-13T21:45:31+00:00,31156.0,18,1,17,315.0,5573.411764705882,0.0005456412889973039,0.0346642701245346,3,15,5.666666666666667
499553298668859392,2014-08-13T13:49:22+00:00,2014-08-15T02:55:43+00:00,133581.0,27,1,26,200.0,24915.03846153846,0.0001946384590622918,0.012127473218496642,12,8,1.8571428571428572
499553426133753857,2014-08-13T13:49:52+00:00,2014-08-14T06:41:35+00:00,60703.0,8,1,7,87.0,12439.42857142857,0.00011531555277333904,0.00790735219017182,2,6,3.5
499553513471741954,2014-08-13T13:50:13+00:00,2014-08-13T15:41:04+00:00,6651.0,6,1,5,1568.0,4992.2,0.0007517666516313336,0.05412719891745602,3,3,1.6666666666666667
499553593041903616,2014-08-13T13:50:32+00:00,2014-08-13T13:50:32+00:00,0.0,1,1,0,0.0,0.0,0.0,0.0,0,0,0.0
499554114024771584,2014-08-13T13:52:36+00:00,2014-08-13T14:32:54+00:00,2418.0,39,1,38,52.0,1125.8684210526317,0.015715467328370553,0.967741935483871,12,7,1.9
499554248292458499,2014-08-13T13:53:08+00:00,2014-08-18T06:01:26+00:00,403698.0,13,1,12,1789.0,116745.16666666667,2.9725190612784804e-05,0.0019321373898310123,2,11,6.0
499556227874304000,2014-08-13T14:01:00+00:00,2014-08-13T14:01:00+00:00,0.0,1,1,0,0.0,0.0,0.0,0.0,0,0,0.0
499560002341044224,2014-08-13T14:16:00+00:00,2014-08-16T16:36:56+00:00,267656.0,102,1,101,89.0,45130.13861386139,0.00037735003138356695,0.022865170218489404,16,16,1.6610169491525424
499563566786433024,2014-08-13T14:30:10+00:00,2014-08-25T05:39:07+00:00,1004937.0,36,1,35,1039.0,720589.0857142857,3.4828053897906035e-05,0.0021493884691279152,10,9,1.9444444444444444
499564237552115712,2014-08-13T14:32:50+00:00,2014-08-13T17:36:44+00:00,11034.0,5,1,4,3668.0,7207.0,0.00036251586006887804,0.02718868950516585,1,4,4.0
499565555645685760,2014-08-13T14:38:04+00:00,2014-08-13T20:54:51+00:00,22607.0,8,1,7,91.0,5487.285714285715,0.00030963860751094795,0.02123236165789357,1,7,7.0
499567797064957952,2014-08-13T14:46:59+00:00,2014-08-31T20:04:54+00:00,1574275.0,38,1,37,675.0,89750.64864864865,2.350288227914437e-05,0.0014482857188229503,4,31,5.285714285714286
499568802267672576,2014-08-13T14:50:58+00:00,2014-08-14T10:54:23+00:00,72205.0,12,1,11,120.0,23232.090909090908,0.0001523440204971955,0.009971608614361886,3,8,2.75
499569344184340480,2014-08-13T14:53:07+00:00,2014-08-15T05:06:03+00:00,137576.0,20,1,19,209.0,19901.157894736843,0.00013810548351456649,0.008722451590393672,6,12,2.375
499571347375136768,2014-08-13T15:01:05+00:00,2014-08-13T18:27:00+00:00,12355.0,19,1,18,249.0,8476.333333333334,0.0014569000404694456,0.09227033589639823,6,8,2.0
499571799764770816,2014-08-13T15:02:53+00:00,2014-08-27T22:11:59+00:00,1235346.0,36,1,35,62.0,49531.91428571429,2.8332143383311235e-05,0.001748497991655779,3,19,3.857142857142857
499574200596983808,2014-08-13T15:12:25+00:00,2014-08-13T19:15:16+00:00,14571.0,18,1,17,604.0,5304.0,0.0011667009814014138,0.07411982705373688,4,8,2.4285714285714284
499575076468305923,2014-08-13T15:15:54+00:00,2014-08-14T04:52:54+00:00,49020.0,12,1,11,1194.0,12372.09090909091,0.0002243982048143615,0.014687882496940025,3,9,3.6666666666666665
499576743967993856,2014-08-13T15:22:32+00:00,2014-08-23T14:22:21+00:00,860389.0,35,1,34,158.0,112138.5,3.951700916678386e-05,0.00244075644853665,5,26,5.5
499579650926858240,2014-08-13T15:34:05+00:00,2014-08-14T01:59:57+00:00,37552.0,4,1,3,32561.0,34599.0,7.988922028121005e-05,0.006391137622496804,1,3,3.0
499579905508917248,2014-08-13T15:35:05+00:00,2014-08-13T19:02:47+00:00,12462.0,15,1,14,161.0,4178.285714285715,0.0011234151821537474,0.07221954742416947,1,14,14.0
499581469027618816,2014-08-13T15:41:18+00:00,2014-08-14T14:22:54+00:00,81696.0,14,1,13,234.0,65069.846153846156,0.00015912651782216998,0.010282021151586369,8,5,1.5
499581876668227584,2014-08-13T15:42:55+00:00,2014-08-13T15:42:55+00:00,0.0,1,1,0,0.0,0.0,0.0,0.0,0,0,0.0
499583349267382273,2014-08-13T15:48:46+00:00,2014-08-13T15:48:46+00:00,0.0,1,1,0,0.0,0.0,0.0,0.0,0,0,0.0
499583424114728961,2014-08-13T15:49:04+00:00,2014-08-13T20:30:30+00:00,16886.0,14,1,13,2845.0,5601.923076923077,0.000769868530143314,0.049745351178491055,5,6,1.625
499584511710351361,2014-08-13T15:53:24+00:00,2014-08-13T21:21:26+00:00,19682.0,2,1,1,19682.0,19682.0,5.08078447312265e-05,0.00609694136774718,1,1,1.0
499584606878715905,2014-08-13T15:53:46+00:00,2014-08-13T17:14:58+00:00,4872.0,19,1,18,111.0,1169.5,0.003694581280788177,0.23399014778325122,2,17,9.0
499584618165567488,2014-08-13T15:53:49+00:00,2014-08-13T16:41:35+00:00,2866.0,19,1,18,38.0,1427.1666666666667,0.00628053035589672,0.39776692254012563,3,11,4.5
499585144416514048,2014-08-13T15:55:54+00:00,2014-08-14T15:02:02+00:00,83168.0,57,1,56,35.0,22192.73214285714,0.0006733358984224702,0.04112158522508657,11,16,2.736842105263158
499586890837016579,2014-08-13T16:02:51+00:00,2014-08-14T03:12:47+00:00,40196.0,9,1,8,2847.0,15461.5,0.0001990247785849338,0.013434172554483034,2,6,4.0
499588291335692288,2014-08-13T16:08:25+00:00,2014-08-13T19:20:46+00:00,11541.0,31,1,30,78.0,2952.3333333333335,0.0025994281258123215,0.16116454380036394,3,26,6.0
499589336816308227,2014-08-13T16:12:34+00:00,2014-08-14T18:43:14+00:00,95440.0,19,1,18,10540.0,63694.0,0.00018860016764459347,0.011944677284157585,1,17,17.0
499590048313262080,2014-08-13T16:15:24+00:00,2014-08-14T11:11:57+00:00,68193.0,32,1,31,92.0,20992.612903225807,0.0004545921135600428,0.02815538251726717,3,25,6.2
499590929611640832,2014-08-13T16:18:54+00:00,2014-08-14T16:57:06+00:00,88692.0,12,1,11,90.0,16050.09090909091,0.0001240247147431561,0.008117981328642944,1,11,11.0
499592320900431872,2014-08-13T16:24:25+00:00,2014-08-13T21:23:41+00:00,17956.0,80,1,79,1605.0,11764.645569620254,0.004399643573178882,0.2673201158387169,20,10,1.4107142857142858
499595283504701440,2014-08-13T16:36:12+00:00,2014-08-13T19:38:57+00:00,10965.0,48,1,47,43.0,4933.63829787234,0.004286365709074327,0.26265389876880985,8,9,1.875
499596695705894912,2014-08-13T16:41:48+00:00,2014-08-20T02:31:46+00:00,553798.0,53,1,52,228.0,41551.692307692305,9.389705271597225e-05,0.005742165916092149,9,11,1.4705882352941178
499598115888848896,2014-08-13T16:47:27+00:00,2014-08-13T16:47:27+00:00,0.0,1,1,0,0.0,0.0,0.0,0.0,0,0,0.0
499598154581303296,2014-08-13T16:47:36+00:00,2014-08-14T19:47:32+00:00,97196.0,109,1,108,351.0,12972.277777777777,0.0011111568377299478,0.06728671961809128,14,14,1.7735849056603774
499598945417703424,2014-08-13T16:50:45+00:00,2014-08-14T14:06:04+00:00,76519.0,8,1,7,256.0,25389.14285714286,9.148054731504593e-05,0.006272951815888865,2,5,3.5
499600140580044800,2014-08-13T16:55:30+00:00,2014-08-14T18:14:56+00:00,91166.0,53,1,52,12.0,8820.865384615385,0.0005703880832766601,0.03488142509268806,9,38,4.0
499601812005998592,2014-08-13T17:02:08+00:00,2014-08-14T01:03:57+00:00,28909.0,10,1,9,126.0,8692.333333333334,0.00031132173371614376,0.02075478224774292,3,4,1.75
499601956491374594,2014-08-13T17:02:43+00:00,2014-08-13T21:24:04+00:00,15681.0,6,1,5,556.0,7267.0,0.00031885721573879215,0.022957719533193033,1,5,5.0
499602333404504064,2014-08-13T17:04:13+00:00,2014-08-14T17:21:10+00:00,87417.0,19,1,18,128.0,36402.444444444445,0.00020590960568310512,0.013040941693263324,4,14,3.6
499602370917978112,2014-08-13T17:04:22+00:00,2014-08-13T17:21:46+00:00,1044.0,18,1,17,35.0,402.7647058823529,0.016283524904214558,1.0344827586206897,2,15,5.666666666666667
499602989133594624,2014-08-13T17:06:49+00:00,2014-08-13T17:13:27+00:00,398.0,2,1,1,398.0,398.0,0.002512562814070352,0.3015075376884422,1,1,1.0
499604750888083456,2014-08-13T17:13:49+00:00,2014-08-14T15:37:56+00:00,80647.0,13,1,12,3817.0,26853.75,0.00014879660743735042,0.009671779483427779,2,10,6.0
499605248747786240,2014-08-13T17:15:48+00:00,2014-08-14T13:10:26+00:00,71678.0,39,1,38,1104.0,9625.921052631578,0.0005301487206674293,0.03264600016741538,13,6,1.8095238095238095
499606278910398464,2014-08-13T17:19:53+00:00,2014-08-14T06:25:08+00:00,47115.0,17,1,16,279.0,11245.875,0.00033959460893558314,0.021649156319643426,2,13,4.0
499606771246567424,2014-08-13T17:21:51+00:00,2014-08-13T17:21:51+00:00,0.0,1,1,0,0.0,0.0,0.0,0.0,0,0,0.0
499607500187250689,2014-08-13T17:24:44+00:00,2014-08-13T17:49:45+00:00,1501.0,18,1,17,84.0,686.0588235294117,0.011325782811459028,0.7195203197868089,3,11,3.75
499608179362521088,2014-08-13T17:27:26+00:00,2014-08-13T18:45:47+00:00,4701.0,16,1,15,406.0,2097.5333333333333,0.003190810465858328,0.204211869814933,2,12,4.666666666666667
499610913112989696,2014-08-13T17:38:18+00:00,2014-08-13T21:47:21+00:00,14943.0,18,1,17,376.0,6639.823529411765,0.0011376564277588168,0.07227464364585424,4,9,2.8
499611069565112320,2014-08-13T17:38:55+00:00,2014-08-14T04:51:36+00:00,40361.0,5,1,4,20693.0,27634.25,9.910557221079755e-05,0.007432917915809817,2,3,2.0
499611719090450432,2014-08-13T17:41:30+00:00,2014-08-14T04:34:57+00:00,39207.0,71,1,70,109.0,9518.357142857143,0.0017853954650955187,0.10865406687581299,12,12,1.4565217391304348
499612195756728320,2014-08-13T17:43:24+00:00,2014-08-15T01:16:50+00:00,113606.0,15,1,14,120.0,12608.07142857143,0.00012323292783831839,0.007922116789606182,2,11,3.5
499612545909415938,2014-08-13T17:44:47+00:00,2014-08-14T18:51:12+00:00,90385.0,28,1,27,29.0,26106.333333333332,0.000298722133097306,0.018587154948276816,4,19,5.4
499613731312005121,2014-08-13T17:49:30+00:00,2014-08-13T22:22:27+00:00,16377.0,10,1,9,55.0,2853.8888888888887,0.000549551199853453,0.03663674665689687,1,9,9.0
499615655906533376,2014-08-13T17:57:09+00:00,2014-08-13T18:47:22+00:00,3013.0,19,1,18,73.0,824.3888888888889,0.005974112180550946,0.3783604381015599,1,18,18.0
499619724222038016,2014-08-13T18:13:19+00:00,2014-08-13T20:25:19+00:00,7920.0,17,1,16,129.0,2610.3125,0.00202020202020202,0.12878787878787878,2,13,4.0
499620598994444288,2014-08-13T18:16:47+00:00,2014-08-13T23:43:13+00:00,19586.0,26,1,25,213.0,13110.64,0.0012764219340345145,0.0796487286837537,9,7,1.4705882352941178
499620682502635520,2014-08-13T18:17:07+00:00,2014-08-14T04:38:16+00:00,37269.0,50,1,49,143.0,5669.265306122449,0.0013147656229037538,0.08049585446349514,11,26,2.45
499621957747224576,2014-08-13T18:22:11+00:00,2014-08-13T23:52:06+00:00,19795.0,11,1,10,176.0,11493.3,0.0005051780752715333,0.03334175296792119,1,10,10.0
499622667142844416,2014-08-13T18:25:01+00:00,2014-08-13T23:39:56+00:00,18895.0,18,1,17,187.0,4629.294117647059,0.0008997089177030961,0.05715797830113786,2,13,3.4
499626055251271682,2014-08-13T18:38:28+00:00,2014-08-14T04:33:01+00:00,35673.0,15,1,14,782.0,18392.714285714286,0.0003924536764499762,0.025229164914641326,3,9,2.3333333333333335
499635247311781889,2014-08-13T19:15:00+00:00,2014-08-13T19:15:00+00:00,0.0,1,1,0,0.0,0.0,0.0,0.0,0,0,0.0
499635302764662784,2014-08-13T19:15:13+00:00,2014-08-14T04:34:56+00:00,33583.0,99,1,98,60.0,10268.387755102041,0.0029181431081201797,0.17687520471667212,11,41,2.130434782608696
499636076852420608,2014-08-13T19:18:18+00:00,2014-08-13T19:37:49+00:00,1171.0,3,1,2,868.0,1019.5,0.0017079419299743809,0.1537147736976943,1,2,2.0
499637476315910146,2014-08-13T19:23:51+00:00,2014-08-21T18:14:26+00:00,687035.0,61,1,60,897.0,35782.51666666667,8.733179532338236e-05,0.005327239514726323,20,4,1.3571428571428572
499638207987089408,2014-08-13T19:26:46+00:00,2014-08-14T14:45:13+00:00,69507.0,19,1,18,103.0,15517.388888888889,0.00025896672277612325,0.01640122577582114,1,18,18.0
499642374428307457,2014-08-13T19:43:19+00:00,2014-08-13T20:26:20+00:00,2581.0,3,1,2,446.0,1513.5,0.0007748934521503294,0.06974041069352964,1,2,2.0
499642704687816706,2014-08-13T19:44:38+00:00,2014-08-20T13:24:54+00:00,582016.0,6,1,5,227.0,208224.0,8.590829118099846e-06,0.000618539696503189,2,4,2.5
499643185581142016,2014-08-13T19:46:33+00:00,2014-08-16T08:07:43+00:00,217270.0,46,1,45,78869.0,92821.75555555556,0.0002071155704883325,0.012703088323284394,3,29,4.090909090909091
499647059688173569,2014-08-13T20:01:56+00:00,2014-08-14T07:06:21+00:00,39865.0,22,1,21,73.0,17501.85714285714,0.0005267778753292362,0.03311175216355199,4,12,3.0
499647397278937088,2014-08-13T20:03:17+00:00,2014-08-16T20:14:19+00:00,259862.0,2,1,1,259862.0,259862.0,3.8481963503705815e-06,0.00046178356204446973,1,1,1.0
499648409767538688,2014-08-13T20:07:18+00:00,2014-08-13T21:46:46+00:00,5968.0,39,1,38,46.0,2101.0526315789475,0.006367292225201072,0.3920911528150134,5,27,3.8
499648712596271107,2014-08-13T20:08:30+00:00,2014-08-13T20:13:44+00:00,314.0,18,1,17,51.0,184.8235294117647,0.054140127388535034,3.4394904458598727,2,15,5.666666666666667
499649230181388289,2014-08-13T20:10:34+00:00,2014-08-14T19:45:45+00:00,84911.0,39,1,38,170.0,29875.684210526317,0.00044752741105392703,0.027558266891215506,3,24,3.888888888888889
499649754822103040,2014-08-13T20:12:39+00:00,2014-08-13T20:20:59+00:00,500.0,19,1,18,33.0,245.83333333333334,0.036,2.28,3,15,5.666666666666667
499649813332639744,2014-08-13T20:12:53+00:00,2014-08-14T13:23:10+00:00,61817.0,5,1,4,2796.0,18139.0,6.470711940081208e-05,0.004853033955060906,1,4,4.0
499649872534831104,2014-08-13T20:13:07+00:00,2014-08-13T20:27:43+00:00,876.0,17,1,16,122.0,481.8125,0.0182648401826484,1.1643835616438356,3,13,5.333333333333333
499650234914713600,2014-08-13T20:14:33+00:00,2014-08-13T21:29:03+00:00,4470.0,3,1,2,700.0,2585.0,0.00044742729306487697,0.040268456375838924,1,2,2.0
499650640314777601,2014-08-13T20:16:10+00:00,2014-08-13T22:01:54+00:00,6344.0,5,1,4,47.0,2184.25,0.0006305170239596469,0.04728877679697352,1,4,4.0
499651344622694400,2014-08-13T20:18:58+00:00,2014-08-13T22:05:58+00:00,6420.0,61,1,60,110.0,3684.633333333333,0.009345794392523364,0.5700934579439252,2,43,8.666666666666666
499651830951841794,2014-08-13T20:20:54+00:00,2014-08-14T00:41:33+00:00,15639.0,7,1,6,238.0,4591.5,0.0003836562440053712,0.026855937080375987,2,5,3.0
499652256288235521,2014-08-13T20:22:35+00:00,2014-08-14T01:22:15+00:00,17980.0,5,1,4,2399.0,10187.5,0.0002224694104560623,0.01668520578420467,2,3,2.0
499652628825899009,2014-08-13T20:24:04+00:00,2014-08-14T02:15:12+00:00,21068.0,19,1,18,554.0,11396.388888888889,0.0008543763052971331,0.0541104993354851,5,7,1.5
499652797030088704,2014-08-13T20:24:44+00:00,2014-08-13T20:24:44+00:00,0.0,1,1,0,0.0,0.0,0.0,0.0,0,0,0.0
499653470417199105,2014-08-13T20:27:25+00:00,2014-08-13T21:10:45+00:00,2600.0,4,1,3,966.0,1744.0,0.001153846153846154,0.0923076923076923,1,3,3.0
499654272342953984,2014-08-13T20:30:36+00:00,2014-08-14T02:08:36+00:00,20280.0,9,1,8,192.0,7715.375,0.0003944773175542406,0.026627218934911243,2,6,4.0
499654313870761984,2014-08-13T20:30:46+00:00,2014-08-13T20:30:46+00:00,0.0,1,1,0,0.0,0.0,0.0,0.0,0,0,0.0
499655249398075392,2014-08-13T20:34:29+00:00,2014-08-15T16:26:41+00:00,157932.0,41,1,40,528.0,6796.775,0.0002532735607729909,0.015576323987538943,6,24,3.3333333333333335
499655603405725696,2014-08-13T20:35:53+00:00,2014-08-14T01:19:26+00:00,17013.0,18,1,17,182.0,6982.823529411765,0.0009992358784458944,0.06348086757185681,2,13,8.0
499655869412286464,2014-08-13T20:36:57+00:00,2014-08-14T20:00:45+00:00,84228.0,18,1,17,448.0,26799.58823529412,0.00020183311962767726,0.01282233936458185,4,11,2.4285714285714284
499657337548701696,2014-08-13T20:42:47+00:00,2014-08-14T01:54:12+00:00,18685.0,28,1,27,200.0,7292.333333333333,0.001445009365801445,0.0899116938720899,7,16,3.0
499657337985323009,2014-08-13T20:42:47+00:00,2014-08-14T14:47:47+00:00,65100.0,24,1,23,138.0,10007.782608695652,0.0003533026113671275,0.022119815668202765,10,12,2.090909090909091
499657584836874240,2014-08-13T20:43:46+00:00,2014-08-14T12:29:29+00:00,56743.0,10,1,9,157.0,9411.888888888889,0.00015860987258340236,0.010573991505560158,3,6,2.25
499658267493019651,2014-08-13T20:46:28+00:00,2014-08-15T13:15:40+00:00,145752.0,19,1,18,196.0,65939.61111111111,0.0001234974477194138,0.00782150502222954,4,12,4.5
499659628645720064,2014-08-13T20:51:53+00:00,2014-08-14T12:42:22+00:00,57029.0,40,1,39,232.0,13655.179487179486,0.0006838625962229742,0.042083852075259956,7,18,2.2941176470588234
499660656769921025,2014-08-13T20:55:58+00:00,2014-08-13T21:04:01+00:00,483.0,6,1,5,343.0,412.4,0.010351966873706004,0.7453416149068323,3,3,1.6666666666666667
499660768908832771,2014-08-13T20:56:25+00:00,2014-08-18T09:51:44+00:00,392119.0,10,1,9,45.0,88656.66666666667,2.295221603645832e-05,0.0015301477357638881,1,9,9.0
499660771857809409,2014-08-13T20:56:25+00:00,2014-08-14T14:15:10+00:00,62325.0,21,1,20,2698.0,17474.4,0.0003208985158443642,0.020216606498194945,6,5,2.0
499662307560263680,2014-08-13T21:02:32+00:00,2014-08-14T01:21:38+00:00,15546.0,19,1,18,118.0,7502.111111111111,0.0011578541103820917,0.07333076032419915,3,12,3.75
499662393627410432,2014-08-13T21:02:52+00:00,2014-08-13T23:47:28+00:00,9876.0,13,1,12,122.0,1566.1666666666667,0.001215066828675577,0.07897934386391252,4,8,2.4
499663992697417728,2014-08-13T21:09:13+00:00,2014-08-14T13:34:56+00:00,59143.0,13,1,12,91.0,7948.666666666667,0.0002028980606327038,0.013188373941125745,2,11,6.0
499665704300191745,2014-08-13T21:16:01+00:00,2014-08-16T12:57:58+00:00,229317.0,17,1,16,257.0,16569.375,6.97724111164894e-05,0.0044479912086762,2,15,8.0
499665889198088192,2014-08-13T21:16:45+00:00,2014-08-13T23:02:02+00:00,6317.0,9,1,8,206.0,2265.0,0.0012664239354123793,0.0854836156403356,4,5,2.0
499667482354143232,2014-08-13T21:23:05+00:00,2014-08-14T12:00:44+00:00,52659.0,20,1,19,192.0,5473.421052631579,0.0003608120169391747,0.022788127385632087,3,13,2.7142857142857144
499667557247614977,2014-08-13T21:23:23+00:00,2014-08-14T03:01:22+00:00,20279.0,5,1,4,535.0,6155.0,0.00019724838502884758,0.014793628877163567,1,4,4.0
499668221767999488,2014-08-13T21:26:02+00:00,2014-08-15T11:37:40+00:00,137498.0,8,1,7,3679.0,63273.28571428572,5.090983141572968e-05,0.0034909598685071786,2,5,3.5
499669445548449793,2014-08-13T21:30:53+00:00,2014-08-14T00:56:40+00:00,12347.0,9,1,8,57.0,2763.875,0.0006479306714181583,0.04373532032072568,1,8,8.0
499669671034257408,2014-08-13T21:31:47+00:00,2014-08-14T16:02:49+00:00,66662.0,27,1,26,71.0,4876.2307692307695,0.00039002730191113377,0.024301701119078336,6,12,1.8571428571428572
499671635067437056,2014-08-13T21:39:35+00:00,2014-08-14T07:15:57+00:00,34582.0,22,1,21,1201.0,6660.714285714285,0.0006072523278005899,0.03817014631889422,6,6,1.7777777777777777
499672226887897089,2014-08-13T21:41:57+00:00,2014-08-13T21:41:57+00:00,0.0,1,1,0,0.0,0.0,0.0,0.0,0,0,0.0
499673142114013186,2014-08-13T21:45:35+00:00,2014-08-18T03:57:05+00:00,367890.0,66,1,65,955.0,31102.46153846154,0.00017668324770991328,0.010764087091250102,9,40,2.9545454545454546
499673760484433921,2014-08-13T21:48:02+00:00,2014-08-15T23:54:43+00:00,180401.0,25,1,24,189.0,25660.708333333332,0.00013303695655789046,0.008314809784868154,2,23,12.0
499674159916789760,2014-08-13T21:49:37+00:00,2014-08-14T04:57:00+00:00,25643.0,19,1,18,54.0,8511.777777777777,0.0007019459501618375,0.04445657684358305,2,17,9.0
499674825753772033,2014-08-13T21:52:16+00:00,2014-08-18T19:20:22+00:00,422886.0,8,1,7,26958.0,83929.42857142857,1.6552924428805874e-05,0.0011350576751181169,2,2,2.0
499674902060744704,2014-08-13T21:52:34+00:00,2014-08-13T21:52:34+00:00,0.0,1,1,0,0.0,0.0,0.0,0.0,0,0,0.0
499674991294951424,2014-08-13T21:52:56+00:00,2014-08-14T04:25:59+00:00,23583.0,14,1,13,5280.0,9421.461538461539,0.0005512445405588772,0.03561887800534283,3,11,4.333333333333333
499676350064508928,2014-08-13T21:58:20+00:00,2014-08-13T21:58:20+00:00,0.0,1,1,0,0.0,0.0,0.0,0.0,0,0,0.0
499678305134448641,2014-08-13T22:06:06+00:00,2014-08-14T09:01:47+00:00,39341.0,6,1,5,346.0,14910.0,0.00012709387153351465,0.009150758750413057,2,3,2.5
499678822598340608,2014-08-13T22:08:09+00:00,2014-08-14T00:58:51+00:00,10242.0,23,1,22,81.0,3970.8636363636365,0.002148017965241164,0.1347393087287639,4,16,4.4
499679142766735362,2014-08-13T22:09:25+00:00,2014-08-14T19:24:01+00:00,76476.0,33,1,32,894.0,23235.75,0.00041843192635598094,0.025890475443276325,3,26,5.333333333333333
499679986727411715,2014-08-13T22:12:47+00:00,2014-08-14T11:27:31+00:00,47684.0,8,1,7,7018.0,17634.0,0.0001467997651203758,0.01006626960825434,1,7,7.0
499681614549377024,2014-08-13T22:19:15+00:00,2014-08-13T22:46:28+00:00,1633.0,17,1,16,144.0,934.125,0.009797917942437232,0.6246172688303736,1,16,16.0
499682060793937921,2014-08-13T22:21:01+00:00,2014-08-17T23:18:52+00:00,349071.0,103,1,102,98.0,28325.0,0.000292204164768772,0.017704134688931478,20,29,1.9245283018867925
499683602452717569,2014-08-13T22:27:09+00:00,2014-08-15T02:16:37+00:00,100168.0,32,1,31,640.0,22283.677419354837,0.00030948007347655936,0.019167798099193355,5,27,6.2
499684402616864768,2014-08-13T22:30:19+00:00,2014-08-14T03:00:02+00:00,16183.0,14,1,13,141.0,3969.3846153846152,0.0008033121176543286,0.051906321448433546,2,11,6.5
499685593857531906,2014-08-13T22:35:03+00:00,2014-08-13T22:35:03+00:00,0.0,1,1,0,0.0,0.0,0.0,0.0,0,0,0.0
499687274326786049,2014-08-13T22:41:44+00:00,2014-08-14T04:37:59+00:00,21375.0,8,1,7,36.0,5674.0,0.00032748538011695904,0.02245614035087719,1,7,7.0
499687644045918210,2014-08-13T22:43:12+00:00,2014-08-26T03:13:26+00:00,1053014.0,42,1,41,17602.0,112473.0,3.893585460402236e-05,0.002393130575661862,6,22,2.5625
499688532391526400,2014-08-13T22:46:44+00:00,2014-08-14T04:09:35+00:00,19371.0,37,1,36,200.0,6819.888888888889,0.0018584481957565433,0.11460430540498683,3,27,4.5
499688832300630016,2014-08-13T22:47:56+00:00,2014-08-13T23:50:44+00:00,3768.0,37,1,36,35.0,802.0555555555555,0.009554140127388535,0.589171974522293,10,5,1.3846153846153846
499689349420568577,2014-08-13T22:49:59+00:00,2014-08-14T12:07:11+00:00,47832.0,230,1,229,98.0,6080.6419213973795,0.00478758989797625,0.28850978424485696,16,48,2.1839080459770117
499689438092726273,2014-08-13T22:50:20+00:00,2014-08-13T23:20:46+00:00,1826.0,20,1,19,43.0,411.1578947368421,0.0104052573932092,0.6571741511500547,2,16,4.75
499689757652566016,2014-08-13T22:51:36+00:00,2014-08-14T00:34:25+00:00,6169.0,15,1,14,70.0,1092.5,0.0022694115739990274,0.14589074404279462,3,12,4.666666666666667
499689919929798657,2014-08-13T22:52:15+00:00,2014-08-14T00:07:09+00:00,4494.0,18,1,17,183.0,1582.4117647058824,0.0037828215398308857,0.24032042723631508,2,15,5.666666666666667
499690032601772032,2014-08-13T22:52:42+00:00,2014-08-13T22:52:42+00:00,0.0,1,1,0,0.0,0.0,0.0,0.0,0,0,0.0
499690323883589632,2014-08-13T22:53:51+00:00,2014-08-14T01:01:26+00:00,7655.0,8,1,7,77.0,1555.4285714285713,0.000914435009797518,0.06270411495754409,2,5,3.0
499690351875981313,2014-08-13T22:53:58+00:00,2014-08-14T03:38:28+00:00,17070.0,3,1,2,3656.0,10363.0,0.00011716461628588167,0.01054481546572935,1,2,2.0
499690604302192640,2014-08-13T22:54:58+00:00,2014-08-14T02:10:51+00:00,11753.0,10,1,9,63.0,5427.444444444444,0.0007657619331234578,0.05105079554156386,2,8,4.5
499690835059814400,2014-08-13T22:55:53+00:00,2014-08-13T22:55:53+00:00,0.0,1,1,0,0.0,0.0,0.0,0.0,0,0,0.0
499690869784846336,2014-08-13T22:56:01+00:00,2014-08-13T23:52:00+00:00,3359.0,19,1,18,249.0,1699.888888888889,0.005358737719559393,0.33938672223876154,1,15,15.0
499691224169590784,2014-08-13T22:57:26+00:00,2014-08-14T00:43:37+00:00,6371.0,14,1,13,23.0,1106.2307692307693,0.00204049599748862,0.13184743368388008,4,8,2.6
499691429359517696,2014-08-13T22:58:15+00:00,2014-08-13T23:42:03+00:00,2628.0,12,1,11,44.0,568.6363636363636,0.004185692541856925,0.27397260273972607,2,10,5.5
499691501136650240,2014-08-13T22:58:32+00:00,2014-08-14T00:07:16+00:00,4124.0,5,1,4,152.0,1441.5,0.0009699321047526673,0.07274490785645005,1,4,4.0
499691556652449792,2014-08-13T22:58:45+00:00,2014-08-15T04:37:20+00:00,106715.0,14,1,13,458.0,20657.30769230769,0.00012181980040294242,0.00787143325680551,4,10,3.25
499691593985957888,2014-08-13T22:58:54+00:00,2014-08-13T23:11:57+00:00,783.0,3,1,2,306.0,544.5,0.002554278416347382,0.22988505747126436,1,2,2.0
499691638424608768,2014-08-13T22:59:05+00:00,2014-08-14T00:30:55+00:00,5510.0,6,1,5,135.0,1437.8,0.0009074410163339383,0.06533575317604357,1,5,5.0
499691702660374528,2014-08-13T22:59:20+00:00,2014-08-15T10:38:12+00:00,128332.0,51,1,50,31.0,4517.56,0.00038961443755259793,0.023844403578218994,3,44,12.25
499691814358888448,2014-08-13T22:59:47+00:00,2014-08-14T20:29:39+00:00,77392.0,17,1,16,340.0,12052.5625,0.0002067397146991937,0.0131796568120736,2,14,5.333333333333333
499692099005325312,2014-08-13T23:00:54+00:00,2014-08-14T05:43:25+00:00,24151.0,8,1,7,783.0,4565.0,0.0002898430706803031,0.019874953418077927,1,7,7.0
499692589143298049,2014-08-13T23:02:51+00:00,2014-08-14T11:30:44+00:00,44873.0,49,1,48,136.0,9926.541666666666,0.0010696855570164687,0.06551824036725871,10,16,2.0
499692788993511424,2014-08-13T23:03:39+00:00,2014-08-14T01:38:35+00:00,9296.0,32,1,31,843.0,3042.1935483870966,0.0033347676419965577,0.20654044750430292,6,15,2.2142857142857144
499692915954704384,2014-08-13T23:04:09+00:00,2014-08-19T14:10:47+00:00,486398.0,34,1,33,136.0,25008.878787878788,6.784567370753992e-05,0.0041940961928297405,5,23,3.0
499693137670205440,2014-08-13T23:05:02+00:00,2014-08-14T09:07:40+00:00,36158.0,23,1,22,40.0,2088.5454545454545,0.0006084407323413906,0.038165827755959954,4,15,3.142857142857143
499693411503726592,2014-08-13T23:06:07+00:00,2014-08-13T23:15:32+00:00,565.0,18,1,17,50.0,285.7647058823529,0.03008849557522124,1.9115044247787611,2,16,8.5
499693751720501248,2014-08-13T23:07:28+00:00,2014-08-14T04:57:47+00:00,21019.0,26,1,25,95.0,3000.2,0.0011894000666064037,0.07421856415623959,1,25,25.0
499693808515182592,2014-08-13T23:07:42+00:00,2014-08-13T23:07:42+00:00,0.0,1,1,0,0.0,0.0,0.0,0.0,0,0,0.0
499694783691239424,2014-08-13T23:11:34+00:00,2014-08-13T23:37:16+00:00,1542.0,39,1,38,593.0,1127.6842105263158,0.02464332036316472,1.517509727626459,4,24,3.4545454545454546
499695028407922689,2014-08-13T23:12:33+00:00,2014-08-14T19:48:14+00:00,74141.0,15,1,14,249.0,13503.142857142857,0.00018882939264374638,0.012139032384240838,4,9,2.6
499695074855624704,2014-08-13T23:12:44+00:00,2014-08-14T01:47:39+00:00,9295.0,13,1,12,278.0,1432.25,0.0012910166756320601,0.08391608391608392,3,9,3.0
499695460358311936,2014-08-13T23:14:16+00:00,2014-08-14T19:41:19+00:00,73623.0,16,1,15,153.0,10184.133333333333,0.00020374067886394197,0.013039403447292286,1,15,15.0
499695682476060673,2014-08-13T23:15:09+00:00,2014-08-14T01:12:55+00:00,7066.0,10,1,9,176.0,2138.8888888888887,0.001273705066515709,0.08491367110104726,2,8,4.5
499695918547861504,2014-08-13T23:16:05+00:00,2014-08-14T04:46:21+00:00,19816.0,229,1,228,40.0,1761.9561403508771,0.011505853855470326,0.693379087605975,8,122,3.4166666666666665
499696137708658688,2014-08-13T23:16:57+00:00,2014-08-13T23:46:09+00:00,1752.0,9,1,8,256.0,961.875,0.0045662100456621,0.3082191780821918,1,8,8.0
499696525808001024,2014-08-13T23:18:30+00:00,2014-08-14T02:04:24+00:00,9954.0,35,1,34,50.0,2230.0,0.00341571227647177,0.2109704641350211,3,31,8.5
499696550541795328,2014-08-13T23:18:36+00:00,2014-08-14T10:10:13+00:00,39097.0,23,1,22,26.0,3529.1363636363635,0.0005627030206921247,0.0352968258434151,5,14,3.6666666666666665
499696733979688961,2014-08-13T23:19:19+00:00,2014-08-14T01:53:04+00:00,9225.0,38,1,37,80.0,2732.2702702702704,0.004010840108401084,0.24715447154471545,7,22,2.642857142857143
499696744155062272,2014-08-13T23:19:22+00:00,2014-08-14T22:31:14+00:00,83512.0,116,1,115,239.0,9974.895652173913,0.0013770476099243222,0.08334131621802855,10,53,2.3
499696948296028160,2014-08-13T23:20:11+00:00,2014-08-15T22:12:33+00:00,168742.0,177,1,176,72.0,3802.403409090909,0.00104301240947719,0.06293631698095317,22,14,1.5357142857142858
499697037156171776,2014-08-13T23:20:32+00:00,2014-08-14T03:02:08+00:00,13296.0,51,1,50,60.0,6405.76,0.003760529482551143,0.23014440433212996,3,31,7.0
499697194325114881,2014-08-13T23:21:09+00:00,2014-08-16T01:03:31+00:00,178942.0,8,1,7,1311.0,28686.85714285714,3.911882062344223e-05,0.0026824334141788957,1,7,7.0
499697498072420352,2014-08-13T23:22:22+00:00,2014-08-14T16:36:16+00:00,62034.0,79,1,78,55.0,18042.17948717949,0.0012573749879098558,0.07640971080375278,12,18,1.925
499697648866045953,2014-08-13T23:22:58+00:00,2014-08-13T23:49:16+00:00,1578.0,2,1,1,1578.0,1578.0,0.0006337135614702154,0.07604562737642585,1,1,1.0
499697652385464320,2014-08-13T23:22:58+00:00,2014-08-13T23:35:20+00:00,742.0,18,1,17,164.0,545.5882352941177,0.022911051212938006,1.4555256064690025,3,13,4.25
499697729225105408,2014-08-13T23:23:17+00:00,2014-08-14T01:43:37+00:00,8420.0,8,1,7,7.0,1327.5714285714287,0.000831353919239905,0.05700712589073634,1,7,7.0
499697848737210369,2014-08-13T23:23:45+00:00,2014-08-14T06:04:48+00:00,24063.0,8,1,7,87.0,3915.0,0.0002909030461704692,0.019947637451689315,1,7,7.0
499697887434248192,2014-08-13T23:23:54+00:00,2014-08-23T22:30:45+00:00,860811.0,21,1,20,45.0,50594.8,2.323390384184217e-05,0.0014637359420360567,1,20,20.0
499698311306043392,2014-08-13T23:25:36+00:00,2014-08-18T12:46:26+00:00,393650.0,72,1,71,396.0,244301.32394366196,0.00018036326686142514,0.010974215673821924,18,5,1.5348837209302326
499698357397237762,2014-08-13T23:25:47+00:00,2014-08-14T15:32:58+00:00,58031.0,16,1,15,70.0,5922.2,0.0002584825351967052,0.016542882252589135,4,9,2.5
499698366402789376,2014-08-13T23:25:49+00:00,2014-08-14T01:40:12+00:00,8063.0,4,1,3,41.0,2834.0,0.0003720699491504403,0.029765595932035226,2,2,1.5
499698817567293440,2014-08-13T23:27:36+00:00,2014-08-14T01:17:08+00:00,6572.0,19,1,18,75.0,1271.388888888889,0.002738892270237371,0.17346317711503348,3,12,3.2
499698825020592129,2014-08-13T23:27:38+00:00,2014-08-14T00:49:10+00:00,4892.0,19,1,18,125.0,1438.5555555555557,0.003679476696647588,0.2330335241210139,7,9,1.8
499698828845780993,2014-08-13T23:27:39+00:00,2014-08-14T00:41:01+00:00,4402.0,20,1,19,200.0,1193.3157894736842,0.004316219900045434,0.2726033621081327,3,13,3.1666666666666665
499698964925796352,2014-08-13T23:28:11+00:00,2014-08-14T01:02:22+00:00,5651.0,17,1,16,38.0,1493.875,0.0028313572818970093,0.18049902672093435,1,16,16.0
499699006298419200,2014-08-13T23:28:21+00:00,2014-08-14T12:40:41+00:00,47540.0,2,1,1,47540.0,47540.0,2.103491796381994e-05,0.002524190155658393,1,1,1.0
499699052389208065,2014-08-13T23:28:32+00:00,2014-08-14T09:53:09+00:00,37477.0,28,1,27,58.0,9318.74074074074,0.0007204418710142221,0.044827494196440484,9,12,2.3
499699107615997952,2014-08-13T23:28:45+00:00,2014-08-14T00:07:28+00:00,2323.0,14,1,13,40.0,791.2307692307693,0.005596211795092553,0.36160137752905724,2,12,6.5
499699270883110913,2014-08-13T23:29:24+00:00,2014-08-13T23:29:24+00:00,0.0,1,1,0,0.0,0.0,0.0,0.0,0,0,0.0
499699366660423680,2014-08-13T23:29:47+00:00,2014-08-14T06:11:48+00:00,24121.0,17,1,16,654.0,3638.8125,0.0006633224161519009,0.042286804029683676,3,12,3.2
499699435551866880,2014-08-13T23:30:04+00:00,2014-08-14T03:03:23+00:00,12799.0,5,1,4,124.0,5429.75,0.00031252441596999766,0.023439331197749824,1,4,4.0
499699479688544257,2014-08-13T23:30:14+00:00,2014-08-14T13:47:52+00:00,51458.0,10,1,9,97.0,7550.888888888889,0.0001748999183800381,0.011659994558669206,2,8,4.5
499699779426066432,2014-08-13T23:31:26+00:00,2014-08-14T00:45:29+00:00,4443.0,21,1,20,132.0,1419.25,0.004501462975467027,0.2835921674544227,8,12,2.5
499699803576881152,2014-08-13T23:31:31+00:00,2014-08-14T00:19:37+00:00,2886.0,13,1,12,94.0,836.0,0.004158004158004158,0.2702702702702703,2,10,4.0
499699989237747712,2014-08-13T23:32:16+00:00,2014-08-14T05:14:16+00:00,20520.0,19,1,18,201.0,4043.4444444444443,0.0008771929824561404,0.05555555555555555,2,15,6.0
499700083265269763,2014-08-13T23:32:38+00:00,2014-08-14T05:30:02+00:00,21444.0,11,1,10,57.0,2880.8,0.0004663309084126096,0.030777839955232235,3,6,2.5
499700209484828672,2014-08-13T23:33:08+00:00,2014-08-13T23:44:37+00:00,689.0,19,1,18,77.0,286.55555555555554,0.026124818577648767,1.6545718432510887,1,18,18.0
499700213792387073,2014-08-13T23:33:09+00:00,2014-08-13T23:48:14+00:00,905.0,7,1,6,180.0,359.0,0.0066298342541436465,0.46408839779005523,2,5,3.0
499700279412281345,2014-08-13T23:33:25+00:00,2014-08-13T23:44:07+00:00,642.0,7,1,6,21.0,327.3333333333333,0.009345794392523364,0.6542056074766356,2,5,3.0
499700579527299073,2014-08-13T23:34:36+00:00,2014-08-15T05:47:14+00:00,108758.0,46,1,45,48.0,38206.0,0.00041376266573493444,0.02537744349840931,11,18,2.3684210526315788
499700824432717824,2014-08-13T23:35:35+00:00,2014-08-14T03:36:16+00:00,14441.0,14,1,13,2119.0,8855.0,0.0009002146665743369,0.058167716917111,4,7,2.1666666666666665
499700838127120386,2014-08-13T23:35:38+00:00,2014-08-14T15:24:03+00:00,56905.0,44,1,43,375.0,8682.348837209302,0.0007556453738687286,0.046393111325894035,11,15,2.0476190476190474
499700861900435456,2014-08-13T23:35:44+00:00,2014-08-13T23:43:36+00:00,472.0,18,1,17,38.0,184.76470588235293,0.036016949152542374,2.288135593220339,1,17,17.0
499700906384842752,2014-08-13T23:35:54+00:00,2014-08-14T00:52:34+00:00,4600.0,2,1,1,4600.0,4600.0,0.0002173913043478261,0.02608695652173913,1,1,1.0
499701114195808257,2014-08-13T23:36:44+00:00,2014-08-14T00:58:55+00:00,4931.0,21,1,20,99.0,851.8,0.004055972419387548,0.2555262624214155,4,15,3.8
499701408904798208,2014-08-13T23:37:54+00:00,2014-08-14T13:08:56+00:00,48662.0,16,1,15,108.0,11389.933333333332,0.00030824873618018166,0.019727919115531626,5,6,2.5
499701423135678464,2014-08-13T23:37:57+00:00,2014-08-15T23:10:25+00:00,171148.0,7,1,6,259.0,29893.166666666668,3.5057377240750695e-05,0.0024540164068525484,2,5,3.0
499701576395919360,2014-08-13T23:38:34+00:00,2014-08-13T23:38:34+00:00,0.0,1,1,0,0.0,0.0,0.0,0.0,0,0,0.0
499701669437784064,2014-08-13T23:38:56+00:00,2014-08-14T00:16:49+00:00,2273.0,18,1,17,77.0,1112.1764705882354,0.007479102507699076,0.47514298284205897,2,14,4.25
499702088512049152,2014-08-13T23:40:36+00:00,2014-08-13T23:40:36+00:00,0.0,1,1,0,0.0,0.0,0.0,0.0,0,0,0.0
499702134279913472,2014-08-13T23:40:47+00:00,2014-08-14T13:30:07+00:00,49760.0,16,1,15,325.0,8622.733333333334,0.0003014469453376206,0.019292604501607715,2,13,5.0
499702153909256193,2014-08-13T23:40:52+00:00,2014-08-13T23:40:52+00:00,0.0,1,1,0,0.0,0.0,0.0,0.0,0,0,0.0
499702206455488513,2014-08-13T23:41:04+00:00,2014-08-13T23:56:48+00:00,944.0,4,1,3,169.0,510.3333333333333,0.0031779661016949155,0.2542372881355932,1,3,3.0
499702384424022016,2014-08-13T23:41:47+00:00,2014-08-14T06:38:51+00:00,25024.0,22,1,21,96.0,2867.4285714285716,0.0008391943734015345,0.05274936061381074,5,12,2.3333333333333335
499702462865874944,2014-08-13T23:42:05+00:00,2014-08-14T03:21:23+00:00,13158.0,39,1,38,487.0,2287.0526315789475,0.0028879768961848303,0.17783857729138167,3,29,4.222222222222222
499703033174179840,2014-08-13T23:44:21+00:00,2014-08-14T01:40:20+00:00,6959.0,10,1,9,115.0,1581.3333333333333,0.0012932892656990947,0.08621928437993964,1,9,9.0
499703127193305088,2014-08-13T23:44:44+00:00,2014-08-14T00:31:19+00:00,2795.0,15,1,14,807.0,1709.9285714285713,0.005008944543828265,0.3220035778175313,4,6,2.0
499703128540061699,2014-08-13T23:44:44+00:00,2014-08-14T01:59:51+00:00,8107.0,19,1,18,16.0,1237.7777777777778,0.002220303441470334,0.14061921795978782,2,16,6.0
499703156889362432,2014-08-13T23:44:51+00:00,2014-08-13T23:44:51+00:00,0.0,1,1,0,0.0,0.0,0.0,0.0,0,0,0.0
499703254637219841,2014-08-13T23:45:14+00:00,2014-08-14T02:33:45+00:00,10111.0,17,1,16,251.0,6805.0625,0.001582434971812877,0.1008802294530709,3,10,2.5
499703369108553730,2014-08-13T23:45:41+00:00,2014-08-14T02:28:24+00:00,9763.0,15,1,14,53.0,3545.0714285714284,0.001433985455290382,0.09218477926866742,4,8,2.3333333333333335
499703651079045121,2014-08-13T23:46:49+00:00,2014-08-13T23:46:49+00:00,0.0,1,1,0,0.0,0.0,0.0,0.0,0,0,0.0
499703794805276672,2014-08-13T23:47:23+00:00,2014-08-14T00:10:04+00:00,1361.0,19,1,18,63.0,608.9444444444445,0.01322556943423953,0.8376193975018369,2,17,9.0
499704226294300672,2014-08-13T23:49:06+00:00,2014-08-13T23:49:06+00:00,0.0,1,1,0,0.0,0.0,0.0,0.0,0,0,0.0
499704241741520897,2014-08-13T23:49:09+00:00,2014-08-14T00:45:24+00:00,3375.0,19,1,18,14.0,2068.722222222222,0.005333333333333333,0.3377777777777778,4,14,3.6
499704336935821314,2014-08-13T23:49:32+00:00,2014-08-15T00:03:05+00:00,87213.0,10,1,9,85039.0,86353.88888888889,0.00010319562450552096,0.006879708300368065,3,4,2.25
499704416937975809,2014-08-13T23:49:51+00:00,2014-08-14T16:17:04+00:00,59233.0,29,1,28,129.0,7952.428571428572,0.0004727094693836206,0.029375517025982137,9,8,2.3333333333333335
499704570134941697,2014-08-13T23:50:28+00:00,2014-08-13T23:50:28+00:00,0.0,1,1,0,0.0,0.0,0.0,0.0,0,0,0.0
499704658139435008,2014-08-13T23:50:49+00:00,2014-08-13T23:50:49+00:00,0.0,1,1,0,0.0,0.0,0.0,0.0,0,0,0.0
499704667195322368,2014-08-13T23:50:51+00:00,2014-08-14T02:51:08+00:00,10817.0,16,1,15,71.0,3070.733333333333,0.0013867061107515947,0.08874919108810206,1,15,15.0
499704780366036992,2014-08-13T23:51:18+00:00,2014-08-14T01:21:07+00:00,5389.0,17,1,16,3457.0,4238.75,0.0029690109482278714,0.18927444794952683,2,14,7.5
499705041238765568,2014-08-13T23:52:20+00:00,2014-08-14T02:22:53+00:00,9033.0,24,1,23,111.0,2625.391304347826,0.0025462194176906895,0.15941547658585187,9,8,1.4375
499705042178691072,2014-08-13T23:52:20+00:00,2014-08-14T01:28:33+00:00,5773.0,15,1,14,91.0,1216.7857142857142,0.002425082279577343,0.15589814654425774,3,12,4.666666666666667
499705246642622465,2014-08-13T23:53:09+00:00,2014-08-14T00:39:06+00:00,2757.0,19,1,18,1384.0,2004.5555555555557,0.006528835690968444,0.4134929270946681,2,17,9.0
499705269434085376,2014-08-13T23:53:14+00:00,2014-08-14T00:17:51+00:00,1477.0,8,1,7,187.0,660.0,0.004739336492890996,0.32498307379823965,4,2,1.1666666666666667
499705545583263744,2014-08-13T23:54:20+00:00,2014-08-13T23:54:20+00:00,0.0,1,1,0,0.0,0.0,0.0,0.0,0,0,0.0
499705599454883840,2014-08-13T23:54:33+00:00,2014-08-14T04:17:33+00:00,15780.0,8,1,7,656.0,3805.285714285714,0.00044359949302915085,0.030418250950570342,1,7,7.0
499705746377150464,2014-08-13T23:55:08+00:00,2014-08-14T00:11:11+00:00,963.0,4,1,3,296.0,733.6666666666666,0.003115264797507788,0.24922118380062305,1,1,1.0
499705810076053504,2014-08-13T23:55:23+00:00,2014-08-14T21:56:46+00:00,79283.0,26,1,25,106.0,8120.96,0.00031532611026323425,0.019676349280425814,6,15,3.0
499705915227271168,2014-08-13T23:55:48+00:00,2014-08-14T00:49:04+00:00,3196.0,8,1,7,54.0,1626.5714285714287,0.002190237797246558,0.15018773466833543,3,5,2.3333333333333335
499705963126202368,2014-08-13T23:56:00+00:00,2014-08-14T00:09:59+00:00,839.0,18,1,17,23.0,383.11764705882354,0.02026221692491061,1.2872467222884387,4,14,4.25
499706059691663360,2014-08-13T23:56:23+00:00,2014-08-14T00:39:54+00:00,2611.0,18,1,17,580.0,1521.9411764705883,0.0065109153581003444,0.41363462274990426,5,8,2.125
499706065769201666,2014-08-13T23:56:24+00:00,2014-08-14T06:15:20+00:00,22736.0,39,1,38,87.0,4479.473684210527,0.0016713581984517945,0.10292047853624209,4,28,5.428571428571429
499706211093471232,2014-08-13T23:56:59+00:00,2014-08-15T03:37:56+00:00,99657.0,19,1,18,933.0,32029.88888888889,0.00018061952497064934,0.011439236581474457,2,15,9.0
499706350759206912,2014-08-13T23:57:32+00:00,2014-08-15T15:46:42+00:00,143350.0,15,1,14,59.0,21923.85714285714,9.766306243460062e-05,0.006278339727938612,2,12,4.666666666666667
499706705354448897,2014-08-13T23:58:57+00:00,2014-08-14T02:37:05+00:00,9488.0,23,1,22,32.0,2229.5454545454545,0.002318718381112985,0.1454468802698145,4,14,3.6666666666666665
499706791396392960,2014-08-13T23:59:17+00:00,2014-08-14T00:08:23+00:00,546.0,17,1,16,54.0,304.3125,0.029304029304029304,1.8681318681318682,1,16,16.0
500069586063335424,2014-08-15T00:00:54+00:00,2014-08-15T02:36:46+00:00,9352.0,20,1,19,1974.0,5611.263157894737,0.0020316509837467922,0.1283147989734816,4,12,2.7142857142857144
500070108099002368,2014-08-15T00:02:59+00:00,2014-08-15T00:08:58+00:00,359.0,19,1,18,26.0,174.88888888888889,0.05013927576601671,3.1754874651810585,2,17,9.0
500070699768496128,2014-08-15T00:05:20+00:00,2014-08-16T17:18:31+00:00,148391.0,33,1,32,77.0,56993.59375,0.00021564650147246127,0.01334312727860854,3,23,3.5555555555555554
500070716650565632,2014-08-15T00:05:24+00:00,2014-08-15T00:05:24+00:00,0.0,1,1,0,0.0,0.0,0.0,0.0,0,0,0.0
500070913836982272,2014-08-15T00:06:11+00:00,2014-08-15T00:06:11+00:00,0.0,1,1,0,0.0,0.0,0.0,0.0,0,0,0.0
500071770192216065,2014-08-15T00:09:35+00:00,2014-08-15T11:40:35+00:00,41460.0,21,1,20,378.0,8360.4,0.000482392667631452,0.030390738060781478,2,18,10.0
500072098178813954,2014-08-15T00:10:53+00:00,2014-08-15T00:56:50+00:00,2757.0,7,1,6,615.0,1508.1666666666667,0.002176278563656148,0.15233949945593034,2,5,3.0
500072137374171136,2014-08-15T00:11:03+00:00,2014-08-15T00:11:03+00:00,0.0,1,1,0,0.0,0.0,0.0,0.0,0,0,0.0
500072155166814209,2014-08-15T00:11:07+00:00,2014-08-15T02:08:46+00:00,7059.0,6,1,5,1774.0,5388.0,0.0007083156254426973,0.0509987250318742,1,5,5.0
500072334578159616,2014-08-15T00:11:50+00:00,2014-08-15T05:38:02+00:00,19572.0,18,1,17,384.0,4809.411764705882,0.0008685877784590231,0.05518087063151441,5,8,1.875
500072455931588611,2014-08-15T00:12:19+00:00,2014-08-15T00:57:04+00:00,2685.0,17,1,16,112.0,1260.0,0.0059590316573556795,0.37988826815642457,1,16,16.0
500073002101665792,2014-08-15T00:14:29+00:00,2014-08-15T01:30:28+00:00,4559.0,6,1,5,150.0,1167.4,0.0010967317394165387,0.07896468523799079,1,5,5.0
500073277273165824,2014-08-15T00:15:34+00:00,2014-08-15T04:12:11+00:00,14197.0,9,1,8,1686.0,7170.25,0.0005634993308445447,0.03803620483200676,3,5,2.6666666666666665
500074069354905600,2014-08-15T00:18:43+00:00,2014-08-15T01:44:46+00:00,5163.0,34,1,33,72.0,2386.0,0.006391632771644393,0.39511911679256245,8,10,1.736842105263158
500160181184249856,2014-08-15T06:00:54+00:00,2014-08-16T01:22:48+00:00,69714.0,8,1,7,849.0,16335.0,0.0001004102475829819,0.006885274119975901,2,6,3.5
500162426998755330,2014-08-15T06:09:49+00:00,2014-08-15T13:41:46+00:00,27117.0,19,1,18,1176.0,7720.166666666667,0.0006637902422834385,0.0420400486779511,2,12,4.0
500163501961142275,2014-08-15T06:14:06+00:00,2014-08-16T06:31:31+00:00,87445.0,9,1,8,491.0,17772.375,9.148607696266225e-05,0.0061753101949797015,2,6,2.6666666666666665
500163615555878912,2014-08-15T06:14:33+00:00,2014-08-15T11:55:10+00:00,20437.0,19,1,18,108.0,2379.722222222222,0.0008807554924891129,0.05578118119097715,2,14,4.5
500164348963459072,2014-08-15T06:17:28+00:00,2014-08-15T06:17:28+00:00,0.0,1,1,0,0.0,0.0,0.0,0.0,0,0,0.0
500165620835840000,2014-08-15T06:22:31+00:00,2014-08-15T06:29:54+00:00,443.0,19,1,18,22.0,218.61111111111111,0.040632054176072234,2.5733634311512414,2,17,9.0
500171743466901505,2014-08-15T06:46:51+00:00,2014-08-15T07:39:00+00:00,3129.0,12,1,11,16.0,737.7272727272727,0.003515500159795462,0.23010546500479387,3,6,2.2
500175929902395392,2014-08-15T07:03:29+00:00,2014-08-20T14:24:17+00:00,458448.0,22,1,21,15324.0,253582.33333333334,4.580672180923464e-05,0.0028792796565804625,6,6,2.1
500176026882678784,2014-08-15T07:03:52+00:00,2014-08-15T12:17:42+00:00,18830.0,10,1,9,42.0,3923.8888888888887,0.00047796070100902815,0.03186404673393521,1,9,9.0
500176071476936704,2014-08-15T07:04:02+00:00,2014-08-15T08:24:21+00:00,4819.0,17,1,16,44.0,1753.0,0.0033201909109773814,0.21166217057480807,1,16,16.0
500176354185187328,2014-08-15T07:05:10+00:00,2014-08-15T07:54:54+00:00,2984.0,2,1,1,2984.0,2984.0,0.0003351206434316354,0.040214477211796246,1,1,1.0
500177556768034816,2014-08-15T07:09:57+00:00,2014-08-17T13:56:26+00:00,197189.0,43,1,42,108.0,18559.238095238095,0.00021299362540506823,0.013083894132025622,11,30,3.4166666666666665
500180625312083968,2014-08-15T07:22:08+00:00,2014-08-15T13:13:42+00:00,21094.0,5,1,4,2624.0,9073.5,0.00018962738219398882,0.01422205366454916,3,2,1.3333333333333333
500180740127342592,2014-08-15T07:22:36+00:00,2014-08-16T01:59:12+00:00,66996.0,8,1,7,156.0,14420.285714285714,0.00010448384978207654,0.0071646068421995345,1,7,7.0
500183912384319489,2014-08-15T07:35:12+00:00,2014-08-20T13:20:43+00:00,452731.0,18,1,17,74.0,44356.64705882353,3.754989165751848e-05,0.002385522528830586,3,15,5.666666666666667
500186504279625728,2014-08-15T07:45:30+00:00,2014-08-15T11:40:12+00:00,14082.0,4,1,3,2904.0,8011.666666666667,0.00021303792074989347,0.01704303365999148,1,3,3.0
500186818374270976,2014-08-15T07:46:45+00:00,2014-08-15T14:06:44+00:00,22799.0,8,1,7,399.0,12564.285714285714,0.00030703101013202335,0.0210535549804816,1,7,7.0
500189389855916032,2014-08-15T07:56:58+00:00,2014-08-22T19:46:03+00:00,647345.0,16,1,15,210.0,48533.73333333333,2.3171570028346555e-05,0.0014829804818141793,2,14,7.5
500192488003354624,2014-08-15T08:09:16+00:00,2014-08-17T15:25:10+00:00,198954.0,14,1,13,94.0,57015.692307692305,6.53417372860058e-05,0.004222081486172683,2,12,6.5
500197999205965824,2014-08-15T08:31:10+00:00,2014-08-16T14:18:02+00:00,107212.0,17,1,16,299.0,13016.5625,0.00014923702570607768,0.009513860388762452,1,16,16.0
500210207986028544,2014-08-15T09:19:41+00:00,2014-08-15T09:19:41+00:00,0.0,1,1,0,0.0,0.0,0.0,0.0,0,0,0.0
500212911856295940,2014-08-15T09:30:26+00:00,2014-08-15T18:51:40+00:00,33674.0,3,1,2,18030.0,25852.0,5.939300350418721e-05,0.005345370315376848,1,2,2.0
500213598149672960,2014-08-15T09:33:09+00:00,2014-08-15T13:53:36+00:00,15627.0,10,1,9,465.0,9266.222222222223,0.0005759262814359762,0.038395085429065084,2,8,4.5
500217516611108864,2014-08-15T09:48:44+00:00,2014-08-15T09:48:44+00:00,0.0,1,1,0,0.0,0.0,0.0,0.0,0,0,0.0
500221671245377537,2014-08-15T10:05:14+00:00,2014-08-15T15:48:37+00:00,20603.0,14,1,13,162.0,3841.6923076923076,0.0006309760714459059,0.04077076153958162,3,11,4.333333333333333
500224586064343040,2014-08-15T10:16:49+00:00,2014-08-15T17:31:27+00:00,26078.0,8,1,7,136.0,13820.714285714286,0.0002684254927525117,0.018406319503029372,2,6,3.5
500225210667122690,2014-08-15T10:19:18+00:00,2014-08-15T10:19:18+00:00,0.0,1,1,0,0.0,0.0,0.0,0.0,0,0,0.0
500231335668383744,2014-08-15T10:43:38+00:00,2014-08-17T15:33:43+00:00,190205.0,13,1,12,298.0,35958.333333333336,6.308982413711522e-05,0.004100838568912489,3,8,3.0
500231484725161984,2014-08-15T10:44:14+00:00,2014-08-15T14:54:37+00:00,15023.0,16,1,15,126.0,2853.9333333333334,0.00099846901417826,0.06390201690740864,2,12,3.75
500234112054341632,2014-08-15T10:54:40+00:00,2014-08-25T12:31:48+00:00,869828.0,59,1,58,4705.0,216020.4827586207,6.667984934952657e-05,0.004069770115471104,7,22,2.0714285714285716
500234390723915776,2014-08-15T10:55:47+00:00,2014-08-15T16:38:26+00:00,20559.0,39,1,38,198.0,4645.105263157895,0.0018483389269906125,0.11381876550415877,2,36,12.666666666666666
500235112785924096,2014-08-15T10:58:39+00:00,2014-08-15T12:35:02+00:00,5783.0,18,1,17,65.0,2121.764705882353,0.0029396507003285493,0.1867542797855784,4,13,4.25
500236187395571713,2014-08-15T11:02:55+00:00,2014-08-15T12:04:35+00:00,3700.0,11,1,10,166.0,1613.5,0.002702702702702703,0.1783783783783784,2,8,3.3333333333333335
500236774103605248,2014-08-15T11:05:15+00:00,2014-08-18T03:05:40+00:00,230425.0,25,1,24,2753.0,66014.29166666667,0.00010415536508625366,0.006509710317890854,3,14,4.0
500237448798949376,2014-08-15T11:07:56+00:00,2014-08-15T14:11:32+00:00,11016.0,21,1,20,45.0,2275.0,0.0018155410312273058,0.11437908496732027,2,13,7.0
500239327004471296,2014-08-15T11:15:24+00:00,2014-08-15T11:15:24+00:00,0.0,1,1,0,0.0,0.0,0.0,0.0,0,0,0.0
500239577387659265,2014-08-15T11:16:23+00:00,2014-08-26T15:08:29+00:00,964326.0,9,1,8,492.0,175483.375,8.295949709952859e-06,0.0005599766054218179,3,6,2.6666666666666665
500240534481666049,2014-08-15T11:20:12+00:00,2014-08-15T21:48:20+00:00,37688.0,10,1,9,1210.0,8775.222222222223,0.00023880280195287624,0.015920186796858415,1,9,9.0
500242061279637504,2014-08-15T11:26:16+00:00,2014-08-15T13:57:34+00:00,9078.0,19,1,18,97.0,3401.3888888888887,0.0019828155981493722,0.1255783212161269,3,15,4.5
500246996163129344,2014-08-15T11:45:52+00:00,2014-08-16T11:10:12+00:00,84260.0,30,1,29,186.0,9443.275862068966,0.0003441727984808925,0.02136244956088298,6,18,3.857142857142857
500247508195749888,2014-08-15T11:47:54+00:00,2014-08-20T08:46:06+00:00,421092.0,5,1,4,18768.0,120266.25,9.49911183304361e-06,0.0007124333874782708,1,4,4.0
500247666924986369,2014-08-15T11:48:32+00:00,2014-08-15T13:47:39+00:00,7147.0,18,1,17,58.0,3997.470588235294,0.0023786204001679024,0.15111235483419616,3,14,4.25
500249081286250496,2014-08-15T11:54:09+00:00,2014-08-15T11:54:09+00:00,0.0,1,1,0,0.0,0.0,0.0,0.0,0,0,0.0
500249630664560640,2014-08-15T11:56:20+00:00,2014-08-16T20:12:43+00:00,116183.0,33,1,32,235.0,29310.40625,0.000275427558248625,0.017042080166633673,5,16,3.2
500250188221779968,2014-08-15T11:58:33+00:00,2014-08-15T11:58:33+00:00,0.0,1,1,0,0.0,0.0,0.0,0.0,0,0,0.0
500250935885852673,2014-08-15T12:01:31+00:00,2014-08-15T12:01:31+00:00,0.0,1,1,0,0.0,0.0,0.0,0.0,0,0,0.0
500251242124173312,2014-08-15T12:02:45+00:00,2014-08-15T12:33:20+00:00,1835.0,19,1,18,242.0,780.6111111111111,0.009809264305177113,0.6212534059945505,7,10,2.4285714285714284
500251503903662082,2014-08-15T12:03:47+00:00,2014-08-16T00:46:15+00:00,45748.0,3,1,2,1261.0,23504.5,4.37177581533619e-05,0.00393459823380257,1,2,2.0
500251535943942145,2014-08-15T12:03:55+00:00,2014-08-15T13:19:36+00:00,4541.0,10,1,9,310.0,1383.0,0.001981942303457388,0.1321294868971592,2,8,4.5
500252508884070400,2014-08-15T12:07:47+00:00,2014-08-22T17:35:31+00:00,624464.0,2,1,1,624464.0,624464.0,1.6013733377744755e-06,0.00019216480053293704,1,1,1.0
500254607470518272,2014-08-15T12:16:07+00:00,2014-08-15T12:30:57+00:00,890.0,16,1,15,52.0,371.46666666666664,0.016853932584269662,1.0786516853932584,1,14,14.0
500254671337193474,2014-08-15T12:16:22+00:00,2014-08-15T14:22:02+00:00,7540.0,4,1,3,1722.0,3722.3333333333335,0.0003978779840848806,0.03183023872679045,1,3,3.0
500255282757632000,2014-08-15T12:18:48+00:00,2014-08-17T05:31:01+00:00,148333.0,12,1,11,169.0,33941.454545454544,7.415747001678656e-05,0.004853943492007847,2,9,5.5
500256984768475136,2014-08-15T12:25:34+00:00,2014-08-15T19:57:23+00:00,27109.0,20,1,19,173.0,3513.4210526315787,0.0007008742484045889,0.04426574200450035,8,9,2.375
500257166478282752,2014-08-15T12:26:17+00:00,2014-08-18T09:03:57+00:00,247060.0,9,1,8,676.0,83617.5,3.23807981866753e-05,0.0021857038776005827,2,7,4.0
500257318219837440,2014-08-15T12:26:53+00:00,2014-08-15T12:26:53+00:00,0.0,1,1,0,0.0,0.0,0.0,0.0,0,0,0.0
500258409988763649,2014-08-15T12:31:13+00:00,2014-08-15T13:20:12+00:00,2939.0,8,1,7,88.0,981.7142857142857,0.0023817625042531474,0.16332085743450153,1,7,7.0
500260514807947264,2014-08-15T12:39:35+00:00,2014-08-15T12:47:54+00:00,499.0,5,1,4,79.0,271.75,0.008016032064128256,0.6012024048096193,1,4,4.0
500261600579043328,2014-08-15T12:43:54+00:00,2014-08-15T13:52:56+00:00,4142.0,3,1,2,354.0,2248.0,0.0004828585224529213,0.04345726702076292,1,2,2.0
500263561298710528,2014-08-15T12:51:42+00:00,2014-08-15T20:39:39+00:00,28077.0,18,1,17,255.0,5621.941176470588,0.0006054777932115254,0.03846564803932044,6,12,2.8333333333333335
500263680026869760,2014-08-15T12:52:10+00:00,2014-08-20T15:24:36+00:00,441146.0,22,1,21,607.0,48677.90476190476,4.7603287800410746e-05,0.002992206661740104,6,12,2.1
500264535471980544,2014-08-15T12:55:34+00:00,2014-08-17T12:43:18+00:00,172064.0,20,1,19,82.0,58203.31578947369,0.00011042402826855124,0.0069741491538032364,8,6,2.111111111111111
500264892134207493,2014-08-15T12:56:59+00:00,2014-08-15T12:56:59+00:00,0.0,1,1,0,0.0,0.0,0.0,0.0,0,0,0.0
500265950667870209,2014-08-15T13:01:11+00:00,2014-08-15T13:43:33+00:00,2542.0,15,1,14,650.0,1326.9285714285713,0.0055074744295830055,0.35405192761605037,2,12,7.0
500266427840864256,2014-08-15T13:03:05+00:00,2014-08-15T20:17:28+00:00,26063.0,19,1,18,255.0,4449.722222222223,0.0006906342324367878,0.04374016805432989,3,16,6.0
500266967102914560,2014-08-15T13:05:14+00:00,2014-08-15T14:20:47+00:00,4533.0,9,1,8,88.0,1430.75,0.0017648356496801235,0.11912640635340835,1,8,8.0
500266977814790144,2014-08-15T13:05:16+00:00,2014-08-21T04:45:24+00:00,488408.0,14,1,13,127.0,61239.46153846154,2.6617090629146124e-05,0.0017198735483448264,2,11,4.333333333333333
500269950876286976,2014-08-15T13:17:05+00:00,2014-08-15T13:30:09+00:00,784.0,19,1,18,60.0,364.22222222222223,0.02295918367346939,1.4540816326530612,3,16,6.0
500270055540916224,2014-08-15T13:17:30+00:00,2014-08-27T22:41:43+00:00,1070653.0,36,1,35,91.0,337681.65714285715,3.269033010695342e-05,0.0020174603723148395,11,22,2.9166666666666665
500270284117925888,2014-08-15T13:18:24+00:00,2014-08-15T13:48:31+00:00,1807.0,5,1,4,202.0,749.5,0.002213613724405091,0.16602102933038185,1,4,4.0
500270456830562305,2014-08-15T13:19:06+00:00,2014-08-15T16:21:23+00:00,10937.0,3,1,2,9962.0,10449.5,0.0001828655024229679,0.016457895218067113,1,2,2.0
500270780832174080,2014-08-15T13:20:23+00:00,2014-08-15T16:09:28+00:00,10145.0,16,1,15,214.0,2078.5333333333333,0.0014785608674223755,0.09462789551503203,1,15,15.0
500271532279877632,2014-08-15T13:23:22+00:00,2014-08-17T14:45:45+00:00,177743.0,18,1,17,107.0,12690.29411764706,9.56437103008276e-05,0.006076188654405518,4,11,3.4
500272350906957824,2014-08-15T13:26:37+00:00,2014-08-15T13:26:37+00:00,0.0,1,1,0,0.0,0.0,0.0,0.0,0,0,0.0
500272399867068416,2014-08-15T13:26:49+00:00,2014-08-15T14:11:31+00:00,2682.0,5,1,4,738.0,1840.75,0.0014914243102162564,0.11185682326621924,1,4,4.0
500273257262886912,2014-08-15T13:30:13+00:00,2014-08-15T14:24:45+00:00,3272.0,33,1,32,63.0,946.78125,0.009779951100244499,0.6051344743276283,2,31,16.0
500274132756738048,2014-08-15T13:33:42+00:00,2014-08-16T19:26:14+00:00,107552.0,6,1,5,285.0,39809.4,4.648914013686403e-05,0.00334721808985421,1,5,5.0
500274697485824000,2014-08-15T13:35:57+00:00,2014-08-19T03:01:33+00:00,307536.0,16,1,15,311.0,43155.2,4.8774777587014205e-05,0.0031215857655689087,1,15,15.0
500275363558064128,2014-08-15T13:38:36+00:00,2014-08-15T13:38:36+00:00,0.0,1,1,0,0.0,0.0,0.0,0.0,0,0,0.0
500275854434639872,2014-08-15T13:40:33+00:00,2014-08-17T23:18:51+00:00,207498.0,11,1,10,46.0,23096.3,4.819323559745154e-05,0.0031807535494318014,2,9,5.0
500276114011742208,2014-08-15T13:41:34+00:00,2014-08-15T19:10:20+00:00,19726.0,17,1,16,180.0,4144.875,0.0008111122376558856,0.051708405150562714,2,14,5.333333333333333
500277301607542785,2014-08-15T13:46:18+00:00,2014-08-15T13:55:14+00:00,536.0,7,1,6,79.0,304.8333333333333,0.011194029850746268,0.7835820895522387,1,5,5.0
500277311652913152,2014-08-15T13:46:20+00:00,2014-08-15T17:11:24+00:00,12304.0,7,1,6,49.0,3129.1666666666665,0.00048764629388816646,0.034135240572171655,2,5,3.0
500277382461530112,2014-08-15T13:46:37+00:00,2014-08-15T16:31:42+00:00,9905.0,14,1,13,273.0,2833.6923076923076,0.0013124684502776375,0.08480565371024734,3,7,3.0
500277421506306048,2014-08-15T13:46:46+00:00,2014-08-15T14:40:49+00:00,3243.0,19,1,18,37.0,1101.6666666666667,0.005550416281221091,0.3515263644773358,7,7,1.8
500277472068263937,2014-08-15T13:46:58+00:00,2014-08-15T14:30:29+00:00,2611.0,18,1,17,28.0,875.7058823529412,0.0065109153581003444,0.41363462274990426,1,17,17.0
500277477986828288,2014-08-15T13:47:00+00:00,2014-08-15T14:46:47+00:00,3587.0,4,1,3,235.0,2167.0,0.0008363534987454698,0.06690827989963759,1,3,3.0
500277481119956992,2014-08-15T13:47:00+00:00,2014-08-17T00:18:47+00:00,124307.0,36,1,35,214.0,32557.542857142857,0.0002815609740400782,0.01737633439790197,11,18,2.1875
500277526590423041,2014-08-15T13:47:11+00:00,2014-08-16T02:22:30+00:00,45319.0,23,1,22,86.0,2844.681818181818,0.00048544760475738655,0.03045080429841788,4,17,3.6666666666666665
500277563072475136,2014-08-15T13:47:20+00:00,2014-08-15T14:43:07+00:00,3347.0,13,1,12,50.0,1330.75,0.00358530026889752,0.23304451747833882,3,9,3.0
500277625773121536,2014-08-15T13:47:35+00:00,2014-08-15T13:50:49+00:00,194.0,5,1,4,40.0,134.0,0.020618556701030927,1.5463917525773196,1,4,4.0
500277808883830784,2014-08-15T13:48:19+00:00,2014-08-15T16:59:57+00:00,11498.0,14,1,13,74.0,2419.0,0.0011306314141589842,0.07305618368411898,2,12,6.5
500277854341697536,2014-08-15T13:48:29+00:00,2014-08-15T14:04:18+00:00,949.0,9,1,8,117.0,355.125,0.008429926238145416,0.5690200210748156,3,4,2.0
500277940253634561,2014-08-15T13:48:50+00:00,2014-08-15T13:57:15+00:00,505.0,19,1,18,40.0,214.61111111111111,0.03564356435643564,2.2574257425742577,3,13,4.5
500278045597368320,2014-08-15T13:49:15+00:00,2014-08-15T17:48:08+00:00,14333.0,16,1,15,118.0,3218.8,0.0010465359659526966,0.06697830182097259,2,11,6.0
500278169828470784,2014-08-15T13:49:45+00:00,2014-08-16T00:45:54+00:00,39369.0,35,1,34,33.0,4577.117647058823,0.0008636236632883741,0.05334146155604664,5,17,2.2666666666666666
500278365031370752,2014-08-15T13:50:31+00:00,2014-08-15T17:51:44+00:00,14473.0,9,1,8,77.0,4395.125,0.0005527534028881365,0.037310854694949214,2,7,4.0
500278485001457664,2014-08-15T13:51:00+00:00,2014-08-15T13:56:14+00:00,314.0,3,1,2,151.0,232.5,0.006369426751592357,0.5732484076433121,1,2,2.0
500278858156085248,2014-08-15T13:52:29+00:00,2014-08-15T15:27:23+00:00,5694.0,7,1,6,467.0,3208.6666666666665,0.001053740779768177,0.0737618545837724,3,4,2.0
500278944881725440,2014-08-15T13:52:49+00:00,2014-08-16T04:50:00+00:00,53831.0,9,1,8,99.0,7442.125,0.00014861325258679943,0.010031394549608962,1,8,8.0
500278978557804544,2014-08-15T13:52:57+00:00,2014-08-15T20:34:12+00:00,24075.0,13,1,12,535.0,8536.666666666666,0.0004984423676012461,0.032398753894081,2,8,4.5
500279160795721728,2014-08-15T13:53:41+00:00,2014-08-19T16:04:30+00:00,353449.0,95,1,94,89.0,44461.563829787236,0.00026595067463764223,0.01612679622802724,12,15,1.8076923076923077
500279189405433858,2014-08-15T13:53:48+00:00,2014-08-15T14:44:13+00:00,3025.0,38,1,37,50.0,1196.027027027027,0.012231404958677685,0.7537190082644628,2,14,5.333333333333333
500279519455219712,2014-08-15T13:55:06+00:00,2014-08-16T10:15:34+00:00,73228.0,16,1,15,136.0,6899.2,0.00020483967881138363,0.013109739443928552,2,7,3.75
500279571988877312,2014-08-15T13:55:19+00:00,2014-08-15T14:17:17+00:00,1318.0,3,1,2,1065.0,1191.5,0.0015174506828528073,0.13657056145675267,1,2,2.0
500279951275606017,2014-08-15T13:56:49+00:00,2014-08-15T13:56:49+00:00,0.0,1,1,0,0.0,0.0,0.0,0.0,0,0,0.0
500280176924557314,2014-08-15T13:57:43+00:00,2014-08-15T13:57:43+00:00,0.0,1,1,0,0.0,0.0,0.0,0.0,0,0,0.0
500280249629036544,2014-08-15T13:58:00+00:00,2014-08-15T16:41:06+00:00,9786.0,28,1,27,132.0,3087.777777777778,0.0027590435315757206,0.17167381974248927,7,11,1.9285714285714286
500280304146612224,2014-08-15T13:58:13+00:00,2014-08-15T13:58:13+00:00,0.0,1,1,0,0.0,0.0,0.0,0.0,0,0,0.0
500280422295937024,2014-08-15T13:58:42+00:00,2014-08-15T17:52:57+00:00,14055.0,14,1,13,170.0,2080.5384615384614,0.0009249377445748844,0.05976520811099253,3,11,4.333333333333333
500280477920796672,2014-08-15T13:58:55+00:00,2014-08-16T15:20:05+00:00,91270.0,39,1,38,48.0,11431.473684210527,0.00041634710200504,0.025638216281362987,5,25,3.1666666666666665
500280658665537537,2014-08-15T13:59:38+00:00,2014-08-15T16:04:57+00:00,7519.0,60,1,59,145.0,5205.745762711865,0.007846788136720309,0.4787870727490358,13,7,1.6388888888888888
500280809652514816,2014-08-15T14:00:14+00:00,2014-08-23T05:26:48+00:00,660394.0,228,1,227,735.0,460755.81057268725,0.0003437341950411421,0.020714906555783365,47,8,1.972972972972973
500280838710247424,2014-08-15T14:00:21+00:00,2014-08-15T17:19:25+00:00,11944.0,39,1,38,254.0,1527.842105263158,0.0031815137307434696,0.19591426657736102,5,22,2.7142857142857144
500280847912955904,2014-08-15T14:00:23+00:00,2014-08-15T14:33:27+00:00,1984.0,3,1,2,44.0,1014.0,0.0010080645161290322,0.09072580645161289,1,2,2.0
500281037486698498,2014-08-15T14:01:08+00:00,2014-08-15T16:27:02+00:00,8754.0,15,1,14,180.0,2231.3571428571427,0.0015992689056431345,0.1028101439342015,2,13,7.0
500281094239817728,2014-08-15T14:01:22+00:00,2014-08-19T13:59:43+00:00,345501.0,6,1,5,105.0,111645.6,1.4471738142581352e-05,0.0010419651462658574,1,5,5.0
500281131057811456,2014-08-15T14:01:31+00:00,2014-08-15T16:49:27+00:00,10076.0,21,1,20,43.0,1640.7,0.001984914648670107,0.12504962286621674,5,15,4.0
500281856559161344,2014-08-15T14:04:24+00:00,2014-08-15T14:48:49+00:00,2665.0,38,1,37,35.0,469.97297297297297,0.013883677298311446,0.8555347091932458,5,31,7.0
500282606316158976,2014-08-15T14:07:22+00:00,2014-08-15T18:50:43+00:00,17001.0,5,1,4,2991.0,6803.75,0.0002352802776307276,0.01764602082230457,2,3,2.0
500282674200604672,2014-08-15T14:07:38+00:00,2014-08-15T21:18:17+00:00,25839.0,9,1,8,84.0,10121.75,0.0003096095050118039,0.02089864158829676,1,8,8.0
500283013541163008,2014-08-15T14:08:59+00:00,2014-08-15T14:59:00+00:00,3001.0,25,1,24,81.0,1256.9166666666667,0.007997334221926024,0.49983338887037654,3,11,4.0
500283291493494784,2014-08-15T14:10:06+00:00,2014-08-18T07:18:03+00:00,234477.0,29,1,28,268.0,12105.607142857143,0.00011941469739036238,0.007420770480686806,7,19,2.8
500283314230419456,2014-08-15T14:10:11+00:00,2014-08-19T03:48:25+00:00,308294.0,13,1,12,85.0,27510.166666666668,3.892388434416499e-05,0.0025300524823707237,2,10,4.0
500283831803326464,2014-08-15T14:12:14+00:00,2014-08-15T14:38:47+00:00,1593.0,7,1,6,240.0,1049.5,0.003766478342749529,0.263653483992467,3,2,1.5
500283877567770624,2014-08-15T14:12:25+00:00,2014-08-15T14:12:25+00:00,0.0,1,1,0,0.0,0.0,0.0,0.0,0,0,0.0
500284091305299968,2014-08-15T14:13:16+00:00,2014-08-15T14:13:16+00:00,0.0,1,1,0,0.0,0.0,0.0,0.0,0,0,0.0
500284377490665472,2014-08-15T14:14:25+00:00,2014-08-15T14:19:04+00:00,279.0,4,1,3,134.0,203.33333333333334,0.010752688172043012,0.8602150537634408,1,3,3.0
500284494201757696,2014-08-15T14:14:52+00:00,2014-08-18T03:16:45+00:00,219713.0,67,1,66,31.0,13029.681818181818,0.0003003918748549244,0.01829659601389085,9,27,2.2
500284699546517505,2014-08-15T14:15:41+00:00,2014-08-15T19:36:58+00:00,19277.0,16,1,15,94.0,2578.3333333333335,0.0007781293769777455,0.04980028012657571,4,10,3.0
500284699760427009,2014-08-15T14:15:41+00:00,2014-08-21T19:04:25+00:00,535724.0,32,1,31,32.0,275993.9032258064,5.786561737013835e-05,0.0035839350113117947,12,11,2.066666666666667
500284871541940225,2014-08-15T14:16:22+00:00,2014-08-15T14:51:49+00:00,2127.0,8,1,7,231.0,965.2857142857143,0.003291020216267043,0.22566995768688292,1,7,7.0
500285282650832896,2014-08-15T14:18:00+00:00,2014-08-15T15:16:25+00:00,3505.0,10,1,9,172.0,1303.2222222222222,0.0025677603423680455,0.17118402282453637,2,8,4.5
500285732578013185,2014-08-15T14:19:48+00:00,2014-08-15T14:19:48+00:00,0.0,1,1,0,0.0,0.0,0.0,0.0,0,0,0.0
500285919539511296,2014-08-15T14:20:32+00:00,2014-08-15T16:23:24+00:00,7372.0,18,1,17,26.0,1050.4117647058824,0.0023060227889310906,0.1465002712967987,1,17,17.0
500285938824908801,2014-08-15T14:20:37+00:00,2014-08-15T18:51:35+00:00,16258.0,8,1,7,347.0,4148.857142857143,0.00043055726411612744,0.029523926682248743,4,4,1.75
500285962342367232,2014-08-15T14:20:42+00:00,2014-08-16T02:50:55+00:00,45013.0,42,1,41,40.0,5323.609756097561,0.0009108479772510163,0.055983826894452714,9,22,2.7333333333333334
500286058664579072,2014-08-15T14:21:05+00:00,2014-08-16T15:40:00+00:00,91135.0,74,1,73,115.0,12993.123287671233,0.0008010094914138366,0.04871893345037581,10,21,2.0
500286059918274561,2014-08-15T14:21:06+00:00,2014-08-15T14:29:40+00:00,514.0,18,1,17,105.0,291.6470588235294,0.033073929961089495,2.1011673151750974,4,11,3.4
500286170035523585,2014-08-15T14:21:32+00:00,2014-08-15T14:21:32+00:00,0.0,1,1,0,0.0,0.0,0.0,0.0,0,0,0.0
500286293688193024,2014-08-15T14:22:01+00:00,2014-08-15T17:17:21+00:00,10520.0,15,1,14,1857.0,4456.857142857143,0.0013307984790874524,0.08555133079847908,4,4,1.5555555555555556
500286460210462720,2014-08-15T14:22:41+00:00,2014-08-22T17:31:36+00:00,616135.0,48,1,47,85.0,246194.97872340426,7.628198365617925e-05,0.004674300275102048,6,29,3.909090909090909
500286805720449025,2014-08-15T14:24:04+00:00,2014-08-15T20:16:43+00:00,21159.0,13,1,12,91.0,3156.75,0.0005671345526726216,0.0368637459237204,2,9,3.0
500286865963245568,2014-08-15T14:24:18+00:00,2014-08-15T16:04:47+00:00,6029.0,10,1,9,45.0,1545.888888888889,0.0014927848731132857,0.09951899154088571,1,9,9.0
500286984162525184,2014-08-15T14:24:46+00:00,2014-08-15T21:07:55+00:00,24189.0,130,1,129,37.0,4332.930232558139,0.005333002604489644,0.3224606225970483,5,7,1.8888888888888888
500287224957898752,2014-08-15T14:25:44+00:00,2014-08-15T15:16:39+00:00,3055.0,12,1,11,368.0,1950.3636363636363,0.003600654664484452,0.23567921440261866,6,3,1.5
500287295485128704,2014-08-15T14:26:00+00:00,2014-08-15T14:26:00+00:00,0.0,1,1,0,0.0,0.0,0.0,0.0,0,0,0.0
500287313256402945,2014-08-15T14:26:05+00:00,2014-08-15T14:41:40+00:00,935.0,5,1,4,144.0,419.75,0.0042780748663101605,0.32085561497326204,2,3,2.0
500287479015292928,2014-08-15T14:26:44+00:00,2014-08-15T16:45:55+00:00,8351.0,12,1,11,101.0,5618.272727272727,0.0013172075200574781,0.08621721949467129,2,5,3.0
500287491182579712,2014-08-15T14:26:47+00:00,2014-08-16T03:56:40+00:00,48593.0,20,1,19,189.0,6614.894736842105,0.00039100281933611837,0.024694914905439055,2,16,9.5
500287538578587648,2014-08-15T14:26:58+00:00,2014-08-17T21:55:02+00:00,199684.0,13,1,12,131.0,34580.0,6.0094950021033234e-05,0.0039061717513671603,5,7,2.4
500287595403022336,2014-08-15T14:27:12+00:00,2014-08-15T17:32:46+00:00,11134.0,11,1,10,76.0,3919.3,0.0008981498113885396,0.059277887551643614,4,6,2.5
500287815734013952,2014-08-15T14:28:04+00:00,2014-08-15T15:59:38+00:00,5494.0,16,1,15,35.0,729.8666666666667,0.002730251183108846,0.17473607571896616,1,15,15.0
500287857727377408,2014-08-15T14:28:14+00:00,2014-08-15T15:59:57+00:00,5503.0,4,1,3,89.0,2526.6666666666665,0.0005451571869889151,0.04361257495911321,1,3,3.0
500288263320768512,2014-08-15T14:29:51+00:00,2014-08-15T14:47:32+00:00,1061.0,8,1,7,26.0,469.2857142857143,0.006597549481621112,0.4524033930254477,2,6,3.5
500288284195426305,2014-08-15T14:29:56+00:00,2014-08-15T14:29:56+00:00,0.0,1,1,0,0.0,0.0,0.0,0.0,0,0,0.0
500288349924782080,2014-08-15T14:30:12+00:00,2014-08-15T15:08:44+00:00,2312.0,18,1,17,27.0,595.7058823529412,0.007352941176470588,0.4671280276816609,4,9,2.6
500288581081260032,2014-08-15T14:31:07+00:00,2014-08-15T18:26:13+00:00,14106.0,5,1,4,919.0,5011.25,0.0002835672763363108,0.02126754572522331,1,4,4.0
500288693031419904,2014-08-15T14:31:33+00:00,2014-08-17T19:42:26+00:00,191453.0,32,1,31,11.0,18387.1935483871,0.0001619196356285877,0.010028570980867367,12,19,2.3846153846153846
500288971197263873,2014-08-15T14:32:40+00:00,2014-08-15T18:26:42+00:00,14042.0,19,1,18,476.0,4854.555555555556,0.00128186867967526,0.08118501637943314,4,11,2.8333333333333335
500289088285863936,2014-08-15T14:33:08+00:00,2014-08-15T18:20:30+00:00,13642.0,14,1,13,85.0,4716.692307692308,0.0009529394516933001,0.061574549186336314,2,9,3.0
500289154581008384,2014-08-15T14:33:24+00:00,2014-08-20T14:59:06+00:00,433542.0,8,1,7,203.0,64987.71428571428,1.6146071199560825e-05,0.0011071591679698853,1,7,7.0
500289307257868288,2014-08-15T14:34:00+00:00,2014-08-18T06:19:38+00:00,229538.0,17,1,16,1489.0,70072.0625,6.970523399175735e-05,0.004443708666974531,3,13,4.0
500290098647547904,2014-08-15T14:37:09+00:00,2014-08-15T15:53:07+00:00,4558.0,15,1,14,27.0,501.0,0.00307152259763054,0.19745502413339183,1,14,14.0
500290456845299714,2014-08-15T14:38:34+00:00,2014-08-15T15:51:16+00:00,4362.0,38,1,37,273.0,2431.972972972973,0.008482347546996791,0.5226960110041265,5,15,2.0
500290464621559808,2014-08-15T14:38:36+00:00,2014-08-15T20:18:11+00:00,20375.0,18,1,17,3733.0,9158.29411764706,0.0008343558282208589,0.05300613496932516,1,16,16.0
500290867681587200,2014-08-15T14:40:12+00:00,2014-08-15T14:45:10+00:00,298.0,19,1,18,39.0,178.88888888888889,0.06040268456375839,3.825503355704698,2,17,9.0
500290977798836225,2014-08-15T14:40:38+00:00,2014-08-15T16:18:35+00:00,5877.0,21,1,20,55.0,1064.65,0.003403096818104475,0.21439509954058192,3,14,3.3333333333333335
500291013521334272,2014-08-15T14:40:47+00:00,2014-08-15T14:40:47+00:00,0.0,1,1,0,0.0,0.0,0.0,0.0,0,0,0.0
500291056445845504,2014-08-15T14:40:57+00:00,2014-08-15T14:40:57+00:00,0.0,1,1,0,0.0,0.0,0.0,0.0,0,0,0.0
500291116403789824,2014-08-15T14:41:11+00:00,2014-08-15T23:01:27+00:00,30016.0,14,1,13,1230.0,4617.307692307692,0.00043310234541577827,0.027985074626865673,5,4,1.8571428571428572
500292129802186752,2014-08-15T14:45:13+00:00,2014-08-15T16:22:08+00:00,5815.0,6,1,5,531.0,2723.8,0.0008598452278589854,0.061908856405846945,1,5,5.0
500292202845982720,2014-08-15T14:45:30+00:00,2014-08-15T17:31:43+00:00,9973.0,59,1,58,356.0,6593.603448275862,0.00581570239647047,0.35495838764664595,10,7,1.7575757575757576
500292426154528770,2014-08-15T14:46:24+00:00,2014-08-15T14:46:24+00:00,0.0,1,1,0,0.0,0.0,0.0,0.0,0,0,0.0
500292684192686080,2014-08-15T14:47:25+00:00,2014-08-15T16:14:07+00:00,5202.0,7,1,6,76.0,1351.5,0.0011534025374855825,0.08073817762399077,1,6,6.0
500292806175236096,2014-08-15T14:47:54+00:00,2014-08-15T14:56:29+00:00,515.0,19,1,18,67.0,306.55555555555554,0.03495145631067961,2.2135922330097086,4,15,4.5
500292917957648384,2014-08-15T14:48:21+00:00,2014-08-24T19:30:53+00:00,794552.0,42,1,41,1595.0,95927.29268292683,5.160140557194495e-05,0.0031715985863732016,6,12,1.9523809523809523
500293392060780546,2014-08-15T14:50:14+00:00,2014-08-15T21:56:16+00:00,25562.0,136,1,135,71.0,7842.007407407407,0.0052812768953915965,0.31922384789922537,41,19,1.7763157894736843
500293511632388097,2014-08-15T14:50:42+00:00,2014-08-15T17:35:15+00:00,9873.0,2,1,1,9873.0,9873.0,0.00010128633647320976,0.01215436037678517,1,1,1.0
500293830827331584,2014-08-15T14:51:58+00:00,2014-08-23T14:48:57+00:00,691019.0,47,1,46,170.0,90429.30434782608,6.656835774414307e-05,0.004080929757358336,9,20,2.1904761904761907
500293872162205697,2014-08-15T14:52:08+00:00,2014-08-15T22:41:07+00:00,28139.0,9,1,8,385.0,6847.125,0.00028430292476633854,0.01919044742172785,4,4,1.6
500294349872062464,2014-08-15T14:54:02+00:00,2014-08-18T02:21:55+00:00,214073.0,44,1,43,163.0,145067.06976744186,0.00020086605970860407,0.012332241805365459,15,8,1.4827586206896552
500294693356175360,2014-08-15T14:55:24+00:00,2014-08-16T03:47:22+00:00,46318.0,35,1,34,456.0,6425.029411764706,0.0007340558746059847,0.045338745196251994,10,15,2.2666666666666666
500294803402137600,2014-08-15T14:55:50+00:00,2014-08-15T15:15:46+00:00,1196.0,19,1,18,121.0,658.1666666666666,0.015050167224080268,0.9531772575250836,4,14,4.5
500295333486657536,2014-08-15T14:57:57+00:00,2014-08-16T05:42:34+00:00,53077.0,29,1,28,244.0,10848.785714285714,0.0005275354673399024,0.032782561184693935,3,22,4.0
500295393301647360,2014-08-15T14:58:11+00:00,2014-08-15T19:05:05+00:00,14814.0,9,1,8,71.0,4926.0,0.0005400297016335898,0.03645200486026731,3,5,2.0
500295570393542657,2014-08-15T14:58:53+00:00,2014-08-17T17:16:23+00:00,181050.0,38,1,37,16973.0,86963.45945945945,0.0002043634355150511,0.012593206296603147,3,24,4.0
500296080710705152,2014-08-15T15:00:55+00:00,2014-08-18T23:14:54+00:00,288839.0,34,1,33,73.0,10189.151515151516,0.00011425049941316788,0.007062758145541287,6,25,4.0
500296090671796224,2014-08-15T15:00:57+00:00,2014-08-22T21:51:58+00:00,629461.0,28,1,27,473.0,45026.555555555555,4.289384092104197e-05,0.002668950101753723,11,8,1.5
500296158476906496,2014-08-15T15:01:13+00:00,2014-08-15T15:17:19+00:00,966.0,18,1,17,106.0,578.3529411764706,0.017598343685300208,1.1180124223602483,2,12,4.666666666666667
500296369224310784,2014-08-15T15:02:04+00:00,2014-08-15T16:27:33+00:00,5129.0,17,1,16,115.0,1743.625,0.003119516474946383,0.19886917527783193,3,13,5.0
500296692713783298,2014-08-15T15:03:21+00:00,2014-08-15T18:39:07+00:00,12946.0,19,1,18,127.0,4285.888888888889,0.001390390854317936,0.08805808744013595,4,14,3.6
500296988077076480,2014-08-15T15:04:31+00:00,2014-08-15T21:49:44+00:00,24313.0,39,1,38,123.0,3858.342105263158,0.0015629498622136305,0.0962448073047341,7,14,2.111111111111111
500297243371798528,2014-08-15T15:05:32+00:00,2014-08-16T01:05:49+00:00,36017.0,127,1,126,51.0,6243.992063492064,0.003498348002332232,0.21156676014104453,9,26,2.0655737704918034
500297358908071936,2014-08-15T15:06:00+00:00,2014-08-16T02:55:09+00:00,42549.0,49,1,48,318.0,6945.770833333333,0.001128111118945216,0.06909680603539449,7,19,2.0
500298091627823104,2014-08-15T15:08:54+00:00,2014-08-15T21:09:50+00:00,21656.0,36,1,35,32.0,3865.5714285714284,0.001616180273365349,0.09974141115626155,6,13,2.3333333333333335
500298315368390657,2014-08-15T15:09:48+00:00,2014-08-15T20:00:23+00:00,17435.0,7,1,6,394.0,5700.166666666667,0.0003441353599082306,0.02408947519357614,1,6,6.0
500298588992593920,2014-08-15T15:10:53+00:00,2014-08-15T15:29:17+00:00,1104.0,19,1,18,111.0,669.1666666666666,0.016304347826086956,1.032608695652174,5,12,2.5714285714285716
500298752469770240,2014-08-15T15:11:32+00:00,2014-08-16T03:47:24+00:00,45352.0,44,1,43,131.0,13191.372093023256,0.0009481390015875816,0.058211324748632914,9,14,1.5925925925925926
500298847550472194,2014-08-15T15:11:55+00:00,2014-08-15T16:44:20+00:00,5545.0,64,1,63,195.0,2264.5396825396824,0.011361587015329125,0.6925157799819657,11,26,2.1
500298981558063107,2014-08-15T15:12:26+00:00,2014-08-22T17:47:54+00:00,614128.0,24,1,23,155.0,32707.0,3.745147591381601e-05,0.0023447880572128287,1,23,23.0
500299227969646592,2014-08-15T15:13:25+00:00,2014-08-16T01:39:42+00:00,37577.0,19,1,18,70.0,7095.666666666667,0.0004790164196183836,0.030337706575830962,4,12,2.8333333333333335
500299904817049600,2014-08-15T15:16:07+00:00,2014-08-15T20:03:26+00:00,17239.0,20,1,19,38.0,2327.0,0.0011021520969893845,0.06960960612564535,1,19,19.0
500300813835988992,2014-08-15T15:19:43+00:00,2014-08-17T00:30:28+00:00,119445.0,15,1,14,242.0,26080.35714285714,0.00011720875716857131,0.007534848675122442,3,12,4.666666666666667
500300944891199488,2014-08-15T15:20:15+00:00,2014-08-15T15:20:15+00:00,0.0,1,1,0,0.0,0.0,0.0,0.0,0,0,0.0
500301418406744064,2014-08-15T15:22:07+00:00,2014-08-16T22:48:04+00:00,113157.0,18,1,17,75.0,10473.176470588236,0.00015023374603427098,0.00954426151276545,2,14,5.666666666666667
500301494340419585,2014-08-15T15:22:26+00:00,2014-08-15T15:22:26+00:00,0.0,1,1,0,0.0,0.0,0.0,0.0,0,0,0.0
500301519854379008,2014-08-15T15:22:32+00:00,2014-08-15T19:29:16+00:00,14804.0,6,1,5,931.0,8144.2,0.00033774655498513916,0.02431775195893002,1,5,5.0
500301870145880064,2014-08-15T15:23:55+00:00,2014-08-15T17:23:59+00:00,7204.0,18,1,17,122.0,1651.8235294117646,0.002359800111049417,0.14991671293725709,1,16,16.0
500302115458523136,2014-08-15T15:24:54+00:00,2014-08-15T16:33:06+00:00,4092.0,4,1,3,209.0,1894.0,0.0007331378299120235,0.05865102639296187,1,3,3.0
500302383747194880,2014-08-15T15:25:58+00:00,2014-08-15T20:53:48+00:00,19670.0,138,1,137,88.0,10673.83211678832,0.006964921199796644,0.4209456024402644,30,9,1.8266666666666667
500302577557573632,2014-08-15T15:26:44+00:00,2014-08-15T17:29:51+00:00,7387.0,19,1,18,440.0,5541.222222222223,0.0024367131447136864,0.1543251658318668,8,2,1.3846153846153846
500303238810574849,2014-08-15T15:29:21+00:00,2014-08-15T15:58:58+00:00,1777.0,17,1,16,380.0,1138.5625,0.009003939223410242,0.5740011254924029,3,13,4.0
500303431928922113,2014-08-15T15:30:08+00:00,2014-08-16T18:19:48+00:00,96580.0,18,1,17,66.0,13921.941176470587,0.00017601987989231726,0.011182439428453095,2,16,8.5
500303864495882240,2014-08-15T15:31:51+00:00,2014-08-30T19:51:49+00:00,1311598.0,19,1,18,314.0,223940.16666666666,1.3723717175537016e-05,0.0008691687544506777,8,7,2.0
500305514447003649,2014-08-15T15:38:24+00:00,2014-08-15T18:00:46+00:00,8542.0,11,1,10,65.0,4666.6,0.0011706860220088973,0.07726527745258721,1,10,10.0
500306187624407040,2014-08-15T15:41:05+00:00,2014-08-15T15:41:05+00:00,0.0,1,1,0,0.0,0.0,0.0,0.0,0,0,0.0
500306548841660416,2014-08-15T15:42:31+00:00,2014-08-18T05:55:04+00:00,223953.0,39,1,38,528.0,70105.76315789473,0.00016967845931958937,0.010448620915995766,8,16,2.923076923076923
500306837103968257,2014-08-15T15:43:39+00:00,2014-08-17T22:09:41+00:00,195962.0,66,1,65,735.0,36768.123076923075,0.0003316969616558312,0.0202079995101091,13,11,1.8055555555555556
500307001629745152,2014-08-15T15:44:19+00:00,2014-08-15T22:55:45+00:00,25886.0,89,1,88,480.0,13217.954545454546,0.0033995209765896625,0.20628911380669088,24,6,1.5172413793103448
500307273659318272,2014-08-15T15:45:23+00:00,2014-08-17T00:18:47+00:00,117204.0,11,1,10,38.0,12206.1,8.532132009146446e-05,0.005631207126036653,2,8,5.0
500307863894786048,2014-08-15T15:47:44+00:00,2014-08-16T18:10:52+00:00,94988.0,6,1,5,1126.0,23950.6,5.2638227986693055e-05,0.0037899524150419,1,5,5.0
500308076004929537,2014-08-15T15:48:35+00:00,2014-08-15T16:52:27+00:00,3832.0,19,1,18,69.0,1468.3333333333333,0.004697286012526096,0.2974947807933194,3,8,2.5714285714285716
500308546815131648,2014-08-15T15:50:27+00:00,2014-08-16T13:03:23+00:00,76376.0,104,1,103,45.0,19057.135922330097,0.001348591180475542,0.08170105792395517,33,9,1.6666666666666667
500308574703452160,2014-08-15T15:50:34+00:00,2014-08-15T22:18:34+00:00,23280.0,72,1,71,1185.0,5127.0,0.003049828178694158,0.18556701030927836,23,5,1.775
500308705083400193,2014-08-15T15:51:05+00:00,2014-08-15T17:37:47+00:00,6402.0,18,1,17,35.0,2419.3529411764707,0.002655420181193377,0.16869728209934395,4,11,3.4
500308708988301312,2014-08-15T15:51:06+00:00,2014-08-15T20:15:44+00:00,15878.0,16,1,15,109.0,1953.4666666666667,0.0009447033631439728,0.060461015241214264,1,13,13.0
500308900957405185,2014-08-15T15:51:51+00:00,2014-08-15T15:51:51+00:00,0.0,1,1,0,0.0,0.0,0.0,0.0,0,0,0.0
500309193526882306,2014-08-15T15:53:01+00:00,2014-08-16T09:26:48+00:00,63227.0,16,1,15,479.0,9727.4,0.00023724041944106158,0.015183386844227941,1,15,15.0
500309222635360256,2014-08-15T15:53:08+00:00,2014-08-22T03:44:31+00:00,561083.0,37,1,36,72.0,105728.77777777778,6.416163027573461e-05,0.003956633867003634,3,23,5.4
500309381930844160,2014-08-15T15:53:46+00:00,2014-08-15T16:12:56+00:00,1150.0,18,1,17,20.0,582.8823529411765,0.014782608695652174,0.9391304347826086,7,7,2.125
500309745350508545,2014-08-15T15:55:13+00:00,2014-08-15T18:43:48+00:00,10115.0,11,1,10,75.0,3244.2,0.0009886307464162135,0.0652496292634701,2,8,3.3333333333333335
500310127896199168,2014-08-15T15:56:44+00:00,2014-08-15T17:08:09+00:00,4285.0,14,1,13,73.0,1268.4615384615386,0.0030338389731621937,0.19603267211201866,1,10,10.0
500310319844298752,2014-08-15T15:57:30+00:00,2014-08-15T15:57:30+00:00,0.0,1,1,0,0.0,0.0,0.0,0.0,0,0,0.0
500311153583853570,2014-08-15T16:00:49+00:00,2014-08-15T16:00:49+00:00,0.0,1,1,0,0.0,0.0,0.0,0.0,0,0,0.0
500311883669585920,2014-08-15T16:03:43+00:00,2014-08-15T19:13:51+00:00,11408.0,14,1,13,83.0,2736.6153846153848,0.0011395511921458625,0.07363253856942496,1,13,13.0
500312651797233665,2014-08-15T16:06:46+00:00,2014-08-18T20:57:10+00:00,276624.0,24,1,23,210.0,15413.565217391304,8.314535253629476e-05,0.005205622071837585,8,15,2.875
500312670260957185,2014-08-15T16:06:50+00:00,2014-08-15T17:32:44+00:00,5154.0,13,1,12,95.0,2244.25,0.002328288707799767,0.15133876600698484,5,6,2.0
500313811195158528,2014-08-15T16:11:22+00:00,2014-08-15T18:13:50+00:00,7348.0,10,1,9,44.0,955.1111111111111,0.0012248230811105062,0.08165487207403375,1,9,9.0
500314015609147392,2014-08-15T16:12:11+00:00,2014-08-15T16:12:11+00:00,0.0,1,1,0,0.0,0.0,0.0,0.0,0,0,0.0
500314545345552384,2014-08-15T16:14:17+00:00,2014-08-15T19:44:04+00:00,12587.0,13,1,12,219.0,2821.25,0.0009533645825057599,0.06196869786287439,2,10,4.0
500314788610985984,2014-08-15T16:15:15+00:00,2014-08-15T17:55:15+00:00,6000.0,3,1,2,625.0,3312.5,0.0003333333333333333,0.03,1,2,2.0
500314823117115393,2014-08-15T16:15:23+00:00,2014-08-15T18:15:40+00:00,7217.0,7,1,6,117.0,1614.1666666666667,0.0008313703755022863,0.058195926285160036,1,6,6.0
500315237375954944,2014-08-15T16:17:02+00:00,2014-08-17T13:09:07+00:00,161525.0,35,1,34,186.0,14278.588235294117,0.00021049373162049218,0.013001083423618633,8,15,2.5
500315291168276480,2014-08-15T16:17:15+00:00,2014-08-15T18:10:37+00:00,6802.0,8,1,7,155.0,1539.5714285714287,0.0010291090855630697,0.07056748015289621,1,7,7.0
500315532382707712,2014-08-15T16:18:12+00:00,2014-08-15T21:32:12+00:00,18840.0,9,1,8,147.0,6641.0,0.0004246284501061571,0.028662420382165606,2,7,4.0
500315536937324544,2014-08-15T16:18:14+00:00,2014-08-15T16:42:39+00:00,1465.0,2,1,1,1465.0,1465.0,0.0006825938566552901,0.08191126279863481,1,1,1.0
500315609171636225,2014-08-15T16:18:31+00:00,2014-08-16T07:56:31+00:00,56280.0,16,1,15,96.0,5630.666666666667,0.00026652452025586353,0.017057569296375266,1,15,15.0
500315907567001600,2014-08-15T16:19:42+00:00,2014-08-15T16:19:42+00:00,0.0,1,1,0,0.0,0.0,0.0,0.0,0,0,0.0
500315984910372864,2014-08-15T16:20:00+00:00,2014-08-15T16:29:56+00:00,596.0,19,1,18,75.0,403.77777777777777,0.030201342281879196,1.912751677852349,4,8,3.6
500316005089181697,2014-08-15T16:20:05+00:00,2014-08-15T22:17:59+00:00,21474.0,24,1,23,134.0,4778.434782608696,0.0010710626804507778,0.06705783738474434,5,14,2.5555555555555554
500316260081889282,2014-08-15T16:21:06+00:00,2014-08-15T16:47:26+00:00,1580.0,17,1,16,82.0,621.625,0.010126582278481013,0.6455696202531646,3,11,3.2
500316380063748096,2014-08-15T16:21:35+00:00,2014-08-15T16:54:04+00:00,1949.0,19,1,18,77.0,797.0,0.009235505387378143,0.5849153412006157,3,15,4.5
500317579060449280,2014-08-15T16:26:20+00:00,2014-08-21T14:40:41+00:00,512061.0,47,1,46,15.0,103318.82608695653,8.983304723460682e-05,0.005507156373947635,17,24,2.7058823529411766
500317687239966722,2014-08-15T16:26:46+00:00,2014-08-15T16:41:35+00:00,889.0,18,1,17,213.0,462.1764705882353,0.019122609673790775,1.2148481439820022,2,15,5.666666666666667
500318003024494596,2014-08-15T16:28:02+00:00,2014-08-15T16:31:02+00:00,180.0,16,1,15,48.0,108.6,0.08333333333333333,5.333333333333333,1,15,15.0
500318336719134720,2014-08-15T16:29:21+00:00,2014-08-16T00:48:02+00:00,29921.0,34,1,33,70.0,4568.606060606061,0.0011029043146953644,0.06817953945389525,10,10,1.9411764705882353
500318966422589440,2014-08-15T16:31:51+00:00,2014-08-15T18:48:26+00:00,8195.0,10,1,9,66.0,2045.5555555555557,0.0010982306284319707,0.07321537522879805,1,9,9.0
500318980007948288,2014-08-15T16:31:54+00:00,2014-08-15T20:01:45+00:00,12591.0,47,1,46,110.0,3931.2391304347825,0.0036534032245254546,0.22396950202525615,12,13,1.84
500319233558192128,2014-08-15T16:32:55+00:00,2014-08-15T18:31:05+00:00,7090.0,7,1,6,69.0,1507.0,0.000846262341325811,0.05923836389280677,1,6,6.0
500319675797209088,2014-08-15T16:34:40+00:00,2014-08-16T18:45:57+00:00,94277.0,12,1,11,117.0,34618.454545454544,0.00011667745049163635,0.007637069486725288,2,10,5.5
500319801344929795,2014-08-15T16:35:10+00:00,2014-08-18T20:42:26+00:00,274036.0,17,1,16,122.0,38161.4375,5.8386489366360626e-05,0.00372213869710549,3,10,3.2
500320235841265665,2014-08-15T16:36:54+00:00,2014-08-15T20:28:37+00:00,13903.0,16,1,15,139.0,2962.133333333333,0.0010789038337049557,0.06904984535711717,2,14,7.5
500320286341099523,2014-08-15T16:37:06+00:00,2014-08-15T16:56:28+00:00,1162.0,19,1,18,66.0,604.8888888888889,0.01549053356282272,0.9810671256454389,2,17,9.0
500320316602974210,2014-08-15T16:37:13+00:00,2014-08-15T19:43:14+00:00,11161.0,19,1,18,563.0,4095.5555555555557,0.0016127587133769375,0.10214138518053938,3,12,6.0
500320616428601344,2014-08-15T16:38:25+00:00,2014-08-15T17:06:18+00:00,1673.0,12,1,11,80.0,495.1818181818182,0.00657501494321578,0.4303646144650329,1,11,11.0
500320680810795009,2014-08-15T16:38:40+00:00,2014-08-16T06:50:53+00:00,51133.0,6,1,5,362.0,17415.4,9.778420980580057e-05,0.00704046310601764,2,4,2.5
500321184269881345,2014-08-15T16:40:40+00:00,2014-08-16T19:42:39+00:00,97319.0,11,1,10,59.0,13396.6,0.00010275485773589946,0.006781820610569364,2,6,3.5
500321506371850240,2014-08-15T16:41:57+00:00,2014-08-15T16:41:57+00:00,0.0,1,1,0,0.0,0.0,0.0,0.0,0,0,0.0
500322242296041473,2014-08-15T16:44:52+00:00,2014-08-20T18:24:36+00:00,437984.0,18,1,17,34450.0,101082.5294117647,3.8814203258566524e-05,0.002465843501132461,6,4,1.8888888888888888
500322285916401664,2014-08-15T16:45:03+00:00,2014-08-16T15:35:56+00:00,82253.0,8,1,7,436.0,30294.714285714286,8.51032789077602e-05,0.005835653410817842,2,6,3.5
500322373359661056,2014-08-15T16:45:24+00:00,2014-08-15T17:09:26+00:00,1442.0,18,1,17,26.0,812.8235294117648,0.011789181692094313,0.7489597780859917,3,9,3.75
500322486362202112,2014-08-15T16:45:50+00:00,2014-08-15T18:06:43+00:00,4853.0,21,1,20,72.0,941.1,0.0041211621677313005,0.2596332165670719,1,20,20.0
500324234821124096,2014-08-15T16:52:47+00:00,2014-08-15T17:00:26+00:00,459.0,18,1,17,26.0,272.8235294117647,0.037037037037037035,2.3529411764705883,1,17,17.0
500324836355608576,2014-08-15T16:55:11+00:00,2014-08-15T16:55:11+00:00,0.0,1,1,0,0.0,0.0,0.0,0.0,0,0,0.0
500325111497777152,2014-08-15T16:56:16+00:00,2014-08-15T18:23:58+00:00,5262.0,22,1,21,65.0,1297.7142857142858,0.003990877993158495,0.25085518814139107,5,11,3.0
500325220193153024,2014-08-15T16:56:42+00:00,2014-08-15T22:37:20+00:00,20438.0,12,1,11,302.0,6284.363636363636,0.0005382131324004305,0.035228495938937274,2,9,5.0
500326267640905728,2014-08-15T17:00:52+00:00,2014-08-15T17:32:03+00:00,1871.0,4,1,3,328.0,1244.6666666666667,0.0016034206306787815,0.1282736504543025,1,3,3.0
500326873407455233,2014-08-15T17:03:16+00:00,2014-08-15T20:01:48+00:00,10712.0,5,1,4,2232.0,6492.5,0.0003734129947722181,0.028005974607916356,1,4,4.0
500327106824245249,2014-08-15T17:04:12+00:00,2014-08-15T17:50:27+00:00,2775.0,8,1,7,32.0,707.5714285714286,0.0025225225225225223,0.17297297297297298,1,7,7.0
500327120770301952,2014-08-15T17:04:15+00:00,2014-08-16T03:59:18+00:00,39303.0,19,1,18,93.0,5793.555555555556,0.0004579803068468056,0.02900541943363102,3,16,6.0
500327581514993665,2014-08-15T17:06:05+00:00,2014-08-16T08:41:02+00:00,56097.0,34,1,33,86.0,3460.181818181818,0.0005882667522327397,0.03636558104711482,7,18,2.357142857142857
500328049058279424,2014-08-15T17:07:57+00:00,2014-08-18T18:42:01+00:00,264844.0,175,1,174,7.0,7529.9885057471265,0.0006569905302744257,0.03964598027518086,20,26,1.5636363636363637
500328451929559041,2014-08-15T17:09:33+00:00,2014-08-16T14:41:24+00:00,77511.0,11,1,10,486.0,22649.3,0.00012901394640760667,0.00851492046290204,4,5,2.5
500328583194509315,2014-08-15T17:10:04+00:00,2014-08-20T00:46:06+00:00,372962.0,15,1,14,58.0,46420.5,3.753733624337064e-05,0.002413114472788112,1,14,14.0
500328758201815041,2014-08-15T17:10:46+00:00,2014-08-30T13:57:31+00:00,1284405.0,25,1,24,553.0,80305.5,1.8685694932673104e-05,0.001167855933292069,3,22,8.0
500329800725442562,2014-08-15T17:14:54+00:00,2014-08-15T17:43:31+00:00,1717.0,19,1,18,224.0,736.8333333333334,0.010483401281304601,0.663948747815958,2,17,9.0
500329864017498114,2014-08-15T17:15:09+00:00,2014-08-15T19:52:04+00:00,9415.0,44,1,43,92.0,3058.767441860465,0.004567180031864047,0.28040361125862984,3,29,5.833333333333333
500331134040162304,2014-08-15T17:20:12+00:00,2014-08-15T17:31:50+00:00,698.0,19,1,18,65.0,304.94444444444446,0.025787965616045846,1.6332378223495703,1,16,16.0
500331472277225472,2014-08-15T17:21:33+00:00,2014-08-22T04:35:27+00:00,558834.0,27,1,26,948.0,133802.42307692306,4.652544404957465e-05,0.0028988930523196513,3,14,3.25
500332042648055808,2014-08-15T17:23:49+00:00,2014-08-17T22:31:20+00:00,191251.0,27,1,26,18.0,11391.423076923076,0.00013594700158430545,0.008470543944868262,3,20,5.0
500332097064550400,2014-08-15T17:24:02+00:00,2014-08-16T08:07:32+00:00,53010.0,31,1,30,129.0,4753.7,0.0005659309564233164,0.03508771929824561,3,16,6.0
500332933098385408,2014-08-15T17:27:21+00:00,2014-08-15T18:16:57+00:00,2976.0,9,1,8,1039.0,2214.25,0.002688172043010753,0.1814516129032258,3,4,1.6
500334308867858432,2014-08-15T17:32:49+00:00,2014-08-17T11:34:29+00:00,151300.0,19,1,18,167.0,14634.277777777777,0.00011896893588896233,0.007534699272967614,5,13,3.6
500335355904540674,2014-08-15T17:36:59+00:00,2014-08-19T14:53:26+00:00,335787.0,118,1,117,160.0,16338.820512820514,0.00034843516872302976,0.021084794825291034,14,30,2.1724137931034484
500335761615355906,2014-08-15T17:38:36+00:00,2014-08-15T21:09:08+00:00,12632.0,12,1,11,54.0,3052.181818181818,0.0008708043065231159,0.056998100063331225,1,11,11.0
500335927248429056,2014-08-15T17:39:15+00:00,2014-08-15T18:26:19+00:00,2824.0,13,1,12,314.0,2225.5833333333335,0.00424929178470255,0.2762039660056657,3,3,1.75
500336040440516608,2014-08-15T17:39:42+00:00,2014-08-15T17:56:26+00:00,1004.0,19,1,18,141.0,589.6666666666666,0.017928286852589643,1.1354581673306772,6,6,2.0
500336373833170945,2014-08-15T17:41:01+00:00,2014-08-15T18:23:49+00:00,2568.0,18,1,17,264.0,1355.1176470588234,0.00661993769470405,0.42056074766355145,6,8,2.2857142857142856
500339209715335169,2014-08-15T17:52:18+00:00,2014-08-15T18:53:18+00:00,3660.0,6,1,5,1998.0,2708.0,0.001366120218579235,0.09836065573770492,1,2,2.0
500339512082698240,2014-08-15T17:53:30+00:00,2014-08-16T22:33:30+00:00,103200.0,23,1,22,179.0,20001.045454545456,0.0002131782945736434,0.013372093023255814,4,8,2.75
500339589601431552,2014-08-15T17:53:48+00:00,2014-08-15T17:53:48+00:00,0.0,1,1,0,0.0,0.0,0.0,0.0,0,0,0.0
500339591392817152,2014-08-15T17:53:49+00:00,2014-08-15T21:08:24+00:00,11675.0,37,1,36,63.0,2228.5,0.0030835117773019274,0.19014989293361884,2,34,12.0
500341884678836224,2014-08-15T18:02:55+00:00,2014-08-16T03:50:30+00:00,35255.0,10,1,9,224.0,10362.777777777777,0.0002552829385902709,0.017018862572684725,2,8,4.5
500343812863311872,2014-08-15T18:10:35+00:00,2014-08-17T03:38:00+00:00,120445.0,38,1,37,30.0,17504.594594594593,0.0003071941550085101,0.01892980198430819,3,28,4.625
500344846612447233,2014-08-15T18:14:42+00:00,2014-08-16T10:58:59+00:00,60257.0,21,1,20,109.0,5306.65,0.000331911645120069,0.02091043364256435,5,11,2.857142857142857
500345408150065153,2014-08-15T18:16:55+00:00,2014-08-15T20:50:45+00:00,9230.0,19,1,18,77.0,6610.611111111111,0.0019501625135427952,0.12351029252437702,2,16,6.0
500347114975944705,2014-08-15T18:23:42+00:00,2014-08-16T14:44:01+00:00,73219.0,104,1,103,143.0,5624.8932038834955,0.0014067386880454527,0.08522378071265656,10,6,1.6363636363636365
500347379938492416,2014-08-15T18:24:46+00:00,2014-08-27T20:06:17+00:00,1042891.0,62,1,61,64.0,38514.639344262294,5.849125172237559e-05,0.0035670074820858557,8,10,1.7727272727272727
500347484154372097,2014-08-15T18:25:10+00:00,2014-08-15T22:31:44+00:00,14794.0,12,1,11,689.0,3898.5454545454545,0.0007435446802757875,0.048668379072597,2,9,3.6666666666666665
500347920210989057,2014-08-15T18:26:54+00:00,2014-08-15T21:09:40+00:00,9766.0,123,1,122,759.0,3470.1967213114754,0.012492320294900676,0.7556829817734998,20,29,1.8484848484848484
500347948635791360,2014-08-15T18:27:01+00:00,2014-08-17T03:36:45+00:00,119384.0,9,1,8,483.0,33852.5,6.701065469409636e-05,0.0045232191918515045,2,6,4.0
500349179848560640,2014-08-15T18:31:55+00:00,2014-08-15T22:58:14+00:00,15979.0,159,1,158,45.0,3666.487341772152,0.009887977971087052,0.5970336066086739,14,26,2.2
500349993539358720,2014-08-15T18:35:09+00:00,2014-08-15T19:17:38+00:00,2549.0,3,1,2,1533.0,2041.0,0.0007846214201647705,0.07061592781482934,1,2,2.0
500350150695743489,2014-08-15T18:35:46+00:00,2014-08-20T03:01:01+00:00,375915.0,30,1,29,250.0,29876.896551724138,7.714509929106314e-05,0.00478831650772116,6,7,2.3636363636363638
500350460122136576,2014-08-15T18:37:00+00:00,2014-08-20T06:12:57+00:00,387357.0,87,1,86,112.0,103724.94186046511,0.00022201741545912427,0.013475940798798009,10,31,1.951219512195122
500350777844457473,2014-08-15T18:38:16+00:00,2014-08-21T22:50:37+00:00,533541.0,40,1,39,81.0,32736.358974358973,7.309653803550243e-05,0.004498248494492457,2,35,9.5
500351760402493440,2014-08-15T18:42:10+00:00,2014-08-17T21:05:13+00:00,181383.0,11,1,10,153.0,19309.6,5.5131958342292274e-05,0.00363870925059129,3,6,3.3333333333333335
500352655827279874,2014-08-15T18:45:43+00:00,2014-08-15T20:26:28+00:00,6045.0,19,1,18,28.0,2565.1111111111113,0.002977667493796526,0.18858560794044665,3,13,4.25
500352850329751552,2014-08-15T18:46:30+00:00,2014-08-15T18:46:30+00:00,0.0,1,1,0,0.0,0.0,0.0,0.0,0,0,0.0
500353227951718401,2014-08-15T18:48:00+00:00,2014-08-15T18:48:00+00:00,0.0,1,1,0,0.0,0.0,0.0,0.0,0,0,0.0
500353295903637504,2014-08-15T18:48:16+00:00,2014-08-15T20:04:00+00:00,4544.0,17,1,16,336.0,1445.5,0.0035211267605633804,0.2244718309859155,3,11,3.2
500353815132897280,2014-08-15T18:50:20+00:00,2014-08-15T20:07:06+00:00,4606.0,7,1,6,1219.0,2803.5,0.0013026487190620929,0.0911854103343465,1,6,6.0
500354471525109760,2014-08-15T18:52:56+00:00,2014-08-15T23:16:29+00:00,15813.0,14,1,13,301.0,4289.2307692307695,0.0008221083918295073,0.05312084993359893,3,9,2.6
500354773133299713,2014-08-15T18:54:08+00:00,2014-08-15T21:00:03+00:00,7555.0,25,1,24,48.0,1404.4166666666667,0.0031767041694242223,0.1985440105890139,4,19,4.0
500354853680340993,2014-08-15T18:54:27+00:00,2014-08-15T20:07:14+00:00,4367.0,15,1,14,160.0,2825.714285714286,0.003205862147927639,0.20609113808106252,1,5,5.0
500355259341242370,2014-08-15T18:56:04+00:00,2014-09-14T16:21:57+00:00,2582753.0,71,1,70,69.0,229349.17142857143,2.7102862720515668e-05,0.0016494027884199536,6,32,3.0952380952380953
500355828227252225,2014-08-15T18:58:20+00:00,2014-08-19T19:32:54+00:00,347674.0,83,1,82,57.0,36095.45121951219,0.00023585312677968441,0.014323763065400346,19,25,2.076923076923077
500356642329071616,2014-08-15T19:01:34+00:00,2014-08-22T02:07:09+00:00,543935.0,47,1,46,91.0,17095.456521739132,8.456892827267964e-05,0.005184442994107752,4,34,4.6
500357314722156544,2014-08-15T19:04:14+00:00,2014-08-15T19:45:01+00:00,2447.0,18,1,17,52.0,575.2352941176471,0.006947282386595832,0.4413567633837352,2,16,8.5
500357713260724224,2014-08-15T19:05:49+00:00,2014-08-15T19:24:40+00:00,1131.0,18,1,17,75.0,607.4117647058823,0.015030946065428824,0.9549071618037135,6,9,2.4285714285714284
500358061698347008,2014-08-15T19:07:12+00:00,2014-08-15T19:44:04+00:00,2212.0,6,1,5,310.0,949.8,0.0022603978300180833,0.162748643761302,1,5,5.0
500358195408551936,2014-08-15T19:07:44+00:00,2014-08-15T19:38:19+00:00,1835.0,12,1,11,21.0,471.90909090909093,0.005994550408719346,0.3923705722070845,1,11,11.0
500358258654470146,2014-08-15T19:07:59+00:00,2014-08-16T12:01:03+00:00,60784.0,16,1,15,99.0,12685.4,0.00024677546722821794,0.01579362990260595,2,14,7.5
500358526804316160,2014-08-15T19:09:03+00:00,2014-08-15T19:45:43+00:00,2200.0,32,1,31,66.0,1037.8709677419354,0.014090909090909091,0.8727272727272728,7,13,2.2142857142857144
500358655834062848,2014-08-15T19:09:34+00:00,2014-08-16T12:08:53+00:00,61159.0,24,1,23,43.0,3310.3478260869565,0.0003760689350708808,0.023545185500089928,2,20,5.75
500358907383275520,2014-08-15T19:10:34+00:00,2014-08-21T00:06:22+00:00,449748.0,20,1,19,121.0,26020.57894736842,4.224587991497461e-05,0.0026681608367352385,1,19,19.0
500358977046474754,2014-08-15T19:10:51+00:00,2014-08-18T16:11:33+00:00,248442.0,12,1,11,151.0,23791.545454545456,4.4275927580682815e-05,0.002898060714371966,3,8,3.6666666666666665
500359006331092994,2014-08-15T19:10:57+00:00,2014-08-15T19:10:57+00:00,0.0,1,1,0,0.0,0.0,0.0,0.0,0,0,0.0
500359075045990401,2014-08-15T19:11:14+00:00,2014-08-15T21:21:08+00:00,7794.0,15,1,14,157.0,1678.857142857143,0.001796253528355145,0.11547344110854503,3,11,3.5
500359088757555200,2014-08-15T19:11:17+00:00,2014-08-15T19:11:17+00:00,0.0,1,1,0,0.0,0.0,0.0,0.0,0,0,0.0
500359117132017665,2014-08-15T19:11:24+00:00,2014-08-21T07:12:58+00:00,475294.0,42,1,41,48.0,40900.90243902439,8.626239758970237e-05,0.005301981510391463,4,30,4.1
500359125310922753,2014-08-15T19:11:26+00:00,2014-08-16T01:39:58+00:00,23312.0,13,1,12,1007.0,6301.666666666667,0.0005147563486616335,0.03345916266300617,2,10,4.0
500359223557890048,2014-08-15T19:11:49+00:00,2014-08-16T01:30:17+00:00,22708.0,13,1,12,92.0,4073.5,0.0005284481240091598,0.03434912806059539,2,11,6.0
500359312447787009,2014-08-15T19:12:10+00:00,2014-08-16T10:28:49+00:00,54999.0,9,1,8,84.0,14566.875,0.00014545719013072964,0.009818360333824251,3,6,2.6666666666666665
500359323588239360,2014-08-15T19:12:13+00:00,2014-08-15T22:00:35+00:00,10102.0,19,1,18,153.0,1161.888888888889,0.0017818253811126509,0.11284894080380123,2,14,5.333333333333333
500359356589019136,2014-08-15T19:12:21+00:00,2014-08-15T20:20:10+00:00,4069.0,6,1,5,84.0,1998.0,0.001228803145736053,0.08847382649299583,1,5,5.0
500359377585704961,2014-08-15T19:12:26+00:00,2014-08-15T20:14:56+00:00,3750.0,19,1,18,94.0,917.0555555555555,0.0048,0.304,4,12,2.5714285714285716
500359508531884033,2014-08-15T19:12:57+00:00,2014-08-15T20:30:06+00:00,4629.0,22,1,21,102.0,930.3333333333334,0.004536616979909268,0.2851587815942968,3,15,3.5
500359673334493185,2014-08-15T19:13:37+00:00,2014-08-15T19:13:37+00:00,0.0,1,1,0,0.0,0.0,0.0,0.0,0,0,0.0
500359897557790720,2014-08-15T19:14:30+00:00,2014-08-15T19:37:03+00:00,1353.0,17,1,16,36.0,410.25,0.011825572801182557,0.753880266075388,1,16,16.0
500359983301939200,2014-08-15T19:14:50+00:00,2014-08-15T20:54:24+00:00,5974.0,5,1,4,309.0,1762.0,0.0006695681285570807,0.050217609641781055,3,2,1.3333333333333333
500360018928353280,2014-08-15T19:14:59+00:00,2014-08-15T21:43:36+00:00,8917.0,23,1,22,95.0,2099.1363636363635,0.002467197487944376,0.15476056969832902,6,16,3.5
500360094924931073,2014-08-15T19:15:17+00:00,2014-08-16T11:34:26+00:00,58749.0,18,1,17,419.0,7795.117647058823,0.00028936662751706413,0.01838329163049584,4,9,1.8888888888888888
500360095738626049,2014-08-15T19:15:17+00:00,2014-08-16T03:48:34+00:00,30797.0,19,1,18,45.0,2343.6666666666665,0.0005844725135565153,0.037016592525245966,4,15,4.5
500360244187635712,2014-08-15T19:15:53+00:00,2014-08-15T20:32:46+00:00,4613.0,33,1,32,164.0,1747.0,0.006936917407327119,0.4292217645783655,11,8,1.4545454545454546
500360248767840256,2014-08-15T19:15:54+00:00,2014-08-15T19:50:12+00:00,2058.0,19,1,18,74.0,568.6111111111111,0.008746355685131196,0.5539358600583091,3,15,4.5
500360308289187840,2014-08-15T19:16:08+00:00,2014-08-15T19:19:22+00:00,194.0,19,1,18,46.0,123.33333333333333,0.09278350515463918,5.876288659793814,2,17,9.0
500360558806568960,2014-08-15T19:17:08+00:00,2014-08-16T14:25:41+00:00,68913.0,41,1,40,32.0,7857.475,0.0005804420065880167,0.035697183405163035,5,34,5.714285714285714
500360596995731456,2014-08-15T19:17:17+00:00,2014-08-16T21:16:10+00:00,93533.0,16,1,15,120.0,13165.333333333334,0.00016037120588455412,0.010263757176611463,2,13,5.0
500360632093646848,2014-08-15T19:17:25+00:00,2014-08-15T21:28:29+00:00,7864.0,8,1,7,72.0,1876.2857142857142,0.0008901322482197355,0.061037639877924724,1,7,7.0
500360684253638656,2014-08-15T19:17:38+00:00,2014-08-16T00:03:18+00:00,17140.0,3,1,2,586.0,8863.0,0.00011668611435239207,0.010501750291715285,1,2,2.0
500360889347096576,2014-08-15T19:18:26+00:00,2014-08-15T19:18:26+00:00,0.0,1,1,0,0.0,0.0,0.0,0.0,0,0,0.0
500360978387976192,2014-08-15T19:18:48+00:00,2014-08-15T19:59:56+00:00,2468.0,17,1,16,115.0,1372.0625,0.006482982171799027,0.413290113452188,6,8,2.2857142857142856
500361302238564352,2014-08-15T19:20:05+00:00,2014-08-16T18:02:54+00:00,81769.0,129,1,128,26.0,28227.3671875,0.0015653854150105785,0.09465689931392093,36,7,1.7222222222222223
500361647144574976,2014-08-15T19:21:27+00:00,2014-08-15T19:21:27+00:00,0.0,1,1,0,0.0,0.0,0.0,0.0,0,0,0.0
500361668132892673,2014-08-15T19:21:32+00:00,2014-08-16T04:12:28+00:00,31856.0,6,1,5,430.0,23316.8,0.00015695630336514315,0.011300853842290308,3,2,1.6666666666666667
500361847070269441,2014-08-15T19:22:15+00:00,2014-08-16T00:48:59+00:00,19604.0,16,1,15,84.0,2990.0,0.0007651499693940012,0.048969598041216075,2,14,7.5
500362044324208640,2014-08-15T19:23:02+00:00,2014-08-15T19:23:02+00:00,0.0,1,1,0,0.0,0.0,0.0,0.0,0,0,0.0
500362083221786625,2014-08-15T19:23:11+00:00,2014-08-15T19:23:11+00:00,0.0,1,1,0,0.0,0.0,0.0,0.0,0,0,0.0
500362377062547457,2014-08-15T19:24:21+00:00,2014-08-16T01:54:14+00:00,23393.0,19,1,18,110.0,17440.555555555555,0.0007694609498567948,0.04873252682426367,2,17,9.0
500362679039840257,2014-08-15T19:25:33+00:00,2014-08-16T03:48:00+00:00,30147.0,28,1,27,104.0,2224.1111111111113,0.0008956115036322022,0.05572693800378147,4,15,2.4545454545454546
500363023958409216,2014-08-15T19:26:55+00:00,2014-08-15T21:14:17+00:00,6442.0,7,1,6,211.0,2011.1666666666667,0.0009313877677739833,0.06519714374417883,1,5,5.0
500363024926900224,2014-08-15T19:26:56+00:00,2014-08-15T19:40:28+00:00,812.0,5,1,4,63.0,510.25,0.0049261083743842365,0.3694581280788177,1,4,4.0
500363097698086912,2014-08-15T19:27:13+00:00,2014-08-15T22:42:18+00:00,11705.0,5,1,4,135.0,3114.75,0.00034173430158052114,0.025630072618539085,1,4,4.0
500363126294863876,2014-08-15T19:27:20+00:00,2014-08-16T08:31:15+00:00,47035.0,9,1,8,70.0,8549.0,0.00017008610609120866,0.011480812161156586,2,6,3.5
500363141034020865,2014-08-15T19:27:23+00:00,2014-08-16T00:32:49+00:00,18326.0,19,1,18,69.0,7118.833333333333,0.0009822110662446796,0.062206700862163046,1,18,18.0
500363602943942657,2014-08-15T19:29:13+00:00,2014-08-20T02:44:57+00:00,371744.0,17,1,16,195.0,136612.6875,4.3040371868812945e-05,0.0027438237066368253,1,16,16.0
500363740311982081,2014-08-15T19:29:46+00:00,2014-08-15T21:40:47+00:00,7861.0,20,1,19,31.0,1687.842105263158,0.0024169952932196924,0.1526523343086121,1,19,19.0
500363831957135360,2014-08-15T19:30:08+00:00,2014-08-16T01:12:32+00:00,20544.0,33,1,32,82.0,3427.59375,0.001557632398753894,0.0963785046728972,3,26,7.75
500364003734867970,2014-08-15T19:30:49+00:00,2014-08-16T02:02:19+00:00,23490.0,8,1,7,429.0,5108.285714285715,0.00029799914857386124,0.020434227330779056,2,6,3.5
500364250461003777,2014-08-15T19:31:48+00:00,2014-08-15T22:32:39+00:00,10851.0,11,1,10,82.0,3145.6,0.0009215740484747949,0.06082388719933647,2,6,2.5
500364290545958912,2014-08-15T19:31:57+00:00,2014-08-15T21:10:53+00:00,5936.0,19,1,18,100.0,2178.3333333333335,0.003032345013477089,0.19204851752021562,3,14,3.6
500364705622671360,2014-08-15T19:33:36+00:00,2014-08-16T01:18:39+00:00,20703.0,16,1,15,193.0,10300.866666666667,0.0007245326764237067,0.04637009129111723,3,8,4.0
500364914796802048,2014-08-15T19:34:26+00:00,2014-08-15T19:34:26+00:00,0.0,1,1,0,0.0,0.0,0.0,0.0,0,0,0.0
500364921607974913,2014-08-15T19:34:28+00:00,2014-08-16T07:16:05+00:00,42097.0,22,1,21,158.0,5628.142857142857,0.0004988478989001591,0.03135615364515286,2,17,5.0
500365059390836736,2014-08-15T19:35:01+00:00,2014-08-16T01:42:23+00:00,22042.0,19,1,18,248.0,12744.666666666666,0.0008166228109971872,0.05171944469648852,6,10,3.0
500365170796158976,2014-08-15T19:35:27+00:00,2014-08-15T23:21:23+00:00,13556.0,43,1,42,223.0,3509.904761904762,0.003098259073473001,0.19032162879905576,10,14,2.7857142857142856
500365332351971328,2014-08-15T19:36:06+00:00,2014-08-15T22:53:39+00:00,11853.0,15,1,14,320.0,2570.0714285714284,0.0011811355774909306,0.0759301442672741,3,8,2.8
500366171716067328,2014-08-15T19:39:26+00:00,2014-08-21T09:23:41+00:00,481455.0,30,1,29,57.0,90090.55172413793,6.023408210528502e-05,0.003738667165155622,6,20,2.9
500366207552196608,2014-08-15T19:39:34+00:00,2014-08-16T13:44:21+00:00,65087.0,9,1,8,567.0,11436.0,0.0001229124095441486,0.008296587644230032,1,8,8.0
500366333461422080,2014-08-15T19:40:04+00:00,2014-08-16T21:15:22+00:00,92118.0,14,1,13,200.0,16638.076923076922,0.00014112334180073385,0.009118739008662802,3,11,4.333333333333333
500366417674268673,2014-08-15T19:40:24+00:00,2014-08-24T17:29:34+00:00,769750.0,20,1,19,103.0,41605.52631578947,2.4683338746346217e-05,0.0015589477102955507,4,13,3.8
500367267901632512,2014-08-15T19:43:47+00:00,2014-08-15T21:13:38+00:00,5391.0,3,1,2,133.0,2762.0,0.0003709886848451122,0.033388981636060105,1,2,2.0
500367591773179904,2014-08-15T19:45:04+00:00,2014-08-21T06:46:38+00:00,471694.0,10,1,9,66.0,183045.66666666666,1.9080166379050826e-05,0.0012720110919367217,1,9,9.0
500368204376850432,2014-08-15T19:47:30+00:00,2014-08-15T19:47:30+00:00,0.0,1,1,0,0.0,0.0,0.0,0.0,0,0,0.0
500368579875704832,2014-08-15T19:49:00+00:00,2014-08-15T19:53:35+00:00,275.0,6,1,5,54.0,154.0,0.01818181818181818,1.309090909090909,1,5,5.0
500368724579192832,2014-08-15T19:49:35+00:00,2014-08-16T00:34:42+00:00,17107.0,19,1,18,29.0,10937.333333333334,0.0010522008534518032,0.06663938738528087,5,10,2.5714285714285716
500368901365317633,2014-08-15T19:50:17+00:00,2014-08-15T20:43:47+00:00,3210.0,18,1,17,142.0,1100.9411764705883,0.00529595015576324,0.3364485981308411,1,11,11.0
500368969854103552,2014-08-15T19:50:33+00:00,2014-08-15T19:50:33+00:00,0.0,1,1,0,0.0,0.0,0.0,0.0,0,0,0.0
500369097360953345,2014-08-15T19:51:03+00:00,2014-08-15T20:08:58+00:00,1075.0,18,1,17,48.0,464.88235294117646,0.01581395348837209,1.0046511627906975,3,14,4.25
500369391339724802,2014-08-15T19:52:13+00:00,2014-08-15T20:44:00+00:00,3107.0,19,1,18,90.0,895.3333333333334,0.005793369810106212,0.3669134213067268,2,16,6.0
500369479482630145,2014-08-15T19:52:34+00:00,2014-08-15T20:54:07+00:00,3693.0,18,1,17,114.0,2523.235294117647,0.004603303547251557,0.2924451665312754,2,14,7.5
500369693203378176,2014-08-15T19:53:25+00:00,2014-08-16T23:07:32+00:00,98047.0,15,1,14,53.0,45653.57142857143,0.00014278866258019113,0.00917927116586943,2,12,4.666666666666667
500370188970524672,2014-08-15T19:55:24+00:00,2014-08-16T02:08:33+00:00,22389.0,52,1,51,94.0,8739.941176470587,0.002277904328018223,0.13935414712582073,16,5,1.5
500370960093302784,2014-08-15T19:58:27+00:00,2014-08-17T01:59:39+00:00,108072.0,10,1,9,83.0,13853.888888888889,8.327781479013991e-05,0.00555185431934266,2,8,4.5
500371149713178625,2014-08-15T19:59:13+00:00,2014-08-16T12:27:09+00:00,59276.0,21,1,20,68.0,13301.1,0.0003374046831770025,0.021256495040151157,2,17,5.0
500371231183745025,2014-08-15T19:59:32+00:00,2014-08-16T10:57:55+00:00,53903.0,88,1,87,68.0,8858.425287356322,0.0016140103519284642,0.09795373170324471,25,9,1.6415094339622642
500372391407931392,2014-08-15T20:04:09+00:00,2014-08-15T20:53:06+00:00,2937.0,7,1,6,596.0,1609.6666666666667,0.0020429009193054137,0.14300306435137894,3,4,2.0
500374427448516609,2014-08-15T20:12:14+00:00,2014-08-15T20:23:48+00:00,694.0,4,1,3,143.0,479.6666666666667,0.004322766570605188,0.345821325648415,1,3,3.0
500375190535421953,2014-08-15T20:15:16+00:00,2014-08-17T20:40:26+00:00,174310.0,7,1,6,1188.0,142777.66666666666,3.442143307899719e-05,0.0024095003155298034,2,5,3.0
500375440285237248,2014-08-15T20:16:16+00:00,2014-08-16T14:51:44+00:00,66928.0,11,1,10,22.0,8057.3,0.00014941429595983742,0.00986134353334927,1,10,10.0
500375545918803970,2014-08-15T20:16:41+00:00,2014-08-23T01:08:19+00:00,622298.0,22,1,21,137.0,122058.23809523809,3.374589023265381e-05,0.002121170243195382,8,10,1.9090909090909092
500375737439096833,2014-08-15T20:17:26+00:00,2014-08-15T21:58:17+00:00,6051.0,20,1,19,87.0,1226.157894736842,0.0031399768633283754,0.1983143282102132,3,14,4.75
500375839498723328,2014-08-15T20:17:51+00:00,2014-08-15T21:12:26+00:00,3275.0,39,1,38,39.0,1411.1842105263158,0.011603053435114504,0.7145038167938931,7,15,2.8461538461538463
500376174095511552,2014-08-15T20:19:11+00:00,2014-08-15T21:48:36+00:00,5365.0,64,1,63,42.0,1937.2698412698412,0.01174277726001864,0.7157502329916122,16,15,2.1724137931034484
500376891623079937,2014-08-15T20:22:02+00:00,2014-08-18T06:46:22+00:00,210260.0,17,1,16,2652.0,49299.875,7.609626177114049e-05,0.004851136687910206,3,12,3.2
500377145349521411,2014-08-15T20:23:02+00:00,2014-08-19T19:01:47+00:00,340725.0,15,1,14,64.0,26043.64285714286,4.108885464817668e-05,0.0026414263702399295,2,13,7.0
500377191029673984,2014-08-15T20:23:13+00:00,2014-08-15T20:23:13+00:00,0.0,1,1,0,0.0,0.0,0.0,0.0,0,0,0.0
500377192841609217,2014-08-15T20:23:13+00:00,2014-08-17T23:11:14+00:00,182881.0,23,1,22,106.0,18984.590909090908,0.00012029680502621923,0.007545890497099206,6,9,2.4444444444444446
500377906305327104,2014-08-15T20:26:04+00:00,2014-08-16T08:20:22+00:00,42858.0,16,1,15,313.0,9766.066666666668,0.0003499930001399972,0.022399552008959822,4,9,2.5
500378223977721856,2014-08-15T20:27:19+00:00,2014-08-15T21:41:01+00:00,4422.0,17,1,16,54.0,1061.4375,0.003618272274988693,0.23066485753052918,4,13,4.0
500378338582884352,2014-08-15T20:27:47+00:00,2014-08-16T02:09:45+00:00,20518.0,22,1,21,207.0,8661.761904761905,0.0010234915683789844,0.06433375572667901,3,17,4.2
500378522398244865,2014-08-15T20:28:30+00:00,2014-08-15T21:00:13+00:00,1903.0,18,1,17,64.0,1000.2941176470588,0.008933263268523384,0.5675249605885444,3,9,5.666666666666667
500378522788315137,2014-08-15T20:28:31+00:00,2014-08-19T15:46:46+00:00,328695.0,21,1,20,74.0,35463.7,6.0846681574103654e-05,0.00383334093916853,4,15,3.3333333333333335
500378874656854016,2014-08-15T20:29:54+00:00,2014-08-16T19:34:09+00:00,83055.0,36,1,35,102.0,8091.171428571429,0.00042140750105351877,0.026006862922160014,3,30,8.25
500379055594946561,2014-08-15T20:30:38+00:00,2014-08-15T21:27:23+00:00,3405.0,16,1,15,161.0,1746.7333333333333,0.004405286343612335,0.28193832599118945,2,14,7.5
500379259698176000,2014-08-15T20:31:26+00:00,2014-08-16T08:49:43+00:00,44297.0,19,1,18,219.0,7803.944444444444,0.000406348059688015,0.025735377113574282,2,16,6.0
500380282097520640,2014-08-15T20:35:30+00:00,2014-08-16T07:37:28+00:00,39718.0,3,1,2,1524.0,20621.0,5.035500276952515e-05,0.004531950249257263,1,2,2.0
500380708783665152,2014-08-15T20:37:12+00:00,2014-08-16T15:23:56+00:00,67604.0,17,1,16,150.0,17315.0625,0.00023667238624933436,0.015087864623395066,3,12,4.666666666666667
500380881563811840,2014-08-15T20:37:53+00:00,2014-08-15T22:31:38+00:00,6825.0,19,1,18,512.0,3087.3888888888887,0.0026373626373626374,0.16703296703296702,4,9,2.6666666666666665
500381163866062848,2014-08-15T20:39:00+00:00,2014-08-15T23:49:17+00:00,11417.0,8,1,7,737.0,4924.142857142857,0.0006131207847946045,0.042042568100201454,2,6,3.5
500382073593405442,2014-08-15T20:42:37+00:00,2014-08-17T05:43:15+00:00,118838.0,99,1,98,786.0,57961.9081632653,0.0008246520473249297,0.04998401184806207,15,37,2.2790697674418605
500382265076379649,2014-08-15T20:43:23+00:00,2014-08-20T13:49:35+00:00,407172.0,50,1,49,67.0,59517.755102040814,0.0001203422632204572,0.007367893666558605,14,9,1.75
500382270340214784,2014-08-15T20:43:24+00:00,2014-09-03T15:02:42+00:00,1621158.0,20,1,19,105.0,174742.2105263158,1.1720017419646944e-05,0.0007402116265040176,2,18,9.5
500382437655207936,2014-08-15T20:44:04+00:00,2014-08-28T02:12:24+00:00,1056500.0,45,1,44,54.0,80530.5,4.16469474680549e-05,0.002555608140085187,12,10,1.608695652173913
500382853147164672,2014-08-15T20:45:43+00:00,2014-08-18T15:47:26+00:00,241303.0,41,1,40,122.0,67477.825,0.00016576669166980932,0.010194651537693274,4,11,2.875
500383514567925760,2014-08-15T20:48:21+00:00,2014-08-17T19:20:04+00:00,167503.0,18,1,17,255.0,21688.70588235294,0.00010149071956920174,0.006447645713808111,2,16,8.5
500383956362334208,2014-08-15T20:50:06+00:00,2014-08-15T22:17:12+00:00,5226.0,19,1,18,305.0,2088.0555555555557,0.003444316877152698,0.21814006888633755,3,13,4.5
500384393362698241,2014-08-15T20:51:50+00:00,2014-08-15T22:49:14+00:00,7044.0,9,1,8,285.0,2855.375,0.001135718341851221,0.0766609880749574,2,7,4.0
500384777514799104,2014-08-15T20:53:22+00:00,2014-08-16T10:25:31+00:00,48729.0,11,1,10,216.0,16666.7,0.00020521660612776786,0.013544296004432679,1,10,10.0
500385585807499266,2014-08-15T20:56:35+00:00,2014-08-15T21:37:13+00:00,2438.0,19,1,18,121.0,951.2777777777778,0.007383100902378999,0.4675963904840033,2,17,9.0
500385868041842688,2014-08-15T20:57:42+00:00,2014-08-16T23:56:12+00:00,97110.0,9,1,8,2278.0,22282.0,8.238080527237154e-05,0.005560704355885079,6,2,1.1428571428571428
500385877684539393,2014-08-15T20:57:44+00:00,2014-08-16T22:26:13+00:00,91709.0,7,1,6,342.0,16237.833333333334,6.542433130881375e-05,0.004579703191616962,1,6,6.0
500386524416856064,2014-08-15T21:00:18+00:00,2014-08-16T23:33:37+00:00,95599.0,11,1,10,134.0,20649.3,0.00010460360464021591,0.00690383790625425,1,10,10.0
500386619564650496,2014-08-15T21:00:41+00:00,2014-08-15T21:00:41+00:00,0.0,1,1,0,0.0,0.0,0.0,0.0,0,0,0.0
500386978467414016,2014-08-15T21:02:07+00:00,2014-08-16T02:36:17+00:00,20050.0,14,1,13,143.0,3237.5384615384614,0.0006483790523690773,0.041895261845386535,2,11,6.0
500387844758994946,2014-08-15T21:05:33+00:00,2014-08-15T21:05:33+00:00,0.0,1,1,0,0.0,0.0,0.0,0.0,0,0,0.0
500387959468982273,2014-08-15T21:06:00+00:00,2014-08-16T00:54:17+00:00,13697.0,18,1,17,202.0,5100.529411764706,0.0012411476965758926,0.07884938307658611,3,15,5.666666666666667
500388199064420352,2014-08-15T21:06:58+00:00,2014-08-16T03:00:54+00:00,21236.0,25,1,24,43.0,4812.416666666667,0.001130156338293464,0.07063477114334149,4,12,2.2
500388477763325952,2014-08-15T21:08:04+00:00,2014-08-17T16:36:36+00:00,156512.0,17,1,16,87.0,39291.5,0.00010222858311183807,0.006517072173379677,3,12,4.0
500388703114895360,2014-08-15T21:08:58+00:00,2014-08-16T18:45:44+00:00,77806.0,39,1,38,82.0,32518.894736842107,0.0004883942112433488,0.03007480142919569,6,15,2.111111111111111
500389488217309184,2014-08-15T21:12:05+00:00,2014-08-16T21:35:23+00:00,87798.0,37,1,36,88.0,19883.166666666668,0.00041003211918266933,0.025285314016264607,5,21,2.769230769230769
500390232756617216,2014-08-15T21:15:02+00:00,2014-08-16T12:44:47+00:00,55785.0,11,1,10,236.0,10352.7,0.00017925965761405395,0.011831137402527562,1,10,10.0
500391222075076610,2014-08-15T21:18:58+00:00,2014-08-16T19:34:17+00:00,80119.0,53,1,52,200.0,4718.923076923077,0.0006490345610903781,0.03969095969745005,10,12,1.8571428571428572
500391462073532416,2014-08-15T21:19:56+00:00,2014-08-15T21:26:41+00:00,405.0,18,1,17,21.0,165.58823529411765,0.04197530864197531,2.6666666666666665,2,16,8.5
500392971636719618,2014-08-15T21:25:55+00:00,2014-08-15T21:25:55+00:00,0.0,1,1,0,0.0,0.0,0.0,0.0,0,0,0.0
500393152444772352,2014-08-15T21:26:39+00:00,2014-08-16T01:08:20+00:00,13301.0,8,1,7,882.0,3897.5714285714284,0.0005262762198330953,0.036087512217126534,4,4,1.75
500393439482368000,2014-08-15T21:27:47+00:00,2014-08-15T22:41:50+00:00,4443.0,30,1,29,68.0,1717.7241379310344,0.006527121314427189,0.4051316677920324,7,15,2.7777777777777777
500393530960121857,2014-08-15T21:28:09+00:00,2014-08-17T23:25:42+00:00,179853.0,10,1,9,204.0,36855.0,5.004086670781138e-05,0.0033360577805207586,1,9,9.0
500394005419409408,2014-08-15T21:30:02+00:00,2014-08-17T04:04:21+00:00,110059.0,16,1,15,51.0,51817.13333333333,0.00013629053507664072,0.008722594244905006,6,8,2.142857142857143
500394061887709184,2014-08-15T21:30:15+00:00,2014-08-15T22:42:39+00:00,4344.0,16,1,15,89.0,3035.8,0.003453038674033149,0.22099447513812154,5,9,3.0
500395231305826306,2014-08-15T21:34:54+00:00,2014-08-15T21:34:54+00:00,0.0,1,1,0,0.0,0.0,0.0,0.0,0,0,0.0
500395288335360001,2014-08-15T21:35:08+00:00,2014-08-16T12:06:28+00:00,52280.0,17,1,16,582.0,25835.9375,0.000306044376434583,0.019510328997704666,2,13,4.0
500396027342376960,2014-08-15T21:38:04+00:00,2014-08-16T01:24:32+00:00,13588.0,19,1,18,11080.0,12303.722222222223,0.0013246982631733883,0.08389755666764792,6,7,2.25
500396175753633792,2014-08-15T21:38:39+00:00,2014-08-16T12:41:43+00:00,54184.0,13,1,12,142.0,10493.5,0.00022146759190905065,0.01439539347408829,2,11,6.0
500396366829735936,2014-08-15T21:39:25+00:00,2014-08-16T01:33:31+00:00,14046.0,6,1,5,515.0,3395.2,0.0003559732308130429,0.025630072618539085,1,5,5.0
500396427378298880,2014-08-15T21:39:39+00:00,2014-08-16T14:50:59+00:00,61880.0,61,1,60,167.0,5676.483333333334,0.0009696186166774402,0.05914673561732386,4,46,4.285714285714286
500397058541379584,2014-08-15T21:42:10+00:00,2014-08-15T21:42:10+00:00,0.0,1,1,0,0.0,0.0,0.0,0.0,0,0,0.0
500397785246466048,2014-08-15T21:45:03+00:00,2014-08-16T01:00:25+00:00,11722.0,45,1,44,122.0,2923.0454545454545,0.003753625661149974,0.23033612011602114,14,8,1.5172413793103448
500398504075071488,2014-08-15T21:47:54+00:00,2014-08-16T01:39:59+00:00,13925.0,43,1,42,78.0,5674.880952380952,0.003016157989228007,0.185278276481149,13,18,2.1
500398901028196354,2014-08-15T21:49:29+00:00,2014-08-17T19:58:03+00:00,166114.0,19,1,18,129.0,15446.555555555555,0.00010835931950347352,0.006862756901886656,1,13,13.0
500399181627162624,2014-08-15T21:50:36+00:00,2014-08-16T02:52:27+00:00,18111.0,26,1,25,39.0,2191.0,0.0013803765667274033,0.08613549776378995,2,24,12.5
500399997113098240,2014-08-15T21:53:50+00:00,2014-08-15T22:22:35+00:00,1725.0,18,1,17,31.0,619.5294117647059,0.009855072463768115,0.6260869565217392,2,16,8.5
500400102125879296,2014-08-15T21:54:15+00:00,2014-08-16T00:03:37+00:00,7762.0,44,1,43,79.0,1479.4186046511627,0.0055398093274929144,0.3401185261530533,12,8,1.6153846153846154
500402449501286400,2014-08-15T22:03:35+00:00,2014-08-16T15:09:05+00:00,61530.0,42,1,41,238.0,7377.512195121952,0.0006663416219730212,0.040955631399317405,6,27,3.4166666666666665
500402804910206976,2014-08-15T22:05:00+00:00,2014-08-15T23:01:06+00:00,3366.0,18,1,17,55.0,991.1176470588235,0.005050505050505051,0.32085561497326204,2,16,8.5
500402908740210688,2014-08-15T22:05:25+00:00,2014-08-17T18:12:08+00:00,158803.0,17,1,16,409.0,17457.0,0.00010075376409765558,0.006423052461225543,2,12,6.5
500403838877462528,2014-08-15T22:09:06+00:00,2014-08-17T00:12:24+00:00,93798.0,19,1,18,2734.0,67838.27777777778,0.00019190174630589137,0.012153777266039788,2,17,9.0
500404132394459136,2014-08-15T22:10:16+00:00,2014-08-15T23:41:37+00:00,5481.0,8,1,7,19.0,1910.2857142857142,0.001277139208173691,0.08757525998905309,2,5,3.0
500404509592387585,2014-08-15T22:11:46+00:00,2014-08-15T22:11:46+00:00,0.0,1,1,0,0.0,0.0,0.0,0.0,0,0,0.0
500405384503238656,2014-08-15T22:15:15+00:00,2014-08-16T06:19:48+00:00,29073.0,10,1,9,495.0,10448.333333333334,0.00030956557630791457,0.020637705087194303,1,9,9.0
500405877460193280,2014-08-15T22:17:12+00:00,2014-08-16T18:38:04+00:00,73252.0,3,1,2,267.0,36759.5,2.730300879156883e-05,0.002457270791241195,1,2,2.0
500406581855801345,2014-08-15T22:20:00+00:00,2014-08-15T22:30:33+00:00,633.0,9,1,8,231.0,423.25,0.01263823064770932,0.8530805687203791,2,6,3.5
500407038800056321,2014-08-15T22:21:49+00:00,2014-08-16T15:34:50+00:00,61981.0,59,1,58,395.0,38410.18965517241,0.0009357706393894903,0.05711427695584131,8,24,2.230769230769231
500408184562257920,2014-08-15T22:26:22+00:00,2014-08-16T19:30:25+00:00,75843.0,27,1,26,72.0,19256.53846153846,0.00034281344356104057,0.02135991456034176,7,16,2.3636363636363638
500408607561629698,2014-08-15T22:28:03+00:00,2014-08-18T01:30:35+00:00,183752.0,30,1,29,141.0,41575.58620689655,0.00015782141146763028,0.009795811746266708,4,24,4.833333333333333
500408829696544768,2014-08-15T22:28:56+00:00,2014-08-29T00:37:49+00:00,1130933.0,47,1,46,250.0,253877.6739130435,4.067438124097537e-05,0.0024935164152076203,2,6,2.6666666666666665
500409399865651201,2014-08-15T22:31:12+00:00,2014-08-16T14:46:03+00:00,58491.0,13,1,12,99.0,20679.416666666668,0.00020515976816946196,0.013335384931015028,2,7,3.0
500409565473943553,2014-08-15T22:31:52+00:00,2014-08-15T22:31:52+00:00,0.0,1,1,0,0.0,0.0,0.0,0.0,0,0,0.0
500411055315910656,2014-08-15T22:37:47+00:00,2014-08-16T18:20:55+00:00,70988.0,13,1,12,73.0,17883.833333333332,0.00016904265509663606,0.010987772581281342,5,5,2.0
500411513727750148,2014-08-15T22:39:36+00:00,2014-08-20T04:55:38+00:00,368162.0,11,1,10,64.0,41317.9,2.7161955878118872e-05,0.0017926890879558454,1,10,10.0
500413012822745090,2014-08-15T22:45:34+00:00,2014-08-15T22:45:34+00:00,0.0,1,1,0,0.0,0.0,0.0,0.0,0,0,0.0
500413489882484736,2014-08-15T22:47:27+00:00,2014-08-22T21:30:14+00:00,600167.0,11,1,10,489.0,95297.9,1.6662029068575913e-05,0.0010996939185260104,2,8,3.3333333333333335
500413818368184321,2014-08-15T22:48:46+00:00,2014-08-16T18:22:34+00:00,70428.0,19,1,18,123.0,37840.944444444445,0.00025558016697904245,0.01618674390867269,3,11,3.0
500413956230365185,2014-08-15T22:49:19+00:00,2014-08-16T03:20:44+00:00,16285.0,19,1,18,28.0,5886.111111111111,0.001105311636475284,0.07000307031010132,2,17,9.0
500416861016580096,2014-08-15T23:00:51+00:00,2014-08-15T23:00:51+00:00,0.0,1,1,0,0.0,0.0,0.0,0.0,0,0,0.0
500417151346696192,2014-08-15T23:02:00+00:00,2014-08-17T00:36:01+00:00,92041.0,53,1,52,61.0,7036.076923076923,0.0005649656131506612,0.03454982018882889,10,37,3.466666666666667
500419556629041152,2014-08-15T23:11:34+00:00,2014-08-16T00:27:41+00:00,4567.0,19,1,18,45.0,1628.7777777777778,0.003941318151959711,0.24961681629078172,3,15,4.5
500420356621213696,2014-08-15T23:14:45+00:00,2014-08-16T21:28:16+00:00,80011.0,54,1,53,1178.0,19542.905660377357,0.0006624089187736687,0.04049443201559785,7,25,2.933333333333333
500420906670256128,2014-08-15T23:16:56+00:00,2014-08-16T14:59:25+00:00,56549.0,13,1,12,156.0,8548.416666666666,0.00021220534403791402,0.013793347362464412,4,6,2.75
500421515678978049,2014-08-15T23:19:21+00:00,2014-08-15T23:19:21+00:00,0.0,1,1,0,0.0,0.0,0.0,0.0,0,0,0.0
500421926079066112,2014-08-15T23:20:59+00:00,2014-08-16T01:08:51+00:00,6472.0,15,1,14,63.0,2599.1428571428573,0.0021631644004944375,0.13906056860321386,3,11,4.666666666666667
500422447623966721,2014-08-15T23:23:03+00:00,2014-08-15T23:23:03+00:00,0.0,1,1,0,0.0,0.0,0.0,0.0,0,0,0.0
500422971320963072,2014-08-15T23:25:08+00:00,2014-08-16T00:06:04+00:00,2456.0,18,1,17,29.0,532.8235294117648,0.006921824104234527,0.4397394136807818,3,14,5.666666666666667
500426437392732161,2014-08-15T23:38:54+00:00,2014-08-16T05:59:27+00:00,22833.0,4,1,3,1013.0,9011.0,0.00013138877939823938,0.01051110235185915,1,3,3.0
500426667446513666,2014-08-15T23:39:49+00:00,2014-08-16T16:45:48+00:00,61559.0,28,1,27,647.0,9363.185185185184,0.0004386036160431456,0.027290891664906836,3,24,6.75
500427783848615936,2014-08-15T23:44:15+00:00,2014-08-16T05:30:33+00:00,20778.0,47,1,46,219.0,3837.195652173913,0.0022138800654538456,0.1357204735778227,6,18,2.1904761904761907
500427786159681536,2014-08-15T23:44:16+00:00,2014-08-16T18:27:08+00:00,67372.0,18,1,17,44.0,22168.470588235294,0.0002523303449504245,0.016030398385085794,3,10,2.8333333333333335
500429525558505473,2014-08-15T23:51:11+00:00,2014-08-16T02:45:06+00:00,10435.0,37,1,36,170.0,4027.527777777778,0.0034499281264973648,0.21274556780067083,5,25,5.333333333333333
500430445830365184,2014-08-15T23:54:50+00:00,2014-08-21T21:44:06+00:00,510556.0,14,1,13,466.0,92685.84615384616,2.5462437029434578e-05,0.0016452651619019265,2,12,6.5
500430673099104256,2014-08-15T23:55:44+00:00,2014-08-17T00:12:03+00:00,87379.0,61,1,60,42.0,18406.4,0.0006866638437153092,0.04188649446663386,24,15,1.5789473684210527
500431179925823489,2014-08-15T23:57:45+00:00,2014-08-26T04:15:28+00:00,879463.0,60,1,59,42.0,149740.16949152542,6.708639249178192e-05,0.004093406999498558,11,17,1.5945945945945945
521310417696858112,2014-10-12T14:44:23+00:00,2014-10-12T18:51:28+00:00,14825.0,27,1,26,345.0,4793.923076923077,0.0017537942664418212,0.10927487352445193,3,15,6.0
521346721226711040,2014-10-12T17:08:39+00:00,2014-10-12T18:48:04+00:00,5965.0,27,1,26,630.0,2929.153846153846,0.0043587594300083824,0.2715842414082146,5,15,2.4
521350916872876033,2014-10-12T17:25:19+00:00,2014-10-12T18:08:09+00:00,2570.0,19,1,18,229.0,1485.0555555555557,0.007003891050583658,0.44357976653696496,7,11,2.5714285714285716
521358118597689344,2014-10-12T17:53:56+00:00,2014-10-12T19:25:40+00:00,5504.0,5,1,4,332.0,1775.25,0.0007267441860465116,0.05450581395348837,1,4,4.0
521359454672269313,2014-10-12T17:59:15+00:00,2014-10-12T19:06:33+00:00,4038.0,25,1,24,59.0,804.7916666666666,0.005943536404160475,0.37147102526002973,4,13,2.1818181818181817
521359863884967936,2014-10-12T18:00:52+00:00,2014-10-12T18:17:36+00:00,1004.0,10,1,9,41.0,494.55555555555554,0.008964143426294821,0.597609561752988,4,3,1.8
521360486387175424,2014-10-12T18:03:21+00:00,2014-10-13T01:13:56+00:00,25835.0,9,1,8,71.0,8415.125,0.00030965744145538995,0.020901877298238825,2,7,4.0
521361857810939905,2014-10-12T18:08:47+00:00,2014-10-13T07:20:16+00:00,47489.0,14,1,13,22.0,10526.307692307691,0.0002737476047084588,0.017688306765777338,2,12,6.5
521367917322338304,2014-10-12T18:32:52+00:00,2014-10-13T22:41:52+00:00,101340.0,19,1,18,38.0,5732.444444444444,0.00017761989342806393,0.011249259917110717,3,15,4.5
521369179392581632,2014-10-12T18:37:53+00:00,2014-10-12T21:22:36+00:00,9883.0,15,1,14,48.0,1264.642857142857,0.0014165739148031974,0.09106546595163412,3,11,4.666666666666667
521375609206083584,2014-10-12T19:03:26+00:00,2014-10-13T01:00:46+00:00,21440.0,13,1,12,31.0,8184.666666666667,0.0005597014925373135,0.036380597014925374,2,11,6.0
521381662551474176,2014-10-12T19:27:29+00:00,2014-10-13T13:55:37+00:00,66488.0,20,1,19,24.0,7541.789473684211,0.00028576585248465887,0.018048369630610035,4,13,2.7142857142857144
521595221155774464,2014-10-13T09:36:06+00:00,2014-10-13T17:30:23+00:00,28457.0,16,1,15,92.0,4760.466666666666,0.0005271110798748989,0.03373510911199353,2,12,5.0
522286703848218624,2014-10-15T07:23:48+00:00,2014-10-15T08:06:25+00:00,2557.0,7,1,6,312.0,1495.0,0.0023464998044583495,0.16425498631208446,1,6,6.0
524922078638903296,2014-10-22T13:55:50+00:00,2014-10-22T16:03:47+00:00,7677.0,51,1,50,75.0,3090.36,0.006512960791976032,0.39859320046893315,19,5,1.7857142857142858
524922499466022913,2014-10-22T13:57:31+00:00,2014-10-22T17:38:20+00:00,13249.0,16,1,15,110.0,2415.0,0.0011321609178051174,0.07245829873952751,3,13,5.0
524922507380670464,2014-10-22T13:57:33+00:00,2014-10-22T14:22:15+00:00,1482.0,7,1,6,58.0,507.6666666666667,0.004048582995951417,0.2834008097165992,2,5,3.0
524922729485848576,2014-10-22T13:58:25+00:00,2014-10-22T20:40:04+00:00,24099.0,37,1,36,90.0,10512.666666666666,0.0014938379185858335,0.09212000497945973,11,8,1.565217391304348
524923148576518144,2014-10-22T14:00:05+00:00,2014-10-23T05:03:57+00:00,54232.0,23,1,22,36.0,9822.772727272728,0.00040566455229384865,0.025446231007523232,6,14,2.75
524923293711998976,2014-10-22T14:00:40+00:00,2014-10-22T15:30:46+00:00,5406.0,24,1,23,103.0,1078.608695652174,0.004254532001479837,0.2663706992230855,3,16,3.2857142857142856
524923341359300608,2014-10-22T14:00:51+00:00,2014-10-22T20:12:21+00:00,22290.0,23,1,22,59.0,1752.3181818181818,0.0009869896814715118,0.06191117092866756,4,18,4.4
524923403183333376,2014-10-22T14:01:06+00:00,2014-10-22T18:54:15+00:00,17589.0,20,1,19,67.0,6516.894736842105,0.0010802205924157144,0.06822445846836091,1,19,19.0
524923462398513152,2014-10-22T14:01:20+00:00,2014-10-22T15:19:40+00:00,4700.0,14,1,13,30.0,1494.3076923076924,0.0027659574468085106,0.17872340425531916,2,12,6.5
524923480173981696,2014-10-22T14:01:24+00:00,2014-10-22T15:35:42+00:00,5658.0,10,1,9,40.0,1568.2222222222222,0.0015906680805938495,0.10604453870625663,1,7,7.0
524923610851729408,2014-10-22T14:01:56+00:00,2014-10-22T14:53:41+00:00,3105.0,2,1,1,3105.0,3105.0,0.00032206119162640903,0.03864734299516908,1,1,1.0
524923676484177920,2014-10-22T14:02:11+00:00,2014-10-22T15:11:41+00:00,4170.0,11,1,10,83.0,896.8,0.002398081534772182,0.15827338129496402,1,10,10.0
524923678472286209,2014-10-22T14:02:12+00:00,2014-10-22T14:26:56+00:00,1484.0,9,1,8,57.0,440.5,0.005390835579514825,0.36388140161725063,3,6,2.6666666666666665
524924034124107776,2014-10-22T14:03:37+00:00,2014-10-22T15:12:01+00:00,4104.0,9,1,8,60.0,1232.375,0.001949317738791423,0.13157894736842105,2,7,4.0
524924225463668738,2014-10-22T14:04:22+00:00,2014-10-22T14:27:31+00:00,1389.0,19,1,18,20.0,332.6666666666667,0.012958963282937365,0.8207343412526998,3,14,3.6
524924346411020288,2014-10-22T14:04:51+00:00,2014-10-22T14:18:23+00:00,812.0,6,1,5,338.0,592.4,0.006157635467980296,0.4433497536945813,1,5,5.0
524924619812511746,2014-10-22T14:05:56+00:00,2014-10-23T12:04:49+00:00,79133.0,10,1,9,59.0,9010.222222222223,0.00011373257680108173,0.007582171786738781,5,4,1.5
524924660480487424,2014-10-22T14:06:06+00:00,2014-10-22T18:49:34+00:00,17008.0,32,1,31,83.0,3602.7419354838707,0.0018226716839134524,0.11288805268109126,6,14,3.1
524924954287296512,2014-10-22T14:07:16+00:00,2014-10-24T22:05:25+00:00,201489.0,6,1,5,22.0,40353.8,2.4815250460322897e-05,0.0017866980331432485,1,5,5.0
524924987774631936,2014-10-22T14:07:24+00:00,2014-10-22T14:15:04+00:00,460.0,3,1,2,237.0,348.5,0.004347826086956522,0.3913043478260869,1,2,2.0
524925033626738688,2014-10-22T14:07:35+00:00,2014-10-22T17:27:15+00:00,11980.0,8,1,7,190.0,2777.0,0.0005843071786310517,0.04006677796327212,1,7,7.0
524925050739490816,2014-10-22T14:07:39+00:00,2014-10-22T14:35:20+00:00,1661.0,12,1,11,69.0,693.6363636363636,0.006622516556291391,0.4334738109572547,1,11,11.0
524925124303396864,2014-10-22T14:07:56+00:00,2014-10-22T15:01:51+00:00,3235.0,27,1,26,51.0,1140.0,0.0080370942812983,0.500772797527048,9,9,1.7142857142857142
524925215235911680,2014-10-22T14:08:18+00:00,2014-10-22T15:11:30+00:00,3792.0,19,1,18,122.0,1564.0,0.004746835443037975,0.30063291139240506,1,18,18.0
524925223226081282,2014-10-22T14:08:20+00:00,2014-10-22T14:14:44+00:00,384.0,5,1,4,174.0,296.0,0.010416666666666666,0.78125,1,4,4.0
524925553489760256,2014-10-22T14:09:39+00:00,2014-10-22T16:01:10+00:00,6691.0,10,1,9,13.0,880.8888888888889,0.00134509041996712,0.08967269466447467,2,8,4.5
524925600318754816,2014-10-22T14:09:50+00:00,2014-10-22T21:30:27+00:00,26437.0,12,1,11,276.0,4137.545454545455,0.0004160835193100579,0.027234557627567425,2,10,5.5
524925730053181440,2014-10-22T14:10:21+00:00,2014-10-22T22:21:29+00:00,29468.0,19,1,18,90.0,9891.166666666666,0.0006108320890457446,0.03868603230623049,5,9,2.5714285714285716
524925987239120897,2014-10-22T14:11:22+00:00,2014-10-22T15:01:48+00:00,3026.0,5,1,4,1099.0,1788.5,0.0013218770654329147,0.09914077990746861,1,4,4.0
524926184069808129,2014-10-22T14:12:09+00:00,2014-10-22T15:05:51+00:00,3222.0,9,1,8,31.0,743.75,0.002482929857231533,0.16759776536312848,1,8,8.0
524926235030589440,2014-10-22T14:12:21+00:00,2014-10-22T15:31:22+00:00,4741.0,7,1,6,26.0,1430.6666666666667,0.0012655557899177389,0.08858890529424172,1,6,6.0
524926279309860864,2014-10-22T14:12:32+00:00,2014-10-24T05:06:14+00:00,140022.0,24,1,23,43.0,9460.04347826087,0.00016425990201539758,0.010284098213137936,3,16,3.142857142857143
524926301678096384,2014-10-22T14:12:37+00:00,2014-10-22T15:27:13+00:00,4476.0,3,1,2,1991.0,3233.5,0.00044682752457551384,0.04021447721179625,1,2,2.0
524926445496197120,2014-10-22T14:13:11+00:00,2014-10-22T20:01:38+00:00,20907.0,21,1,20,48.0,1935.15,0.0009566174008705219,0.060266896254842876,7,11,2.25
524926472432410625,2014-10-22T14:13:18+00:00,2014-10-22T14:20:47+00:00,449.0,4,1,3,122.0,323.0,0.0066815144766146995,0.5345211581291759,1,3,3.0
524926528342487041,2014-10-22T14:13:31+00:00,2014-10-22T14:36:23+00:00,1372.0,24,1,23,54.0,581.9565217391304,0.016763848396501458,1.0495626822157433,8,13,2.090909090909091
524926643325132800,2014-10-22T14:13:59+00:00,2014-10-22T16:15:02+00:00,7263.0,17,1,16,183.0,1594.875,0.0022029464408646563,0.14043783560512185,4,13,4.0
524926698165633024,2014-10-22T14:14:12+00:00,2014-10-22T16:12:42+00:00,7110.0,8,1,7,183.0,1931.142857142857,0.0009845288326300985,0.06751054852320675,1,7,7.0
524926768054956032,2014-10-22T14:14:28+00:00,2014-10-22T14:14:28+00:00,0.0,1,1,0,0.0,0.0,0.0,0.0,0,0,0.0
524927281048080385,2014-10-22T14:16:31+00:00,2014-10-22T17:12:07+00:00,10536.0,43,1,42,130.0,5701.047619047619,0.003986332574031891,0.244874715261959,14,14,1.9523809523809523
524927288077746176,2014-10-22T14:16:32+00:00,2014-10-22T16:26:16+00:00,7784.0,21,1,20,467.0,3242.05,0.0025693730729701952,0.16187050359712232,5,12,2.857142857142857
524927356830760961,2014-10-22T14:16:49+00:00,2014-10-22T15:57:23+00:00,6034.0,4,1,3,908.0,2638.0,0.0004971826317533974,0.039774610540271794,1,3,3.0
524927695633666049,2014-10-22T14:18:09+00:00,2014-10-22T15:49:14+00:00,5465.0,11,1,10,95.0,1925.0,0.0018298261665141812,0.12076852698993597,2,9,5.0
524927789892653056,2014-10-22T14:18:32+00:00,2014-10-22T18:07:20+00:00,13728.0,8,1,7,155.0,2377.5714285714284,0.0005099067599067599,0.03496503496503496,1,7,7.0
524927809773649922,2014-10-22T14:18:37+00:00,2014-10-22T15:17:35+00:00,3538.0,18,1,17,78.0,1020.9411764705883,0.004804974561899378,0.3052572074618428,1,17,17.0
524928119955013632,2014-10-22T14:19:51+00:00,2014-10-22T15:00:50+00:00,2459.0,11,1,10,95.0,563.1,0.004066693777958519,0.2684017893452623,1,10,10.0
524928195011698688,2014-10-22T14:20:09+00:00,2014-10-22T14:20:09+00:00,0.0,1,1,0,0.0,0.0,0.0,0.0,0,0,0.0
524928223499784192,2014-10-22T14:20:15+00:00,2014-10-24T04:13:46+00:00,136411.0,31,1,30,81.0,27647.4,0.0002199236131983491,0.013635264018297644,6,12,2.727272727272727
524928297986433024,2014-10-22T14:20:33+00:00,2014-10-22T14:30:34+00:00,601.0,4,1,3,336.0,470.3333333333333,0.004991680532445923,0.39933444259567386,1,3,3.0
524928863714168832,2014-10-22T14:22:48+00:00,2014-10-22T15:06:23+00:00,2615.0,4,1,3,316.0,1229.0,0.001147227533460803,0.09177820267686423,1,3,3.0
524928878075457536,2014-10-22T14:22:51+00:00,2014-10-23T04:26:17+00:00,50606.0,25,1,24,90.0,11118.666666666666,0.00047425206497253293,0.029640754060783307,10,10,2.1818181818181817
524928960615186432,2014-10-22T14:23:11+00:00,2014-10-22T15:08:41+00:00,2730.0,20,1,19,102.0,799.1578947368421,0.00695970695970696,0.43956043956043955,1,17,17.0
524929014621032451,2014-10-22T14:23:24+00:00,2014-10-22T14:55:10+00:00,1906.0,19,1,18,50.0,715.8333333333334,0.00944386149003148,0.5981112277019938,2,15,6.0
524929106987991040,2014-10-22T14:23:46+00:00,2014-10-22T18:50:22+00:00,15996.0,10,1,9,127.0,3844.6666666666665,0.0005626406601650412,0.037509377344336084,2,8,4.5
524929497205055488,2014-10-22T14:25:19+00:00,2014-10-22T21:07:06+00:00,24107.0,13,1,12,51.0,2701.0833333333335,0.0004977807275894969,0.03235574729331729,2,7,6.0
524929550493712384,2014-10-22T14:25:32+00:00,2014-10-22T17:04:56+00:00,9564.0,28,1,27,79.0,3784.740740740741,0.0028230865746549563,0.17565872020075282,10,16,2.7
524929559909916672,2014-10-22T14:25:34+00:00,2014-10-22T16:54:22+00:00,8928.0,18,1,17,1344.0,7171.705882352941,0.0019041218637992831,0.12096774193548386,2,16,8.5
524929769469538305,2014-10-22T14:26:24+00:00,2014-10-22T14:31:53+00:00,329.0,2,1,1,329.0,329.0,0.00303951367781155,0.364741641337386,1,1,1.0
524929796862918656,2014-10-22T14:26:30+00:00,2014-10-22T15:38:24+00:00,4314.0,19,1,18,18.0,794.6111111111111,0.004172461752433936,0.2642559109874826,1,18,18.0
524929893759737856,2014-10-22T14:26:54+00:00,2014-10-23T01:41:09+00:00,40455.0,45,1,44,33.0,7717.340909090909,0.0010876282288963045,0.06674082313681869,18,13,1.8333333333333333
524930293921107969,2014-10-22T14:28:29+00:00,2014-10-22T14:41:10+00:00,761.0,10,1,9,36.0,336.3333333333333,0.011826544021024968,0.7884362680683311,2,8,4.5
524930400272265216,2014-10-22T14:28:54+00:00,2014-10-22T16:33:39+00:00,7485.0,5,1,4,85.0,2075.75,0.0005344021376085504,0.04008016032064128,1,3,3.0
524930499790131200,2014-10-22T14:29:18+00:00,2014-10-22T18:23:31+00:00,14053.0,11,1,10,212.0,7523.2,0.000711591830925781,0.046965060841101545,4,6,2.5
524930538009006081,2014-10-22T14:29:27+00:00,2014-10-22T15:09:55+00:00,2428.0,15,1,14,18.0,449.5,0.005766062602965404,0.37067545304777594,2,9,4.333333333333333
524930575472136192,2014-10-22T14:29:36+00:00,2014-10-22T15:28:06+00:00,3510.0,8,1,7,58.0,1394.857142857143,0.0019943019943019944,0.13675213675213677,1,7,7.0
524930594950479873,2014-10-22T14:29:41+00:00,2014-10-22T14:51:15+00:00,1294.0,2,1,1,1294.0,1294.0,0.0007727975270479134,0.09273570324574962,1,1,1.0
524930671220105216,2014-10-22T14:29:59+00:00,2014-10-24T01:32:41+00:00,126162.0,20,1,19,96.0,7588.8421052631575,0.00015060002219368748,0.009511580349075,5,13,2.7142857142857144
524930678983753728,2014-10-22T14:30:01+00:00,2014-10-22T16:22:47+00:00,6766.0,18,1,17,393.0,3789.5882352941176,0.002512562814070352,0.15962163759976353,4,10,2.4285714285714284
524930851747164160,2014-10-22T14:30:42+00:00,2014-10-23T05:15:47+00:00,53105.0,79,1,78,28.0,4853.410256410257,0.0014687882496940024,0.08925713209678937,11,10,2.108108108108108
524931019745812480,2014-10-22T14:31:22+00:00,2014-10-24T02:14:59+00:00,128617.0,6,1,5,880.0,76038.0,3.887510982218525e-05,0.0027990079071973377,4,2,1.25
524931083797004288,2014-10-22T14:31:37+00:00,2014-10-22T14:38:45+00:00,428.0,4,1,3,28.0,166.66666666666666,0.007009345794392523,0.5607476635514018,1,3,3.0
524931110279852032,2014-10-22T14:31:44+00:00,2014-10-22T15:33:23+00:00,3699.0,5,1,4,212.0,1163.5,0.0010813733441470668,0.08110300081103002,1,4,4.0
524931324763992064,2014-10-22T14:32:35+00:00,2014-10-22T14:51:10+00:00,1115.0,8,1,7,78.0,494.85714285714283,0.006278026905829596,0.4304932735426009,3,5,2.3333333333333335
524931752725585921,2014-10-22T14:34:17+00:00,2014-10-22T14:43:51+00:00,574.0,3,1,2,407.0,490.5,0.003484320557491289,0.31358885017421606,1,2,2.0
524931830173421568,2014-10-22T14:34:35+00:00,2014-10-22T14:35:36+00:00,61.0,2,1,1,61.0,61.0,0.01639344262295082,1.9672131147540985,1,1,1.0
524931913426157568,2014-10-22T14:34:55+00:00,2014-10-22T22:06:26+00:00,27091.0,30,1,29,183.0,5210.517241379311,0.00107046620648924,0.06644273005795283,9,10,1.7142857142857142
524932056560963584,2014-10-22T14:35:29+00:00,2014-10-22T15:12:34+00:00,2225.0,4,1,3,223.0,936.0,0.001348314606741573,0.10786516853932583,1,3,3.0
524932292406681601,2014-10-22T14:36:25+00:00,2014-10-23T11:46:25+00:00,76200.0,45,1,44,659.0,17818.18181818182,0.0005774278215223097,0.03543307086614173,9,15,1.9090909090909092
524932327907270656,2014-10-22T14:36:34+00:00,2014-10-22T14:55:52+00:00,1158.0,6,1,5,365.0,720.6,0.004317789291882556,0.31088082901554404,2,2,1.6666666666666667
524932558275235840,2014-10-22T14:37:29+00:00,2014-10-22T14:45:03+00:00,454.0,5,1,4,45.0,194.25,0.00881057268722467,0.6607929515418502,1,4,4.0
524932574909857792,2014-10-22T14:37:33+00:00,2014-10-22T20:19:56+00:00,20543.0,10,1,9,264.0,5265.555555555556,0.00043810543737526165,0.029207029158350776,1,9,9.0
524932635177795585,2014-10-22T14:37:47+00:00,2014-10-22T15:46:54+00:00,4147.0,19,1,18,50.0,692.9444444444445,0.0043404870991077885,0.2748975162768266,3,16,6.0
524932792925569024,2014-10-22T14:38:25+00:00,2014-10-22T15:24:45+00:00,2780.0,13,1,12,139.0,797.3333333333334,0.004316546762589928,0.2805755395683453,2,11,6.0
524932935137628160,2014-10-22T14:38:59+00:00,2014-10-24T05:42:50+00:00,140631.0,36,1,35,40.0,8569.2,0.0002488782700826987,0.015359344667960835,13,9,1.6666666666666667
524933380929245184,2014-10-22T14:40:45+00:00,2014-10-22T16:53:38+00:00,7973.0,24,1,23,129.0,2366.086956521739,0.002884735983945817,0.18060955725573813,5,12,2.3
524933399828369409,2014-10-22T14:40:49+00:00,2014-10-22T15:14:50+00:00,2041.0,8,1,7,114.0,917.7142857142857,0.0034296913277804997,0.23517883390494856,1,7,7.0
524933534692442112,2014-10-22T14:41:22+00:00,2014-10-22T14:43:59+00:00,157.0,3,1,2,61.0,109.0,0.012738853503184714,1.1464968152866242,1,2,2.0
524933600433938432,2014-10-22T14:41:37+00:00,2014-10-22T19:47:28+00:00,18351.0,15,1,14,52.0,4711.857142857143,0.0007629012042940439,0.049043648847474246,3,4,2.0
524933657493250048,2014-10-22T14:41:51+00:00,2014-10-22T15:38:18+00:00,3387.0,13,1,12,64.0,1015.6666666666666,0.00354295837023915,0.23029229406554472,1,12,12.0
524933764330586112,2014-10-22T14:42:16+00:00,2014-10-22T14:42:16+00:00,0.0,1,1,0,0.0,0.0,0.0,0.0,0,0,0.0
524934004152082432,2014-10-22T14:43:14+00:00,2014-10-22T16:42:00+00:00,7126.0,12,1,11,39.0,2256.090909090909,0.0015436429974740387,0.10103845074375527,3,7,2.2
524934090542182400,2014-10-22T14:43:34+00:00,2014-10-23T04:45:28+00:00,50514.0,21,1,20,37.0,4972.5,0.00039592984123213365,0.02494357999762442,8,8,2.0
524934142958788608,2014-10-22T14:43:47+00:00,2014-10-22T20:28:24+00:00,20677.0,68,1,67,74.0,6186.492537313433,0.003240315326207864,0.19732069449146394,16,3,1.4166666666666667
524934300459077632,2014-10-22T14:44:24+00:00,2014-10-22T14:58:19+00:00,835.0,5,1,4,18.0,466.0,0.004790419161676647,0.3592814371257485,1,4,4.0
524934381828603904,2014-10-22T14:44:44+00:00,2014-10-22T16:42:57+00:00,7093.0,10,1,9,60.0,1994.4444444444443,0.0012688566192020302,0.08459044128013535,3,6,2.25
524934419270742017,2014-10-22T14:44:53+00:00,2014-10-22T15:23:03+00:00,2290.0,12,1,11,39.0,538.8181818181819,0.00480349344978166,0.314410480349345,1,11,11.0
524934507892580352,2014-10-22T14:45:14+00:00,2014-10-22T15:19:31+00:00,2057.0,18,1,17,16.0,774.3529411764706,0.008264462809917356,0.525036460865338,3,10,3.25
524934648473079808,2014-10-22T14:45:47+00:00,2014-10-22T22:34:45+00:00,28138.0,5,1,4,3471.0,15432.25,0.00014215651432226883,0.010661738574170162,3,2,1.3333333333333333
524934673760530432,2014-10-22T14:45:53+00:00,2014-10-22T15:22:14+00:00,2181.0,4,1,3,146.0,1030.3333333333333,0.001375515818431912,0.11004126547455295,1,3,3.0
524934827909210112,2014-10-22T14:46:30+00:00,2014-10-22T14:50:29+00:00,239.0,4,1,3,43.0,165.33333333333334,0.012552301255230125,1.00418410041841,1,3,3.0
524934897367285760,2014-10-22T14:46:47+00:00,2014-10-22T17:21:20+00:00,9273.0,20,1,19,31.0,1164.3684210526317,0.00204895934433301,0.12940795858945325,2,17,6.333333333333333
524934941914968064,2014-10-22T14:46:57+00:00,2014-10-22T15:31:27+00:00,2670.0,23,1,22,135.0,910.4545454545455,0.008239700374531835,0.5168539325842697,2,16,8.5
524935023380545537,2014-10-22T14:47:17+00:00,2014-10-22T14:48:32+00:00,75.0,2,1,1,75.0,75.0,0.013333333333333334,1.6,1,1,1.0
524935085863481344,2014-10-22T14:47:31+00:00,2014-10-22T15:17:10+00:00,1779.0,22,1,21,65.0,596.5714285714286,0.011804384485666104,0.7419898819561552,5,13,3.0
524935146806738944,2014-10-22T14:47:46+00:00,2014-10-22T15:29:06+00:00,2480.0,11,1,10,396.0,1093.1,0.004032258064516129,0.2661290322580645,2,9,5.0
524935216134369281,2014-10-22T14:48:03+00:00,2014-10-22T15:03:42+00:00,939.0,4,1,3,390.0,676.3333333333334,0.003194888178913738,0.25559105431309903,1,3,3.0
524935246647926784,2014-10-22T14:48:10+00:00,2014-10-22T17:22:24+00:00,9254.0,5,1,4,367.0,3710.0,0.0004322455154527772,0.03241841365895829,1,4,4.0
524935345998422016,2014-10-22T14:48:33+00:00,2014-10-22T15:36:22+00:00,2869.0,12,1,11,52.0,892.5454545454545,0.0038340885325897525,0.2509585221331474,2,9,5.0
524935485370929152,2014-10-22T14:49:07+00:00,2014-10-22T15:02:29+00:00,802.0,20,1,19,53.0,412.42105263157896,0.02369077306733167,1.4962593516209475,9,4,1.7777777777777777
524935586025861121,2014-10-22T14:49:31+00:00,2014-10-22T15:53:42+00:00,3851.0,6,1,5,147.0,1806.0,0.0012983640612827837,0.09348221241236042,2,4,2.5
524935633463037953,2014-10-22T14:49:42+00:00,2014-10-22T14:55:24+00:00,342.0,3,1,2,268.0,305.0,0.005847953216374269,0.5263157894736842,1,2,2.0
524935731148775424,2014-10-22T14:50:05+00:00,2014-10-22T18:52:27+00:00,14542.0,3,1,2,933.0,7737.5,0.00013753266400770182,0.012377939760693164,1,2,2.0
524935758143324160,2014-10-22T14:50:12+00:00,2014-10-22T15:11:07+00:00,1255.0,5,1,4,48.0,604.5,0.0031872509960159364,0.2390438247011952,1,4,4.0
524935769614331904,2014-10-22T14:50:14+00:00,2014-10-22T16:23:47+00:00,5613.0,16,1,15,25.0,1427.6,0.002672367717797969,0.17103153393907003,3,13,5.0
524935791794221057,2014-10-22T14:50:20+00:00,2014-10-22T18:14:02+00:00,12222.0,12,1,11,88.0,2733.909090909091,0.0009000163639338897,0.058910162002945514,3,8,3.6666666666666665
524935816603107328,2014-10-22T14:50:26+00:00,2014-10-22T14:55:20+00:00,294.0,6,1,5,27.0,123.4,0.017006802721088437,1.2244897959183672,1,5,5.0
524935906596499456,2014-10-22T14:50:47+00:00,2014-10-22T19:35:51+00:00,17104.0,34,1,33,97.0,3134.242424242424,0.0019293732460243219,0.11927034611786717,9,18,2.357142857142857
524935943925796866,2014-10-22T14:50:56+00:00,2014-10-22T14:54:37+00:00,221.0,2,1,1,221.0,221.0,0.004524886877828055,0.5429864253393666,1,1,1.0
524936008870400000,2014-10-22T14:51:12+00:00,2014-10-22T18:45:45+00:00,14073.0,9,1,8,205.0,2933.125,0.0005684644354437575,0.03837134939245363,2,7,4.0
524936075870228480,2014-10-22T14:51:27+00:00,2014-10-22T15:14:26+00:00,1379.0,6,1,5,187.0,519.2,0.0036258158085569255,0.2610587382160986,1,5,5.0
524936137589411840,2014-10-22T14:51:42+00:00,2014-10-22T15:26:54+00:00,2112.0,2,1,1,2112.0,2112.0,0.0004734848484848485,0.056818181818181816,1,1,1.0
524936365427806208,2014-10-22T14:52:37+00:00,2014-10-22T16:19:55+00:00,5238.0,20,1,19,29.0,3113.4736842105262,0.0036273386788850705,0.22909507445589922,6,9,2.3333333333333335
524936456742379520,2014-10-22T14:52:58+00:00,2014-10-22T15:36:44+00:00,2626.0,6,1,5,370.0,1397.0,0.001904036557501904,0.1370906321401371,1,5,5.0
524936592159698944,2014-10-22T14:53:31+00:00,2014-10-22T14:55:26+00:00,115.0,2,1,1,115.0,115.0,0.008695652173913044,1.0434782608695652,1,1,1.0
524936793633083394,2014-10-22T14:54:19+00:00,2014-10-23T18:57:12+00:00,100973.0,20,1,19,76.0,7125.263157894737,0.00018816911451576164,0.011884365127311261,2,17,6.333333333333333
524936872666353664,2014-10-22T14:54:37+00:00,2014-10-22T16:51:37+00:00,7020.0,30,1,29,28.0,1207.7241379310344,0.004131054131054131,0.2564102564102564,7,17,2.4166666666666665
524936881348558849,2014-10-22T14:54:40+00:00,2014-10-23T01:33:53+00:00,38353.0,18,1,17,161.0,11603.0,0.00044325085390973325,0.028159466013088937,2,14,5.333333333333333
524936931059056640,2014-10-22T14:54:51+00:00,2014-10-22T15:02:39+00:00,468.0,4,1,3,103.0,268.0,0.00641025641025641,0.5128205128205129,1,3,3.0
524936966492942336,2014-10-22T14:55:00+00:00,2014-10-22T16:20:37+00:00,5137.0,17,1,16,30.0,1058.1875,0.003114658360911038,0.19855947050807865,2,15,8.0
524937114539282433,2014-10-22T14:55:35+00:00,2014-10-22T15:23:24+00:00,1669.0,4,1,3,36.0,599.3333333333334,0.0017974835230677051,0.14379868184541642,1,3,3.0
524937204552843268,2014-10-22T14:55:57+00:00,2014-10-22T15:33:45+00:00,2268.0,19,1,18,125.0,750.5555555555555,0.007936507936507936,0.5026455026455027,5,7,2.25
524937243518312448,2014-10-22T14:56:06+00:00,2014-10-22T14:56:06+00:00,0.0,1,1,0,0.0,0.0,0.0,0.0,0,0,0.0
524937330923417600,2014-10-22T14:56:27+00:00,2014-10-22T16:35:15+00:00,5928.0,13,1,12,256.0,1782.0833333333333,0.0020242914979757085,0.13157894736842105,2,10,4.0
524937421180653568,2014-10-22T14:56:48+00:00,2014-10-22T15:08:01+00:00,673.0,6,1,5,190.0,335.0,0.007429420505200594,0.5349182763744428,3,3,1.6666666666666667
524937542131793920,2014-10-22T14:57:17+00:00,2014-10-22T17:53:42+00:00,10585.0,7,1,6,3709.0,5562.833333333333,0.0005668398677373642,0.0396787907416155,3,4,2.0
524937560276344832,2014-10-22T14:57:21+00:00,2014-10-22T15:24:49+00:00,1648.0,10,1,9,36.0,550.6666666666666,0.0054611650485436895,0.3640776699029126,4,6,2.25
524937574281121793,2014-10-22T14:57:25+00:00,2014-10-22T17:05:34+00:00,7689.0,10,1,9,205.0,2164.222222222222,0.0011705033164260631,0.0780335544284042,2,8,4.5
524937594090844160,2014-10-22T14:57:29+00:00,2014-10-22T16:39:27+00:00,6118.0,18,1,17,27.0,807.8823529411765,0.002778685845047401,0.17652827721477607,2,16,8.5
524937597206790144,2014-10-22T14:57:30+00:00,2014-10-22T15:07:30+00:00,600.0,2,1,1,600.0,600.0,0.0016666666666666668,0.2,1,1,1.0
524937635698327553,2014-10-22T14:57:39+00:00,2014-10-24T07:31:48+00:00,146049.0,24,1,23,17.0,32504.130434782608,0.0001574813932310389,0.009859704619682434,4,13,3.8333333333333335
524937675115999232,2014-10-22T14:57:49+00:00,2014-10-22T15:15:45+00:00,1076.0,4,1,3,347.0,677.3333333333334,0.0027881040892193307,0.22304832713754646,2,2,1.5
524937968138878976,2014-10-22T14:58:59+00:00,2014-10-22T15:49:54+00:00,3055.0,21,1,20,55.0,1227.8,0.006546644844517185,0.4124386252045827,5,10,2.0
524938009834450945,2014-10-22T14:59:09+00:00,2014-10-22T15:03:11+00:00,242.0,3,1,2,73.0,157.5,0.008264462809917356,0.7438016528925621,1,2,2.0
524938107142283264,2014-10-22T14:59:32+00:00,2014-10-22T15:37:16+00:00,2264.0,11,1,10,118.0,1198.5,0.00441696113074205,0.2915194346289753,1,10,10.0
524938137320312832,2014-10-22T14:59:39+00:00,2014-10-22T16:55:48+00:00,6969.0,13,1,12,135.0,2024.0,0.0017219113215669393,0.11192423590185105,1,12,12.0
524938146119966720,2014-10-22T14:59:41+00:00,2014-10-22T14:59:41+00:00,0.0,1,1,0,0.0,0.0,0.0,0.0,0,0,0.0
524938162900967424,2014-10-22T14:59:45+00:00,2014-10-22T20:04:03+00:00,18258.0,7,1,6,594.0,10070.0,0.00032862306933946765,0.023003614853762733,3,4,2.0
524938282732642305,2014-10-22T15:00:14+00:00,2014-10-22T15:35:40+00:00,2126.0,2,1,1,2126.0,2126.0,0.00047036688617121356,0.05644402634054563,1,1,1.0
524938288277118976,2014-10-22T15:00:15+00:00,2014-10-22T20:26:48+00:00,19593.0,21,1,20,823.0,6843.6,0.0010207727249527893,0.06430868167202572,2,19,10.0
524938433262006272,2014-10-22T15:00:50+00:00,2014-10-22T16:26:25+00:00,5135.0,8,1,7,274.0,2160.1428571428573,0.0013631937682570595,0.09347614410905551,2,6,3.5
524938857180303360,2014-10-22T15:02:31+00:00,2014-10-22T15:20:25+00:00,1074.0,5,1,4,43.0,446.0,0.0037243947858473,0.2793296089385475,1,4,4.0
524939142485262337,2014-10-22T15:03:39+00:00,2014-10-24T13:16:46+00:00,166387.0,18,1,17,105.0,11620.29411764706,0.00010217144368249924,0.006490891716299951,5,9,2.4285714285714284
524939327399559170,2014-10-22T15:04:23+00:00,2014-10-22T15:06:18+00:00,115.0,3,1,2,78.0,96.5,0.017391304347826087,1.5652173913043477,1,2,2.0
524939347699585025,2014-10-22T15:04:28+00:00,2014-10-22T16:07:15+00:00,3767.0,18,1,17,33.0,648.0,0.004512874966817096,0.2867002920095567,1,17,17.0
524939362048290817,2014-10-22T15:04:31+00:00,2014-10-22T15:04:31+00:00,0.0,1,1,0,0.0,0.0,0.0,0.0,0,0,0.0
524939378552864768,2014-10-22T15:04:35+00:00,2014-10-23T21:25:31+00:00,109256.0,9,1,8,386.0,14448.875,7.322252324815113e-05,0.0049425203192502015,1,8,8.0
524939818347028480,2014-10-22T15:06:20+00:00,2014-10-22T15:12:41+00:00,381.0,2,1,1,381.0,381.0,0.0026246719160104987,0.31496062992125984,1,1,1.0
524939821815721984,2014-10-22T15:06:21+00:00,2014-10-22T18:26:46+00:00,12025.0,13,1,12,197.0,2916.25,0.000997920997920998,0.06486486486486487,6,7,2.0
524940014065811456,2014-10-22T15:07:06+00:00,2014-10-22T16:51:36+00:00,6270.0,21,1,20,44.0,2026.0,0.003189792663476874,0.20095693779904306,5,11,2.5
524940030109036544,2014-10-22T15:07:10+00:00,2014-10-22T17:46:06+00:00,9536.0,13,1,12,49.0,2428.4166666666665,0.0012583892617449664,0.08179530201342282,2,11,6.0
524940077978640384,2014-10-22T15:07:22+00:00,2014-10-22T15:54:27+00:00,2825.0,20,1,19,80.0,671.2105263157895,0.006725663716814159,0.4247787610619469,4,14,3.6
524940452383170560,2014-10-22T15:08:51+00:00,2014-10-22T15:36:09+00:00,1638.0,7,1,6,164.0,769.3333333333334,0.003663003663003663,0.2564102564102564,1,6,6.0
524940623594287104,2014-10-22T15:09:32+00:00,2014-10-22T15:42:14+00:00,1962.0,18,1,17,13.0,430.47058823529414,0.008664627930682976,0.5504587155963302,3,15,5.666666666666667
524940659778920448,2014-10-22T15:09:40+00:00,2014-10-23T01:44:25+00:00,38085.0,7,1,6,240.0,8846.666666666666,0.00015754233950374162,0.011027963765261915,1,6,6.0
524940716733370374,2014-10-22T15:09:54+00:00,2014-10-22T18:14:30+00:00,11076.0,20,1,19,55.0,1598.8947368421052,0.0017154207295052367,0.10834236186348863,2,16,4.75
524940803601227777,2014-10-22T15:10:15+00:00,2014-10-22T19:24:57+00:00,15282.0,11,1,10,134.0,2460.6,0.0006543646119617851,0.043188064389477816,2,9,5.0
524940940721418240,2014-10-22T15:10:47+00:00,2014-10-22T16:44:35+00:00,5628.0,5,1,4,2261.0,3685.5,0.0007107320540156361,0.05330490405117271,1,4,4.0
524941041301225472,2014-10-22T15:11:11+00:00,2014-10-22T18:55:07+00:00,13436.0,13,1,12,1912.0,6027.0,0.0008931229532598987,0.05805299196189342,2,10,4.0
524941119403335681,2014-10-22T15:11:30+00:00,2014-10-25T08:33:31+00:00,235321.0,27,1,26,43.0,17023.73076923077,0.00011048737681719863,0.006884213478610068,6,15,2.888888888888889
524941124893700096,2014-10-22T15:11:31+00:00,2014-10-22T17:44:33+00:00,9182.0,5,1,4,159.0,2593.75,0.00043563493792202136,0.0326726203441516,1,4,4.0
524941132237910016,2014-10-22T15:11:33+00:00,2014-10-22T15:24:36+00:00,783.0,3,1,2,181.0,482.0,0.002554278416347382,0.22988505747126436,1,2,2.0
524941272549969920,2014-10-22T15:12:06+00:00,2014-10-22T15:48:12+00:00,2166.0,20,1,19,37.0,391.5263157894737,0.008771929824561403,0.5540166204986149,2,16,4.75
524941318389501953,2014-10-22T15:12:17+00:00,2014-10-22T18:50:13+00:00,13076.0,11,1,10,26.0,4690.2,0.0007647598654022637,0.050474151116549404,6,5,1.6666666666666667
524941504796962816,2014-10-22T15:13:02+00:00,2014-10-22T17:50:24+00:00,9442.0,31,1,30,96.0,2126.9666666666667,0.003177292946409659,0.19699216267739886,8,13,1.9285714285714286
524941529928839168,2014-10-22T15:13:08+00:00,2014-10-22T15:51:09+00:00,2281.0,7,1,6,231.0,716.5,0.00263042525208242,0.1841297676457694,1,6,6.0
524941720249978880,2014-10-22T15:13:53+00:00,2014-10-22T16:21:27+00:00,4054.0,30,1,29,60.0,1222.5862068965516,0.007153428712382831,0.4440059200789344,8,16,2.4166666666666665
524941727753568257,2014-10-22T15:13:55+00:00,2014-10-22T16:32:35+00:00,4720.0,11,1,10,31.0,1287.6,0.00211864406779661,0.13983050847457626,1,10,10.0
524942058042449920,2014-10-22T15:15:14+00:00,2014-10-22T15:15:14+00:00,0.0,1,1,0,0.0,0.0,0.0,0.0,0,0,0.0
524942149973188608,2014-10-22T15:15:36+00:00,2014-10-23T15:47:00+00:00,88284.0,20,1,19,185.0,10934.78947368421,0.00021521453491006297,0.013592496941688187,4,13,2.7142857142857144
524942353355005952,2014-10-22T15:16:24+00:00,2014-10-22T17:11:10+00:00,6886.0,8,1,7,168.0,1411.857142857143,0.0010165553296543712,0.06970665117629973,2,6,3.5
524942470472548352,2014-10-22T15:16:52+00:00,2014-10-22T15:23:16+00:00,384.0,4,1,3,164.0,257.3333333333333,0.0078125,0.625,1,3,3.0
524942548066791424,2014-10-22T15:17:11+00:00,2014-10-22T17:03:37+00:00,6386.0,5,1,4,449.0,2572.5,0.0006263701847792045,0.04697776385844034,1,4,4.0
524942687003484161,2014-10-22T15:17:44+00:00,2014-10-22T23:26:44+00:00,29340.0,9,1,8,25.0,3892.875,0.00027266530334015,0.018404907975460124,1,8,8.0
524942802908876801,2014-10-22T15:18:11+00:00,2014-10-22T15:37:44+00:00,1173.0,6,1,5,832.0,999.6,0.004262574595055414,0.3069053708439898,4,2,1.25
524942851944493056,2014-10-22T15:18:23+00:00,2014-10-22T15:24:09+00:00,346.0,2,1,1,346.0,346.0,0.002890173410404624,0.3468208092485549,1,1,1.0
524942946765131776,2014-10-22T15:18:46+00:00,2014-10-22T15:22:19+00:00,213.0,5,1,4,46.0,117.75,0.018779342723004695,1.4084507042253522,2,3,2.0
524942952733220865,2014-10-22T15:18:47+00:00,2014-10-22T16:14:01+00:00,3314.0,11,1,10,25.0,539.7,0.0030175015087507543,0.1991550995775498,1,10,10.0
524943012602716160,2014-10-22T15:19:01+00:00,2014-10-22T15:25:00+00:00,359.0,17,1,16,49.0,145.875,0.04456824512534819,2.8412256267409473,1,16,16.0
524943063937208320,2014-10-22T15:19:14+00:00,2014-10-22T15:24:46+00:00,332.0,2,1,1,332.0,332.0,0.0030120481927710845,0.3614457831325301,1,1,1.0
524943114885427203,2014-10-22T15:19:26+00:00,2014-10-22T17:06:18+00:00,6412.0,3,1,2,319.0,3365.5,0.00031191515907673113,0.028072364316905803,1,2,2.0
524943132409212928,2014-10-22T15:19:30+00:00,2014-10-22T17:37:29+00:00,8279.0,19,1,18,25.0,1236.7222222222222,0.002174175625075492,0.13769778958811452,3,13,4.25
524943226948820992,2014-10-22T15:19:52+00:00,2014-10-23T05:29:35+00:00,50983.0,10,1,9,25.0,6417.333333333333,0.00017652943137908716,0.01176862875860581,2,7,3.0
524943490887991296,2014-10-22T15:20:55+00:00,2014-10-22T15:27:35+00:00,400.0,8,1,7,39.0,179.42857142857142,0.0175,1.2,1,7,7.0
524943504192311296,2014-10-22T15:20:59+00:00,2014-10-22T15:47:45+00:00,1606.0,4,1,3,640.0,1229.3333333333333,0.0018679950186799503,0.14943960149439603,1,3,3.0
524943615437848576,2014-10-22T15:21:25+00:00,2014-10-22T15:42:29+00:00,1264.0,31,1,30,26.0,525.6333333333333,0.023734177215189875,1.4715189873417722,6,16,2.142857142857143
524943638812299265,2014-10-22T15:21:31+00:00,2014-10-22T15:21:31+00:00,0.0,1,1,0,0.0,0.0,0.0,0.0,0,0,0.0
524943658748219392,2014-10-22T15:21:35+00:00,2014-10-22T16:18:27+00:00,3412.0,14,1,13,81.0,835.7692307692307,0.0038100820633059787,0.246189917936694,2,9,5.5
524943721302089728,2014-10-22T15:21:50+00:00,2014-10-22T21:50:48+00:00,23338.0,20,1,19,94.0,2022.7894736842106,0.0008141228897077728,0.05141828777101723,8,8,2.111111111111111
524943804051496961,2014-10-22T15:22:10+00:00,2014-10-22T15:43:05+00:00,1255.0,19,1,18,43.0,339.27777777777777,0.014342629482071713,0.9083665338645418,1,18,18.0
524943812339437569,2014-10-22T15:22:12+00:00,2014-10-22T15:50:50+00:00,1718.0,6,1,5,165.0,876.6,0.002910360884749709,0.20954598370197905,1,5,5.0
524943886553468929,2014-10-22T15:22:30+00:00,2014-10-22T17:59:25+00:00,9415.0,17,1,16,39.0,2376.9375,0.0016994158258098779,0.10833775889537972,7,10,2.2857142857142856
524943976902971392,2014-10-22T15:22:51+00:00,2014-10-22T15:22:51+00:00,0.0,1,1,0,0.0,0.0,0.0,0.0,0,0,0.0
524944006577668096,2014-10-22T15:22:58+00:00,2014-10-22T15:29:21+00:00,383.0,4,1,3,34.0,177.33333333333334,0.007832898172323759,0.6266318537859007,1,3,3.0
524944146025312256,2014-10-22T15:23:32+00:00,2014-10-23T18:43:53+00:00,98421.0,19,1,18,114.0,8311.444444444445,0.00018288779833572103,0.011582893894595667,4,14,3.6
524944178586091520,2014-10-22T15:23:39+00:00,2014-10-22T15:33:32+00:00,593.0,3,1,2,104.0,348.5,0.003372681281618887,0.30354131534569984,1,2,2.0
524944399890124801,2014-10-22T15:24:32+00:00,2014-10-22T17:16:25+00:00,6713.0,23,1,22,169.0,2970.681818181818,0.0032772232980783555,0.2055712796067332,9,9,1.8333333333333333
524944537618485248,2014-10-22T15:25:05+00:00,2014-10-22T17:37:47+00:00,7962.0,11,1,10,165.0,2456.3,0.0012559658377292139,0.08289374529012812,2,9,5.0
524944544681705472,2014-10-22T15:25:07+00:00,2014-10-22T18:25:25+00:00,10818.0,10,1,9,74.0,3716.6666666666665,0.0008319467554076539,0.05546311702717693,3,7,3.0
524944569528750080,2014-10-22T15:25:13+00:00,2014-10-22T16:59:10+00:00,5637.0,18,1,17,140.0,2798.470588235294,0.003015788540003548,0.19159127195316658,3,13,4.25
524944571256434688,2014-10-22T15:25:13+00:00,2014-10-22T17:11:24+00:00,6371.0,2,1,1,6371.0,6371.0,0.0001569612305760477,0.018835347669125726,1,1,1.0
524944610985263104,2014-10-22T15:25:22+00:00,2014-10-22T17:04:01+00:00,5919.0,19,1,18,43.0,2162.277777777778,0.0030410542321338066,0.19260010136847439,3,8,4.5
524944637489086464,2014-10-22T15:25:29+00:00,2014-10-22T17:09:26+00:00,6237.0,7,1,6,107.0,1493.6666666666667,0.000962000962000962,0.06734006734006734,1,6,6.0
524944788525973505,2014-10-22T15:26:05+00:00,2014-10-22T20:50:20+00:00,19455.0,3,1,2,72.0,9763.5,0.00010280133641737343,0.009252120277563608,1,2,2.0
524944881941495809,2014-10-22T15:26:27+00:00,2014-10-24T00:51:02+00:00,120275.0,23,1,22,121.0,8654.5,0.00018291415506131782,0.011473706090209935,3,17,3.6666666666666665
524944978288852992,2014-10-22T15:26:50+00:00,2014-10-22T17:25:40+00:00,7130.0,8,1,7,70.0,3031.714285714286,0.0009817671809256663,0.06732117812061711,1,7,7.0
524944981753356288,2014-10-22T15:26:51+00:00,2014-10-22T19:55:55+00:00,16144.0,12,1,11,316.0,4280.636363636364,0.0006813676907829534,0.044598612487611496,2,8,3.3333333333333335
524945095322513408,2014-10-22T15:27:18+00:00,2014-10-22T19:17:16+00:00,13798.0,7,1,6,19.0,2459.5,0.0004348456298014205,0.030439194086099436,3,4,2.0
524945101542678529,2014-10-22T15:27:19+00:00,2014-10-22T16:08:22+00:00,2463.0,9,1,8,1683.0,2147.75,0.0032480714575720666,0.2192448233861145,5,3,1.3333333333333333
524945170777645059,2014-10-22T15:27:36+00:00,2014-10-22T20:07:16+00:00,16780.0,13,1,12,48.0,2938.1666666666665,0.0007151370679380214,0.04648390941597139,1,12,12.0
524945197705461763,2014-10-22T15:27:42+00:00,2014-10-23T01:55:26+00:00,37664.0,20,1,19,228.0,3163.4210526315787,0.0005044604927782498,0.0318606627017842,3,17,6.333333333333333
524945225253675008,2014-10-22T15:27:49+00:00,2014-10-22T16:07:19+00:00,2370.0,10,1,9,545.0,1277.6666666666667,0.0037974683544303796,0.25316455696202533,1,9,9.0
524945585539776512,2014-10-22T15:29:15+00:00,2014-10-22T18:22:52+00:00,10417.0,17,1,16,52.0,5131.1875,0.0015359508495728137,0.09791686666026686,3,11,2.6666666666666665
524945665827545089,2014-10-22T15:29:34+00:00,2014-10-23T03:28:16+00:00,43122.0,8,1,7,1741.0,10589.42857142857,0.00016233013311070914,0.011131209127591484,1,7,7.0
524945676443340800,2014-10-22T15:29:36+00:00,2014-10-23T00:24:31+00:00,32095.0,7,1,6,77.0,8997.166666666666,0.00018694500701043777,0.013086150490730645,1,6,6.0
524945684966166528,2014-10-22T15:29:38+00:00,2014-10-23T23:47:26+00:00,116268.0,11,1,10,93.0,12218.7,8.600818797949565e-05,0.005676540406646713,1,10,10.0
524945814796644352,2014-10-22T15:30:09+00:00,2014-10-22T16:18:18+00:00,2889.0,18,1,17,107.0,956.6470588235294,0.005884389061959155,0.37383177570093457,2,15,5.666666666666667
524945879455653889,2014-10-22T15:30:25+00:00,2014-10-22T18:02:30+00:00,9125.0,18,1,17,20.0,1621.5882352941176,0.001863013698630137,0.11835616438356164,3,14,4.25
524946179390701568,2014-10-22T15:31:36+00:00,2014-10-22T16:05:45+00:00,2049.0,13,1,12,52.0,633.5,0.005856515373352855,0.3806734992679356,1,12,12.0
524946336190586880,2014-10-22T15:32:14+00:00,2014-10-22T20:51:23+00:00,19149.0,10,1,9,176.0,3601.3333333333335,0.00046999843333855553,0.031333228889237036,3,7,3.0
524946461621235712,2014-10-22T15:32:44+00:00,2014-10-22T16:35:22+00:00,3758.0,8,1,7,133.0,1536.4285714285713,0.0018626929217668972,0.12772751463544438,5,2,1.4
524946609453678593,2014-10-22T15:33:19+00:00,2014-10-22T17:00:20+00:00,5221.0,21,1,20,19.0,1126.55,0.003830683777054204,0.24133307795441486,5,13,2.5
524946753154727936,2014-10-22T15:33:53+00:00,2014-10-22T16:12:51+00:00,2338.0,7,1,6,26.0,666.8333333333334,0.0025662959794696323,0.17964071856287425,1,6,6.0
524946808271671297,2014-10-22T15:34:06+00:00,2014-10-22T15:41:55+00:00,469.0,4,1,3,37.0,181.0,0.006396588486140725,0.511727078891258,1,3,3.0
524946921547628545,2014-10-22T15:34:33+00:00,2014-10-22T16:16:48+00:00,2535.0,30,1,29,53.0,1009.6896551724138,0.011439842209072978,0.7100591715976331,7,14,1.9333333333333333
524947030616313856,2014-10-22T15:34:59+00:00,2014-10-26T01:52:24+00:00,296245.0,57,1,56,35.0,72810.07142857143,0.0001890327262907391,0.01154449864132728,7,15,2.24
524947036228317184,2014-10-22T15:35:01+00:00,2014-10-22T17:06:09+00:00,5468.0,8,1,7,314.0,2812.1428571428573,0.001280175566934894,0.08778346744696415,4,4,1.75
524947071770435585,2014-10-22T15:35:09+00:00,2014-10-22T17:55:10+00:00,8401.0,5,1,4,297.0,4460.0,0.0004761337935960005,0.035710034519700035,2,3,2.0
524947129354420225,2014-10-22T15:35:23+00:00,2014-10-22T15:57:12+00:00,1309.0,18,1,17,65.0,673.8235294117648,0.012987012987012988,0.825057295645531,9,8,1.8888888888888888
524947149134774272,2014-10-22T15:35:28+00:00,2014-10-22T17:01:45+00:00,5177.0,3,1,2,306.0,2741.5,0.00038632412594166504,0.034769171334749854,1,2,2.0
524947196131966976,2014-10-22T15:35:39+00:00,2014-10-23T04:26:26+00:00,46247.0,19,1,18,247.0,8336.611111111111,0.00038921443553095335,0.024650247583627046,4,13,3.6
524947368865964033,2014-10-22T15:36:20+00:00,2014-10-22T15:36:20+00:00,0.0,1,1,0,0.0,0.0,0.0,0.0,0,0,0.0
524947414050816000,2014-10-22T15:36:31+00:00,2014-10-22T16:43:34+00:00,4023.0,4,1,3,1023.0,2282.0,0.0007457121551081282,0.05965697240865026,2,2,1.5
524947416869388288,2014-10-22T15:36:31+00:00,2014-10-22T16:13:00+00:00,2189.0,4,1,3,39.0,763.0,0.0013704888076747374,0.10963910461397898,1,3,3.0
524947424482435073,2014-10-22T15:36:33+00:00,2014-10-22T17:28:13+00:00,6700.0,19,1,18,25.0,2011.4444444444443,0.0026865671641791043,0.17014925373134326,3,14,5.666666666666667
524947475858472960,2014-10-22T15:36:45+00:00,2014-10-22T15:41:40+00:00,295.0,7,1,6,89.0,242.83333333333334,0.020338983050847456,1.423728813559322,2,5,3.0
524947502903345153,2014-10-22T15:36:52+00:00,2014-10-22T20:21:46+00:00,17094.0,4,1,3,2671.0,7507.0,0.0001755001755001755,0.01404001404001404,1,3,3.0
524947604690702336,2014-10-22T15:37:16+00:00,2014-10-22T18:30:22+00:00,10386.0,6,1,5,92.0,6388.4,0.00048141729250914694,0.03466204506065858,1,5,5.0
524947674164760577,2014-10-22T15:37:33+00:00,2014-10-22T16:44:25+00:00,4012.0,21,1,20,54.0,2531.85,0.004985044865403789,0.31405782652043873,7,11,2.0
524947716393414656,2014-10-22T15:37:43+00:00,2014-10-25T20:47:56+00:00,277813.0,104,1,103,21.0,90044.41747572816,0.00037075298852105556,0.022461151925935792,14,13,1.9433962264150944
524947744809418752,2014-10-22T15:37:50+00:00,2014-10-22T21:32:06+00:00,21256.0,5,1,4,139.0,5474.25,0.0001881821603312006,0.014113662024840046,1,4,4.0
524947867975561216,2014-10-22T15:38:19+00:00,2014-10-22T17:39:16+00:00,7257.0,18,1,17,137.0,3324.294117647059,0.0023425657985393414,0.14882182720132286,6,7,1.8888888888888888
524947870735429632,2014-10-22T15:38:20+00:00,2014-10-22T16:08:10+00:00,1790.0,7,1,6,29.0,844.5,0.0033519553072625698,0.2346368715083799,1,6,6.0
524947964620701696,2014-10-22T15:38:42+00:00,2014-10-22T16:30:20+00:00,3098.0,12,1,11,81.0,863.5454545454545,0.0035506778566817302,0.23240800516462234,3,6,2.6666666666666665
524947971679744000,2014-10-22T15:38:44+00:00,2014-10-22T18:00:07+00:00,8483.0,9,1,8,119.0,1974.625,0.0009430625957797949,0.06365672521513616,3,6,2.6666666666666665
524948206023880704,2014-10-22T15:39:40+00:00,2014-10-22T19:04:41+00:00,12301.0,25,1,24,58.0,5624.083333333333,0.0019510608893585886,0.12194130558491179,6,17,3.0
524948264148160513,2014-10-22T15:39:53+00:00,2014-10-22T17:47:53+00:00,7680.0,11,1,10,89.0,1695.9,0.0013020833333333333,0.0859375,2,9,5.0
524948264886759424,2014-10-22T15:39:54+00:00,2014-10-22T17:42:34+00:00,7360.0,9,1,8,84.0,1889.375,0.0010869565217391304,0.0733695652173913,2,7,4.0
524948268355051520,2014-10-22T15:39:54+00:00,2014-10-22T15:54:01+00:00,847.0,4,1,3,30.0,470.6666666666667,0.0035419126328217238,0.28335301062573787,1,3,3.0
524948520605069312,2014-10-22T15:40:55+00:00,2014-10-22T16:27:04+00:00,2769.0,20,1,19,42.0,457.8421052631579,0.006861682918020947,0.4333694474539545,3,15,4.75
524948554344054785,2014-10-22T15:41:03+00:00,2014-10-22T15:47:12+00:00,369.0,5,1,4,132.0,226.25,0.01084010840108401,0.8130081300813008,2,3,2.0
524948618776944640,2014-10-22T15:41:18+00:00,2014-10-22T16:27:26+00:00,2768.0,11,1,10,29.0,520.6,0.0036127167630057803,0.2384393063583815,1,10,10.0
524948703850029056,2014-10-22T15:41:38+00:00,2014-10-22T15:49:45+00:00,487.0,4,1,3,76.0,219.33333333333334,0.006160164271047228,0.4928131416837782,1,3,3.0
524948710812581888,2014-10-22T15:41:40+00:00,2014-10-23T14:14:07+00:00,81147.0,20,1,19,71.0,7327.210526315789,0.00023414297509458145,0.014787977374394617,2,15,4.75
524948790227517440,2014-10-22T15:41:59+00:00,2014-10-22T20:04:28+00:00,15749.0,9,1,8,31.0,2289.875,0.0005079687599212648,0.034287891294685374,1,8,8.0
524948866773184512,2014-10-22T15:42:17+00:00,2014-10-22T23:15:06+00:00,27169.0,4,1,3,716.0,9572.0,0.00011041996392947845,0.008833597114358277,1,3,3.0
524948941956448257,2014-10-22T15:42:35+00:00,2014-10-22T18:09:27+00:00,8812.0,9,1,8,353.0,1512.125,0.0009078529278256923,0.06128007262823422,4,5,2.0
524949003834634240,2014-10-22T15:42:50+00:00,2014-10-22T15:52:30+00:00,580.0,2,1,1,580.0,580.0,0.0017241379310344827,0.20689655172413796,1,1,1.0
524949021744713728,2014-10-22T15:42:54+00:00,2014-10-22T15:51:19+00:00,505.0,5,1,4,132.0,321.25,0.007920792079207921,0.5940594059405941,1,4,4.0
524949026064850944,2014-10-22T15:42:55+00:00,2014-10-23T14:12:25+00:00,80970.0,8,1,7,125.0,11934.142857142857,8.645177226133136e-05,0.005928121526491293,4,4,1.75
524949028728221698,2014-10-22T15:42:56+00:00,2014-10-22T20:09:59+00:00,16023.0,17,1,16,41.0,2459.75,0.000998564563440055,0.06365849091930349,8,8,1.7777777777777777
524949069945634816,2014-10-22T15:43:06+00:00,2014-10-22T17:25:04+00:00,6118.0,13,1,12,44.0,2007.5,0.001961425302386401,0.12749264465511606,2,11,6.0
524949073154301952,2014-10-22T15:43:06+00:00,2014-10-22T16:11:45+00:00,1719.0,11,1,10,123.0,706.2,0.005817335660267597,0.38394415357766143,1,10,10.0
524949136173694976,2014-10-22T15:43:21+00:00,2014-10-22T17:39:24+00:00,6963.0,19,1,18,84.0,2708.9444444444443,0.0025850926324859974,0.16372253339077983,5,10,2.25
524949243883425793,2014-10-22T15:43:47+00:00,2014-10-22T22:57:46+00:00,26039.0,27,1,26,71.0,3829.653846153846,0.000998502246630055,0.06221437075156496,5,15,2.888888888888889
524949306101743616,2014-10-22T15:44:02+00:00,2014-10-22T16:09:21+00:00,1519.0,8,1,7,355.0,831.2857142857143,0.004608294930875576,0.31599736668861095,2,6,3.5
524949315245322241,2014-10-22T15:44:04+00:00,2014-10-22T15:44:04+00:00,0.0,1,1,0,0.0,0.0,0.0,0.0,0,0,0.0
524949339131904000,2014-10-22T15:44:10+00:00,2014-10-24T00:44:37+00:00,118827.0,75,1,74,247.0,17451.108108108107,0.0006227540878756512,0.03787018101946527,17,4,1.4444444444444444
524949435886096385,2014-10-22T15:44:33+00:00,2014-10-24T02:56:53+00:00,126740.0,16,1,15,120.0,11702.2,0.00011835253274420073,0.007574562095628846,2,14,7.5
524949439367380993,2014-10-22T15:44:34+00:00,2014-10-22T15:51:18+00:00,404.0,4,1,3,204.0,281.3333333333333,0.007425742574257425,0.594059405940594,1,3,3.0
524949443607412737,2014-10-22T15:44:35+00:00,2014-10-22T16:14:23+00:00,1788.0,5,1,4,180.0,1010.5,0.0022371364653243847,0.16778523489932887,1,4,4.0
524949526487265280,2014-10-22T15:44:54+00:00,2014-10-22T16:03:01+00:00,1087.0,20,1,19,94.0,523.578947368421,0.017479300827966882,1.1039558417663293,3,16,4.75
524949628689461249,2014-10-22T15:45:19+00:00,2014-10-22T19:18:54+00:00,12815.0,10,1,9,184.0,2911.222222222222,0.0007023019898556379,0.046820132657042525,2,7,3.0
524949733983657984,2014-10-22T15:45:44+00:00,2014-10-22T16:44:00+00:00,3496.0,6,1,5,147.0,850.8,0.0014302059496567505,0.10297482837528604,1,5,5.0
524949828711620608,2014-10-22T15:46:06+00:00,2014-10-22T16:24:15+00:00,2289.0,13,1,12,25.0,757.5833333333334,0.005242463958060288,0.34076015727391873,1,12,12.0
524949837729787905,2014-10-22T15:46:09+00:00,2014-10-22T15:50:11+00:00,242.0,4,1,3,106.0,166.0,0.012396694214876033,0.9917355371900827,1,3,3.0
524949884143927296,2014-10-22T15:46:20+00:00,2014-10-23T02:00:27+00:00,36847.0,11,1,10,209.0,13877.6,0.00027139251499443644,0.017911905989632805,1,10,10.0
524949887591653376,2014-10-22T15:46:20+00:00,2014-10-23T20:39:16+00:00,103976.0,13,1,12,546.0,20219.25,0.00011541124874971147,0.007501731168731245,3,8,3.0
524949897221795840,2014-10-22T15:46:23+00:00,2014-10-24T12:36:40+00:00,161417.0,25,1,24,224.0,41442.25,0.0001486832241957167,0.009292701512232293,6,16,3.0
524949939755810817,2014-10-22T15:46:33+00:00,2014-10-22T19:28:41+00:00,13328.0,7,1,6,273.0,2676.6666666666665,0.0004501800720288115,0.031512605042016806,5,2,1.2
524950117192044544,2014-10-22T15:47:15+00:00,2014-10-22T15:52:16+00:00,301.0,4,1,3,69.0,164.33333333333334,0.009966777408637873,0.7973421926910299,1,3,3.0
524950159160250368,2014-10-22T15:47:25+00:00,2014-10-22T15:57:04+00:00,579.0,21,1,20,39.0,286.05,0.03454231433506045,2.176165803108808,3,17,5.0
524950203476869120,2014-10-22T15:47:36+00:00,2014-10-22T18:58:58+00:00,11482.0,2,1,1,11482.0,11482.0,8.709284096847239e-05,0.010451140916216687,1,1,1.0
524950264303075328,2014-10-22T15:47:50+00:00,2014-10-22T16:21:09+00:00,1999.0,5,1,4,179.0,683.5,0.002001000500250125,0.15007503751875936,1,3,3.0
524950321064607744,2014-10-22T15:48:04+00:00,2014-10-22T17:56:58+00:00,7734.0,5,1,4,918.0,4649.5,0.000517196793379881,0.038789759503491075,3,2,1.3333333333333333
524950339074523137,2014-10-22T15:48:08+00:00,2014-10-22T16:34:12+00:00,2764.0,23,1,22,91.0,928.0909090909091,0.007959479015918957,0.4992764109985528,3,17,4.4
524950395110842369,2014-10-22T15:48:21+00:00,2014-10-22T17:20:40+00:00,5539.0,9,1,8,49.0,1468.125,0.0014443040259974724,0.09749052175482939,3,6,2.6666666666666665
524950404283772930,2014-10-22T15:48:24+00:00,2014-10-22T16:42:03+00:00,3219.0,20,1,19,82.0,727.1578947368421,0.005902454178316247,0.3727865796831314,4,13,3.4
524950428598153216,2014-10-22T15:48:29+00:00,2014-10-22T15:48:29+00:00,0.0,1,1,0,0.0,0.0,0.0,0.0,0,0,0.0
524950455743291392,2014-10-22T15:48:36+00:00,2014-10-22T16:15:57+00:00,1641.0,20,1,19,23.0,482.7368421052632,0.01157830591102986,0.7312614259597806,1,19,19.0
524950507023245313,2014-10-22T15:48:48+00:00,2014-10-22T15:59:34+00:00,646.0,4,1,3,179.0,361.6666666666667,0.0046439628482972135,0.37151702786377705,1,3,3.0
524950584349454337,2014-10-22T15:49:07+00:00,2014-10-22T16:12:54+00:00,1427.0,8,1,7,221.0,564.1428571428571,0.004905395935529082,0.33637000700770847,1,7,7.0
524950679274942464,2014-10-22T15:49:29+00:00,2014-10-22T17:04:20+00:00,4491.0,19,1,18,20.0,736.0555555555555,0.004008016032064128,0.25384101536406145,5,12,3.6
524950887119482882,2014-10-22T15:50:19+00:00,2014-10-22T18:52:34+00:00,10935.0,16,1,15,374.0,2795.266666666667,0.0013717421124828531,0.0877914951989026,2,12,6.5
524950899899113473,2014-10-22T15:50:22+00:00,2014-10-22T19:27:20+00:00,13018.0,11,1,10,154.0,4199.3,0.0007681671531725304,0.050699032109387004,2,9,5.0
524951279760867328,2014-10-22T15:51:52+00:00,2014-10-22T16:55:50+00:00,3838.0,5,1,4,425.0,1924.0,0.0010422094841063053,0.0781657113079729,1,4,4.0
524951314556796929,2014-10-22T15:52:01+00:00,2014-10-22T16:24:15+00:00,1934.0,20,1,19,12.0,248.68421052631578,0.00982419855222337,0.6204756980351602,2,17,6.333333333333333
524951419175309312,2014-10-22T15:52:26+00:00,2014-10-22T16:11:19+00:00,1133.0,8,1,7,37.0,490.0,0.00617828773168579,0.4236540158870256,1,7,7.0
524951439417044992,2014-10-22T15:52:30+00:00,2014-10-22T17:57:46+00:00,7516.0,8,1,7,158.0,2878.285714285714,0.0009313464608834486,0.06386375731772219,2,6,3.5
524951456362012672,2014-10-22T15:52:34+00:00,2014-10-22T18:09:56+00:00,8242.0,3,1,2,947.0,4594.5,0.0002426595486532395,0.021839359378791553,1,2,2.0
524951585231994880,2014-10-22T15:53:05+00:00,2014-10-22T20:43:19+00:00,17414.0,19,1,18,169.0,2419.6666666666665,0.0010336510853336397,0.06546456873779717,4,15,4.5
524951625556066304,2014-10-22T15:53:15+00:00,2014-10-22T18:30:23+00:00,9428.0,16,1,15,52.0,3136.9333333333334,0.001591005515485787,0.10182435299109037,4,9,3.0
524951696376487936,2014-10-22T15:53:32+00:00,2014-10-22T16:14:29+00:00,1257.0,6,1,5,58.0,365.0,0.003977724741447892,0.2863961813842482,1,5,5.0
524951711941922818,2014-10-22T15:53:35+00:00,2014-10-22T16:30:41+00:00,2226.0,17,1,16,63.0,942.75,0.0071877807726864335,0.4582210242587601,6,10,2.2857142857142856
524951893467234304,2014-10-22T15:54:19+00:00,2014-10-22T16:17:47+00:00,1408.0,7,1,6,55.0,574.1666666666666,0.004261363636363636,0.2982954545454546,1,6,6.0
524951948337098752,2014-10-22T15:54:32+00:00,2014-10-22T18:00:34+00:00,7562.0,7,1,6,261.0,2120.0,0.0007934408886537953,0.05554086220576567,1,6,6.0
524952005157347328,2014-10-22T15:54:45+00:00,2014-10-23T05:06:31+00:00,47506.0,4,1,3,661.0,25816.666666666668,6.314991790510673e-05,0.005051993432408538,1,3,3.0
524952094986350592,2014-10-22T15:55:07+00:00,2014-10-22T15:55:07+00:00,0.0,1,1,0,0.0,0.0,0.0,0.0,0,0,0.0
524952154482946048,2014-10-22T15:55:21+00:00,2014-10-22T15:59:12+00:00,231.0,2,1,1,231.0,231.0,0.004329004329004329,0.5194805194805194,1,1,1.0
524952322703900672,2014-10-22T15:56:01+00:00,2014-10-22T16:02:56+00:00,415.0,19,1,18,20.0,161.11111111111111,0.043373493975903614,2.746987951807229,1,18,18.0
524952341561491459,2014-10-22T15:56:06+00:00,2014-10-22T16:54:43+00:00,3517.0,13,1,12,115.0,896.25,0.0034119988626670457,0.22177992607335797,5,7,2.0
524952407625957376,2014-10-22T15:56:21+00:00,2014-10-22T15:56:21+00:00,0.0,1,1,0,0.0,0.0,0.0,0.0,0,0,0.0
524952437137092608,2014-10-22T15:56:28+00:00,2014-10-22T16:04:13+00:00,465.0,20,1,19,23.0,181.73684210526315,0.04086021505376344,2.5806451612903225,2,18,9.5
524952808110694400,2014-10-22T15:57:57+00:00,2014-10-22T16:51:11+00:00,3194.0,7,1,6,75.0,1004.6666666666666,0.001878522229179712,0.13149655604257984,2,5,3.0
524952883343925249,2014-10-22T15:58:15+00:00,2014-10-22T21:20:59+00:00,19364.0,22,1,21,76.0,4168.476190476191,0.0010844866763065483,0.06816773393926874,3,13,4.75
524952995034042368,2014-10-22T15:58:41+00:00,2014-10-22T16:44:54+00:00,2773.0,13,1,12,25.0,662.6666666666666,0.00432744320230797,0.281283808150018,3,9,3.0
524953017389707264,2014-10-22T15:58:47+00:00,2014-10-22T20:16:58+00:00,15491.0,36,1,35,228.0,8464.628571428571,0.0022593764121102574,0.13943580143309017,13,9,1.9444444444444444
524953077456318464,2014-10-22T15:59:01+00:00,2014-10-23T16:07:27+00:00,86906.0,8,1,7,713.0,13172.857142857143,8.054679768945758e-05,0.005523208984419947,2,6,3.5
524953110285152256,2014-10-22T15:59:09+00:00,2014-10-22T18:45:59+00:00,10010.0,12,1,11,68.0,3328.3636363636365,0.001098901098901099,0.07192807192807192,4,8,2.75
524953391634866176,2014-10-22T16:00:16+00:00,2014-10-22T17:29:21+00:00,5345.0,8,1,7,151.0,1812.0,0.0013096351730589337,0.08980355472404117,1,7,7.0
524953508978909185,2014-10-22T16:00:44+00:00,2014-10-23T02:05:49+00:00,36305.0,20,1,19,136.0,14147.105263157895,0.0005233438920258917,0.03305329844374053,1,19,19.0
524953530193301505,2014-10-22T16:00:49+00:00,2014-10-23T04:13:55+00:00,43986.0,19,1,18,76.0,8613.833333333334,0.0004092211158095758,0.025917337334606466,2,17,9.0
524953569762766848,2014-10-22T16:00:58+00:00,2014-10-22T17:13:46+00:00,4368.0,42,1,41,200.0,1955.4634146341464,0.009386446886446886,0.576923076923077,17,8,1.6
524953604717686784,2014-10-22T16:01:07+00:00,2014-10-22T18:03:21+00:00,7334.0,20,1,19,56.0,3389.0,0.0025906735751295338,0.16362148895554948,2,17,6.333333333333333
524953767402553345,2014-10-22T16:01:45+00:00,2014-10-22T16:32:49+00:00,1864.0,6,1,5,944.0,1306.8,0.002682403433476395,0.19313304721030042,1,5,5.0
524953840127574016,2014-10-22T16:02:03+00:00,2014-10-22T16:14:30+00:00,747.0,19,1,18,59.0,372.1111111111111,0.024096385542168676,1.5261044176706828,4,11,2.25
524953918166794240,2014-10-22T16:02:21+00:00,2014-10-22T17:36:24+00:00,5643.0,8,1,7,119.0,1288.7142857142858,0.001240474924685451,0.08506113769271664,2,6,3.5
524954028287877121,2014-10-22T16:02:48+00:00,2014-10-22T17:28:56+00:00,5168.0,8,1,7,24.0,1284.142857142857,0.0013544891640866873,0.09287925696594426,1,7,7.0
524954105471840256,2014-10-22T16:03:06+00:00,2014-10-22T19:25:33+00:00,12147.0,4,1,3,160.0,4201.0,0.0002469745616201531,0.01975796492961225,1,3,3.0
524954161054756864,2014-10-22T16:03:19+00:00,2014-10-23T01:56:22+00:00,35583.0,12,1,11,174.0,13009.636363636364,0.000309136385352556,0.020234381586712757,1,11,11.0
524954241547632640,2014-10-22T16:03:39+00:00,2014-10-22T20:38:39+00:00,16500.0,11,1,10,37.0,2200.5,0.0006060606060606061,0.04,1,10,10.0
524954262657581057,2014-10-22T16:03:44+00:00,2014-10-23T03:05:20+00:00,39696.0,7,1,6,167.0,8855.166666666666,0.00015114873035066505,0.010580411124546553,2,5,3.0
524954313337364480,2014-10-22T16:03:56+00:00,2014-10-22T16:46:12+00:00,2536.0,3,1,2,659.0,1597.5,0.0007886435331230284,0.07097791798107256,1,2,2.0
524954586696933377,2014-10-22T16:05:01+00:00,2014-10-22T19:15:48+00:00,11447.0,17,1,16,111.0,1748.8125,0.0013977461343583472,0.08910631606534464,4,8,2.2857142857142856
524954623145431041,2014-10-22T16:05:10+00:00,2014-10-22T22:44:53+00:00,23983.0,5,1,4,415.0,8479.75,0.00016678480590418213,0.01250886044281366,1,4,4.0
524954630279925760,2014-10-22T16:05:11+00:00,2014-10-22T19:26:15+00:00,12064.0,15,1,14,20.0,3606.3571428571427,0.0011604774535809018,0.07460212201591512,2,9,3.6666666666666665
524954661703680000,2014-10-22T16:05:19+00:00,2014-10-22T16:22:43+00:00,1044.0,7,1,6,247.0,511.0,0.005747126436781609,0.40229885057471265,1,4,4.0
524954833648771072,2014-10-22T16:06:00+00:00,2014-10-22T18:00:35+00:00,6875.0,13,1,12,17.0,1901.3333333333333,0.0017454545454545455,0.11345454545454546,2,9,6.0
524955062486196224,2014-10-22T16:06:54+00:00,2014-10-22T20:00:01+00:00,13987.0,5,1,4,514.0,3967.0,0.0002859798384213913,0.021448487881604347,1,4,4.0
524955083297931264,2014-10-22T16:06:59+00:00,2014-10-22T23:14:51+00:00,25672.0,7,1,6,197.0,8823.166666666666,0.00023371766905578062,0.016360236833904643,2,5,3.0
524955102554361856,2014-10-22T16:07:04+00:00,2014-10-22T19:44:38+00:00,13054.0,16,1,15,61.0,4208.533333333334,0.0011490730810479546,0.0735406771870691,3,8,2.142857142857143
524955159840182272,2014-10-22T16:07:17+00:00,2014-10-22T19:04:41+00:00,10644.0,12,1,11,57.0,1280.090909090909,0.001033446072904923,0.06764374295377677,1,11,11.0
524955170200121344,2014-10-22T16:07:20+00:00,2014-10-22T17:26:15+00:00,4735.0,4,1,3,461.0,1959.3333333333333,0.0006335797254487857,0.05068637803590285,1,3,3.0
524955243185176576,2014-10-22T16:07:37+00:00,2014-10-22T16:29:39+00:00,1322.0,10,1,9,66.0,637.1111111111111,0.00680786686838124,0.45385779122541603,3,6,2.25
524955251464736768,2014-10-22T16:07:39+00:00,2014-10-23T01:08:00+00:00,32421.0,12,1,11,54.0,6651.909090909091,0.00033928626507510564,0.022207828259461458,4,7,2.2
524955304199352320,2014-10-22T16:07:52+00:00,2014-10-22T19:45:48+00:00,13076.0,3,1,2,2635.0,7855.5,0.00015295197308045274,0.013765677577240747,1,2,2.0
524955317201666048,2014-10-22T16:07:55+00:00,2014-10-22T22:24:35+00:00,22600.0,6,1,5,123.0,8883.8,0.00022123893805309734,0.01592920353982301,1,4,4.0
524955385480753153,2014-10-22T16:08:11+00:00,2014-10-22T22:11:57+00:00,21826.0,15,1,14,20.0,6202.071428571428,0.0006414368184733803,0.041235224044717314,3,11,3.5
524955386697515008,2014-10-22T16:08:12+00:00,2014-10-22T18:08:56+00:00,7244.0,35,1,34,129.0,3078.8823529411766,0.004693539480949751,0.28989508558807286,8,14,2.0
524955388190662657,2014-10-22T16:08:12+00:00,2014-10-22T19:17:50+00:00,11378.0,30,1,29,106.0,1672.4137931034484,0.0025487783441729655,0.15820003515556338,4,10,2.230769230769231
524955557686284288,2014-10-22T16:08:52+00:00,2014-10-22T16:16:29+00:00,457.0,4,1,3,27.0,213.0,0.006564551422319475,0.525164113785558,1,3,3.0
524955620538343426,2014-10-22T16:09:07+00:00,2014-10-22T17:28:06+00:00,4739.0,15,1,14,49.0,2080.0714285714284,0.0029542097488921715,0.18991348385735388,3,5,2.25
524955850591334403,2014-10-22T16:10:02+00:00,2014-10-22T18:05:43+00:00,6941.0,9,1,8,75.0,2486.625,0.0011525716755510734,0.07779858809969745,1,7,7.0
524955871689052160,2014-10-22T16:10:07+00:00,2014-10-22T16:12:32+00:00,145.0,2,1,1,145.0,145.0,0.006896551724137931,0.8275862068965518,1,1,1.0
524956007324082177,2014-10-22T16:10:40+00:00,2014-10-22T17:57:33+00:00,6413.0,4,1,3,37.0,2171.0,0.0004677997816934352,0.03742398253547481,1,3,3.0
524956129017995264,2014-10-22T16:11:09+00:00,2014-10-22T17:44:37+00:00,5608.0,34,1,33,90.0,1247.060606060606,0.005884450784593438,0.3637660485021398,13,16,1.9411764705882353
524956168754843648,2014-10-22T16:11:18+00:00,2014-10-22T17:20:00+00:00,4122.0,7,1,6,900.0,1885.1666666666667,0.001455604075691412,0.10189228529839883,1,6,6.0
524956294395224064,2014-10-22T16:11:48+00:00,2014-10-22T18:37:38+00:00,8750.0,28,1,27,131.0,1975.111111111111,0.003085714285714286,0.19199999999999998,8,3,1.5
524956372199555072,2014-10-22T16:12:07+00:00,2014-10-22T17:43:06+00:00,5459.0,9,1,8,235.0,1394.125,0.0014654698662758747,0.09891921597362154,5,3,1.6
524956383318650880,2014-10-22T16:12:09+00:00,2014-10-22T16:45:16+00:00,1987.0,20,1,19,91.0,946.6315789473684,0.009562154001006542,0.6039255158530448,2,16,4.75
524956415589621760,2014-10-22T16:12:17+00:00,2014-10-22T16:17:05+00:00,288.0,2,1,1,288.0,288.0,0.003472222222222222,0.4166666666666667,1,1,1.0
524956449836130304,2014-10-22T16:12:25+00:00,2014-10-22T17:05:48+00:00,3203.0,3,1,2,1551.0,2377.0,0.0006244146113019045,0.0561973150171714,1,2,2.0
524956518404198400,2014-10-22T16:12:41+00:00,2014-10-23T00:21:00+00:00,29299.0,6,1,5,105.0,6393.0,0.00017065428854227106,0.012287108775043517,2,4,2.5
524956648151191553,2014-10-22T16:13:12+00:00,2014-10-22T16:56:07+00:00,2575.0,5,1,4,158.0,1015.25,0.0015533980582524273,0.11650485436893204,1,4,4.0
524956731638841344,2014-10-22T16:13:32+00:00,2014-10-22T20:15:07+00:00,14495.0,10,1,9,181.0,4212.333333333333,0.0006209037599172128,0.041393583994480856,3,7,3.0
524957105296404480,2014-10-22T16:15:01+00:00,2014-10-23T14:43:03+00:00,80882.0,14,1,13,70.0,15866.615384615385,0.0001607279740857051,0.010385499863999406,4,10,3.25
524957429889777665,2014-10-22T16:16:19+00:00,2014-10-23T08:17:20+00:00,57661.0,15,1,14,122.0,5632.0,0.00024279842527878462,0.015608470196493297,4,9,3.5
524957517294886912,2014-10-22T16:16:40+00:00,2014-10-22T16:55:40+00:00,2340.0,19,1,18,105.0,1194.611111111111,0.007692307692307693,0.48717948717948717,2,17,9.0
524957554829717504,2014-10-22T16:16:48+00:00,2014-10-22T16:23:02+00:00,374.0,2,1,1,374.0,374.0,0.00267379679144385,0.32085561497326204,1,1,1.0
524957566502445056,2014-10-22T16:16:51+00:00,2014-10-22T16:38:12+00:00,1281.0,9,1,8,59.0,514.0,0.00624512099921936,0.42154566744730676,1,8,8.0
524957647653863424,2014-10-22T16:17:11+00:00,2014-10-22T23:09:48+00:00,24757.0,6,1,5,65.0,5446.0,0.000201963081148766,0.014541341842711152,1,5,5.0
524957752138149888,2014-10-22T16:17:36+00:00,2014-10-22T17:06:34+00:00,2938.0,38,1,37,57.0,1870.4864864864865,0.01259360108917631,0.7760381211708645,11,8,1.6818181818181819
524957773810135040,2014-10-22T16:17:41+00:00,2014-10-22T16:59:42+00:00,2521.0,13,1,12,25.0,699.0833333333334,0.004760015866719556,0.3094010313367711,1,12,12.0
524957872296583168,2014-10-22T16:18:04+00:00,2014-10-22T17:26:23+00:00,4099.0,27,1,26,82.0,850.7692307692307,0.006343010490363503,0.3952183459380337,5,15,2.6
524957925157384192,2014-10-22T16:18:17+00:00,2014-10-23T10:54:49+00:00,66992.0,10,1,9,196.0,17166.88888888889,0.00013434439933126342,0.008956293288750895,1,9,9.0
524957974226550784,2014-10-22T16:18:28+00:00,2014-10-22T17:16:22+00:00,3474.0,6,1,5,132.0,1859.0,0.0014392630972941854,0.10362694300518135,1,4,4.0
524957978806743040,2014-10-22T16:18:30+00:00,2014-10-23T03:08:28+00:00,38998.0,39,1,38,96.0,3620.9210526315787,0.0009744089440484128,0.06000307708087594,4,13,2.7142857142857144
524958128392376320,2014-10-22T16:19:05+00:00,2014-10-22T20:09:38+00:00,13833.0,14,1,13,113.0,2842.6153846153848,0.0009397816814863009,0.06072435480373021,3,7,2.1666666666666665
524958173245870080,2014-10-22T16:19:16+00:00,2014-10-22T18:14:58+00:00,6942.0,4,1,3,690.0,3037.0,0.000432152117545376,0.034572169403630074,1,3,3.0
524958227768020992,2014-10-22T16:19:29+00:00,2014-10-22T18:46:06+00:00,8797.0,7,1,6,54.0,1907.6666666666667,0.0006820506991019665,0.047743548937137656,1,6,6.0
524958238316298240,2014-10-22T16:19:31+00:00,2014-10-23T12:41:11+00:00,73300.0,36,1,35,49.0,6551.771428571428,0.0004774897680763984,0.02946793997271487,9,17,2.3333333333333335
524958250706681856,2014-10-22T16:19:34+00:00,2014-10-22T16:19:34+00:00,0.0,1,1,0,0.0,0.0,0.0,0.0,0,0,0.0
524958383468978176,2014-10-22T16:20:06+00:00,2014-10-22T16:21:07+00:00,61.0,2,1,1,61.0,61.0,0.01639344262295082,1.9672131147540985,1,1,1.0
524958384060366849,2014-10-22T16:20:06+00:00,2014-10-22T16:27:00+00:00,414.0,19,1,18,34.0,195.66666666666666,0.043478260869565216,2.753623188405797,1,18,18.0
524958409381384192,2014-10-22T16:20:12+00:00,2014-10-22T16:55:28+00:00,2116.0,20,1,19,22.0,494.7894736842105,0.008979206049149339,0.5671077504725898,1,19,19.0
524958498770395137,2014-10-22T16:20:34+00:00,2014-10-24T02:46:10+00:00,123936.0,47,1,46,67.0,10714.108695652174,0.00037115930802995097,0.022753679318357863,13,7,1.4838709677419355
524958516822671360,2014-10-22T16:20:38+00:00,2014-10-22T19:44:37+00:00,12239.0,14,1,13,59.0,5026.307692307692,0.001062178282539423,0.0686330582563935,2,12,6.5
524958599433691136,2014-10-22T16:20:58+00:00,2014-10-22T18:24:56+00:00,7438.0,10,1,9,81.0,2083.4444444444443,0.0012100026888948643,0.08066684592632428,4,5,2.25
524958741259886592,2014-10-22T16:21:31+00:00,2014-10-22T17:27:45+00:00,3974.0,9,1,8,246.0,1700.5,0.0020130850528434826,0.13588324106693508,6,3,1.3333333333333333
524958743000125440,2014-10-22T16:21:32+00:00,2014-10-22T16:37:28+00:00,956.0,3,1,2,350.0,653.0,0.0020920502092050207,0.18828451882845187,1,2,2.0
524958992330522624,2014-10-22T16:22:31+00:00,2014-10-22T17:06:56+00:00,2665.0,12,1,11,68.0,645.8181818181819,0.004127579737335835,0.2701688555347092,3,9,3.6666666666666665
524959027516932096,2014-10-22T16:22:40+00:00,2014-10-22T21:49:55+00:00,19635.0,19,1,18,45.0,6453.888888888889,0.0009167303284950344,0.058059587471352175,3,10,4.0
524959090125320193,2014-10-22T16:22:55+00:00,2014-10-22T17:54:43+00:00,5508.0,11,1,10,19.0,3679.1,0.0018155410312273058,0.11982570806100218,6,4,1.6666666666666667
524959332656349187,2014-10-22T16:23:52+00:00,2014-10-22T19:49:03+00:00,12311.0,9,1,8,156.0,5388.5,0.0006498253594346519,0.04386321176183901,3,6,2.6666666666666665
524959390332239872,2014-10-22T16:24:06+00:00,2014-10-23T04:45:05+00:00,44459.0,10,1,9,18.0,7010.555555555556,0.00020243370296227985,0.013495580197485323,1,9,9.0
524959630158725120,2014-10-22T16:25:03+00:00,2014-10-23T17:51:45+00:00,91602.0,25,1,24,6.0,16551.541666666668,0.0002620030130346499,0.01637518831466562,6,18,3.4285714285714284
524959715957424128,2014-10-22T16:25:24+00:00,2014-10-22T16:48:08+00:00,1364.0,5,1,4,60.0,510.25,0.002932551319648094,0.21994134897360704,1,4,4.0
524959778125385728,2014-10-22T16:25:39+00:00,2014-10-23T01:19:15+00:00,32016.0,22,1,21,120.0,6775.333333333333,0.0006559220389805098,0.04122938530734632,3,15,4.2
524959809402331137,2014-10-22T16:25:46+00:00,2014-10-22T18:08:57+00:00,6191.0,20,1,19,43.0,499.6842105263158,0.003068971087061864,0.19382975286706508,2,18,9.5
524959836778536961,2014-10-22T16:25:53+00:00,2014-10-22T17:19:19+00:00,3206.0,5,1,4,56.0,1301.5,0.0012476606363069245,0.09357454772301935,1,4,4.0
524960221694005248,2014-10-22T16:27:24+00:00,2014-10-22T16:44:21+00:00,1017.0,3,1,2,600.0,808.5,0.0019665683382497543,0.17699115044247787,1,2,2.0
524960245509287936,2014-10-22T16:27:30+00:00,2014-10-23T06:36:22+00:00,50932.0,11,1,10,370.0,13741.7,0.0001963402183303228,0.012958454409801303,2,8,5.0
524960247518330881,2014-10-22T16:27:30+00:00,2014-10-22T23:17:59+00:00,24629.0,16,1,15,51.0,2678.4666666666667,0.0006090381257866743,0.03897844005034715,4,11,3.75
524960277348233216,2014-10-22T16:27:38+00:00,2014-10-22T18:42:24+00:00,8086.0,11,1,10,76.0,2477.7,0.0012367054167697256,0.08162255750680188,1,10,10.0
524960580944560128,2014-10-22T16:28:50+00:00,2014-10-22T20:36:21+00:00,14851.0,8,1,7,1008.0,7568.714285714285,0.00047134873072520367,0.032321055821156824,1,7,7.0
524960814944747520,2014-10-22T16:29:46+00:00,2014-10-23T16:23:33+00:00,86027.0,20,1,19,123.0,7404.0,0.00022086089251049088,0.013949109000662582,3,15,3.8
524960851493924864,2014-10-22T16:29:54+00:00,2014-10-22T17:42:06+00:00,4332.0,7,1,6,329.0,1429.3333333333333,0.0013850415512465374,0.09695290858725761,1,6,6.0
524961016904294400,2014-10-22T16:30:34+00:00,2014-10-22T17:18:56+00:00,2902.0,19,1,18,28.0,1013.0555555555555,0.006202618883528601,0.3928325292901447,3,16,6.0
524961055211286528,2014-10-22T16:30:43+00:00,2014-10-22T18:47:22+00:00,8199.0,10,1,9,107.0,3664.0,0.0010976948408342481,0.07317965605561653,1,9,9.0
524961070465945600,2014-10-22T16:30:47+00:00,2014-10-22T22:17:41+00:00,20814.0,8,1,7,52.0,4508.142857142857,0.00033631209762659747,0.023061400980109545,1,7,7.0
524961362448240642,2014-10-22T16:31:56+00:00,2014-10-22T17:18:17+00:00,2781.0,4,1,3,110.0,1354.0,0.0010787486515641855,0.08629989212513484,1,3,3.0
524961408740380672,2014-10-22T16:32:07+00:00,2014-10-22T18:27:06+00:00,6899.0,4,1,3,276.0,2738.0,0.0004348456298014205,0.03478765038411364,1,3,3.0
524961513006964736,2014-10-22T16:32:32+00:00,2014-10-22T16:52:13+00:00,1181.0,2,1,1,1181.0,1181.0,0.000846740050804403,0.10160880609652836,1,1,1.0
524961561677680640,2014-10-22T16:32:44+00:00,2014-10-22T20:42:06+00:00,14962.0,6,1,5,316.0,8811.0,0.000334179922470258,0.024060954417858573,3,3,1.6666666666666667
524961589406216192,2014-10-22T16:32:50+00:00,2014-10-25T17:18:06+00:00,261916.0,29,1,28,124.0,12619.535714285714,0.0001069045037340216,0.006643351303471342,10,14,2.3333333333333335
524961659685588995,2014-10-22T16:33:07+00:00,2014-10-22T17:22:56+00:00,2989.0,5,1,4,237.0,1166.0,0.0013382402141184342,0.10036801605888256,1,4,4.0
524961721744900097,2014-10-22T16:33:22+00:00,2014-10-23T11:17:09+00:00,67427.0,24,1,23,105.0,6039.434782608696,0.000341109644504427,0.021356429916798907,7,13,2.090909090909091
524961908903149568,2014-10-22T16:34:07+00:00,2014-10-22T19:37:02+00:00,10975.0,6,1,5,93.0,2361.6,0.00045558086560364467,0.03280182232346242,1,3,3.0
524962072262881280,2014-10-22T16:34:46+00:00,2014-10-22T17:14:53+00:00,2407.0,22,1,21,28.0,441.9047619047619,0.008724553385957623,0.5484004985459078,3,19,7.0
524962142563610625,2014-10-22T16:35:02+00:00,2014-10-22T17:26:34+00:00,3092.0,6,1,5,146.0,1119.4,0.0016170763260025874,0.1164294954721863,1,5,5.0
524962199543230464,2014-10-22T16:35:16+00:00,2014-10-22T17:31:57+00:00,3401.0,20,1,19,98.0,1282.3157894736842,0.00558659217877095,0.35283740076448106,4,9,2.375
524962450786226176,2014-10-22T16:36:16+00:00,2014-10-23T20:59:52+00:00,102216.0,34,1,33,440.0,28650.515151515152,0.0003228457384362526,0.019957736557877435,7,6,1.736842105263158
524962748237889536,2014-10-22T16:37:27+00:00,2014-10-22T17:07:32+00:00,1805.0,21,1,20,204.0,957.3,0.0110803324099723,0.6980609418282548,3,15,5.0
524963002768842752,2014-10-22T16:38:27+00:00,2014-10-23T12:34:35+00:00,71768.0,11,1,10,145.0,7939.7,0.00013933786645858878,0.00919629918626686,1,10,10.0
524963322525798400,2014-10-22T16:39:44+00:00,2014-10-23T02:31:35+00:00,35511.0,16,1,15,27.0,7336.533333333334,0.0004224043254202923,0.027033876826898708,3,13,5.0
524963649455407105,2014-10-22T16:41:02+00:00,2014-10-22T16:53:09+00:00,727.0,2,1,1,727.0,727.0,0.001375515818431912,0.16506189821182943,1,1,1.0
524963878904823808,2014-10-22T16:41:56+00:00,2014-10-22T20:46:33+00:00,14677.0,16,1,15,37.0,4025.0,0.0010220072221843702,0.06540846221979968,1,15,15.0
524964129745174528,2014-10-22T16:42:56+00:00,2014-10-22T17:46:26+00:00,3810.0,14,1,13,56.0,836.3846153846154,0.0034120734908136482,0.2204724409448819,2,10,3.25
524964166936068097,2014-10-22T16:43:05+00:00,2014-10-22T16:43:05+00:00,0.0,1,1,0,0.0,0.0,0.0,0.0,0,0,0.0
524964223185850368,2014-10-22T16:43:18+00:00,2014-10-22T17:32:04+00:00,2926.0,4,1,3,1312.0,2216.6666666666665,0.0010252904989747095,0.08202323991797676,1,3,3.0
524964278030172160,2014-10-22T16:43:31+00:00,2014-10-23T05:58:44+00:00,47713.0,7,1,6,89.0,9665.666666666666,0.00012575189151803492,0.008802632406262443,1,6,6.0
524964279456653312,2014-10-22T16:43:32+00:00,2014-10-22T17:35:01+00:00,3089.0,5,1,4,141.0,1515.0,0.0012949174490126255,0.09711880867594691,1,4,4.0
524964457936863232,2014-10-22T16:44:14+00:00,2014-10-22T20:33:05+00:00,13731.0,15,1,14,677.0,4483.285714285715,0.0010195907071589834,0.06554511688879179,1,13,13.0
524964564018790400,2014-10-22T16:44:40+00:00,2014-10-22T18:49:26+00:00,7486.0,18,1,17,40.0,1114.5882352941176,0.0022709056906224955,0.1442693026983703,2,10,5.666666666666667
524964630221705216,2014-10-22T16:44:55+00:00,2014-10-23T00:47:59+00:00,28984.0,14,1,13,249.0,5000.2307692307695,0.0004485233232128071,0.028981507038365995,3,11,4.333333333333333
524964929083023360,2014-10-22T16:46:07+00:00,2014-10-22T18:35:15+00:00,6548.0,19,1,18,1662.0,3920.3888888888887,0.002748930971288943,0.1740989615149664,2,17,9.0
524964948683005952,2014-10-22T16:46:11+00:00,2014-10-22T21:02:52+00:00,15401.0,46,1,45,137.0,2306.177777777778,0.0029218881890786313,0.17920914226348938,10,6,1.7307692307692308
524964989975937024,2014-10-22T16:46:21+00:00,2014-10-23T00:45:03+00:00,28722.0,6,1,5,203.0,7993.2,0.0001740825847782188,0.012533946104031753,1,5,5.0
524965026256662528,2014-10-22T16:46:30+00:00,2014-10-23T00:09:44+00:00,26594.0,20,1,19,2765.0,9746.263157894737,0.0007144468677145221,0.04512296006618034,8,5,1.9
524965047647617024,2014-10-22T16:46:35+00:00,2014-10-22T23:41:28+00:00,24893.0,4,1,3,5216.0,17311.333333333332,0.00012051580765677098,0.009641264612541679,1,3,3.0
524965077318107137,2014-10-22T16:46:42+00:00,2014-10-22T17:12:49+00:00,1567.0,3,1,2,1248.0,1407.5,0.0012763241863433313,0.1148691767708998,1,2,2.0
524965165759221760,2014-10-22T16:47:03+00:00,2014-10-22T17:05:33+00:00,1110.0,21,1,20,90.0,486.8,0.018018018018018018,1.135135135135135,3,15,3.8
524965242213007360,2014-10-22T16:47:21+00:00,2014-10-22T17:15:38+00:00,1697.0,13,1,12,169.0,650.25,0.007071302298173247,0.45963464938126103,6,7,2.0
524965406377664512,2014-10-22T16:48:00+00:00,2014-10-23T05:13:29+00:00,44729.0,13,1,12,119.0,5808.083333333333,0.00026828232243063786,0.01743835095799146,2,11,6.0
524965597793107968,2014-10-22T16:48:46+00:00,2014-10-24T11:58:02+00:00,155356.0,12,1,11,59.0,29862.272727272728,7.080511856638945e-05,0.004634516851618219,2,7,4.5
524965701535412224,2014-10-22T16:49:11+00:00,2014-10-23T00:50:49+00:00,28898.0,16,1,15,71.0,10417.933333333332,0.0005190670634645996,0.03322029206173438,4,9,2.6
524965723672961024,2014-10-22T16:49:16+00:00,2014-10-22T17:54:14+00:00,3898.0,20,1,19,76.0,545.4736842105264,0.0048742945100051305,0.3078501795792714,5,15,3.8
524965775036387329,2014-10-22T16:49:28+00:00,2014-10-22T20:06:11+00:00,11803.0,5,1,4,1531.0,6228.5,0.0003388968906210286,0.025417266796577142,1,4,4.0
524965786059026432,2014-10-22T16:49:31+00:00,2014-10-22T17:02:20+00:00,769.0,7,1,6,12.0,320.6666666666667,0.007802340702210663,0.5461638491547465,1,6,6.0
524966328734863360,2014-10-22T16:51:40+00:00,2014-10-22T16:51:40+00:00,0.0,1,1,0,0.0,0.0,0.0,0.0,0,0,0.0
524966392702189569,2014-10-22T16:51:56+00:00,2014-10-22T17:18:51+00:00,1615.0,6,1,5,247.0,708.6,0.0030959752321981426,0.22291021671826625,1,5,5.0
524966565788520448,2014-10-22T16:52:37+00:00,2014-10-23T16:17:00+00:00,84263.0,9,1,8,845.0,12805.25,9.49408399890818e-05,0.006408506699263021,3,6,2.6666666666666665
524966572277129216,2014-10-22T16:52:38+00:00,2014-10-22T17:09:05+00:00,987.0,16,1,15,21.0,299.46666666666664,0.015197568389057751,0.9726443768996961,1,13,13.0
524966582544781313,2014-10-22T16:52:41+00:00,2014-10-22T17:57:35+00:00,3894.0,17,1,16,27.0,578.9375,0.004108885464817668,0.26194144838212635,1,16,16.0
524966596897685504,2014-10-22T16:52:44+00:00,2014-10-22T17:28:18+00:00,2134.0,8,1,7,119.0,746.8571428571429,0.0032802249297094657,0.2249297094657919,1,6,6.0
524966770428243968,2014-10-22T16:53:26+00:00,2014-10-22T17:00:35+00:00,429.0,5,1,4,88.0,235.25,0.009324009324009324,0.6993006993006993,1,4,4.0
524966904885428226,2014-10-22T16:53:58+00:00,2014-10-22T17:34:26+00:00,2428.0,7,1,6,19.0,834.6666666666666,0.002471169686985173,0.1729818780889621,2,5,3.0
524966946467749888,2014-10-22T16:54:08+00:00,2014-10-22T22:16:54+00:00,19366.0,18,1,17,106.0,4740.64705882353,0.0008778271196943097,0.05576784054528555,2,13,4.25
524967231902318592,2014-10-22T16:55:16+00:00,2014-10-22T17:11:41+00:00,985.0,2,1,1,985.0,985.0,0.0010152284263959391,0.12182741116751268,1,1,1.0
524967298604359684,2014-10-22T16:55:32+00:00,2014-10-22T23:11:32+00:00,22560.0,10,1,9,29.0,4018.0,0.00039893617021276594,0.026595744680851064,1,9,9.0
524967376719466496,2014-10-22T16:55:50+00:00,2014-10-22T17:00:30+00:00,280.0,19,1,18,21.0,118.83333333333333,0.06428571428571428,4.071428571428571,1,18,18.0
524967510563889152,2014-10-22T16:56:22+00:00,2014-10-22T18:25:51+00:00,5369.0,4,1,3,978.0,2494.3333333333335,0.0005587632706276774,0.044701061650214195,2,2,1.5
524967572689522688,2014-10-22T16:56:37+00:00,2014-10-22T17:30:12+00:00,2015.0,19,1,18,82.0,549.5,0.008933002481389578,0.56575682382134,2,17,9.0
524967620588896256,2014-10-22T16:56:48+00:00,2014-10-22T17:23:35+00:00,1607.0,19,1,18,170.0,466.22222222222223,0.01120099564405725,0.7093963907902924,4,10,3.0
524967631171117056,2014-10-22T16:56:51+00:00,2014-10-22T17:39:31+00:00,2560.0,3,1,2,1366.0,1963.0,0.00078125,0.0703125,2,1,1.0
524967711492014080,2014-10-22T16:57:10+00:00,2014-10-22T17:28:27+00:00,1877.0,2,1,1,1877.0,1877.0,0.0005327650506126798,0.06393180607352157,1,1,1.0
524967727266398209,2014-10-22T16:57:14+00:00,2014-10-22T17:02:46+00:00,332.0,5,1,4,104.0,186.75,0.012048192771084338,0.9036144578313253,1,4,4.0
524967811081195520,2014-10-22T16:57:34+00:00,2014-10-22T17:05:01+00:00,447.0,2,1,1,447.0,447.0,0.0022371364653243847,0.2684563758389262,1,1,1.0
524968185016360960,2014-10-22T16:59:03+00:00,2014-10-22T18:00:11+00:00,3668.0,12,1,11,373.0,2077.6363636363635,0.0029989094874591058,0.19629225736095965,5,5,1.8333333333333333
524968205690089472,2014-10-22T16:59:08+00:00,2014-10-22T18:04:45+00:00,3937.0,15,1,14,95.0,1106.5,0.003556007112014224,0.22860045720091443,2,11,4.666666666666667
524968293577158656,2014-10-22T16:59:29+00:00,2014-10-22T17:31:30+00:00,1921.0,9,1,8,164.0,978.875,0.004164497657470068,0.28110359187922956,2,7,4.0
524968330172850177,2014-10-22T16:59:38+00:00,2014-10-22T21:08:39+00:00,14941.0,5,1,4,210.0,4828.5,0.00026771969747674187,0.020078977310755638,1,4,4.0
524968337747767298,2014-10-22T16:59:39+00:00,2014-10-22T17:07:10+00:00,451.0,7,1,6,75.0,214.33333333333334,0.013303769401330377,0.9312638580931264,2,4,3.0
524968466559033345,2014-10-22T17:00:10+00:00,2014-10-23T10:19:46+00:00,62376.0,16,1,15,43.0,11485.333333333334,0.00024047710657945363,0.015390534821085034,4,12,3.75
524968564306882560,2014-10-22T17:00:33+00:00,2014-10-23T04:25:49+00:00,41116.0,23,1,22,259.0,21041.227272727272,0.000535071505010215,0.03356357622336803,4,9,1.8333333333333333
524969137660231680,2014-10-22T17:02:50+00:00,2014-10-22T19:13:51+00:00,7861.0,5,1,4,152.0,2955.5,0.0005088411143620405,0.03816308357715303,1,4,4.0
524969144832491520,2014-10-22T17:02:52+00:00,2014-10-22T17:48:10+00:00,2718.0,18,1,17,47.0,1337.3529411764705,0.006254598969830758,0.3973509933774835,1,16,16.0
524969201102901248,2014-10-22T17:03:05+00:00,2014-10-22T18:28:06+00:00,5101.0,18,1,17,278.0,2012.764705882353,0.0033326798666928055,0.21172319153107233,1,17,17.0
524969415318982657,2014-10-22T17:03:56+00:00,2014-10-22T20:42:03+00:00,13087.0,3,1,2,1201.0,7144.0,0.00015282341254680218,0.013754107129212195,1,1,1.0
524969431534153728,2014-10-22T17:04:00+00:00,2014-10-22T17:48:11+00:00,2651.0,6,1,5,134.0,1364.2,0.001886080724254998,0.1357978121463599,2,3,1.6666666666666667
524969483317026816,2014-10-22T17:04:12+00:00,2014-10-22T19:29:22+00:00,8710.0,29,1,28,35.0,1220.392857142857,0.003214695752009185,0.1997703788748565,4,15,2.3333333333333335
524969501704855552,2014-10-22T17:04:17+00:00,2014-10-22T18:05:50+00:00,3693.0,24,1,23,44.0,934.2173913043479,0.006227998916869754,0.3899268887083672,4,11,2.4285714285714284
524969679790817280,2014-10-22T17:04:59+00:00,2014-10-22T18:50:16+00:00,6317.0,10,1,9,97.0,1454.4444444444443,0.0014247269273389266,0.09498179515592844,1,9,9.0
524969878823137280,2014-10-22T17:05:47+00:00,2014-10-22T17:09:34+00:00,227.0,3,1,2,189.0,208.0,0.00881057268722467,0.7929515418502203,1,2,2.0
524969963850051584,2014-10-22T17:06:07+00:00,2014-10-23T05:52:45+00:00,45998.0,14,1,13,39.0,5445.615384615385,0.00028262098352102263,0.018261663550589155,1,13,13.0
524970097711267841,2014-10-22T17:06:39+00:00,2014-10-22T17:30:49+00:00,1450.0,16,1,15,87.0,520.0,0.010344827586206896,0.6620689655172414,2,13,5.0
524970142719963136,2014-10-22T17:06:50+00:00,2014-10-22T17:06:50+00:00,0.0,1,1,0,0.0,0.0,0.0,0.0,0,0,0.0
524970444156571648,2014-10-22T17:08:02+00:00,2014-10-22T23:26:35+00:00,22713.0,2,1,1,22713.0,22713.0,4.402764936380047e-05,0.005283317923656056,1,1,1.0
524970488590651395,2014-10-22T17:08:12+00:00,2014-10-22T17:09:08+00:00,56.0,19,1,18,6.0,27.27777777777778,0.32142857142857145,20.357142857142858,1,18,18.0
524970731202166784,2014-10-22T17:09:10+00:00,2014-10-22T17:32:35+00:00,1405.0,9,1,8,32.0,613.0,0.0056939501779359435,0.38434163701067614,1,8,8.0
524970851675176960,2014-10-22T17:09:39+00:00,2014-10-23T13:51:46+00:00,74527.0,10,1,9,381.0,20513.88888888889,0.00012076160317737196,0.008050773545158131,1,5,5.0
524970966842376192,2014-10-22T17:10:06+00:00,2014-10-23T01:44:27+00:00,30861.0,19,1,18,40.0,2925.5,0.0005832604257801109,0.03693982696607368,3,16,6.0
524971124845985792,2014-10-22T17:10:44+00:00,2014-10-22T23:36:05+00:00,23121.0,11,1,10,65.0,4436.6,0.0004325072444963453,0.028545478136758787,2,7,3.0
524971165056782337,2014-10-22T17:10:53+00:00,2014-10-22T17:59:12+00:00,2899.0,4,1,3,95.0,1379.3333333333333,0.0010348395998620215,0.0827871679889617,1,3,3.0
524971258996588544,2014-10-22T17:11:16+00:00,2014-10-22T20:15:33+00:00,11057.0,2,1,1,11057.0,11057.0,9.044044496698923e-05,0.010852853396038708,1,1,1.0
524971386838978560,2014-10-22T17:11:46+00:00,2014-10-22T17:11:46+00:00,0.0,1,1,0,0.0,0.0,0.0,0.0,0,0,0.0
524971492820647936,2014-10-22T17:12:12+00:00,2014-10-22T17:55:02+00:00,2570.0,25,1,24,17.0,804.0416666666666,0.00933852140077821,0.5836575875486381,8,16,3.0
524972166006464512,2014-10-22T17:14:52+00:00,2014-10-22T18:01:40+00:00,2808.0,4,1,3,571.0,1455.3333333333333,0.0010683760683760685,0.08547008547008547,1,3,3.0
524972277406773248,2014-10-22T17:15:19+00:00,2014-10-23T06:59:08+00:00,49429.0,11,1,10,827.0,14511.3,0.0002023103845920411,0.013352485383074712,5,4,2.0
524972443308683264,2014-10-22T17:15:58+00:00,2014-10-22T18:51:56+00:00,5758.0,12,1,11,455.0,3491.090909090909,0.0019103855505383813,0.12504341785342132,6,4,1.375
524973223356940288,2014-10-22T17:19:04+00:00,2014-10-22T18:23:23+00:00,3859.0,2,1,1,3859.0,3859.0,0.0002591344908007256,0.03109613889608707,1,1,1.0
524973444946202624,2014-10-22T17:19:57+00:00,2014-10-22T19:34:31+00:00,8074.0,22,1,21,46.0,2062.714285714286,0.0026009412930393856,0.16348773841961853,5,13,2.625
524973811092193280,2014-10-22T17:21:24+00:00,2014-10-22T17:27:24+00:00,360.0,5,1,4,155.0,259.5,0.011111111111111112,0.8333333333333334,1,4,4.0
524973920722878464,2014-10-22T17:21:50+00:00,2014-10-23T00:59:25+00:00,27455.0,25,1,24,56.0,6444.625,0.000874157712620652,0.05463485703879075,2,19,4.0
524974106308251648,2014-10-22T17:22:35+00:00,2014-10-22T17:44:59+00:00,1344.0,20,1,19,26.0,321.89473684210526,0.014136904761904762,0.8928571428571429,2,15,4.75
524974135030874114,2014-10-22T17:22:42+00:00,2014-10-22T17:22:42+00:00,0.0,1,1,0,0.0,0.0,0.0,0.0,0,0,0.0
524974318087061504,2014-10-22T17:23:25+00:00,2014-10-22T17:39:26+00:00,961.0,19,1,18,93.0,371.1666666666667,0.018730489073881373,1.186264308012487,2,17,9.0
524974456851410944,2014-10-22T17:23:58+00:00,2014-10-23T01:42:26+00:00,29908.0,5,1,4,346.0,7807.75,0.00013374348000534973,0.01003076100040123,2,3,2.0
524974518960652290,2014-10-22T17:24:13+00:00,2014-10-23T05:42:04+00:00,44271.0,17,1,16,3335.0,9116.0625,0.0003614104041020081,0.023039913261503016,1,16,16.0
524974566830247936,2014-10-22T17:24:24+00:00,2014-10-22T17:39:24+00:00,900.0,2,1,1,900.0,900.0,0.0011111111111111111,0.13333333333333333,1,1,1.0
524974779540197376,2014-10-22T17:25:15+00:00,2014-10-22T18:57:40+00:00,5545.0,20,1,19,40.0,811.3157894736842,0.0034265103697024347,0.2164111812443643,3,14,4.25
524974786460778497,2014-10-22T17:25:17+00:00,2014-10-23T02:05:09+00:00,31192.0,19,1,18,113.0,4179.5,0.0005770710438573993,0.03654783277763529,3,15,4.5
524974885362479104,2014-10-22T17:25:40+00:00,2014-10-22T19:00:27+00:00,5687.0,18,1,17,37.0,527.4117647058823,0.002989273782310533,0.18990680499384563,2,15,8.5
524974900017373184,2014-10-22T17:25:44+00:00,2014-10-22T19:17:29+00:00,6705.0,20,1,19,37.0,1078.6842105263158,0.0028337061894108872,0.1789709172259508,4,16,4.75
524974975623892992,2014-10-22T17:26:02+00:00,2014-10-22T17:41:28+00:00,926.0,6,1,5,61.0,443.6,0.005399568034557235,0.38876889848812096,1,5,5.0
524975031059632128,2014-10-22T17:26:15+00:00,2014-10-23T21:32:48+00:00,101193.0,39,1,38,40.0,4039.1052631578946,0.00037552004585297404,0.023124129139367348,9,11,1.6521739130434783
524975093966209025,2014-10-22T17:26:30+00:00,2014-10-22T18:00:41+00:00,2051.0,13,1,12,58.0,536.1666666666666,0.005850804485616773,0.3803022915650902,2,11,6.0
524975142641086465,2014-10-22T17:26:42+00:00,2014-10-22T18:45:24+00:00,4722.0,14,1,13,49.0,966.3076923076923,0.0027530707327403643,0.17789072426937738,3,11,4.333333333333333
524975552638504960,2014-10-22T17:28:19+00:00,2014-10-23T00:23:07+00:00,24888.0,11,1,10,31.0,4800.6,0.0004018000642880103,0.02651880424300868,1,10,10.0
524975642379816960,2014-10-22T17:28:41+00:00,2014-10-22T17:51:23+00:00,1362.0,3,1,2,132.0,747.0,0.0014684287812041115,0.13215859030837004,1,2,2.0
524975705206304769,2014-10-22T17:28:56+00:00,2014-10-22T17:40:34+00:00,698.0,24,1,23,20.0,265.95652173913044,0.0329512893982808,2.0630372492836675,9,14,2.3
524975847846203393,2014-10-22T17:29:30+00:00,2014-10-22T17:34:37+00:00,307.0,6,1,5,44.0,123.8,0.016286644951140065,1.1726384364820848,1,5,5.0
524976313766273025,2014-10-22T17:31:21+00:00,2014-10-23T16:01:36+00:00,81015.0,12,1,11,466.0,11663.272727272728,0.00013577732518669383,0.00888724310312905,2,8,2.75
524976486902951936,2014-10-22T17:32:02+00:00,2014-10-22T18:05:03+00:00,1981.0,9,1,8,122.0,1039.875,0.004038364462392731,0.2725896012115093,1,8,8.0
524976526891417600,2014-10-22T17:32:12+00:00,2014-10-22T17:43:37+00:00,685.0,21,1,20,89.0,214.65,0.029197080291970802,1.8394160583941608,2,18,6.666666666666667
524976773671292928,2014-10-22T17:33:11+00:00,2014-10-22T18:33:02+00:00,3591.0,4,1,3,57.0,1246.6666666666667,0.000835421888053467,0.06683375104427736,2,2,1.5
524976835881205760,2014-10-22T17:33:25+00:00,2014-10-22T18:55:48+00:00,4943.0,13,1,12,23.0,728.8333333333334,0.002427675500708072,0.15779890754602466,3,10,4.0
524976857822011394,2014-10-22T17:33:31+00:00,2014-10-22T21:39:34+00:00,14763.0,7,1,6,121.0,5427.333333333333,0.000406421459053038,0.028449502133712657,2,5,3.0
524976929703997441,2014-10-22T17:33:48+00:00,2014-10-22T21:03:51+00:00,12603.0,19,1,18,86.0,1534.2222222222222,0.0014282313734825041,0.09045465365389192,3,14,3.6
524976963862429697,2014-10-22T17:33:56+00:00,2014-10-22T20:33:29+00:00,10773.0,20,1,19,49.0,1593.6842105263158,0.001763668430335097,0.1113895850737956,4,14,3.1666666666666665
524976980799000578,2014-10-22T17:34:00+00:00,2014-10-22T18:49:56+00:00,4556.0,12,1,11,40.0,1170.6363636363637,0.002414398595258999,0.15803336259877085,3,9,3.6666666666666665
524977076433321987,2014-10-22T17:34:23+00:00,2014-10-22T17:34:23+00:00,0.0,1,1,0,0.0,0.0,0.0,0.0,0,0,0.0
524977285133524993,2014-10-22T17:35:13+00:00,2014-10-22T17:35:13+00:00,0.0,1,1,0,0.0,0.0,0.0,0.0,0,0,0.0
524977321430630400,2014-10-22T17:35:21+00:00,2014-10-22T18:52:28+00:00,4627.0,7,1,6,64.0,1073.1666666666667,0.0012967365463583316,0.09077155824508322,2,5,3.0
524977651476623360,2014-10-22T17:36:40+00:00,2014-10-22T19:20:55+00:00,6255.0,16,1,15,60.0,752.0,0.002398081534772182,0.15347721822541965,1,15,15.0
524977669902172160,2014-10-22T17:36:44+00:00,2014-10-22T19:32:47+00:00,6963.0,4,1,3,2985.0,4962.666666666667,0.00043084877208099956,0.034467901766479965,2,2,1.5
524977767688200192,2014-10-22T17:37:08+00:00,2014-10-22T17:37:08+00:00,0.0,1,1,0,0.0,0.0,0.0,0.0,0,0,0.0
524977812852461568,2014-10-22T17:37:18+00:00,2014-10-23T02:13:02+00:00,30944.0,24,1,23,33.0,4796.913043478261,0.0007432781799379524,0.04653567735263702,4,9,1.6923076923076923
524977830124617728,2014-10-22T17:37:22+00:00,2014-10-22T18:07:34+00:00,1812.0,13,1,12,52.0,433.0,0.006622516556291391,0.43046357615894043,1,12,12.0
524977992683237376,2014-10-22T17:38:01+00:00,2014-10-22T18:46:57+00:00,4136.0,5,1,4,282.0,2994.5,0.0009671179883945841,0.0725338491295938,3,2,1.3333333333333333
524978172110987264,2014-10-22T17:38:44+00:00,2014-10-22T17:56:23+00:00,1059.0,4,1,3,393.0,807.3333333333334,0.0028328611898017,0.226628895184136,1,3,3.0
524978196589334529,2014-10-22T17:38:50+00:00,2014-10-22T21:00:08+00:00,12078.0,4,1,3,193.0,4880.333333333333,0.00024838549428713363,0.01987083954297069,1,3,3.0
524978422188376064,2014-10-22T17:39:44+00:00,2014-10-23T05:49:15+00:00,43771.0,8,1,7,92.0,7770.714285714285,0.00015992323684631377,0.010966164812318659,1,7,7.0
524978526974668800,2014-10-22T17:40:09+00:00,2014-10-22T20:31:46+00:00,10297.0,9,1,8,150.0,4260.125,0.0007769253180538021,0.05244245896863164,2,7,4.0
524978855531253760,2014-10-22T17:41:27+00:00,2014-10-22T18:36:09+00:00,3282.0,12,1,11,80.0,725.1818181818181,0.0033516148689823277,0.21937842778793418,1,11,11.0
524978912145985536,2014-10-22T17:41:40+00:00,2014-10-22T19:13:54+00:00,5534.0,8,1,7,134.0,2904.5714285714284,0.001264907842428623,0.08673653776653416,4,4,1.75
524978999534317568,2014-10-22T17:42:01+00:00,2014-10-23T09:30:25+00:00,56904.0,10,1,9,17.0,8837.777777777777,0.0001581611134542387,0.010544074230282582,2,8,4.5
524979070288019456,2014-10-22T17:42:18+00:00,2014-10-22T18:07:14+00:00,1496.0,17,1,16,27.0,520.5,0.0106951871657754,0.6818181818181818,3,13,5.333333333333333
524979089787330560,2014-10-22T17:42:23+00:00,2014-10-23T17:21:36+00:00,85153.0,23,1,22,1136.0,34076.954545454544,0.00025835848414031213,0.016206123096074124,5,7,2.0
524979133366165504,2014-10-22T17:42:33+00:00,2014-10-22T18:15:28+00:00,1975.0,11,1,10,27.0,507.6,0.005063291139240506,0.3341772151898734,3,7,2.5
524979152944779265,2014-10-22T17:42:38+00:00,2014-10-22T17:42:38+00:00,0.0,1,1,0,0.0,0.0,0.0,0.0,0,0,0.0
524979179235069952,2014-10-22T17:42:44+00:00,2014-10-22T22:40:44+00:00,17880.0,14,1,13,99.0,2296.153846153846,0.0007270693512304251,0.04697986577181208,1,13,13.0
524979184297590784,2014-10-22T17:42:45+00:00,2014-10-22T18:09:07+00:00,1582.0,2,1,1,1582.0,1582.0,0.0006321112515802782,0.07585335018963338,1,1,1.0
524979279701241856,2014-10-22T17:43:08+00:00,2014-10-22T17:43:08+00:00,0.0,1,1,0,0.0,0.0,0.0,0.0,0,0,0.0
524979548195024898,2014-10-22T17:44:12+00:00,2014-10-22T19:03:56+00:00,4784.0,20,1,19,108.0,1487.842105263158,0.003971571906354515,0.2508361204013378,2,18,9.5
524979668282519552,2014-10-22T17:44:41+00:00,2014-10-22T20:17:11+00:00,9150.0,16,1,15,25.0,1781.5333333333333,0.001639344262295082,0.10491803278688525,2,14,7.5
524979702940045313,2014-10-22T17:44:49+00:00,2014-10-22T18:01:18+00:00,989.0,11,1,10,22.0,342.7,0.010111223458038422,0.6673407482305359,2,9,5.0
524979756371288064,2014-10-22T17:45:02+00:00,2014-10-23T23:52:54+00:00,108472.0,15,1,14,206.0,10455.07142857143,0.00012906556530717606,0.008297072055461317,3,10,2.8
524979881525137409,2014-10-22T17:45:32+00:00,2014-10-22T19:15:01+00:00,5369.0,21,1,20,168.0,2790.25,0.003725088470851183,0.23468057366362452,5,9,2.5
524979925343014912,2014-10-22T17:45:42+00:00,2014-10-22T20:40:04+00:00,10462.0,16,1,15,74.0,1123.2,0.0014337602752819729,0.09176065761804626,4,6,2.5
524979946218061824,2014-10-22T17:45:47+00:00,2014-10-22T19:23:35+00:00,5868.0,4,1,3,96.0,2860.0,0.0005112474437627812,0.0408997955010225,1,3,3.0
524980166289002496,2014-10-22T17:46:39+00:00,2014-10-22T18:23:38+00:00,2219.0,20,1,19,61.0,541.7368421052631,0.008562415502478594,0.540784136998648,2,17,6.333333333333333
524980219749597185,2014-10-22T17:46:52+00:00,2014-10-23T02:32:52+00:00,31560.0,20,1,19,110.0,4038.4736842105262,0.0006020278833967047,0.03802281368821293,2,18,9.5
524980402495430656,2014-10-22T17:47:36+00:00,2014-10-25T03:12:40+00:00,206704.0,11,1,10,88.0,31498.8,4.837835745800759e-05,0.003192971592228501,1,10,10.0
524980483479076864,2014-10-22T17:47:55+00:00,2014-10-22T18:10:23+00:00,1348.0,19,1,18,48.0,800.6111111111111,0.013353115727002967,0.8456973293768547,1,18,18.0
524980504324358144,2014-10-22T17:48:00+00:00,2014-10-22T19:34:12+00:00,6372.0,18,1,17,123.0,2170.470588235294,0.0026679221594475833,0.1694915254237288,6,6,1.7
524980579956449281,2014-10-22T17:48:18+00:00,2014-10-22T17:50:34+00:00,136.0,2,1,1,136.0,136.0,0.007352941176470588,0.8823529411764706,1,1,1.0
524980744658382848,2014-10-22T17:48:57+00:00,2014-10-22T21:59:41+00:00,15044.0,10,1,9,268.0,3032.777777777778,0.0005982451475671364,0.0398830098378091,1,9,9.0
524980775741956097,2014-10-22T17:49:05+00:00,2014-10-22T21:11:22+00:00,12137.0,11,1,10,211.0,6859.1,0.0008239268352970257,0.05437917112960369,2,9,5.0
524981223291383809,2014-10-22T17:50:51+00:00,2014-10-22T18:18:46+00:00,1675.0,10,1,9,13.0,275.22222222222223,0.005373134328358209,0.3582089552238806,1,9,9.0
524981427260366848,2014-10-22T17:51:40+00:00,2014-10-23T13:04:00+00:00,69140.0,7,1,6,101.0,17883.5,8.678044547295343e-05,0.00607463118310674,1,6,6.0
524981436252950528,2014-10-22T17:51:42+00:00,2014-10-24T07:47:03+00:00,136521.0,8,1,7,82.0,38703.71428571428,5.1274162949289855e-05,0.0035159426022370187,1,7,7.0
524981463033581568,2014-10-22T17:51:49+00:00,2014-10-22T18:14:55+00:00,1386.0,8,1,7,149.0,545.0,0.005050505050505051,0.3463203463203463,1,7,7.0
524981513637888000,2014-10-22T17:52:01+00:00,2014-10-25T00:53:35+00:00,198094.0,15,1,14,41.0,16609.928571428572,7.067351863256838e-05,0.004543297626379395,3,10,2.8
524981557770350592,2014-10-22T17:52:11+00:00,2014-10-22T19:31:01+00:00,5930.0,20,1,19,40.0,1102.842105263158,0.0032040472175379428,0.20236087689713322,2,18,9.5
524981565462704129,2014-10-22T17:52:13+00:00,2014-10-22T19:14:16+00:00,4923.0,4,1,3,245.0,1805.3333333333333,0.0006093845216331506,0.04875076173065204,1,3,3.0
524981689781870593,2014-10-22T17:52:43+00:00,2014-10-24T03:00:27+00:00,119264.0,16,1,15,82.0,8245.0,0.00012577139790716395,0.008049369466058493,2,14,7.5
524981890567385088,2014-10-22T17:53:31+00:00,2014-10-22T20:08:46+00:00,8115.0,10,1,9,230.0,3153.3333333333335,0.0011090573012939,0.07393715341959335,2,8,4.5
524981945131102211,2014-10-22T17:53:44+00:00,2014-10-22T18:51:48+00:00,3484.0,6,1,5,72.0,850.2,0.0014351320321469576,0.10332950631458093,1,5,5.0
524982066564567040,2014-10-22T17:54:13+00:00,2014-10-22T19:00:42+00:00,3989.0,28,1,27,22.0,1272.2962962962963,0.006768613687641012,0.4211581850087741,3,14,6.666666666666667
524982531075371008,2014-10-22T17:56:03+00:00,2014-10-22T18:12:29+00:00,986.0,3,1,2,167.0,576.5,0.002028397565922921,0.18255578093306288,1,2,2.0
524982608716120065,2014-10-22T17:56:22+00:00,2014-10-22T23:14:42+00:00,19100.0,2,1,1,19100.0,19100.0,5.2356020942408376e-05,0.0062827225130890054,1,1,1.0
524982699220803586,2014-10-22T17:56:43+00:00,2014-10-22T18:55:34+00:00,3531.0,12,1,11,67.0,1062.1818181818182,0.003115264797507788,0.20390824129141885,2,10,5.5
524982907052765184,2014-10-22T17:57:33+00:00,2014-10-22T18:31:17+00:00,2024.0,22,1,21,53.0,483.42857142857144,0.010375494071146246,0.6521739130434783,4,16,4.2
524982954880413696,2014-10-22T17:57:44+00:00,2014-10-22T19:05:59+00:00,4095.0,7,1,6,38.0,1645.3333333333333,0.0014652014652014652,0.10256410256410256,1,6,6.0
524983050187579393,2014-10-22T17:58:07+00:00,2014-10-22T19:26:11+00:00,5284.0,12,1,11,63.0,1781.7272727272727,0.002081756245268736,0.13626040878122636,2,10,5.5
524983146266505216,2014-10-22T17:58:30+00:00,2014-10-22T20:13:16+00:00,8086.0,4,1,3,1936.0,4358.666666666667,0.0003710116250309176,0.029680930002473408,1,3,3.0
524983236712476672,2014-10-22T17:58:52+00:00,2014-10-23T11:18:35+00:00,62383.0,23,1,22,59.0,7316.545454545455,0.00035266017985669174,0.022121411281919752,3,18,5.5
524983325275197440,2014-10-22T17:59:13+00:00,2014-10-22T18:29:25+00:00,1812.0,4,1,3,442.0,990.6666666666666,0.0016556291390728477,0.13245033112582782,1,3,3.0
524983366261936130,2014-10-22T17:59:22+00:00,2014-10-23T22:53:11+00:00,104029.0,20,1,19,19.0,6623.684210526316,0.00018264137884628324,0.011535244979765259,4,13,3.8
524983395026497536,2014-10-22T17:59:29+00:00,2014-10-22T21:12:53+00:00,11604.0,19,1,18,175.0,3578.1111111111113,0.0015511892450879006,0.0982419855222337,4,13,3.6
524983403775799297,2014-10-22T17:59:31+00:00,2014-10-22T20:05:42+00:00,7571.0,4,1,3,100.0,2592.6666666666665,0.0003962488442742042,0.031699907541936335,1,3,3.0
524983581983375360,2014-10-22T18:00:14+00:00,2014-10-22T22:50:52+00:00,17438.0,19,1,18,32.0,1257.111111111111,0.0010322284665672669,0.06537446954926024,3,14,3.6
524983599851130880,2014-10-22T18:00:18+00:00,2014-10-22T18:53:05+00:00,3167.0,8,1,7,100.0,909.0,0.0022102936532996525,0.15156299336911905,1,7,7.0
524983828000276480,2014-10-22T18:01:12+00:00,2014-10-24T11:39:55+00:00,149923.0,7,1,6,931.0,27391.5,4.002054387919132e-05,0.002801438071543392,2,5,3.0
524984209505812480,2014-10-22T18:02:43+00:00,2014-10-23T22:33:04+00:00,102621.0,88,1,87,26.0,5499.873563218391,0.0008477796942146345,0.051451457304060574,18,19,1.6415094339622642
524984505376182272,2014-10-22T18:03:54+00:00,2014-10-22T18:03:54+00:00,0.0,1,1,0,0.0,0.0,0.0,0.0,0,0,0.0
524984773211860994,2014-10-22T18:04:58+00:00,2014-10-22T19:51:50+00:00,6412.0,39,1,38,66.0,755.2894736842105,0.005926388022457892,0.36494073611977546,7,12,2.7142857142857144
524985046198157313,2014-10-22T18:06:03+00:00,2014-10-22T20:54:48+00:00,10125.0,6,1,5,90.0,2615.8,0.0004938271604938272,0.035555555555555556,1,5,5.0
524985092343889920,2014-10-22T18:06:14+00:00,2014-10-23T17:20:04+00:00,83630.0,65,1,64,8.0,11423.09375,0.0007652756187970824,0.04663398302044721,7,15,1.6578947368421053
524985325190656000,2014-10-22T18:07:09+00:00,2014-10-22T22:50:59+00:00,17030.0,8,1,7,80.0,3939.5714285714284,0.00041103934233705224,0.028185554903112156,1,7,7.0
524985687704338432,2014-10-22T18:08:36+00:00,2014-10-23T01:18:05+00:00,25769.0,21,1,20,157.0,4266.55,0.0007761263533703287,0.04889596026233071,2,19,10.0
524985689905967105,2014-10-22T18:08:36+00:00,2014-10-22T18:08:36+00:00,0.0,1,1,0,0.0,0.0,0.0,0.0,0,0,0.0
524986210402705408,2014-10-22T18:10:40+00:00,2014-10-23T18:37:29+00:00,88009.0,27,1,26,75.0,8235.846153846154,0.00029542433160244973,0.018407208353691102,10,10,1.8571428571428572
524986649315667968,2014-10-22T18:12:25+00:00,2014-10-22T18:22:22+00:00,597.0,19,1,18,26.0,312.8888888888889,0.03015075376884422,1.9095477386934674,3,14,3.6
524986820850106370,2014-10-22T18:13:06+00:00,2014-10-22T20:01:56+00:00,6530.0,2,1,1,6530.0,6530.0,0.00015313935681470137,0.018376722817764167,1,1,1.0
524987107081977856,2014-10-22T18:14:14+00:00,2014-10-23T03:09:26+00:00,32112.0,15,1,14,63.0,3852.0714285714284,0.0004359740906826109,0.02802690582959641,4,11,3.5
524987150413336576,2014-10-22T18:14:25+00:00,2014-10-22T21:36:47+00:00,12142.0,5,1,4,4634.0,8039.75,0.00032943501894251357,0.02470762642068852,1,4,4.0
524987184836005889,2014-10-22T18:14:33+00:00,2014-10-22T18:30:40+00:00,967.0,3,1,2,568.0,767.5,0.002068252326783868,0.18614270941054809,1,2,2.0
524987263835721728,2014-10-22T18:14:52+00:00,2014-10-22T18:36:15+00:00,1283.0,3,1,2,24.0,653.5,0.001558846453624318,0.1402961808261886,1,2,2.0
524987432656453632,2014-10-22T18:15:32+00:00,2014-10-22T20:17:07+00:00,7295.0,29,1,28,12.0,1514.5,0.003838245373543523,0.2385195339273475,6,11,1.8666666666666667
524987851046658048,2014-10-22T18:17:12+00:00,2014-10-23T14:13:19+00:00,71767.0,28,1,27,70.0,21562.51851851852,0.0003762174815723104,0.023409087742277093,2,7,4.0
524987990524047361,2014-10-22T18:17:45+00:00,2014-10-22T20:47:34+00:00,8989.0,4,1,3,20.0,3705.0,0.0003337412392924686,0.026699299143397488,1,3,3.0
524988027425554432,2014-10-22T18:17:54+00:00,2014-10-22T22:28:01+00:00,15007.0,2,1,1,15007.0,15007.0,6.663557006730193e-05,0.007996268408076232,1,1,1.0
524988555178045440,2014-10-22T18:20:00+00:00,2014-10-22T23:39:42+00:00,19182.0,2,1,1,19182.0,19182.0,5.2132207277656134e-05,0.006255864873318737,1,1,1.0
524988712367955970,2014-10-22T18:20:37+00:00,2014-10-22T19:31:10+00:00,4233.0,28,1,27,44.0,2698.1481481481483,0.0063784549964564135,0.39688164422395467,10,9,2.25
524988783213547520,2014-10-22T18:20:54+00:00,2014-10-23T08:13:39+00:00,49965.0,27,1,26,85.0,8456.76923076923,0.000520364254978485,0.03242269588712098,12,6,1.625
524989654995849216,2014-10-22T18:24:22+00:00,2014-10-22T19:23:58+00:00,3576.0,7,1,6,51.0,1923.8333333333333,0.0016778523489932886,0.1174496644295302,1,6,6.0
524989886483673088,2014-10-22T18:25:17+00:00,2014-10-22T18:40:33+00:00,916.0,6,1,5,80.0,268.6,0.0054585152838427945,0.3930131004366812,1,5,5.0
524990163446140928,2014-10-22T18:26:23+00:00,2014-10-22T19:20:41+00:00,3258.0,6,1,5,95.0,936.8,0.001534683855125844,0.11049723756906078,1,5,5.0
524990180034609152,2014-10-22T18:26:27+00:00,2014-10-23T04:27:45+00:00,36078.0,19,1,18,71.0,3260.777777777778,0.0004989190088142358,0.03159820389156827,4,11,3.75
524990519777443840,2014-10-22T18:27:48+00:00,2014-10-22T18:55:17+00:00,1649.0,10,1,9,54.0,562.4444444444445,0.005457853244390539,0.3638568829593693,1,9,9.0
524991067675189250,2014-10-22T18:29:59+00:00,2014-10-24T00:37:12+00:00,108433.0,26,1,25,45.0,5742.24,0.00023055711822046794,0.014386764176957199,7,14,3.125
524991119164473344,2014-10-22T18:30:11+00:00,2014-10-23T21:24:40+00:00,96869.0,17,1,16,21.0,12731.5,0.00016517152030061217,0.010529684419164026,1,16,16.0
524991452527722496,2014-10-22T18:31:30+00:00,2014-10-22T18:31:30+00:00,0.0,1,1,0,0.0,0.0,0.0,0.0,0,0,0.0
524991470416461824,2014-10-22T18:31:35+00:00,2014-10-24T20:44:16+00:00,180761.0,6,1,5,110.0,86526.0,2.7660833918820983e-05,0.0019915800421551107,1,5,5.0
524991576163250176,2014-10-22T18:32:00+00:00,2014-10-22T18:40:59+00:00,539.0,10,1,9,22.0,256.3333333333333,0.016697588126159554,1.1131725417439704,2,8,4.5
524991832451981312,2014-10-22T18:33:01+00:00,2014-10-22T23:21:25+00:00,17304.0,22,1,21,55.0,1128.3333333333333,0.0012135922330097086,0.07628294036061027,2,18,5.25
524991844292521984,2014-10-22T18:33:04+00:00,2014-10-22T20:34:08+00:00,7264.0,12,1,11,132.0,1534.4545454545455,0.0015143171806167401,0.09911894273127754,2,10,5.5
524992063553953792,2014-10-22T18:33:56+00:00,2014-10-22T21:12:25+00:00,9509.0,8,1,7,1517.0,3945.285714285714,0.0007361447050163003,0.050478494058260596,3,4,2.3333333333333335
524993009440403456,2014-10-22T18:37:42+00:00,2014-10-22T20:17:17+00:00,5975.0,22,1,21,61.0,2767.6666666666665,0.003514644351464435,0.22092050209205022,5,10,2.3333333333333335
524993166651318273,2014-10-22T18:38:19+00:00,2014-10-22T22:56:05+00:00,15466.0,3,1,2,10554.0,13010.0,0.000129315918789603,0.01163843269106427,2,1,1.0
524993172271665153,2014-10-22T18:38:20+00:00,2014-10-23T00:21:28+00:00,20588.0,8,1,7,121.0,6346.857142857143,0.0003400038857586944,0.02331455216631047,1,7,7.0
524993523746373633,2014-10-22T18:39:44+00:00,2014-10-22T20:49:11+00:00,7767.0,18,1,17,165.0,2262.4117647058824,0.0021887472640659197,0.13904982618771727,5,12,3.4
524993533212897281,2014-10-22T18:39:46+00:00,2014-10-22T21:11:41+00:00,9115.0,7,1,6,61.0,2846.5,0.0006582556226001097,0.04607789358200768,2,4,3.0
524993612279336960,2014-10-22T18:40:05+00:00,2014-10-22T18:52:28+00:00,743.0,23,1,22,57.0,245.1818181818182,0.029609690444145357,1.857335127860027,3,16,3.6666666666666665
524994218964815873,2014-10-22T18:42:30+00:00,2014-10-22T23:05:06+00:00,15756.0,6,1,5,52.0,7912.2,0.00031733942625031736,0.022848438690022847,1,5,5.0
524994747883323392,2014-10-22T18:44:36+00:00,2014-10-22T20:45:13+00:00,7237.0,4,1,3,1259.0,4891.333333333333,0.00041453641011468843,0.03316291280917508,1,3,3.0
524994809912504321,2014-10-22T18:44:51+00:00,2014-10-22T18:44:51+00:00,0.0,1,1,0,0.0,0.0,0.0,0.0,0,0,0.0
524994965366382593,2014-10-22T18:45:28+00:00,2014-10-23T17:24:35+00:00,81547.0,38,1,37,66.0,17729.027027027027,0.0004537260720811311,0.027959336333648083,8,11,1.7619047619047619
524995166953033729,2014-10-22T18:46:16+00:00,2014-10-22T21:45:19+00:00,10743.0,9,1,8,272.0,3848.0,0.0007446709485246207,0.05026528902541189,1,8,8.0
524995375468249088,2014-10-22T18:47:06+00:00,2014-10-24T22:25:02+00:00,185876.0,9,1,8,549.0,62022.25,4.3039445651940005e-05,0.0029051625815059504,1,8,8.0
524995620088864768,2014-10-22T18:48:04+00:00,2014-10-22T22:47:42+00:00,14378.0,37,1,36,37.0,4094.6111111111113,0.0025038252886354154,0.1544025594658506,19,6,1.565217391304348
524995771587108864,2014-10-22T18:48:40+00:00,2014-10-23T14:54:03+00:00,72323.0,7,1,6,1119.0,17218.5,8.29611603500961e-05,0.005807281224506727,2,5,3.0
524995776578330624,2014-10-22T18:48:41+00:00,2014-10-23T16:13:48+00:00,77107.0,19,1,18,396.0,7028.666666666667,0.0002334418405592229,0.014784649902084118,2,7,4.0
524995812854489089,2014-10-22T18:48:50+00:00,2014-10-22T20:31:14+00:00,6144.0,19,1,18,425.0,3218.3888888888887,0.0029296875,0.185546875,5,13,3.0
524995942995746819,2014-10-22T18:49:21+00:00,2014-10-23T03:30:06+00:00,31245.0,6,1,5,263.0,12811.0,0.00016002560409665546,0.011521843494959194,2,4,2.5
524996383120818176,2014-10-22T18:51:06+00:00,2014-10-23T21:44:25+00:00,96799.0,8,1,7,78.0,14774.714285714286,7.231479664046116e-05,0.004958728912488766,1,7,7.0
524996756220956672,2014-10-22T18:52:35+00:00,2014-10-22T19:51:07+00:00,3512.0,20,1,19,513.0,2227.6315789473683,0.00541002277904328,0.3416856492027335,2,17,6.333333333333333
524997030536830976,2014-10-22T18:53:40+00:00,2014-10-22T21:26:38+00:00,9178.0,2,1,1,9178.0,9178.0,0.00010895619960775768,0.013074743952930921,1,1,1.0
524997921042071553,2014-10-22T18:57:13+00:00,2014-10-22T19:45:41+00:00,2908.0,5,1,4,65.0,1430.0,0.001375515818431912,0.1031636863823934,1,4,4.0
524998110268096513,2014-10-22T18:57:58+00:00,2014-10-23T00:52:35+00:00,21277.0,10,1,9,109.0,5042.111111111111,0.0004229919631527001,0.028199464210180006,2,8,4.5
524998460848611328,2014-10-22T18:59:21+00:00,2014-10-23T01:34:36+00:00,23715.0,34,1,33,32.0,7732.212121212121,0.0013915243516761542,0.08602150537634409,4,18,2.0625
524998881676107776,2014-10-22T19:01:02+00:00,2014-10-23T14:18:11+00:00,69429.0,26,1,25,96.0,9438.4,0.0003600800818101946,0.022468997104956142,5,15,3.0
524998906799988736,2014-10-22T19:01:08+00:00,2014-10-22T19:33:40+00:00,1952.0,4,1,3,1244.0,1623.6666666666667,0.0015368852459016393,0.12295081967213116,2,2,1.5
524999079127162880,2014-10-22T19:01:49+00:00,2014-10-22T19:17:01+00:00,912.0,19,1,18,16.0,297.05555555555554,0.019736842105263157,1.25,3,15,6.0
524999488067633152,2014-10-22T19:03:26+00:00,2014-10-22T19:19:14+00:00,948.0,2,1,1,948.0,948.0,0.0010548523206751054,0.12658227848101264,1,1,1.0
525000220371734528,2014-10-22T19:06:21+00:00,2014-10-23T01:13:56+00:00,22055.0,10,1,9,1690.0,8825.444444444445,0.00040807073226025847,0.02720471548401723,1,9,9.0
525000349648949250,2014-10-22T19:06:52+00:00,2014-10-22T20:26:49+00:00,4797.0,18,1,17,36.0,2129.235294117647,0.0035438815926620805,0.225140712945591,1,17,17.0
525001708318240768,2014-10-22T19:12:15+00:00,2014-10-24T04:26:26+00:00,119651.0,17,1,16,268.0,14828.25,0.0001337222421876959,0.008524792939465613,5,6,2.0
525001895631654912,2014-10-22T19:13:00+00:00,2014-10-22T20:17:24+00:00,3864.0,23,1,22,47.0,771.4090909090909,0.005693581780538302,0.3571428571428571,6,11,2.1
525002243100401664,2014-10-22T19:14:23+00:00,2014-10-22T20:20:30+00:00,3967.0,13,1,12,51.0,1586.0,0.003024955886059995,0.19662213259389968,3,6,2.0
525002842021445632,2014-10-22T19:16:46+00:00,2014-10-22T20:12:42+00:00,3356.0,3,1,2,305.0,1830.5,0.0005959475566150178,0.05363528009535161,1,2,2.0
525003253185277952,2014-10-22T19:18:24+00:00,2014-10-23T15:34:04+00:00,72940.0,26,1,25,9.0,11148.68,0.00034274746366876887,0.021387441732931174,4,17,5.25
525003468659228672,2014-10-22T19:19:15+00:00,2014-10-23T03:05:24+00:00,27969.0,26,1,25,785.0,2323.72,0.0008938467589116522,0.055776037756087096,6,8,2.2857142857142856
525005134624215041,2014-10-22T19:25:52+00:00,2014-10-22T19:33:11+00:00,439.0,19,1,18,31.0,227.94444444444446,0.04100227790432802,2.5968109339407746,1,17,17.0
525005137405018112,2014-10-22T19:25:53+00:00,2014-10-23T00:12:21+00:00,17188.0,8,1,7,180.0,4166.142857142857,0.00040726087968350014,0.027926460321154298,1,7,7.0
525005886272843776,2014-10-22T19:28:52+00:00,2014-10-22T23:24:04+00:00,14112.0,15,1,14,133.0,4417.214285714285,0.000992063492063492,0.06377551020408163,1,14,14.0
525006356731166720,2014-10-22T19:30:44+00:00,2014-10-22T21:24:37+00:00,6833.0,6,1,5,190.0,1722.4,0.0007317430118542368,0.05268549685350504,1,5,5.0
525006847095615489,2014-10-22T19:32:41+00:00,2014-10-23T00:48:24+00:00,18943.0,7,1,6,185.0,4959.0,0.00031673969276249805,0.022171778493374865,1,6,6.0
525006853626159105,2014-10-22T19:32:42+00:00,2014-10-23T12:43:19+00:00,61837.0,20,1,19,156.0,8032.263157894737,0.0003072594077979203,0.019405857334605498,3,8,3.8
525007169956347904,2014-10-22T19:33:58+00:00,2014-10-23T18:17:21+00:00,81803.0,28,1,27,206.0,11748.407407407407,0.0003300612446976272,0.020537144114519026,8,11,1.8571428571428572
525007337724325889,2014-10-22T19:34:38+00:00,2014-10-22T23:26:55+00:00,13937.0,21,1,20,702.0,2093.5,0.0014350290593384517,0.09040683073832245,6,6,2.5
525007664544493569,2014-10-22T19:35:56+00:00,2014-10-22T19:53:42+00:00,1066.0,2,1,1,1066.0,1066.0,0.0009380863039399625,0.11257035647279551,1,1,1.0
525007810871164929,2014-10-22T19:36:30+00:00,2014-10-23T00:47:48+00:00,18678.0,21,1,20,172.0,2180.8,0.0010707784559374665,0.06745904272406039,4,15,4.0
525008463819464704,2014-10-22T19:39:06+00:00,2014-10-23T15:07:36+00:00,70110.0,10,1,9,952.0,23310.777777777777,0.00012836970474967908,0.008557980316645272,5,5,1.8
525008469385302017,2014-10-22T19:39:07+00:00,2014-10-23T12:10:29+00:00,59482.0,23,1,22,36.0,5102.681818181818,0.00036985978951615617,0.023200295887831613,4,12,2.75
525008613392515073,2014-10-22T19:39:42+00:00,2014-10-22T23:05:35+00:00,12353.0,3,1,2,9585.0,10969.0,0.0001619039909333765,0.014571359184003886,1,2,2.0
525009541671702528,2014-10-22T19:43:23+00:00,2014-10-22T22:08:08+00:00,8685.0,9,1,8,2300.0,3498.0,0.0009211283822682787,0.06217616580310881,1,8,8.0
525009850104037376,2014-10-22T19:44:37+00:00,2014-10-22T22:53:20+00:00,11323.0,17,1,16,188.0,3435.125,0.001413053077806235,0.09008213371014749,1,16,16.0
525010084003213312,2014-10-22T19:45:32+00:00,2014-10-23T05:25:15+00:00,34783.0,14,1,13,134.0,8489.153846153846,0.0003737457953598022,0.024149728315556448,2,12,6.5
525010245811466240,2014-10-22T19:46:11+00:00,2014-10-22T20:13:56+00:00,1665.0,4,1,3,261.0,789.0,0.0018018018018018018,0.14414414414414414,1,3,3.0
525011494896148480,2014-10-22T19:51:09+00:00,2014-10-22T23:15:49+00:00,12280.0,8,1,7,359.0,3846.8571428571427,0.0005700325732899023,0.03908794788273616,4,4,1.75
525011747007377408,2014-10-22T19:52:09+00:00,2014-10-24T13:34:42+00:00,150153.0,23,1,22,97.0,20296.136363636364,0.00014651721910318143,0.009190625561926834,5,13,2.75
525012247249428482,2014-10-22T19:54:08+00:00,2014-10-22T20:30:05+00:00,2157.0,23,1,22,99.0,873.6818181818181,0.010199350950394067,0.6397774687065368,7,14,2.75
525012561214058496,2014-10-22T19:55:23+00:00,2014-10-23T11:17:51+00:00,55348.0,20,1,19,83.0,19618.684210526317,0.00034328250343282503,0.021681000216810003,4,13,2.7142857142857144
525012689568161792,2014-10-22T19:55:54+00:00,2014-10-22T23:28:39+00:00,12765.0,19,1,18,88.0,3484.8333333333335,0.001410105757931845,0.08930669800235018,5,14,3.6
525012738280792065,2014-10-22T19:56:05+00:00,2014-10-22T22:33:13+00:00,9428.0,13,1,12,268.0,4611.25,0.0012728044123886295,0.08273228680526093,2,11,6.0
525012912562536448,2014-10-22T19:56:47+00:00,2014-10-23T19:28:27+00:00,84700.0,17,1,16,20.0,11583.6875,0.00018890200708382527,0.01204250295159386,1,16,16.0
525013278343581696,2014-10-22T19:58:14+00:00,2014-10-23T21:25:16+00:00,91622.0,31,1,30,661.0,15560.833333333334,0.0003274322760908952,0.020300801117635502,5,15,2.142857142857143
525015193425031168,2014-10-22T20:05:51+00:00,2014-10-23T06:13:30+00:00,36459.0,14,1,13,101.0,5190.461538461538,0.0003565649085273869,0.02303957870484654,4,7,2.6
525015836226895875,2014-10-22T20:08:24+00:00,2014-10-23T13:57:25+00:00,64141.0,4,1,3,925.0,23281.666666666668,4.677195553546094e-05,0.003741756442836875,1,3,3.0
525016728091500545,2014-10-22T20:11:56+00:00,2014-10-22T21:20:00+00:00,4084.0,5,1,4,157.0,2207.5,0.0009794319294809011,0.07345739471106759,1,4,4.0
525016983646244865,2014-10-22T20:12:57+00:00,2014-10-22T22:50:32+00:00,9455.0,10,1,9,91.0,2250.4444444444443,0.0009518773135906928,0.06345848757271284,1,9,9.0
525017500061536258,2014-10-22T20:15:01+00:00,2014-10-24T04:53:26+00:00,117505.0,46,1,45,101.0,13804.022222222222,0.0003829624271307604,0.023488362197353303,6,18,2.6470588235294117
525018288330272768,2014-10-22T20:18:08+00:00,2014-10-22T20:44:48+00:00,1600.0,8,1,7,53.0,451.7142857142857,0.004375,0.3,2,6,3.5
525018717038854144,2014-10-22T20:19:51+00:00,2014-10-24T06:57:10+00:00,124639.0,33,1,32,50.0,4704.25,0.00025674146936352184,0.015885878416867914,3,18,3.5555555555555554
525018799347875841,2014-10-22T20:20:10+00:00,2014-10-23T01:23:27+00:00,18197.0,8,1,7,1645.0,5150.857142857143,0.0003846787932076716,0.02637797439138319,1,7,7.0
525019265888702464,2014-10-22T20:22:02+00:00,2014-10-22T22:48:23+00:00,8781.0,31,1,30,79.0,3061.266666666667,0.0034164673727365906,0.2118209771096686,6,14,2.25
525019469983531008,2014-10-22T20:22:50+00:00,2014-10-25T22:52:29+00:00,268179.0,40,1,39,33.0,24809.0,0.00014542525701117536,0.0089492465853031,7,12,2.7857142857142856
525019752507658240,2014-10-22T20:23:58+00:00,2014-10-24T15:17:56+00:00,154438.0,35,1,34,145.0,19397.235294117647,0.00022015307113534233,0.013597689687771143,6,13,2.0
525019992337551360,2014-10-22T20:24:55+00:00,2014-10-23T18:55:42+00:00,81047.0,29,1,28,60.0,21649.785714285714,0.00034547854948363294,0.021469024146482905,6,16,2.5454545454545454
525020326816927744,2014-10-22T20:26:14+00:00,2014-10-22T23:46:08+00:00,11994.0,25,1,24,23.0,1701.5833333333333,0.002001000500250125,0.12506253126563283,4,19,4.8
525020620636307456,2014-10-22T20:27:25+00:00,2014-10-22T23:24:38+00:00,10633.0,10,1,9,809.0,3537.1111111111113,0.0008464215179159222,0.05642810119439481,1,9,9.0
525020733622464512,2014-10-22T20:27:51+00:00,2014-10-23T02:31:52+00:00,21841.0,13,1,12,95.0,2982.5,0.0005494253926102285,0.03571265051966485,1,12,12.0
525020980037816320,2014-10-22T20:28:50+00:00,2014-10-22T20:55:13+00:00,1583.0,19,1,18,44.0,583.1666666666666,0.011370814908401769,0.7201516108654453,3,14,3.6
525021050627973120,2014-10-22T20:29:07+00:00,2014-10-22T20:52:52+00:00,1425.0,20,1,19,18.0,377.1578947368421,0.013333333333333334,0.8421052631578947,1,19,19.0
525021083892994049,2014-10-22T20:29:15+00:00,2014-10-23T02:34:08+00:00,21893.0,7,1,6,1436.0,7268.0,0.00027406020189101537,0.019184214132371077,1,6,6.0
525021103559696384,2014-10-22T20:29:20+00:00,2014-10-24T16:48:34+00:00,159554.0,67,1,66,31.0,46585.72727272727,0.0004136530578988932,0.025195231708387132,12,7,1.5714285714285714
525021132022628353,2014-10-22T20:29:26+00:00,2014-10-22T23:05:01+00:00,9335.0,4,1,3,470.0,3607.6666666666665,0.00032137118371719335,0.025709694697375468,1,3,3.0
525021358879936512,2014-10-22T20:30:21+00:00,2014-10-23T00:20:28+00:00,13807.0,16,1,15,737.0,3925.6,0.0010864054465126384,0.06952994857680886,2,14,7.5
525021697003782145,2014-10-22T20:31:41+00:00,2014-10-23T05:09:35+00:00,31074.0,9,1,8,354.0,10159.625,0.0002574499581643818,0.017377872176095772,1,8,8.0
525022663102963712,2014-10-22T20:35:32+00:00,2014-10-22T21:10:43+00:00,2111.0,7,1,6,50.0,929.5,0.0028422548555187117,0.19895783988630983,1,6,6.0
525022700923019264,2014-10-22T20:35:41+00:00,2014-10-23T23:29:03+00:00,96802.0,23,1,22,79.0,4738.454545454545,0.0002272680316522386,0.014255903803640422,4,18,4.4
525022821534429185,2014-10-22T20:36:09+00:00,2014-10-22T23:40:37+00:00,11068.0,23,1,22,34.0,873.3636363636364,0.0019877123238164077,0.12468377303939285,3,16,7.333333333333333
525023025792835585,2014-10-22T20:36:58+00:00,2014-10-22T22:21:21+00:00,6263.0,12,1,11,84.0,2148.0,0.0017563467986587897,0.11496088136675714,1,10,10.0
525023057526947840,2014-10-22T20:37:06+00:00,2014-10-22T20:56:27+00:00,1161.0,4,1,3,125.0,564.0,0.002583979328165375,0.20671834625322996,1,3,3.0
525023610243928064,2014-10-22T20:39:17+00:00,2014-10-25T04:12:13+00:00,199976.0,21,1,20,51.0,10500.7,0.00010001200144017281,0.0063007560907308875,5,14,2.857142857142857
525023642007371776,2014-10-22T20:39:25+00:00,2014-10-22T21:01:04+00:00,1299.0,20,1,19,181.0,775.578947368421,0.014626635873749037,0.9237875288683604,1,19,19.0
525023858831523841,2014-10-22T20:40:17+00:00,2014-10-23T17:45:37+00:00,75920.0,17,1,16,141.0,21545.5,0.00021074815595363542,0.013435194942044258,4,11,2.6666666666666665
525023912221212672,2014-10-22T20:40:29+00:00,2014-10-22T21:43:03+00:00,3754.0,17,1,16,51.0,1330.3125,0.004262120404901438,0.2717101758124667,3,11,3.2
525024066152169473,2014-10-22T20:41:06+00:00,2014-10-22T20:49:52+00:00,526.0,18,1,17,80.0,278.11764705882354,0.03231939163498099,2.053231939163498,1,17,17.0
525024181218725888,2014-10-22T20:41:33+00:00,2014-10-22T21:42:01+00:00,3628.0,19,1,18,162.0,930.7222222222222,0.004961411245865491,0.31422271223814774,9,8,1.6363636363636365
525024518713397249,2014-10-22T20:42:54+00:00,2014-10-22T22:57:11+00:00,8057.0,20,1,19,334.0,3634.0526315789475,0.002358197840387241,0.14893881097182574,1,19,19.0
525025114111635456,2014-10-22T20:45:16+00:00,2014-10-25T11:52:07+00:00,227211.0,47,1,46,3497.0,37623.95652173913,0.00020245498677440792,0.012411370928344139,9,10,2.0454545454545454
525025279803424768,2014-10-22T20:45:55+00:00,2014-10-22T21:30:38+00:00,2683.0,9,1,8,296.0,1326.5,0.002981736861721953,0.20126723816623182,1,8,8.0
525025329916948481,2014-10-22T20:46:07+00:00,2014-10-22T20:52:54+00:00,407.0,8,1,7,86.0,225.42857142857142,0.0171990171990172,1.1793611793611793,1,7,7.0
525025463648137216,2014-10-22T20:46:39+00:00,2014-10-22T21:35:02+00:00,2903.0,11,1,10,62.0,838.0,0.003444712366517396,0.22735101619014814,1,10,10.0
525025552634494976,2014-10-22T20:47:00+00:00,2014-10-22T23:32:53+00:00,9953.0,10,1,9,47.0,2613.777777777778,0.0009042499748819451,0.060283331658796346,1,9,9.0
525025695425380352,2014-10-22T20:47:34+00:00,2014-10-23T06:23:25+00:00,34551.0,5,1,4,329.0,13249.0,0.0001157708894098579,0.008682816705739341,1,4,4.0
525025806079504385,2014-10-22T20:48:01+00:00,2014-10-23T15:34:55+00:00,67614.0,26,1,25,92.0,9666.6,0.00036974591061022865,0.023072144822078266,7,15,2.5
525026031833718785,2014-10-22T20:48:55+00:00,2014-10-22T22:29:34+00:00,6039.0,6,1,5,34.0,2228.2,0.0008279516476237788,0.05961251862891207,1,5,5.0
525026066944262144,2014-10-22T20:49:03+00:00,2014-10-23T02:42:50+00:00,21227.0,6,1,5,662.0,9894.0,0.00023554906487021246,0.016959532670655295,1,5,5.0
525026219100995584,2014-10-22T20:49:39+00:00,2014-10-23T00:40:33+00:00,13854.0,25,1,24,841.0,5889.583333333333,0.0017323516673884798,0.10827197921177999,4,15,2.6666666666666665
525026592788348929,2014-10-22T20:51:08+00:00,2014-10-22T22:39:47+00:00,6519.0,17,1,16,164.0,1625.6875,0.0024543641662831722,0.15646571560055222,8,6,2.0
525026715123601408,2014-10-22T20:51:38+00:00,2014-10-22T22:09:53+00:00,4695.0,12,1,11,48.0,1459.1818181818182,0.0023429179978700747,0.15335463258785942,1,11,11.0
525026947307700225,2014-10-22T20:52:33+00:00,2014-10-23T15:28:40+00:00,66967.0,9,1,8,202.0,9282.375,0.00011946182448071439,0.008063673152448221,4,5,2.0
525026973459165184,2014-10-22T20:52:39+00:00,2014-10-23T00:39:16+00:00,13597.0,19,1,18,16.0,3901.6111111111113,0.0013238214311980584,0.08384202397587703,2,15,6.0
525027116287811584,2014-10-22T20:53:13+00:00,2014-10-22T20:58:12+00:00,299.0,2,1,1,299.0,299.0,0.0033444816053511705,0.4013377926421405,1,1,1.0
525027317551079424,2014-10-22T20:54:01+00:00,2014-10-23T05:48:58+00:00,32097.0,12,1,11,172.0,5174.454545454545,0.000342711156805932,0.02243200299093373,3,7,2.2
525027539845410816,2014-10-22T20:54:54+00:00,2014-10-23T00:24:57+00:00,12603.0,21,1,20,79.0,2158.6,0.0015869237483138936,0.09997619614377529,2,11,6.0
525027651908800512,2014-10-22T20:55:21+00:00,2014-10-23T07:07:02+00:00,36701.0,33,1,32,410.0,8840.8125,0.0008719108471158824,0.05394948366529523,11,6,1.6
525027873867198465,2014-10-22T20:56:14+00:00,2014-10-24T02:22:35+00:00,105981.0,7,1,6,6334.0,56760.5,5.6613921363263226e-05,0.003962974495428426,1,6,6.0
525027958835408896,2014-10-22T20:56:34+00:00,2014-10-22T23:57:06+00:00,10832.0,4,1,3,718.0,4145.333333333333,0.0002769571639586411,0.022156573116691284,1,3,3.0
525028171549523971,2014-10-22T20:57:25+00:00,2014-10-23T05:07:20+00:00,29395.0,40,1,39,76.0,3705.4102564102564,0.001326756251063106,0.08164653852696037,12,9,1.8571428571428572
525028522361114625,2014-10-22T20:58:48+00:00,2014-10-23T01:51:02+00:00,17534.0,19,1,18,250.0,4215.111111111111,0.001026576936238166,0.06501653929508383,3,13,3.0
525028734991343617,2014-10-22T20:59:39+00:00,2014-10-22T21:30:27+00:00,1848.0,6,1,5,341.0,988.2,0.0027056277056277055,0.19480519480519481,2,4,2.5
525028955049320448,2014-10-22T21:00:32+00:00,2014-10-22T21:45:32+00:00,2700.0,21,1,20,28.0,903.9,0.007407407407407408,0.4666666666666667,3,16,4.0
525029016001318913,2014-10-22T21:00:46+00:00,2014-10-22T22:53:55+00:00,6789.0,56,1,55,97.0,2487.7636363636366,0.008101340403594049,0.4949182501104728,14,4,1.4473684210526316
525029232691650561,2014-10-22T21:01:38+00:00,2014-10-22T21:32:30+00:00,1852.0,6,1,5,85.0,794.8,0.0026997840172786176,0.19438444924406048,1,5,5.0
525029433632366592,2014-10-22T21:02:26+00:00,2014-10-22T23:55:44+00:00,10398.0,3,1,2,1291.0,5844.5,0.00019234468166955183,0.017311021350259664,1,2,2.0
525029913230053377,2014-10-22T21:04:20+00:00,2014-10-23T03:24:31+00:00,22811.0,9,1,8,168.0,5915.25,0.0003507079917583622,0.02367278944368945,1,8,8.0
525029954908860417,2014-10-22T21:04:30+00:00,2014-10-23T02:10:02+00:00,18332.0,20,1,19,272.0,7613.210526315789,0.0010364390137464544,0.065459306131355,2,17,6.333333333333333
525030117014507523,2014-10-22T21:05:09+00:00,2014-10-22T22:41:32+00:00,5783.0,20,1,19,68.0,1189.5263157894738,0.0032854919591907314,0.20750475531730933,2,18,9.5
525030165190303744,2014-10-22T21:05:20+00:00,2014-10-23T05:18:47+00:00,29607.0,5,1,4,1299.0,9289.0,0.00013510318505758774,0.01013273887931908,1,4,4.0
525030331775463424,2014-10-22T21:06:00+00:00,2014-10-22T21:31:57+00:00,1557.0,6,1,5,83.0,574.6,0.0032113037893384713,0.23121387283236994,1,5,5.0
525030416261337089,2014-10-22T21:06:20+00:00,2014-10-22T22:10:58+00:00,3878.0,3,1,2,1170.0,2524.0,0.0005157297576070139,0.04641567818463125,1,2,2.0
525030696738652160,2014-10-22T21:07:27+00:00,2014-10-23T20:52:38+00:00,85511.0,19,1,18,35.0,9961.277777777777,0.00021049923401667621,0.013331618154389492,2,17,9.0
525030963781595136,2014-10-22T21:08:31+00:00,2014-10-23T02:11:02+00:00,18151.0,15,1,14,237.0,3816.714285714286,0.0007713073659853452,0.049584044956200765,1,14,14.0
525031558949134336,2014-10-22T21:10:52+00:00,2014-10-22T23:48:14+00:00,9442.0,35,1,34,41.0,1212.9117647058824,0.003600932005930947,0.22241050624867612,7,9,1.8888888888888888
525031610136014848,2014-10-22T21:11:05+00:00,2014-10-22T21:59:22+00:00,2897.0,20,1,19,362.0,1319.4736842105262,0.006558508802209182,0.41422160856057993,3,11,2.111111111111111
525031823504850944,2014-10-22T21:11:56+00:00,2014-10-23T04:10:45+00:00,25129.0,12,1,11,13.0,9168.636363636364,0.0004377412551235624,0.028652154880814996,1,11,11.0
525032458417610752,2014-10-22T21:14:27+00:00,2014-10-22T21:47:21+00:00,1974.0,7,1,6,38.0,873.6666666666666,0.00303951367781155,0.2127659574468085,1,6,6.0
525032520124207104,2014-10-22T21:14:42+00:00,2014-10-22T21:42:40+00:00,1678.0,14,1,13,83.0,815.5384615384615,0.0077473182359952325,0.5005959475566151,4,5,2.2
525032872647065600,2014-10-22T21:16:06+00:00,2014-10-22T23:14:59+00:00,7133.0,16,1,15,152.0,1652.2666666666667,0.002102902004766578,0.13458572830506096,3,10,2.5
525033278555033601,2014-10-22T21:17:42+00:00,2014-10-22T22:36:52+00:00,4750.0,28,1,27,34.0,1153.5925925925926,0.00568421052631579,0.35368421052631577,7,12,2.25
525033357722550272,2014-10-22T21:18:01+00:00,2014-10-22T23:24:22+00:00,7581.0,8,1,7,51.0,2965.714285714286,0.0009233610341643582,0.06331618519984171,1,7,7.0
525033443076628480,2014-10-22T21:18:22+00:00,2014-10-22T23:23:10+00:00,7488.0,11,1,10,457.0,2478.3,0.0013354700854700855,0.08814102564102565,4,5,1.6666666666666667
525033625788907520,2014-10-22T21:19:05+00:00,2014-10-24T05:13:43+00:00,114878.0,13,1,12,81.0,17893.916666666668,0.00010445864308222637,0.006789811800344713,2,10,4.0
525033697045925888,2014-10-22T21:19:22+00:00,2014-10-22T22:56:03+00:00,5801.0,5,1,4,1453.0,3846.5,0.0006895362868470954,0.051715221513532146,1,4,4.0
525033778637721600,2014-10-22T21:19:42+00:00,2014-10-22T23:33:04+00:00,8002.0,108,1,107,69.0,2310.654205607477,0.013371657085728569,0.8097975506123468,6,7,2.0714285714285716
525034332474601472,2014-10-22T21:21:54+00:00,2014-10-23T00:06:03+00:00,9849.0,8,1,7,103.0,3183.8571428571427,0.0007107320540156361,0.0487359122753579,1,5,5.0
525034457086959616,2014-10-22T21:22:23+00:00,2014-10-23T02:04:48+00:00,16945.0,9,1,8,265.0,6245.5,0.00047211566833874297,0.03186780761286515,1,8,8.0
525034687245582337,2014-10-22T21:23:18+00:00,2014-10-25T04:09:16+00:00,197158.0,12,1,11,984.0,33416.545454545456,5.5792815914139925e-05,0.003651893405289159,3,6,2.75
525035552643751936,2014-10-22T21:26:45+00:00,2014-10-22T21:31:16+00:00,271.0,4,1,3,101.0,182.0,0.01107011070110701,0.8856088560885609,1,3,3.0
525035564014526464,2014-10-22T21:26:47+00:00,2014-10-22T23:28:56+00:00,7329.0,19,1,18,92.0,837.7777777777778,0.0024559967253376994,0.15554645927138763,4,12,3.4
525035832336736257,2014-10-22T21:27:51+00:00,2014-10-23T00:20:25+00:00,10354.0,12,1,11,283.0,2579.0,0.001062391346339579,0.06953834266949971,2,10,5.5
525036180379676673,2014-10-22T21:29:14+00:00,2014-10-23T03:37:58+00:00,22124.0,23,1,22,113.0,11280.227272727272,0.0009943952269029109,0.062375700596637135,3,13,4.4
525036214286815232,2014-10-22T21:29:22+00:00,2014-10-22T22:22:52+00:00,3210.0,22,1,21,74.0,1292.4761904761904,0.0065420560747663555,0.411214953271028,3,15,4.2
525036240848945152,2014-10-22T21:29:29+00:00,2014-10-23T03:04:59+00:00,20130.0,17,1,16,347.0,3414.125,0.0007948335817188276,0.05067064083457526,1,16,16.0
525036393983381504,2014-10-22T21:30:05+00:00,2014-10-22T23:08:14+00:00,5889.0,23,1,22,88.0,1849.909090909091,0.0037357785702156563,0.23433520122261842,5,15,3.6666666666666665
525036457732231169,2014-10-22T21:30:20+00:00,2014-10-23T23:33:57+00:00,93817.0,8,1,7,870.0,17670.428571428572,7.461334299753776e-05,0.005116343519831161,1,7,7.0
525037540508594176,2014-10-22T21:34:39+00:00,2014-10-22T21:40:15+00:00,336.0,2,1,1,336.0,336.0,0.002976190476190476,0.35714285714285715,1,1,1.0
525037656820826112,2014-10-22T21:35:06+00:00,2014-10-23T11:36:22+00:00,50476.0,19,1,18,582.0,9167.888888888889,0.000356605119264601,0.022584990886758062,3,14,3.6
525038096086499328,2014-10-22T21:36:51+00:00,2014-10-22T23:50:18+00:00,8007.0,16,1,15,807.0,3876.4666666666667,0.0018733608092918695,0.11989509179467966,4,12,3.75
525038296921960449,2014-10-22T21:37:39+00:00,2014-10-23T02:40:10+00:00,18151.0,14,1,13,434.0,7030.692307692308,0.0007162139827006776,0.04627844195912071,3,10,3.25
525038517844709376,2014-10-22T21:38:32+00:00,2014-10-22T22:34:17+00:00,3345.0,6,1,5,573.0,1580.4,0.0014947683109118087,0.10762331838565023,1,5,5.0
525039002307424256,2014-10-22T21:40:27+00:00,2014-10-22T22:34:30+00:00,3243.0,20,1,19,89.0,1534.2105263157894,0.00585877274128893,0.37002775208140615,2,14,3.1666666666666665
525039208139087872,2014-10-22T21:41:16+00:00,2014-10-22T21:41:16+00:00,0.0,1,1,0,0.0,0.0,0.0,0.0,0,0,0.0
525039242771464193,2014-10-22T21:41:24+00:00,2014-10-22T22:45:45+00:00,3861.0,17,1,16,68.0,1132.25,0.004144004144004144,0.2641802641802642,2,15,8.0
525039686931075072,2014-10-22T21:43:10+00:00,2014-10-22T22:46:46+00:00,3816.0,9,1,8,72.0,1281.375,0.0020964360587002098,0.14150943396226415,1,8,8.0
525039876366798849,2014-10-22T21:43:55+00:00,2014-10-23T06:08:38+00:00,30283.0,8,1,7,554.0,6581.571428571428,0.00023115279199550904,0.015850477165406333,1,7,7.0
525040097272819712,2014-10-22T21:44:48+00:00,2014-10-23T01:25:15+00:00,13227.0,36,1,35,33.0,2938.4,0.002646102668783549,0.16330233613064188,10,14,1.75
525040252948189186,2014-10-22T21:45:25+00:00,2014-10-23T00:26:20+00:00,9655.0,30,1,29,191.0,4241.517241379311,0.003003625064733299,0.18643190056965303,8,11,1.9333333333333333
525040408653754368,2014-10-22T21:46:02+00:00,2014-10-24T02:13:29+00:00,102447.0,12,1,11,60.0,30811.727272727272,0.0001073725926576669,0.007028024246683651,3,9,3.6666666666666665
525040492388823041,2014-10-22T21:46:22+00:00,2014-10-23T14:47:42+00:00,61280.0,18,1,17,162.0,38843.17647058824,0.00027741514360313317,0.017624020887728457,3,11,2.8333333333333335
525040509937795072,2014-10-22T21:46:27+00:00,2014-10-22T21:46:27+00:00,0.0,1,1,0,0.0,0.0,0.0,0.0,0,0,0.0
525040545870385153,2014-10-22T21:46:35+00:00,2014-10-22T23:02:02+00:00,4527.0,17,1,16,69.0,1581.25,0.0035343494588027393,0.2253147779986746,2,14,5.333333333333333
525040767317082113,2014-10-22T21:47:28+00:00,2014-10-22T23:12:58+00:00,5130.0,6,1,5,71.0,1399.2,0.0009746588693957114,0.07017543859649122,1,5,5.0
525041091507388416,2014-10-22T21:48:45+00:00,2014-10-22T23:07:58+00:00,4753.0,19,1,18,48.0,1350.5555555555557,0.003787081843046497,0.23984851672627813,3,16,6.0
525041399344168961,2014-10-22T21:49:59+00:00,2014-10-23T16:51:01+00:00,68462.0,21,1,20,103.0,10392.35,0.0002921328620256493,0.018404370307615905,5,11,2.0
525041601890881536,2014-10-22T21:50:47+00:00,2014-10-23T19:53:36+00:00,79369.0,25,1,24,426.0,8251.583333333334,0.0003023850621779284,0.018899066386120527,5,9,2.4
525042177643016192,2014-10-22T21:53:04+00:00,2014-10-22T22:45:40+00:00,3156.0,23,1,22,275.0,1620.0454545454545,0.00697084917617237,0.43726235741444863,7,8,2.4444444444444446
525044004287971329,2014-10-22T22:00:20+00:00,2014-10-23T07:18:14+00:00,33474.0,13,1,12,224.0,4262.083333333333,0.000358487184083169,0.023301666965405986,2,11,6.0
525044166519451648,2014-10-22T22:00:58+00:00,2014-10-22T23:11:22+00:00,4224.0,30,1,29,3242.0,3541.137931034483,0.006865530303030303,0.4261363636363636,6,11,3.2222222222222223
525044262648676353,2014-10-22T22:01:21+00:00,2014-10-23T00:29:32+00:00,8891.0,13,1,12,755.0,3469.75,0.0013496794511303565,0.08772916432347318,1,12,12.0
525044678765187072,2014-10-22T22:03:00+00:00,2014-10-24T23:58:59+00:00,179759.0,13,1,12,21.0,29086.916666666668,6.675604559437914e-05,0.004339142963634644,1,12,12.0
525044725926330368,2014-10-22T22:03:12+00:00,2014-10-23T00:46:21+00:00,9789.0,28,1,27,274.0,4435.444444444444,0.0027581979773214833,0.17162120747778117,4,17,3.375
525045145079533568,2014-10-22T22:04:52+00:00,2014-10-22T22:28:18+00:00,1406.0,18,1,17,59.0,663.1764705882352,0.01209103840682788,0.7681365576102418,1,17,17.0
525045203648790528,2014-10-22T22:05:06+00:00,2014-10-23T13:35:43+00:00,55837.0,21,1,20,77.0,24311.0,0.0003581854325984562,0.022565682253702743,6,12,2.5
525045709402148864,2014-10-22T22:07:06+00:00,2014-10-22T23:42:12+00:00,5706.0,29,1,28,128.0,1950.642857142857,0.004907115317209955,0.3049421661409043,5,10,2.0
525046232209956865,2014-10-22T22:09:11+00:00,2014-10-23T15:56:24+00:00,64033.0,25,1,24,69.0,18492.666666666668,0.0003748067402745459,0.02342542126715912,3,15,8.0
525046432085327872,2014-10-22T22:09:58+00:00,2014-10-22T22:55:25+00:00,2727.0,2,1,1,2727.0,2727.0,0.0003667033370003667,0.044004400440044,1,1,1.0
525046443103354880,2014-10-22T22:10:01+00:00,2014-10-25T11:41:32+00:00,221491.0,57,1,56,55.0,46666.482142857145,0.00025283194351012004,0.01544080797865376,9,9,2.24
525046462460477440,2014-10-22T22:10:06+00:00,2014-10-23T15:51:13+00:00,63667.0,23,1,22,8023.0,19079.363636363636,0.0003455479290684342,0.021675279187019964,3,16,3.6666666666666665
525047079325155329,2014-10-22T22:12:33+00:00,2014-10-22T23:58:21+00:00,6348.0,7,1,6,942.0,2556.0,0.000945179584120983,0.06616257088846882,3,4,2.0
525047104239333377,2014-10-22T22:12:39+00:00,2014-10-23T23:14:30+00:00,90111.0,9,1,8,535.0,25678.125,8.877939430258238e-05,0.00599260911542431,3,4,1.6
525047349757100034,2014-10-22T22:13:37+00:00,2014-10-23T00:37:12+00:00,8615.0,11,1,10,145.0,1322.3,0.0011607661056297156,0.07661056297156123,1,10,10.0
525047767325220865,2014-10-22T22:15:17+00:00,2014-10-22T23:27:45+00:00,4348.0,6,1,5,370.0,1557.0,0.0011499540018399263,0.0827966881324747,2,4,2.5
525048410831736832,2014-10-22T22:17:50+00:00,2014-10-23T12:53:53+00:00,52563.0,8,1,7,46.0,10112.0,0.00013317352510320947,0.009131898864220079,1,7,7.0
525048557569454080,2014-10-22T22:18:25+00:00,2014-10-23T18:40:21+00:00,73316.0,7,1,6,2638.0,19145.666666666668,8.183752523323694e-05,0.005728626766326586,1,6,6.0
525048987649576960,2014-10-22T22:20:08+00:00,2014-10-24T01:14:58+00:00,96890.0,12,1,11,4290.0,30150.727272727272,0.00011353080813293426,0.007431107441428424,2,8,2.75
525049044201377793,2014-10-22T22:20:21+00:00,2014-10-22T22:49:14+00:00,1733.0,19,1,18,87.0,1084.8333333333333,0.0103866128101558,0.6578188113098673,4,12,3.0
525049481679892481,2014-10-22T22:22:06+00:00,2014-10-23T15:18:02+00:00,60956.0,4,1,3,22911.0,47500.333333333336,4.9215827810223766e-05,0.003937266224817901,3,1,1.0
525049639016615937,2014-10-22T22:22:43+00:00,2014-10-23T00:27:28+00:00,7485.0,7,1,6,610.0,3103.3333333333335,0.0008016032064128256,0.056112224448897796,1,6,6.0
525049831312875521,2014-10-22T22:23:29+00:00,2014-10-25T04:33:48+00:00,195019.0,49,1,48,63.0,33711.333333333336,0.0002461298642696353,0.01507545418651516,9,15,1.8461538461538463
525050193360613376,2014-10-22T22:24:55+00:00,2014-10-23T14:17:45+00:00,57170.0,60,1,59,85.0,17076.813559322032,0.0010320097953472101,0.06297008920762638,10,17,2.230769230769231
525050632211021825,2014-10-22T22:26:40+00:00,2014-10-22T22:43:43+00:00,1023.0,19,1,18,158.0,553.0,0.017595307917888565,1.1143695014662756,1,17,17.0
525051210349289472,2014-10-22T22:28:58+00:00,2014-10-24T22:39:21+00:00,173423.0,88,1,87,64.0,20325.459770114943,0.0005016635625032435,0.030445788620886503,16,12,1.74
525051365195014144,2014-10-22T22:29:35+00:00,2014-10-22T22:50:15+00:00,1240.0,5,1,4,24.0,423.5,0.0032258064516129032,0.24193548387096772,1,4,4.0
525052223030845440,2014-10-22T22:32:59+00:00,2014-10-23T15:02:17+00:00,59358.0,28,1,27,35.0,12853.148148148148,0.0004548670777317295,0.028302840392196504,6,16,2.7
525052332116312064,2014-10-22T22:33:25+00:00,2014-10-24T06:56:41+00:00,116596.0,7,1,6,56.0,20292.5,5.1459741329033584e-05,0.003602181893032351,1,6,6.0
525052526593601537,2014-10-22T22:34:12+00:00,2014-10-23T02:59:15+00:00,15903.0,11,1,10,71.0,2565.4,0.0006288121738036848,0.041501603471043196,1,10,10.0
525052976562712576,2014-10-22T22:35:59+00:00,2014-10-23T01:22:42+00:00,10003.0,21,1,20,45.0,2502.05,0.001999400179946016,0.12596221133659902,3,16,4.0
525053517531062272,2014-10-22T22:38:08+00:00,2014-10-23T02:37:10+00:00,14342.0,8,1,7,49.0,2731.285714285714,0.0004880769767117557,0.03346813554594896,3,5,2.3333333333333335
525055052801515521,2014-10-22T22:44:14+00:00,2014-10-23T07:43:01+00:00,32327.0,10,1,9,1583.0,11448.333333333334,0.00027840504841154454,0.018560336560769636,3,7,3.0
525055273816555520,2014-10-22T22:45:06+00:00,2014-10-22T22:45:06+00:00,0.0,1,1,0,0.0,0.0,0.0,0.0,0,0,0.0
525055879545380864,2014-10-22T22:47:31+00:00,2014-10-22T23:16:10+00:00,1719.0,3,1,2,933.0,1326.0,0.0011634671320535194,0.10471204188481675,1,2,2.0
525055967076290560,2014-10-22T22:47:52+00:00,2014-10-23T01:55:42+00:00,11270.0,13,1,12,345.0,2130.0833333333335,0.001064773735581189,0.06921029281277728,1,12,12.0
525056022046851074,2014-10-22T22:48:05+00:00,2014-10-23T00:39:53+00:00,6708.0,5,1,4,2772.0,5667.0,0.0005963029218843172,0.044722719141323794,2,2,2.0
525056576038518785,2014-10-22T22:50:17+00:00,2014-10-23T13:32:05+00:00,52908.0,24,1,23,120.0,4197.173913043478,0.00043471686701444014,0.027217056021773645,3,19,4.6
525057025785356288,2014-10-22T22:52:04+00:00,2014-10-23T00:13:23+00:00,4879.0,24,1,23,45.0,1015.7391304347826,0.00471408075425292,0.2951424472227916,4,13,2.5555555555555554
525057374965739520,2014-10-22T22:53:27+00:00,2014-10-23T00:14:56+00:00,4889.0,12,1,11,176.0,1679.909090909091,0.0022499488647985274,0.14726938024135816,2,7,2.2
525057606151602176,2014-10-22T22:54:23+00:00,2014-10-22T23:03:31+00:00,548.0,4,1,3,372.0,461.3333333333333,0.005474452554744526,0.43795620437956206,1,3,3.0
525058578365698048,2014-10-22T22:58:14+00:00,2014-10-22T23:43:43+00:00,2729.0,10,1,9,75.0,771.1111111111111,0.003297911322828875,0.21986075485525833,2,8,4.5
525058633730891776,2014-10-22T22:58:28+00:00,2014-10-23T00:01:42+00:00,3794.0,13,1,12,92.0,2069.1666666666665,0.0031628887717448603,0.20558777016341592,2,9,3.0
525058825909731328,2014-10-22T22:59:13+00:00,2014-10-23T05:54:34+00:00,24921.0,17,1,16,130.0,3613.4375,0.0006420288110428956,0.04092933670398459,3,9,2.2857142857142856
525058976376193024,2014-10-22T22:59:49+00:00,2014-10-23T02:36:28+00:00,12999.0,5,1,4,1440.0,5774.0,0.00030771597815216557,0.023078698361412416,1,4,4.0
525059193074487296,2014-10-22T23:00:41+00:00,2014-10-23T00:17:25+00:00,4604.0,23,1,22,55.0,1260.4545454545455,0.0047784535186794095,0.2997393570807993,4,15,4.4
525059348574130176,2014-10-22T23:01:18+00:00,2014-10-23T10:28:23+00:00,41225.0,15,1,14,71.0,3158.5,0.00033959975742874467,0.021831412977562158,1,14,14.0
525059810312847360,2014-10-22T23:03:08+00:00,2014-10-23T01:31:27+00:00,8899.0,22,1,21,150.0,1155.7142857142858,0.0023598157096302954,0.14833127317676142,4,15,3.0
525060022569422849,2014-10-22T23:03:59+00:00,2014-10-22T23:33:30+00:00,1771.0,21,1,20,60.0,789.9,0.01129305477131564,0.7114624505928854,2,17,6.666666666666667
525060425184858112,2014-10-22T23:05:35+00:00,2014-10-23T00:37:28+00:00,5513.0,22,1,21,24.0,597.5238095238095,0.003809178305822601,0.23943406493742062,2,18,7.0
525061246702587904,2014-10-22T23:08:51+00:00,2014-10-22T23:20:09+00:00,678.0,5,1,4,241.0,477.0,0.0058997050147492625,0.44247787610619466,3,2,1.3333333333333333
525061787860103169,2014-10-22T23:11:00+00:00,2014-10-24T14:23:59+00:00,141179.0,7,1,6,811.0,26840.5,4.2499238555309215e-05,0.0029749466988716455,1,6,6.0
525062013551001600,2014-10-22T23:11:53+00:00,2014-10-22T23:40:26+00:00,1713.0,21,1,20,61.0,880.55,0.011675423234092236,0.7355516637478109,6,10,2.5
525062993898635264,2014-10-22T23:15:47+00:00,2014-10-24T04:18:04+00:00,104537.0,17,1,16,930.0,36103.4375,0.00015305585582138382,0.009757310808613218,3,13,4.0
525063393309630464,2014-10-22T23:17:22+00:00,2014-10-23T03:26:40+00:00,14958.0,15,1,14,117.0,3173.8571428571427,0.0009359540045460623,0.06016847172081829,3,9,3.5
525063740769972224,2014-10-22T23:18:45+00:00,2014-10-23T03:33:10+00:00,15265.0,5,1,4,179.0,5253.25,0.00026203734032099573,0.01965280052407468,1,4,4.0
525065123917221888,2014-10-22T23:24:15+00:00,2014-10-23T05:56:25+00:00,23530.0,19,1,18,181.0,1852.0,0.000764980875478113,0.04844878878028049,4,13,3.6
525065430713790465,2014-10-22T23:25:28+00:00,2014-10-23T02:58:12+00:00,12764.0,13,1,12,186.0,1881.5,0.000940144155437167,0.06110937010341586,1,12,12.0
525066628359127041,2014-10-22T23:30:14+00:00,2014-10-23T01:38:35+00:00,7701.0,20,1,19,442.0,3660.2105263157896,0.002467212050383067,0.15582391897156214,5,14,3.8
525066876058361856,2014-10-22T23:31:13+00:00,2014-10-23T12:17:09+00:00,45956.0,18,1,17,73.0,11298.29411764706,0.0003699190530072243,0.023500739838106015,1,17,17.0
525067386849091584,2014-10-22T23:33:14+00:00,2014-10-23T02:13:24+00:00,9610.0,21,1,20,49.0,1621.55,0.002081165452653486,0.13111342351716962,2,18,6.666666666666667
525067419635576834,2014-10-22T23:33:22+00:00,2014-10-23T02:21:24+00:00,10082.0,6,1,5,1319.0,5443.4,0.0004959333465582226,0.03570720095219203,1,5,5.0
525067500447612929,2014-10-22T23:33:42+00:00,2014-10-23T21:07:55+00:00,77653.0,14,1,13,164.0,28714.0,0.00016741143291308772,0.010817354126691821,2,9,6.5
525068253341970432,2014-10-22T23:36:41+00:00,2014-10-22T23:37:15+00:00,34.0,2,1,1,34.0,34.0,0.029411764705882353,3.5294117647058822,1,1,1.0
525068387899031552,2014-10-22T23:37:13+00:00,2014-10-24T00:34:16+00:00,89823.0,15,1,14,491.0,34772.0,0.00015586208432138762,0.010019705420660633,1,7,7.0
525068915068923904,2014-10-22T23:39:19+00:00,2014-10-25T05:32:36+00:00,193997.0,4,1,3,431.0,125656.66666666667,1.5464156662216426e-05,0.0012371325329773141,2,2,1.5
525069189447704576,2014-10-22T23:40:24+00:00,2014-10-22T23:45:02+00:00,278.0,20,1,19,30.0,127.26315789473684,0.0683453237410072,4.316546762589928,1,19,19.0
525069509342683137,2014-10-22T23:41:41+00:00,2014-10-23T00:51:05+00:00,4164.0,5,1,4,462.0,2425.0,0.0009606147934678194,0.07204610951008646,1,4,4.0
525069752566575104,2014-10-22T23:42:38+00:00,2014-10-23T12:08:57+00:00,44779.0,17,1,16,364.0,6563.9375,0.000357310346367717,0.022778534580941957,2,15,8.0
525069912679923712,2014-10-22T23:43:17+00:00,2014-10-24T00:22:21+00:00,88744.0,14,1,13,59.0,10460.923076923076,0.00014648877670603083,0.009465428648697377,1,13,13.0
525070461936222208,2014-10-22T23:45:28+00:00,2014-10-23T18:09:00+00:00,66212.0,7,1,6,304.0,12684.166666666666,9.061801486135444e-05,0.006343261040294811,2,5,3.0
525070811439579138,2014-10-22T23:46:51+00:00,2014-10-23T05:36:12+00:00,20961.0,4,1,3,6538.0,11705.333333333334,0.0001431229426077,0.011449835408616,1,3,3.0
525070912199335937,2014-10-22T23:47:15+00:00,2014-10-23T03:47:13+00:00,14398.0,7,1,6,585.0,5272.5,0.00041672454507570494,0.029170718155299348,2,5,3.0
525070933556350977,2014-10-22T23:47:20+00:00,2014-10-23T02:33:56+00:00,9996.0,20,1,19,194.0,3141.5789473684213,0.0019007603041216487,0.12004801920768307,1,19,19.0
525071376084791297,2014-10-22T23:49:06+00:00,2014-10-23T01:42:55+00:00,6829.0,14,1,13,69.0,2204.6923076923076,0.0019036462146727192,0.1230048323326988,3,11,4.333333333333333
525071638464049152,2014-10-22T23:50:08+00:00,2014-10-23T01:33:45+00:00,6217.0,12,1,11,128.0,1249.090909090909,0.0017693421264275374,0.11581148463889336,1,11,11.0
525071809226346496,2014-10-22T23:50:49+00:00,2014-10-22T23:50:49+00:00,0.0,1,1,0,0.0,0.0,0.0,0.0,0,0,0.0
525072912957452289,2014-10-22T23:55:12+00:00,2014-10-23T04:23:34+00:00,16102.0,21,1,20,42.0,3117.45,0.0012420817289777667,0.0782511489255993,4,8,2.6666666666666665
529399936434327552,2014-11-03T22:29:15+00:00,2014-11-04T15:16:59+00:00,60464.0,18,1,17,611.0,10384.058823529413,0.0002811590367822175,0.017861868219105584,4,13,4.25
529446466541326336,2014-11-04T01:34:08+00:00,2014-11-04T02:21:31+00:00,2843.0,2,1,1,2843.0,2843.0,0.00035174111853675694,0.042208934224410834,1,1,1.0
529540733020405760,2014-11-04T07:48:43+00:00,2014-11-04T15:48:56+00:00,28813.0,15,1,14,71.0,10260.714285714286,0.0004858917849581786,0.0312359004615972,7,3,1.2727272727272727
529541962639355904,2014-11-04T07:53:36+00:00,2014-11-04T07:53:36+00:00,0.0,1,1,0,0.0,0.0,0.0,0.0,0,0,0.0
529572620782825473,2014-11-04T09:55:26+00:00,2014-11-04T10:12:33+00:00,1027.0,2,1,1,1027.0,1027.0,0.0009737098344693282,0.11684518013631938,1,1,1.0
529578734102523904,2014-11-04T10:19:43+00:00,2014-11-04T10:43:57+00:00,1454.0,2,1,1,1454.0,1454.0,0.000687757909215956,0.08253094910591471,1,1,1.0
529590474005544960,2014-11-04T11:06:22+00:00,2014-11-04T12:04:24+00:00,3482.0,8,1,7,487.0,2612.0,0.002010338885697875,0.13785180930499713,6,2,1.1666666666666667
529590949136326656,2014-11-04T11:08:16+00:00,2014-11-04T11:11:03+00:00,167.0,2,1,1,167.0,167.0,0.005988023952095809,0.718562874251497,1,1,1.0
529621484130828290,2014-11-04T13:09:36+00:00,2014-11-04T13:09:36+00:00,0.0,1,1,0,0.0,0.0,0.0,0.0,0,0,0.0
529627432996044801,2014-11-04T13:33:14+00:00,2014-11-04T15:14:26+00:00,6072.0,5,1,4,446.0,1995.25,0.0006587615283267457,0.04940711462450593,2,3,2.0
529627706057834496,2014-11-04T13:34:19+00:00,2014-11-04T15:48:48+00:00,8069.0,7,1,6,56.0,2737.1666666666665,0.0007435865658693766,0.05205105961085637,2,4,2.0
529627707382853632,2014-11-04T13:34:20+00:00,2014-11-04T21:45:27+00:00,29467.0,6,1,5,2286.0,15950.4,0.00016968133844639767,0.012217056368140631,1,5,5.0
529627936622931968,2014-11-04T13:35:14+00:00,2014-11-04T14:18:12+00:00,2578.0,8,1,7,159.0,1395.142857142857,0.0027152831652443757,0.18619084561675717,3,3,1.6666666666666667
529628988683976704,2014-11-04T13:39:25+00:00,2014-11-04T23:10:35+00:00,34270.0,6,1,5,19.0,8318.6,0.00014590020426028595,0.010504814706740591,1,5,5.0
529630665168281601,2014-11-04T13:46:05+00:00,2014-11-04T13:46:05+00:00,0.0,1,1,0,0.0,0.0,0.0,0.0,0,0,0.0
529634428734423042,2014-11-04T14:01:02+00:00,2014-11-04T14:01:02+00:00,0.0,1,1,0,0.0,0.0,0.0,0.0,0,0,0.0
529637014527029248,2014-11-04T14:11:19+00:00,2014-11-04T19:52:28+00:00,20469.0,3,1,2,15017.0,17743.0,9.770873027505007e-05,0.008793785724754507,1,1,1.0
529637341645008896,2014-11-04T14:12:37+00:00,2014-11-04T14:25:13+00:00,756.0,2,1,1,756.0,756.0,0.0013227513227513227,0.15873015873015872,1,1,1.0
529637505981624320,2014-11-04T14:13:16+00:00,2014-11-04T14:13:16+00:00,0.0,1,1,0,0.0,0.0,0.0,0.0,0,0,0.0
529638205013123073,2014-11-04T14:16:02+00:00,2014-11-04T18:28:37+00:00,15155.0,8,1,7,49.0,6752.285714285715,0.00046189376443418013,0.03167271527548664,1,5,5.0
529638427462217728,2014-11-04T14:16:55+00:00,2014-11-04T14:16:55+00:00,0.0,1,1,0,0.0,0.0,0.0,0.0,0,0,0.0
529641857513308160,2014-11-04T14:30:33+00:00,2014-11-04T15:15:38+00:00,2705.0,2,1,1,2705.0,2705.0,0.0003696857670979667,0.04436229205175601,1,1,1.0
529642612618035202,2014-11-04T14:33:33+00:00,2014-11-04T17:59:16+00:00,12343.0,2,1,1,12343.0,12343.0,8.101758081503687e-05,0.009722109697804423,1,1,1.0
529643568873230337,2014-11-04T14:37:21+00:00,2014-11-04T19:59:56+00:00,19355.0,4,1,3,1664.0,9637.666666666666,0.00015499870834409713,0.012399896667527771,2,2,1.5
529644561770217473,2014-11-04T14:41:18+00:00,2014-11-05T16:46:42+00:00,93924.0,13,1,12,30.0,11564.75,0.00012776287210936502,0.008304586687108725,1,12,12.0
529644676333453312,2014-11-04T14:41:45+00:00,2014-11-04T14:41:45+00:00,0.0,1,1,0,0.0,0.0,0.0,0.0,0,0,0.0
529645026452979712,2014-11-04T14:43:09+00:00,2014-11-04T15:12:53+00:00,1784.0,6,1,5,367.0,939.4,0.002802690582959641,0.20179372197309417,2,4,2.5
529645279159779329,2014-11-04T14:44:09+00:00,2014-11-04T14:44:09+00:00,0.0,1,1,0,0.0,0.0,0.0,0.0,0,0,0.0
529646030472904704,2014-11-04T14:47:08+00:00,2014-11-04T16:39:33+00:00,6745.0,19,1,18,328.0,2240.222222222222,0.0026686434395848777,0.16901408450704225,1,15,15.0
529647261689864192,2014-11-04T14:52:02+00:00,2014-11-04T14:52:02+00:00,0.0,1,1,0,0.0,0.0,0.0,0.0,0,0,0.0
529647809243648001,2014-11-04T14:54:12+00:00,2014-11-04T14:54:12+00:00,0.0,1,1,0,0.0,0.0,0.0,0.0,0,0,0.0
529648202379964416,2014-11-04T14:55:46+00:00,2014-11-04T14:55:46+00:00,0.0,1,1,0,0.0,0.0,0.0,0.0,0,0,0.0
529648452511473666,2014-11-04T14:56:46+00:00,2014-11-04T21:06:22+00:00,22176.0,11,1,10,1282.0,8581.8,0.00045093795093795094,0.02976190476190476,5,4,1.6666666666666667
529648547864399872,2014-11-04T14:57:08+00:00,2014-11-04T17:46:34+00:00,10166.0,6,1,5,131.0,5515.4,0.0004918355301987016,0.03541215817430651,1,5,5.0
529649368656134144,2014-11-04T15:00:24+00:00,2014-11-04T18:11:59+00:00,11495.0,8,1,7,79.0,3356.0,0.0006089604175728578,0.04175728577642453,1,7,7.0
529651454832037888,2014-11-04T15:08:41+00:00,2014-11-04T15:19:56+00:00,675.0,2,1,1,675.0,675.0,0.0014814814814814814,0.17777777777777778,1,1,1.0
529652269105815553,2014-11-04T15:11:56+00:00,2014-11-04T17:42:50+00:00,9054.0,8,1,7,61.0,2506.4285714285716,0.0007731389441130992,0.053015241882041084,1,7,7.0
529652689471569920,2014-11-04T15:13:36+00:00,2014-11-04T15:13:36+00:00,0.0,1,1,0,0.0,0.0,0.0,0.0,0,0,0.0
529652829536141314,2014-11-04T15:14:09+00:00,2014-11-04T15:14:09+00:00,0.0,1,1,0,0.0,0.0,0.0,0.0,0,0,0.0
529652940869738496,2014-11-04T15:14:36+00:00,2014-11-04T15:14:36+00:00,0.0,1,1,0,0.0,0.0,0.0,0.0,0,0,0.0
529653029747064832,2014-11-04T15:14:57+00:00,2014-11-05T06:19:43+00:00,54286.0,7,1,6,746.0,16485.0,0.00011052573407508382,0.007736801385255867,5,2,1.2
529653880196698112,2014-11-04T15:18:20+00:00,2014-11-04T15:18:20+00:00,0.0,1,1,0,0.0,0.0,0.0,0.0,0,0,0.0
529654186791944192,2014-11-04T15:19:33+00:00,2014-11-04T17:05:23+00:00,6350.0,11,1,10,35.0,2141.7,0.0015748031496062992,0.10393700787401575,2,9,5.0
529654321873715200,2014-11-04T15:20:05+00:00,2014-11-04T20:55:39+00:00,20134.0,12,1,11,737.0,12249.363636363636,0.0005463395251812854,0.035760405284593226,6,3,1.375
529654388269535232,2014-11-04T15:20:21+00:00,2014-11-04T17:06:37+00:00,6376.0,4,1,3,203.0,2404.6666666666665,0.00047051442910915934,0.037641154328732745,1,3,3.0
529654486974099456,2014-11-04T15:20:44+00:00,2014-11-04T17:05:32+00:00,6288.0,2,1,1,6288.0,6288.0,0.00015903307888040714,0.019083969465648856,1,1,1.0
529654489356070912,2014-11-04T15:20:45+00:00,2014-11-04T20:46:25+00:00,19540.0,5,1,4,2357.0,10957.25,0.00020470829068577277,0.015353121801432957,4,1,1.0
529654835537518592,2014-11-04T15:22:07+00:00,2014-11-04T15:22:07+00:00,0.0,1,1,0,0.0,0.0,0.0,0.0,0,0,0.0
529654845838741504,2014-11-04T15:22:10+00:00,2014-11-04T16:10:57+00:00,2927.0,15,1,14,198.0,788.0714285714286,0.004783054321831227,0.30748206354629315,8,4,1.2727272727272727
529655582882791424,2014-11-04T15:25:06+00:00,2014-11-04T15:25:06+00:00,0.0,1,1,0,0.0,0.0,0.0,0.0,0,0,0.0
529655746074779648,2014-11-04T15:25:45+00:00,2014-11-04T22:51:57+00:00,26772.0,5,1,4,290.0,12677.5,0.00014940983116689077,0.011205737337516808,1,4,4.0
529655766509445122,2014-11-04T15:25:49+00:00,2014-11-04T15:25:49+00:00,0.0,1,1,0,0.0,0.0,0.0,0.0,0,0,0.0
529657139959451648,2014-11-04T15:31:17+00:00,2014-11-04T15:34:38+00:00,201.0,2,1,1,201.0,201.0,0.004975124378109453,0.5970149253731343,1,1,1.0
529657418985525248,2014-11-04T15:32:23+00:00,2014-11-04T15:32:23+00:00,0.0,1,1,0,0.0,0.0,0.0,0.0,0,0,0.0
529658492391813120,2014-11-04T15:36:39+00:00,2014-11-04T15:36:39+00:00,0.0,1,1,0,0.0,0.0,0.0,0.0,0,0,0.0
529659390664908801,2014-11-04T15:40:13+00:00,2014-11-04T15:40:13+00:00,0.0,1,1,0,0.0,0.0,0.0,0.0,0,0,0.0
529660101683318785,2014-11-04T15:43:03+00:00,2014-11-04T15:43:03+00:00,0.0,1,1,0,0.0,0.0,0.0,0.0,0,0,0.0
529660296080916480,2014-11-04T15:43:49+00:00,2014-11-04T16:09:28+00:00,1539.0,5,1,4,244.0,603.75,0.002599090318388564,0.19493177387914232,2,2,1.3333333333333333
529660692832739328,2014-11-04T15:45:24+00:00,2014-11-04T15:45:24+00:00,0.0,1,1,0,0.0,0.0,0.0,0.0,0,0,0.0
529660746645647360,2014-11-04T15:45:37+00:00,2014-11-04T18:06:29+00:00,8452.0,2,1,1,8452.0,8452.0,0.0001183151916706105,0.01419782300047326,1,1,1.0
529663474079920128,2014-11-04T15:56:27+00:00,2014-11-04T16:22:44+00:00,1577.0,3,1,2,974.0,1275.5,0.0012682308180088776,0.11414077362079898,1,2,2.0
529664525768077314,2014-11-04T16:00:38+00:00,2014-11-04T16:00:38+00:00,0.0,1,1,0,0.0,0.0,0.0,0.0,0,0,0.0
529664568772292610,2014-11-04T16:00:48+00:00,2014-11-04T16:00:48+00:00,0.0,1,1,0,0.0,0.0,0.0,0.0,0,0,0.0
529664593921314816,2014-11-04T16:00:54+00:00,2014-11-04T16:00:54+00:00,0.0,1,1,0,0.0,0.0,0.0,0.0,0,0,0.0
529664783599943680,2014-11-04T16:01:39+00:00,2014-11-04T16:25:26+00:00,1427.0,4,1,3,512.0,873.6666666666666,0.002102312543798178,0.16818500350385424,2,2,1.5
529664917239250946,2014-11-04T16:02:11+00:00,2014-11-04T16:02:11+00:00,0.0,1,1,0,0.0,0.0,0.0,0.0,0,0,0.0
529664974978023425,2014-11-04T16:02:25+00:00,2014-11-04T16:02:25+00:00,0.0,1,1,0,0.0,0.0,0.0,0.0,0,0,0.0
529665662856495104,2014-11-04T16:05:09+00:00,2014-11-04T16:05:09+00:00,0.0,1,1,0,0.0,0.0,0.0,0.0,0,0,0.0
529666235710332928,2014-11-04T16:07:25+00:00,2014-11-04T17:14:17+00:00,4012.0,3,1,2,3979.0,3995.5,0.0004985044865403788,0.0448654037886341,2,1,1.0
529667041142124544,2014-11-04T16:10:38+00:00,2014-11-04T23:05:21+00:00,24883.0,8,1,7,46.0,5654.714285714285,0.00028131656150785675,0.019290278503395895,2,6,3.5
529667934697029632,2014-11-04T16:14:11+00:00,2014-11-04T16:14:11+00:00,0.0,1,1,0,0.0,0.0,0.0,0.0,0,0,0.0
529669184670941184,2014-11-04T16:19:09+00:00,2014-11-04T16:19:09+00:00,0.0,1,1,0,0.0,0.0,0.0,0.0,0,0,0.0
529669581506236416,2014-11-04T16:20:43+00:00,2014-11-04T16:20:43+00:00,0.0,1,1,0,0.0,0.0,0.0,0.0,0,0,0.0
529669611030331392,2014-11-04T16:20:50+00:00,2014-11-04T18:23:41+00:00,7371.0,12,1,11,106.0,2230.818181818182,0.001492334825668159,0.09768009768009768,4,5,1.8333333333333333
529670383629520896,2014-11-04T16:23:54+00:00,2014-11-04T17:07:09+00:00,2595.0,2,1,1,2595.0,2595.0,0.0003853564547206166,0.046242774566473986,1,1,1.0
529670566031421440,2014-11-04T16:24:38+00:00,2014-11-05T00:24:36+00:00,28798.0,7,1,6,57.0,5538.5,0.00020834780193068963,0.014584346135148274,1,6,6.0
529671440829005825,2014-11-04T16:28:06+00:00,2014-11-04T16:49:23+00:00,1277.0,5,1,4,139.0,564.5,0.0031323414252153485,0.2349256068911511,2,2,2.0
529671638539698178,2014-11-04T16:28:54+00:00,2014-11-04T16:34:14+00:00,320.0,5,1,4,72.0,197.25,0.0125,0.9375,2,2,1.3333333333333333
529671725865111552,2014-11-04T16:29:14+00:00,2014-11-04T16:29:14+00:00,0.0,1,1,0,0.0,0.0,0.0,0.0,0,0,0.0
529674135098900481,2014-11-04T16:38:49+00:00,2014-11-04T18:51:39+00:00,7970.0,8,1,7,676.0,3670.5714285714284,0.0008782936010037642,0.060225846925972396,2,6,3.5
529674474019651584,2014-11-04T16:40:10+00:00,2014-11-04T19:01:29+00:00,8479.0,9,1,8,535.0,2821.375,0.0009435074890906947,0.06368675551362189,2,7,4.0
529676682622664704,2014-11-04T16:48:56+00:00,2014-11-04T17:00:38+00:00,702.0,3,1,2,173.0,437.5,0.002849002849002849,0.25641025641025644,0,0,0.0
529679172650942465,2014-11-04T16:58:50+00:00,2014-11-04T16:58:50+00:00,0.0,1,1,0,0.0,0.0,0.0,0.0,0,0,0.0
529679359301648384,2014-11-04T16:59:34+00:00,2014-11-04T16:59:34+00:00,0.0,1,1,0,0.0,0.0,0.0,0.0,0,0,0.0
529679551631089664,2014-11-04T17:00:20+00:00,2014-11-04T17:02:30+00:00,130.0,3,1,2,110.0,120.0,0.015384615384615385,1.3846153846153848,1,2,2.0
529679889923076096,2014-11-04T17:01:41+00:00,2014-11-04T23:25:31+00:00,23030.0,18,1,17,114.0,4130.35294117647,0.0007381676074685194,0.04689535388623535,8,9,2.125
529679905483915264,2014-11-04T17:01:45+00:00,2014-11-04T18:17:31+00:00,4546.0,2,1,1,4546.0,4546.0,0.0002199736031676199,0.026396832380114386,1,1,1.0
529680484402749440,2014-11-04T17:04:03+00:00,2014-11-04T17:04:03+00:00,0.0,1,1,0,0.0,0.0,0.0,0.0,0,0,0.0
529681320965079041,2014-11-04T17:07:22+00:00,2014-11-04T17:07:22+00:00,0.0,1,1,0,0.0,0.0,0.0,0.0,0,0,0.0
529683211774083073,2014-11-04T17:14:53+00:00,2014-11-04T17:14:53+00:00,0.0,1,1,0,0.0,0.0,0.0,0.0,0,0,0.0
529684962778570753,2014-11-04T17:21:50+00:00,2014-11-04T18:23:44+00:00,3714.0,6,1,5,652.0,1678.6,0.0013462574044157242,0.09693053311793215,2,3,1.6666666666666667
529687410611728384,2014-11-04T17:31:34+00:00,2014-11-04T17:45:38+00:00,844.0,6,1,5,130.0,527.6,0.005924170616113744,0.4265402843601896,1,5,5.0
529688713253494785,2014-11-04T17:36:45+00:00,2014-11-04T17:53:32+00:00,1007.0,6,1,5,111.0,562.6,0.004965243296921549,0.3574975173783515,3,3,1.6666666666666667
529689679411810304,2014-11-04T17:40:35+00:00,2014-11-04T18:03:02+00:00,1347.0,6,1,5,26.0,696.6,0.003711952487008166,0.267260579064588,4,2,1.25
529689763230797824,2014-11-04T17:40:55+00:00,2014-11-05T04:15:19+00:00,38064.0,10,1,9,152.0,9622.0,0.0002364438839848676,0.015762925598991173,3,5,1.8
529691342168141824,2014-11-04T17:47:11+00:00,2014-11-04T17:47:11+00:00,0.0,1,1,0,0.0,0.0,0.0,0.0,0,0,0.0
529691396098510848,2014-11-04T17:47:24+00:00,2014-11-04T17:47:24+00:00,0.0,1,1,0,0.0,0.0,0.0,0.0,0,0,0.0
529691396169809921,2014-11-04T17:47:24+00:00,2014-11-04T17:47:24+00:00,0.0,1,1,0,0.0,0.0,0.0,0.0,0,0,0.0
529692457337118721,2014-11-04T17:51:37+00:00,2014-11-04T17:51:37+00:00,0.0,1,1,0,0.0,0.0,0.0,0.0,0,0,0.0
529692613780439040,2014-11-04T17:52:15+00:00,2014-11-04T17:52:15+00:00,0.0,1,1,0,0.0,0.0,0.0,0.0,0,0,0.0
529694805010685952,2014-11-04T18:00:57+00:00,2014-11-04T20:43:02+00:00,9725.0,11,1,10,116.0,4785.1,0.0010282776349614395,0.067866323907455,4,3,1.4285714285714286
529695075560071168,2014-11-04T18:02:01+00:00,2014-11-04T18:13:30+00:00,689.0,3,1,2,348.0,518.5,0.002902757619738752,0.2612481857764877,1,2,2.0
529695299200360448,2014-11-04T18:02:55+00:00,2014-11-04T18:02:55+00:00,0.0,1,1,0,0.0,0.0,0.0,0.0,0,0,0.0
529695308302000128,2014-11-04T18:02:57+00:00,2014-11-04T18:02:57+00:00,0.0,1,1,0,0.0,0.0,0.0,0.0,0,0,0.0
529695367680761856,2014-11-04T18:03:11+00:00,2014-11-04T18:25:55+00:00,1364.0,9,1,8,52.0,455.0,0.005865102639296188,0.39589442815249265,3,6,2.6666666666666665
529695483661664257,2014-11-04T18:03:39+00:00,2014-11-04T19:59:43+00:00,6964.0,11,1,10,585.0,2913.4,0.0014359563469270534,0.09477311889718552,2,4,3.0
529696730607271936,2014-11-04T18:08:36+00:00,2014-11-04T20:54:16+00:00,9940.0,22,1,21,486.0,5120.523809523809,0.002112676056338028,0.13279678068410464,4,7,2.0
529697032659673088,2014-11-04T18:09:48+00:00,2014-11-04T18:09:48+00:00,0.0,1,1,0,0.0,0.0,0.0,0.0,0,0,0.0
529698410879025153,2014-11-04T18:15:17+00:00,2014-11-04T18:15:17+00:00,0.0,1,1,0,0.0,0.0,0.0,0.0,0,0,0.0
529700827557285889,2014-11-04T18:24:53+00:00,2014-11-04T18:24:53+00:00,0.0,1,1,0,0.0,0.0,0.0,0.0,0,0,0.0
529700937053773824,2014-11-04T18:25:19+00:00,2014-11-04T18:25:19+00:00,0.0,1,1,0,0.0,0.0,0.0,0.0,0,0,0.0
529701740925698048,2014-11-04T18:28:31+00:00,2014-11-04T18:53:41+00:00,1510.0,3,1,2,436.0,973.0,0.0013245033112582781,0.11920529801324503,1,2,2.0
529702197916090370,2014-11-04T18:30:20+00:00,2014-11-04T19:31:05+00:00,3645.0,5,1,4,32.0,1208.5,0.0010973936899862826,0.0823045267489712,1,4,4.0
529702439164067840,2014-11-04T18:31:17+00:00,2014-11-04T20:48:32+00:00,8235.0,9,1,8,123.0,4921.625,0.0009714632665452338,0.06557377049180328,6,3,1.3333333333333333
529702456348139520,2014-11-04T18:31:21+00:00,2014-11-04T18:31:21+00:00,0.0,1,1,0,0.0,0.0,0.0,0.0,0,0,0.0
529702797349253121,2014-11-04T18:32:42+00:00,2014-11-04T21:51:58+00:00,11956.0,2,1,1,11956.0,11956.0,8.364001338240214e-05,0.010036801605888256,1,1,1.0
529704637301923840,2014-11-04T18:40:01+00:00,2014-11-04T18:40:01+00:00,0.0,1,1,0,0.0,0.0,0.0,0.0,0,0,0.0
529705050453835776,2014-11-04T18:41:40+00:00,2014-11-04T18:41:40+00:00,0.0,1,1,0,0.0,0.0,0.0,0.0,0,0,0.0
529706188032999425,2014-11-04T18:46:11+00:00,2014-11-04T18:46:11+00:00,0.0,1,1,0,0.0,0.0,0.0,0.0,0,0,0.0
529707148537004033,2014-11-04T18:50:00+00:00,2014-11-04T20:21:54+00:00,5514.0,10,1,9,278.0,2188.5555555555557,0.001632208922742111,0.1088139281828074,4,3,1.8
529708410464636929,2014-11-04T18:55:01+00:00,2014-11-04T18:56:22+00:00,81.0,2,1,1,81.0,81.0,0.012345679012345678,1.4814814814814814,1,1,1.0
529710975730323457,2014-11-04T19:05:12+00:00,2014-11-04T19:45:37+00:00,2425.0,5,1,4,85.0,880.75,0.0016494845360824743,0.12371134020618557,2,2,1.3333333333333333
529712119391199232,2014-11-04T19:09:45+00:00,2014-11-04T19:11:15+00:00,90.0,2,1,1,90.0,90.0,0.011111111111111112,1.3333333333333333,1,1,1.0
529713467184676864,2014-11-04T19:15:06+00:00,2014-11-04T21:00:21+00:00,6315.0,6,1,5,285.0,2583.4,0.000791765637371338,0.057007125890736345,3,3,1.6666666666666667
529714629745082369,2014-11-04T19:19:44+00:00,2014-11-04T19:19:44+00:00,0.0,1,1,0,0.0,0.0,0.0,0.0,0,0,0.0
529714770422022146,2014-11-04T19:20:17+00:00,2014-11-04T19:20:17+00:00,0.0,1,1,0,0.0,0.0,0.0,0.0,0,0,0.0
529715547538485248,2014-11-04T19:23:22+00:00,2014-11-04T19:23:22+00:00,0.0,1,1,0,0.0,0.0,0.0,0.0,0,0,0.0
529716182438653952,2014-11-04T19:25:54+00:00,2014-11-04T19:25:54+00:00,0.0,1,1,0,0.0,0.0,0.0,0.0,0,0,0.0
529716453792956416,2014-11-04T19:26:58+00:00,2014-11-05T00:48:04+00:00,19266.0,3,1,2,19244.0,19255.0,0.00010380982040901069,0.009342883836810962,1,2,2.0
529720273285566464,2014-11-04T19:42:09+00:00,2014-11-04T20:37:56+00:00,3347.0,21,1,20,56.0,613.45,0.005975500448162534,0.37645652823423964,3,12,3.0
529720675272249344,2014-11-04T19:43:45+00:00,2014-11-04T19:43:45+00:00,0.0,1,1,0,0.0,0.0,0.0,0.0,0,0,0.0
529721745486659584,2014-11-04T19:48:00+00:00,2014-11-04T19:58:04+00:00,604.0,5,1,4,97.0,314.75,0.006622516556291391,0.49668874172185434,1,4,4.0
529722176380076032,2014-11-04T19:49:43+00:00,2014-11-04T19:54:48+00:00,305.0,2,1,1,305.0,305.0,0.003278688524590164,0.3934426229508197,1,1,1.0
529722264615673856,2014-11-04T19:50:04+00:00,2014-11-04T21:31:21+00:00,6077.0,4,1,3,2595.0,3871.6666666666665,0.0004936646371564917,0.03949317097251934,1,2,2.0
529722288971984897,2014-11-04T19:50:10+00:00,2014-11-04T19:50:10+00:00,0.0,1,1,0,0.0,0.0,0.0,0.0,0,0,0.0
529722357267857408,2014-11-04T19:50:26+00:00,2014-11-04T20:44:00+00:00,3214.0,5,1,4,520.0,1921.75,0.0012445550715619166,0.09334163036714374,1,3,3.0
529722630363181056,2014-11-04T19:51:31+00:00,2014-11-04T19:51:31+00:00,0.0,1,1,0,0.0,0.0,0.0,0.0,0,0,0.0
529723023184498688,2014-11-04T19:53:05+00:00,2014-11-04T20:16:28+00:00,1403.0,2,1,1,1403.0,1403.0,0.0007127583749109052,0.08553100498930863,1,1,1.0
529723023591743488,2014-11-04T19:53:05+00:00,2014-11-04T19:53:05+00:00,0.0,1,1,0,0.0,0.0,0.0,0.0,0,0,0.0
529723362894176256,2014-11-04T19:54:26+00:00,2014-11-04T19:54:26+00:00,0.0,1,1,0,0.0,0.0,0.0,0.0,0,0,0.0
529723420268068865,2014-11-04T19:54:39+00:00,2014-11-04T20:14:48+00:00,1209.0,2,1,1,1209.0,1209.0,0.0008271298593879239,0.09925558312655088,1,1,1.0
529723420993683457,2014-11-04T19:54:40+00:00,2014-11-05T15:20:53+00:00,69973.0,16,1,15,120.0,62136.73333333333,0.00021436839923970674,0.013719577551341232,15,1,1.0
529723684454666240,2014-11-04T19:55:42+00:00,2014-11-04T20:11:03+00:00,921.0,14,1,13,40.0,403.15384615384613,0.014115092290988056,0.9120521172638437,2,9,6.0
529723708207030274,2014-11-04T19:55:48+00:00,2014-11-05T03:39:45+00:00,27837.0,2,1,1,27837.0,27837.0,3.5923411287135827e-05,0.004310809354456299,1,1,1.0
529723761428557824,2014-11-04T19:56:01+00:00,2014-11-04T19:56:01+00:00,0.0,1,1,0,0.0,0.0,0.0,0.0,0,0,0.0
529723807591038977,2014-11-04T19:56:12+00:00,2014-11-04T19:58:36+00:00,144.0,2,1,1,144.0,144.0,0.006944444444444444,0.8333333333333334,1,1,1.0
529724254183780355,2014-11-04T19:57:58+00:00,2014-11-04T19:57:58+00:00,0.0,1,1,0,0.0,0.0,0.0,0.0,0,0,0.0
529724755906400256,2014-11-04T19:59:58+00:00,2014-11-04T19:59:58+00:00,0.0,1,1,0,0.0,0.0,0.0,0.0,0,0,0.0
529724757366022145,2014-11-04T19:59:58+00:00,2014-11-04T20:35:02+00:00,2104.0,8,1,7,271.0,1085.857142857143,0.003326996197718631,0.22813688212927755,2,6,3.5
529724985775235072,2014-11-04T20:00:53+00:00,2014-11-04T20:35:43+00:00,2090.0,2,1,1,2090.0,2090.0,0.0004784688995215311,0.057416267942583726,1,1,1.0
529725387400835072,2014-11-04T20:02:28+00:00,2014-11-04T20:39:02+00:00,2194.0,4,1,3,165.0,843.0,0.0013673655423883319,0.10938924339106654,1,3,3.0
529725420162539520,2014-11-04T20:02:36+00:00,2014-11-04T20:02:36+00:00,0.0,1,1,0,0.0,0.0,0.0,0.0,0,0,0.0
529725532569886720,2014-11-04T20:03:03+00:00,2014-11-04T20:04:06+00:00,63.0,2,1,1,63.0,63.0,0.015873015873015872,1.9047619047619047,1,1,1.0
529725730603925505,2014-11-04T20:03:50+00:00,2014-11-04T22:13:34+00:00,7784.0,6,1,5,516.0,2655.2,0.0006423432682425488,0.04624871531346352,1,5,5.0
529725862246375424,2014-11-04T20:04:22+00:00,2014-11-04T20:04:22+00:00,0.0,1,1,0,0.0,0.0,0.0,0.0,0,0,0.0
529726211241803776,2014-11-04T20:05:45+00:00,2014-11-04T20:09:44+00:00,239.0,2,1,1,239.0,239.0,0.0041841004184100415,0.502092050209205,1,1,1.0
529726244834017280,2014-11-04T20:05:53+00:00,2014-11-04T20:15:14+00:00,561.0,2,1,1,561.0,561.0,0.0017825311942959,0.21390374331550802,1,1,1.0
529726566646177794,2014-11-04T20:07:09+00:00,2014-11-04T20:19:56+00:00,767.0,2,1,1,767.0,767.0,0.001303780964797914,0.15645371577574968,1,1,1.0
529726642902810625,2014-11-04T20:07:28+00:00,2014-11-04T21:22:26+00:00,4498.0,10,1,9,41.0,1079.3333333333333,0.0020008892841262785,0.1333926189417519,3,5,1.8
529726656941162496,2014-11-04T20:07:31+00:00,2014-11-04T20:11:17+00:00,226.0,3,1,2,18.0,122.0,0.008849557522123894,0.7964601769911505,1,2,2.0
529726825938030592,2014-11-04T20:08:11+00:00,2014-11-04T20:08:11+00:00,0.0,1,1,0,0.0,0.0,0.0,0.0,0,0,0.0
529726966178787328,2014-11-04T20:08:45+00:00,2014-11-04T20:12:39+00:00,234.0,2,1,1,234.0,234.0,0.004273504273504274,0.5128205128205129,1,1,1.0
529727006427340801,2014-11-04T20:08:54+00:00,2014-11-04T20:08:54+00:00,0.0,1,1,0,0.0,0.0,0.0,0.0,0,0,0.0
529727601280307201,2014-11-04T20:11:16+00:00,2014-11-04T20:15:12+00:00,236.0,4,1,3,68.0,143.33333333333334,0.012711864406779662,1.0169491525423728,1,3,3.0
529727794826457089,2014-11-04T20:12:02+00:00,2014-11-04T20:12:48+00:00,46.0,2,1,1,46.0,46.0,0.021739130434782608,2.608695652173913,1,1,1.0
529727813239451649,2014-11-04T20:12:07+00:00,2014-11-04T20:12:07+00:00,0.0,1,1,0,0.0,0.0,0.0,0.0,0,0,0.0
529728291545284608,2014-11-04T20:14:01+00:00,2014-11-04T21:24:17+00:00,4216.0,13,1,12,64.0,2101.1666666666665,0.0028462998102466793,0.18500948766603414,3,7,2.0
529728664137904128,2014-11-04T20:15:30+00:00,2014-11-04T21:05:37+00:00,3007.0,2,1,1,3007.0,3007.0,0.0003325573661456601,0.039906883937479216,1,1,1.0
529728722963034113,2014-11-04T20:15:44+00:00,2014-11-04T23:55:22+00:00,13178.0,4,1,3,171.0,6838.666666666667,0.0002276521475185916,0.018212171801487327,2,2,1.5
529729144536723456,2014-11-04T20:17:24+00:00,2014-11-04T20:17:24+00:00,0.0,1,1,0,0.0,0.0,0.0,0.0,0,0,0.0
529729262593773568,2014-11-04T20:17:52+00:00,2014-11-04T20:31:32+00:00,820.0,3,1,2,323.0,571.5,0.0024390243902439024,0.21951219512195122,2,1,1.0
529729911926583296,2014-11-04T20:20:27+00:00,2014-11-04T20:20:27+00:00,0.0,1,1,0,0.0,0.0,0.0,0.0,0,0,0.0
529729927835557888,2014-11-04T20:20:31+00:00,2014-11-04T20:24:10+00:00,219.0,10,1,9,61.0,132.66666666666666,0.0410958904109589,2.73972602739726,5,4,1.5
529730384989544449,2014-11-04T20:22:20+00:00,2014-11-04T20:22:20+00:00,0.0,1,1,0,0.0,0.0,0.0,0.0,0,0,0.0
529730550169624579,2014-11-04T20:22:59+00:00,2014-11-04T22:15:48+00:00,6769.0,4,1,3,1110.0,4817.0,0.00044319692716797166,0.035455754173437735,2,2,1.5
529730804688375809,2014-11-04T20:24:00+00:00,2014-11-04T20:24:00+00:00,0.0,1,1,0,0.0,0.0,0.0,0.0,0,0,0.0
529731160025612288,2014-11-04T20:25:25+00:00,2014-11-04T20:25:25+00:00,0.0,1,1,0,0.0,0.0,0.0,0.0,0,0,0.0
529731332717678593,2014-11-04T20:26:06+00:00,2014-11-04T20:26:06+00:00,0.0,1,1,0,0.0,0.0,0.0,0.0,0,0,0.0
529731453865955328,2014-11-04T20:26:35+00:00,2014-11-04T21:18:12+00:00,3097.0,2,1,1,3097.0,3097.0,0.00032289312237649337,0.03874717468517921,1,1,1.0
529731513613836288,2014-11-04T20:26:49+00:00,2014-11-04T21:46:07+00:00,4758.0,7,1,6,2675.0,3890.5,0.0012610340479192938,0.08827238335435057,5,1,1.0
529732310099578880,2014-11-04T20:29:59+00:00,2014-11-04T20:29:59+00:00,0.0,1,1,0,0.0,0.0,0.0,0.0,0,0,0.0
529732350402646016,2014-11-04T20:30:08+00:00,2014-11-04T20:30:08+00:00,0.0,1,1,0,0.0,0.0,0.0,0.0,0,0,0.0
529733015862513664,2014-11-04T20:32:47+00:00,2014-11-04T20:53:52+00:00,1265.0,2,1,1,1265.0,1265.0,0.0007905138339920949,0.09486166007905139,1,1,1.0
529733645435949056,2014-11-04T20:35:17+00:00,2014-11-04T20:35:17+00:00,0.0,1,1,0,0.0,0.0,0.0,0.0,0,0,0.0
529733930199814144,2014-11-04T20:36:25+00:00,2014-11-04T20:39:32+00:00,187.0,2,1,1,187.0,187.0,0.0053475935828877,0.6417112299465241,1,1,1.0
529733937170771969,2014-11-04T20:36:27+00:00,2014-11-04T21:11:06+00:00,2079.0,3,1,2,1919.0,1999.0,0.000962000962000962,0.08658008658008659,2,1,1.0
529734113608359936,2014-11-04T20:37:09+00:00,2014-11-04T20:37:09+00:00,0.0,1,1,0,0.0,0.0,0.0,0.0,0,0,0.0
529734565599121410,2014-11-04T20:38:57+00:00,2014-11-05T17:00:49+00:00,73312.0,2,1,1,73312.0,73312.0,1.3640331732867743e-05,0.0016368398079441293,1,1,1.0
529734612998955008,2014-11-04T20:39:08+00:00,2014-11-05T00:49:58+00:00,15050.0,8,1,7,54.0,2626.0,0.00046511627906976747,0.03189368770764119,1,7,7.0
529734972249505795,2014-11-04T20:40:34+00:00,2014-11-04T20:40:34+00:00,0.0,1,1,0,0.0,0.0,0.0,0.0,0,0,0.0
529735459069788161,2014-11-04T20:42:30+00:00,2014-11-05T02:05:30+00:00,19380.0,12,1,11,216.0,9767.727272727272,0.0005675954592363261,0.03715170278637771,4,4,1.4285714285714286
529735608676413441,2014-11-04T20:43:05+00:00,2014-11-04T22:06:38+00:00,5013.0,3,1,2,293.0,2653.0,0.00039896269698783165,0.03590664272890485,1,2,2.0
529735664347406339,2014-11-04T20:43:19+00:00,2014-11-04T20:43:19+00:00,0.0,1,1,0,0.0,0.0,0.0,0.0,0,0,0.0
529735674405326848,2014-11-04T20:43:21+00:00,2014-11-04T20:43:21+00:00,0.0,1,1,0,0.0,0.0,0.0,0.0,0,0,0.0
529735706386898944,2014-11-04T20:43:29+00:00,2014-11-04T21:24:08+00:00,2439.0,2,1,1,2439.0,2439.0,0.0004100041000410004,0.04920049200492005,1,1,1.0
529736110667468800,2014-11-04T20:45:05+00:00,2014-11-04T20:45:05+00:00,0.0,1,1,0,0.0,0.0,0.0,0.0,0,0,0.0
529736435780583424,2014-11-04T20:46:22+00:00,2014-11-04T20:46:22+00:00,0.0,1,1,0,0.0,0.0,0.0,0.0,0,0,0.0
529738126026358784,2014-11-04T20:53:05+00:00,2014-11-04T20:58:20+00:00,315.0,2,1,1,315.0,315.0,0.0031746031746031746,0.38095238095238093,1,1,1.0
529738310022090752,2014-11-04T20:53:49+00:00,2014-11-04T20:53:49+00:00,0.0,1,1,0,0.0,0.0,0.0,0.0,0,0,0.0
529738730748534786,2014-11-04T20:55:30+00:00,2014-11-04T21:00:50+00:00,320.0,2,1,1,320.0,320.0,0.003125,0.375,1,1,1.0
529739770524860418,2014-11-04T20:59:38+00:00,2014-11-04T21:05:24+00:00,346.0,3,1,2,185.0,265.5,0.005780346820809248,0.5202312138728323,2,1,1.0
529739968470867968,2014-11-04T21:00:25+00:00,2014-11-05T02:49:17+00:00,20932.0,12,1,11,200.0,3041.181818181818,0.0005255111790559908,0.03439709535639213,1,9,9.0
529740161144602624,2014-11-04T21:01:11+00:00,2014-11-04T21:01:11+00:00,0.0,1,1,0,0.0,0.0,0.0,0.0,0,0,0.0
529742159352975362,2014-11-04T21:09:07+00:00,2014-11-04T22:05:03+00:00,3356.0,4,1,3,138.0,1248.0,0.0008939213349225268,0.07151370679380215,1,3,3.0
529742801274429440,2014-11-04T21:11:40+00:00,2014-11-04T21:11:40+00:00,0.0,1,1,0,0.0,0.0,0.0,0.0,0,0,0.0
529743499588276226,2014-11-04T21:14:27+00:00,2014-11-04T21:14:27+00:00,0.0,1,1,0,0.0,0.0,0.0,0.0,0,0,0.0
529745609969131522,2014-11-04T21:22:50+00:00,2014-11-04T21:27:01+00:00,251.0,3,1,2,185.0,218.0,0.00796812749003984,0.7171314741035856,2,1,1.0
529746217098825728,2014-11-04T21:25:15+00:00,2014-11-05T01:44:29+00:00,15554.0,4,1,3,1310.0,6234.666666666667,0.00019287643050019287,0.015430114440015429,2,1,1.0
529746982106324992,2014-11-04T21:28:17+00:00,2014-11-04T21:29:47+00:00,90.0,2,1,1,90.0,90.0,0.011111111111111112,1.3333333333333333,1,1,1.0
529749273211330562,2014-11-04T21:37:23+00:00,2014-11-04T22:04:52+00:00,1649.0,4,1,3,848.0,1230.0,0.0018192844147968466,0.1455427531837477,2,2,1.5
529749285198655488,2014-11-04T21:37:26+00:00,2014-11-04T21:37:26+00:00,0.0,1,1,0,0.0,0.0,0.0,0.0,0,0,0.0
529752475541442560,2014-11-04T21:50:07+00:00,2014-11-04T21:50:07+00:00,0.0,1,1,0,0.0,0.0,0.0,0.0,0,0,0.0
529755373721632768,2014-11-04T22:01:38+00:00,2014-11-04T22:01:38+00:00,0.0,1,1,0,0.0,0.0,0.0,0.0,0,0,0.0
529756814175633411,2014-11-04T22:07:21+00:00,2014-11-04T22:07:21+00:00,0.0,1,1,0,0.0,0.0,0.0,0.0,0,0,0.0
529757077200449536,2014-11-04T22:08:24+00:00,2014-11-04T22:08:24+00:00,0.0,1,1,0,0.0,0.0,0.0,0.0,0,0,0.0
529757088881573889,2014-11-04T22:08:27+00:00,2014-11-04T22:46:39+00:00,2292.0,6,1,5,24.0,1181.4,0.002181500872600349,0.15706806282722513,5,1,1.0
529758256596787200,2014-11-04T22:13:05+00:00,2014-11-04T23:47:20+00:00,5655.0,4,1,3,58.0,2543.0,0.0005305039787798408,0.042440318302387266,1,3,3.0
529761572881985536,2014-11-04T22:26:16+00:00,2014-11-04T22:26:16+00:00,0.0,1,1,0,0.0,0.0,0.0,0.0,0,0,0.0
529762820108607489,2014-11-04T22:31:13+00:00,2014-11-04T22:32:20+00:00,67.0,2,1,1,67.0,67.0,0.014925373134328358,1.791044776119403,1,1,1.0
529763844176896000,2014-11-04T22:35:17+00:00,2014-11-05T04:38:41+00:00,21804.0,15,1,14,603.0,4228.357142857143,0.000642084021280499,0.04127682993946065,5,7,1.75
529763954231607297,2014-11-04T22:35:43+00:00,2014-11-05T02:57:06+00:00,15683.0,6,1,5,207.0,3736.6,0.00031881655295542947,0.02295479181279092,3,3,1.6666666666666667
529765936199647233,2014-11-04T22:43:36+00:00,2014-11-05T00:01:46+00:00,4690.0,5,1,4,825.0,1811.5,0.0008528784648187633,0.06396588486140725,2,3,2.0
529771847186124800,2014-11-04T23:07:05+00:00,2014-11-05T02:07:16+00:00,10811.0,16,1,15,67.0,4204.533333333334,0.0013874757191749145,0.08879844602719453,6,8,2.142857142857143
529773194027073537,2014-11-04T23:12:26+00:00,2014-11-05T01:50:12+00:00,9466.0,5,1,4,616.0,4064.0,0.0004225649693640397,0.031692372702302976,4,1,1.0
529773317889064960,2014-11-04T23:12:56+00:00,2014-11-04T23:12:56+00:00,0.0,1,1,0,0.0,0.0,0.0,0.0,0,0,0.0
529775258698399746,2014-11-04T23:20:39+00:00,2014-11-04T23:20:39+00:00,0.0,1,1,0,0.0,0.0,0.0,0.0,0,0,0.0
529775890767437825,2014-11-04T23:23:09+00:00,2014-11-04T23:23:09+00:00,0.0,1,1,0,0.0,0.0,0.0,0.0,0,0,0.0
529776116773298176,2014-11-04T23:24:03+00:00,2014-11-05T00:03:49+00:00,2386.0,3,1,2,153.0,1269.5,0.0008382229673093043,0.07544006705783739,2,1,1.0
529778109290012673,2014-11-04T23:31:58+00:00,2014-11-04T23:36:59+00:00,301.0,2,1,1,301.0,301.0,0.0033222591362126247,0.39867109634551495,1,1,1.0
529818929607475201,2014-11-05T02:14:11+00:00,2014-11-07T02:45:25+00:00,174674.0,14,1,13,427.0,31234.30769230769,7.442435622931862e-05,0.004808958402509818,2,12,6.5
529828486975066112,2014-11-05T02:52:09+00:00,2014-11-05T19:59:26+00:00,61637.0,7,1,6,920.0,43939.333333333336,9.734412771549556e-05,0.006814088940084689,1,6,6.0
529830319982407680,2014-11-05T02:59:26+00:00,2014-11-05T02:59:26+00:00,0.0,1,1,0,0.0,0.0,0.0,0.0,0,0,0.0
529830606210093058,2014-11-05T03:00:34+00:00,2014-11-05T03:48:54+00:00,2900.0,5,1,4,243.0,1179.25,0.001379310344827586,0.10344827586206896,2,3,2.0
535241189234982912,2014-11-20T01:20:18+00:00,2014-11-20T01:20:18+00:00,0.0,1,1,0,0.0,0.0,0.0,0.0,0,0,0.0
535270217689993216,2014-11-20T03:15:39+00:00,2014-11-20T03:15:39+00:00,0.0,1,1,0,0.0,0.0,0.0,0.0,0,0,0.0
535342545283588096,2014-11-20T08:03:03+00:00,2014-11-20T08:03:03+00:00,0.0,1,1,0,0.0,0.0,0.0,0.0,0,0,0.0
535386605666979840,2014-11-20T10:58:08+00:00,2014-11-20T10:58:08+00:00,0.0,1,1,0,0.0,0.0,0.0,0.0,0,0,0.0
535391478969675776,2014-11-20T11:17:30+00:00,2014-11-20T11:17:30+00:00,0.0,1,1,0,0.0,0.0,0.0,0.0,0,0,0.0
535397927548878849,2014-11-20T11:43:07+00:00,2014-11-20T11:43:07+00:00,0.0,1,1,0,0.0,0.0,0.0,0.0,0,0,0.0
535415010361487360,2014-11-20T12:51:00+00:00,2014-11-20T12:51:00+00:00,0.0,1,1,0,0.0,0.0,0.0,0.0,0,0,0.0
535415869862473729,2014-11-20T12:54:25+00:00,2014-11-20T12:54:25+00:00,0.0,1,1,0,0.0,0.0,0.0,0.0,0,0,0.0
535425236871544832,2014-11-20T13:31:38+00:00,2014-11-20T13:31:38+00:00,0.0,1,1,0,0.0,0.0,0.0,0.0,0,0,0.0
535434467696189440,2014-11-20T14:08:19+00:00,2014-11-20T14:18:53+00:00,634.0,2,1,1,634.0,634.0,0.0015772870662460567,0.18927444794952683,1,1,1.0
535438499432771584,2014-11-20T14:24:20+00:00,2014-11-20T14:24:20+00:00,0.0,1,1,0,0.0,0.0,0.0,0.0,0,0,0.0
535439290667241472,2014-11-20T14:27:29+00:00,2014-11-20T14:27:29+00:00,0.0,1,1,0,0.0,0.0,0.0,0.0,0,0,0.0
535440024930902017,2014-11-20T14:30:24+00:00,2014-11-20T14:30:24+00:00,0.0,1,1,0,0.0,0.0,0.0,0.0,0,0,0.0
535449972913614848,2014-11-20T15:09:56+00:00,2014-11-20T15:09:56+00:00,0.0,1,1,0,0.0,0.0,0.0,0.0,0,0,0.0
535450182142672897,2014-11-20T15:10:46+00:00,2014-11-20T15:18:36+00:00,470.0,5,1,4,230.0,303.25,0.00851063829787234,0.6382978723404256,3,2,1.3333333333333333
535450705134649345,2014-11-20T15:12:50+00:00,2014-11-20T15:16:10+00:00,200.0,2,1,1,200.0,200.0,0.005,0.6,1,1,1.0
535463053190778880,2014-11-20T16:01:54+00:00,2014-11-20T16:01:54+00:00,0.0,1,1,0,0.0,0.0,0.0,0.0,0,0,0.0
535472483756154880,2014-11-20T16:39:23+00:00,2014-11-20T16:39:23+00:00,0.0,1,1,0,0.0,0.0,0.0,0.0,0,0,0.0
535482306585042944,2014-11-20T17:18:25+00:00,2014-11-20T17:18:25+00:00,0.0,1,1,0,0.0,0.0,0.0,0.0,0,0,0.0
535517405921804288,2014-11-20T19:37:53+00:00,2014-11-20T19:37:53+00:00,0.0,1,1,0,0.0,0.0,0.0,0.0,0,0,0.0
535524640031256576,2014-11-20T20:06:38+00:00,2014-11-20T20:06:38+00:00,0.0,1,1,0,0.0,0.0,0.0,0.0,0,0,0.0
535552999624826882,2014-11-20T21:59:19+00:00,2014-11-20T21:59:19+00:00,0.0,1,1,0,0.0,0.0,0.0,0.0,0,0,0.0
535556368552714240,2014-11-20T22:12:43+00:00,2014-11-20T22:12:43+00:00,0.0,1,1,0,0.0,0.0,0.0,0.0,0,0,0.0
535656301833895937,2014-11-21T04:49:49+00:00,2014-11-21T04:49:49+00:00,0.0,1,1,0,0.0,0.0,0.0,0.0,0,0,0.0
535708968837206016,2014-11-21T08:19:05+00:00,2014-11-21T08:19:05+00:00,0.0,1,1,0,0.0,0.0,0.0,0.0,0,0,0.0
535711053686898689,2014-11-21T08:27:22+00:00,2014-11-21T08:27:22+00:00,0.0,1,1,0,0.0,0.0,0.0,0.0,0,0,0.0
535721996391178242,2014-11-21T09:10:51+00:00,2014-11-21T09:10:51+00:00,0.0,1,1,0,0.0,0.0,0.0,0.0,0,0,0.0
535772174053687297,2014-11-21T12:30:15+00:00,2014-11-21T12:30:15+00:00,0.0,1,1,0,0.0,0.0,0.0,0.0,0,0,0.0
535792764135280640,2014-11-21T13:52:04+00:00,2014-11-21T13:52:04+00:00,0.0,1,1,0,0.0,0.0,0.0,0.0,0,0,0.0
535804563832315904,2014-11-21T14:38:57+00:00,2014-11-21T14:38:57+00:00,0.0,1,1,0,0.0,0.0,0.0,0.0,0,0,0.0
535818207542923265,2014-11-21T15:33:10+00:00,2014-11-21T15:33:10+00:00,0.0,1,1,0,0.0,0.0,0.0,0.0,0,0,0.0
535822193150537728,2014-11-21T15:49:00+00:00,2014-11-21T15:49:00+00:00,0.0,1,1,0,0.0,0.0,0.0,0.0,0,0,0.0
535828163402543104,2014-11-21T16:12:44+00:00,2014-11-21T19:07:54+00:00,10510.0,8,1,7,8688.0,10006.0,0.0006660323501427212,0.04567078972407231,7,1,1.0
535919972439322624,2014-11-21T22:17:32+00:00,2014-11-21T22:17:32+00:00,0.0,1,1,0,0.0,0.0,0.0,0.0,0,0,0.0
535926525422358528,2014-11-21T22:43:35+00:00,2014-11-21T22:43:35+00:00,0.0,1,1,0,0.0,0.0,0.0,0.0,0,0,0.0
535936169196810240,2014-11-21T23:21:54+00:00,2014-11-21T23:21:54+00:00,0.0,1,1,0,0.0,0.0,0.0,0.0,0,0,0.0
535942066694803456,2014-11-21T23:45:20+00:00,2014-11-21T23:46:00+00:00,40.0,2,1,1,40.0,40.0,0.025,3.0,1,1,1.0
535951209316642816,2014-11-22T00:21:40+00:00,2014-11-22T00:21:40+00:00,0.0,1,1,0,0.0,0.0,0.0,0.0,0,0,0.0
535952893589725184,2014-11-22T00:28:22+00:00,2014-11-22T00:28:22+00:00,0.0,1,1,0,0.0,0.0,0.0,0.0,0,0,0.0
535960367055118337,2014-11-22T00:58:03+00:00,2014-11-22T00:58:03+00:00,0.0,1,1,0,0.0,0.0,0.0,0.0,0,0,0.0
535966185477931010,2014-11-22T01:21:11+00:00,2014-11-22T01:21:11+00:00,0.0,1,1,0,0.0,0.0,0.0,0.0,0,0,0.0
535967306799538176,2014-11-22T01:25:38+00:00,2014-11-22T01:25:38+00:00,0.0,1,1,0,0.0,0.0,0.0,0.0,0,0,0.0
535986492879810560,2014-11-22T02:41:52+00:00,2014-11-22T02:41:52+00:00,0.0,1,1,0,0.0,0.0,0.0,0.0,0,0,0.0
536050365406253056,2014-11-22T06:55:41+00:00,2014-11-22T06:55:41+00:00,0.0,1,1,0,0.0,0.0,0.0,0.0,0,0,0.0
536127932918681602,2014-11-22T12:03:54+00:00,2014-11-22T12:03:54+00:00,0.0,1,1,0,0.0,0.0,0.0,0.0,0,0,0.0
536141476460507136,2014-11-22T12:57:43+00:00,2014-11-22T12:57:43+00:00,0.0,1,1,0,0.0,0.0,0.0,0.0,0,0,0.0
536223820131360769,2014-11-22T18:24:55+00:00,2014-11-22T18:24:55+00:00,0.0,1,1,0,0.0,0.0,0.0,0.0,0,0,0.0
536228944299958272,2014-11-22T18:45:17+00:00,2014-11-22T18:45:17+00:00,0.0,1,1,0,0.0,0.0,0.0,0.0,0,0,0.0
536323971239903234,2014-11-23T01:02:53+00:00,2014-11-23T01:02:53+00:00,0.0,1,1,0,0.0,0.0,0.0,0.0,0,0,0.0
536333336353193985,2014-11-23T01:40:06+00:00,2014-11-23T01:40:06+00:00,0.0,1,1,0,0.0,0.0,0.0,0.0,0,0,0.0
536425735771414528,2014-11-23T07:47:16+00:00,2014-11-23T07:47:16+00:00,0.0,1,1,0,0.0,0.0,0.0,0.0,0,0,0.0
536439239118831617,2014-11-23T08:40:55+00:00,2014-11-23T08:40:55+00:00,0.0,1,1,0,0.0,0.0,0.0,0.0,0,0,0.0
536464887015567360,2014-11-23T10:22:50+00:00,2014-11-23T10:22:50+00:00,0.0,1,1,0,0.0,0.0,0.0,0.0,0,0,0.0
536489596423774208,2014-11-23T12:01:01+00:00,2014-11-23T12:04:09+00:00,188.0,2,1,1,188.0,188.0,0.005319148936170213,0.6382978723404256,1,1,1.0
536504937401049089,2014-11-23T13:01:59+00:00,2014-11-23T13:01:59+00:00,0.0,1,1,0,0.0,0.0,0.0,0.0,0,0,0.0
536514538850750464,2014-11-23T13:40:08+00:00,2014-11-23T13:40:08+00:00,0.0,1,1,0,0.0,0.0,0.0,0.0,0,0,0.0
536532934014926849,2014-11-23T14:53:14+00:00,2014-11-23T14:53:14+00:00,0.0,1,1,0,0.0,0.0,0.0,0.0,0,0,0.0
536666052277448704,2014-11-23T23:42:12+00:00,2014-11-23T23:42:12+00:00,0.0,1,1,0,0.0,0.0,0.0,0.0,0,0,0.0
536696108823896065,2014-11-24T01:41:38+00:00,2014-11-24T01:41:38+00:00,0.0,1,1,0,0.0,0.0,0.0,0.0,0,0,0.0
536733651544072192,2014-11-24T04:10:49+00:00,2014-11-24T04:10:49+00:00,0.0,1,1,0,0.0,0.0,0.0,0.0,0,0,0.0
536760961692999680,2014-11-24T05:59:20+00:00,2014-11-24T05:59:20+00:00,0.0,1,1,0,0.0,0.0,0.0,0.0,0,0,0.0
536777819204775936,2014-11-24T07:06:19+00:00,2014-11-24T07:06:19+00:00,0.0,1,1,0,0.0,0.0,0.0,0.0,0,0,0.0
536778036180680704,2014-11-24T07:07:11+00:00,2014-11-24T07:07:11+00:00,0.0,1,1,0,0.0,0.0,0.0,0.0,0,0,0.0
536782128109740032,2014-11-24T07:23:26+00:00,2014-11-24T07:23:26+00:00,0.0,1,1,0,0.0,0.0,0.0,0.0,0,0,0.0
536783143865688064,2014-11-24T07:27:29+00:00,2014-11-24T10:26:18+00:00,10729.0,2,1,1,10729.0,10729.0,9.320533134495293e-05,0.011184639761394352,1,1,1.0
536787694169632768,2014-11-24T07:45:33+00:00,2014-11-24T07:45:33+00:00,0.0,1,1,0,0.0,0.0,0.0,0.0,0,0,0.0
536805431360749568,2014-11-24T08:56:02+00:00,2014-11-24T08:56:02+00:00,0.0,1,1,0,0.0,0.0,0.0,0.0,0,0,0.0
536805993334571008,2014-11-24T08:58:16+00:00,2014-11-24T08:58:16+00:00,0.0,1,1,0,0.0,0.0,0.0,0.0,0,0,0.0
536809338766364672,2014-11-24T09:11:34+00:00,2014-11-24T09:11:34+00:00,0.0,1,1,0,0.0,0.0,0.0,0.0,0,0,0.0
536810390739755009,2014-11-24T09:15:45+00:00,2014-11-24T09:15:45+00:00,0.0,1,1,0,0.0,0.0,0.0,0.0,0,0,0.0
536812027571109888,2014-11-24T09:22:15+00:00,2014-11-24T09:22:15+00:00,0.0,1,1,0,0.0,0.0,0.0,0.0,0,0,0.0
536822580720984064,2014-11-24T10:04:11+00:00,2014-11-24T10:04:11+00:00,0.0,1,1,0,0.0,0.0,0.0,0.0,0,0,0.0
536824260615237632,2014-11-24T10:10:52+00:00,2014-11-24T10:16:29+00:00,337.0,2,1,1,337.0,337.0,0.002967359050445104,0.3560830860534125,1,1,1.0
536824581341073408,2014-11-24T10:12:08+00:00,2014-11-24T10:12:08+00:00,0.0,1,1,0,0.0,0.0,0.0,0.0,0,0,0.0
536824745459998720,2014-11-24T10:12:47+00:00,2014-11-24T10:12:47+00:00,0.0,1,1,0,0.0,0.0,0.0,0.0,0,0,0.0
536824746298843136,2014-11-24T10:12:47+00:00,2014-11-24T10:12:47+00:00,0.0,1,1,0,0.0,0.0,0.0,0.0,0,0,0.0
536825153372831744,2014-11-24T10:14:24+00:00,2014-11-24T10:14:24+00:00,0.0,1,1,0,0.0,0.0,0.0,0.0,0,0,0.0
536825222050365440,2014-11-24T10:14:41+00:00,2014-11-24T10:14:41+00:00,0.0,1,1,0,0.0,0.0,0.0,0.0,0,0,0.0
536825222608203776,2014-11-24T10:14:41+00:00,2014-11-24T10:14:41+00:00,0.0,1,1,0,0.0,0.0,0.0,0.0,0,0,0.0
536825223061180416,2014-11-24T10:14:41+00:00,2014-11-24T13:12:51+00:00,10690.0,4,1,3,195.0,3860.0,0.00028063610851262864,0.022450888681010292,1,3,3.0
536825223526756352,2014-11-24T10:14:41+00:00,2014-11-24T10:14:41+00:00,0.0,1,1,0,0.0,0.0,0.0,0.0,0,0,0.0
536825396990607360,2014-11-24T10:15:23+00:00,2014-11-24T10:15:23+00:00,0.0,1,1,0,0.0,0.0,0.0,0.0,0,0,0.0
536825651463217152,2014-11-24T10:16:23+00:00,2014-11-24T10:16:23+00:00,0.0,1,1,0,0.0,0.0,0.0,0.0,0,0,0.0
536825848624865280,2014-11-24T10:17:10+00:00,2014-11-24T10:17:10+00:00,0.0,1,1,0,0.0,0.0,0.0,0.0,0,0,0.0
536825996985790465,2014-11-24T10:17:46+00:00,2014-11-24T10:17:46+00:00,0.0,1,1,0,0.0,0.0,0.0,0.0,0,0,0.0
536826273667227649,2014-11-24T10:18:52+00:00,2014-11-24T10:18:52+00:00,0.0,1,1,0,0.0,0.0,0.0,0.0,0,0,0.0
536826643122503680,2014-11-24T10:20:20+00:00,2014-11-24T11:02:35+00:00,2535.0,17,1,16,261.0,1046.5625,0.00631163708086785,0.40236686390532544,3,14,5.333333333333333
536826754770685952,2014-11-24T10:20:46+00:00,2014-11-24T10:20:46+00:00,0.0,1,1,0,0.0,0.0,0.0,0.0,0,0,0.0
536826824219959296,2014-11-24T10:21:03+00:00,2014-11-24T10:21:03+00:00,0.0,1,1,0,0.0,0.0,0.0,0.0,0,0,0.0
536827540829384704,2014-11-24T10:23:54+00:00,2014-11-24T10:23:54+00:00,0.0,1,1,0,0.0,0.0,0.0,0.0,0,0,0.0
536827886926565376,2014-11-24T10:25:16+00:00,2014-11-24T10:25:16+00:00,0.0,1,1,0,0.0,0.0,0.0,0.0,0,0,0.0
536828314783346688,2014-11-24T10:26:58+00:00,2014-11-24T10:26:58+00:00,0.0,1,1,0,0.0,0.0,0.0,0.0,0,0,0.0
536828694107803651,2014-11-24T10:28:29+00:00,2014-11-24T10:28:29+00:00,0.0,1,1,0,0.0,0.0,0.0,0.0,0,0,0.0
536829324092268544,2014-11-24T10:30:59+00:00,2014-11-24T10:30:59+00:00,0.0,1,1,0,0.0,0.0,0.0,0.0,0,0,0.0
536830361817595905,2014-11-24T10:35:06+00:00,2014-11-24T10:35:06+00:00,0.0,1,1,0,0.0,0.0,0.0,0.0,0,0,0.0
536830857403961345,2014-11-24T10:37:04+00:00,2014-11-24T10:37:04+00:00,0.0,1,1,0,0.0,0.0,0.0,0.0,0,0,0.0
536830979714056192,2014-11-24T10:37:34+00:00,2014-11-24T10:37:34+00:00,0.0,1,1,0,0.0,0.0,0.0,0.0,0,0,0.0
536831367959420929,2014-11-24T10:39:06+00:00,2014-11-24T10:44:11+00:00,305.0,2,1,1,305.0,305.0,0.003278688524590164,0.3934426229508197,1,1,1.0
536831866721280000,2014-11-24T10:41:05+00:00,2014-11-24T10:41:05+00:00,0.0,1,1,0,0.0,0.0,0.0,0.0,0,0,0.0
536831867329466369,2014-11-24T10:41:05+00:00,2014-11-24T10:41:05+00:00,0.0,1,1,0,0.0,0.0,0.0,0.0,0,0,0.0
536832547062165504,2014-11-24T10:43:47+00:00,2014-11-24T10:43:47+00:00,0.0,1,1,0,0.0,0.0,0.0,0.0,0,0,0.0
536833104280055808,2014-11-24T10:46:00+00:00,2014-11-24T10:46:00+00:00,0.0,1,1,0,0.0,0.0,0.0,0.0,0,0,0.0
536833763326820352,2014-11-24T10:48:37+00:00,2014-11-24T10:48:37+00:00,0.0,1,1,0,0.0,0.0,0.0,0.0,0,0,0.0
536834351246225408,2014-11-24T10:50:57+00:00,2014-11-24T10:50:57+00:00,0.0,1,1,0,0.0,0.0,0.0,0.0,0,0,0.0
536835011941396481,2014-11-24T10:53:35+00:00,2014-11-24T10:53:35+00:00,0.0,1,1,0,0.0,0.0,0.0,0.0,0,0,0.0
536835327584141312,2014-11-24T10:54:50+00:00,2014-11-24T11:14:45+00:00,1195.0,2,1,1,1195.0,1195.0,0.0008368200836820083,0.100418410041841,1,1,1.0
536835870293512192,2014-11-24T10:57:00+00:00,2014-11-24T10:57:00+00:00,0.0,1,1,0,0.0,0.0,0.0,0.0,0,0,0.0
536835870897479680,2014-11-24T10:57:00+00:00,2014-11-24T10:57:00+00:00,0.0,1,1,0,0.0,0.0,0.0,0.0,0,0,0.0
536836468816498688,2014-11-24T10:59:22+00:00,2014-11-24T10:59:22+00:00,0.0,1,1,0,0.0,0.0,0.0,0.0,0,0,0.0
536836469542105088,2014-11-24T10:59:22+00:00,2014-11-24T10:59:22+00:00,0.0,1,1,0,0.0,0.0,0.0,0.0,0,0,0.0
536836675226177538,2014-11-24T11:00:11+00:00,2014-11-24T11:00:11+00:00,0.0,1,1,0,0.0,0.0,0.0,0.0,0,0,0.0
536836729190105089,2014-11-24T11:00:24+00:00,2014-11-24T11:00:24+00:00,0.0,1,1,0,0.0,0.0,0.0,0.0,0,0,0.0
536837309078200320,2014-11-24T11:02:43+00:00,2014-11-24T11:04:42+00:00,119.0,2,1,1,119.0,119.0,0.008403361344537815,1.0084033613445378,1,1,1.0
536837509167480832,2014-11-24T11:03:30+00:00,2014-11-24T11:03:30+00:00,0.0,1,1,0,0.0,0.0,0.0,0.0,0,0,0.0
536837810805039104,2014-11-24T11:04:42+00:00,2014-11-24T11:04:42+00:00,0.0,1,1,0,0.0,0.0,0.0,0.0,0,0,0.0
536839580419231745,2014-11-24T11:11:44+00:00,2014-11-24T11:11:44+00:00,0.0,1,1,0,0.0,0.0,0.0,0.0,0,0,0.0
536841860049043457,2014-11-24T11:20:48+00:00,2014-11-24T11:20:48+00:00,0.0,1,1,0,0.0,0.0,0.0,0.0,0,0,0.0
536842041586876416,2014-11-24T11:21:31+00:00,2014-11-24T11:21:31+00:00,0.0,1,1,0,0.0,0.0,0.0,0.0,0,0,0.0
536842936667750402,2014-11-24T11:25:04+00:00,2014-11-24T11:25:04+00:00,0.0,1,1,0,0.0,0.0,0.0,0.0,0,0,0.0
536843350281060353,2014-11-24T11:26:43+00:00,2014-11-24T11:26:43+00:00,0.0,1,1,0,0.0,0.0,0.0,0.0,0,0,0.0
536844180887449600,2014-11-24T11:30:01+00:00,2014-11-24T11:30:01+00:00,0.0,1,1,0,0.0,0.0,0.0,0.0,0,0,0.0
536844209982959616,2014-11-24T11:30:08+00:00,2014-11-24T11:30:08+00:00,0.0,1,1,0,0.0,0.0,0.0,0.0,0,0,0.0
536844214202400768,2014-11-24T11:30:09+00:00,2014-11-24T11:30:09+00:00,0.0,1,1,0,0.0,0.0,0.0,0.0,0,0,0.0
536844329000906752,2014-11-24T11:30:36+00:00,2014-11-24T11:30:36+00:00,0.0,1,1,0,0.0,0.0,0.0,0.0,0,0,0.0
536844860058529792,2014-11-24T11:32:43+00:00,2014-11-24T11:32:43+00:00,0.0,1,1,0,0.0,0.0,0.0,0.0,0,0,0.0
536844922088091648,2014-11-24T11:32:58+00:00,2014-11-24T11:32:58+00:00,0.0,1,1,0,0.0,0.0,0.0,0.0,0,0,0.0
536844923774205952,2014-11-24T11:32:58+00:00,2014-11-24T11:32:58+00:00,0.0,1,1,0,0.0,0.0,0.0,0.0,0,0,0.0
536845577938432000,2014-11-24T11:35:34+00:00,2014-11-24T11:35:34+00:00,0.0,1,1,0,0.0,0.0,0.0,0.0,0,0,0.0
536845700835733504,2014-11-24T11:36:03+00:00,2014-11-24T11:36:03+00:00,0.0,1,1,0,0.0,0.0,0.0,0.0,0,0,0.0
536845753394536448,2014-11-24T11:36:16+00:00,2014-11-24T11:36:16+00:00,0.0,1,1,0,0.0,0.0,0.0,0.0,0,0,0.0
536846436537999360,2014-11-24T11:38:59+00:00,2014-11-24T11:38:59+00:00,0.0,1,1,0,0.0,0.0,0.0,0.0,0,0,0.0
536847243631149056,2014-11-24T11:42:11+00:00,2014-11-24T11:42:11+00:00,0.0,1,1,0,0.0,0.0,0.0,0.0,0,0,0.0
536847375802052609,2014-11-24T11:42:43+00:00,2014-11-24T11:42:43+00:00,0.0,1,1,0,0.0,0.0,0.0,0.0,0,0,0.0
536848134681690112,2014-11-24T11:45:44+00:00,2014-11-24T11:45:44+00:00,0.0,1,1,0,0.0,0.0,0.0,0.0,0,0,0.0
536848139836481536,2014-11-24T11:45:45+00:00,2014-11-24T11:45:45+00:00,0.0,1,1,0,0.0,0.0,0.0,0.0,0,0,0.0
536848241556721665,2014-11-24T11:46:09+00:00,2014-11-24T12:13:03+00:00,1614.0,2,1,1,1614.0,1614.0,0.0006195786864931846,0.07434944237918216,1,1,1.0
536848662135980032,2014-11-24T11:47:49+00:00,2014-11-24T11:47:49+00:00,0.0,1,1,0,0.0,0.0,0.0,0.0,0,0,0.0
536848962775678976,2014-11-24T11:49:01+00:00,2014-11-24T12:37:11+00:00,2890.0,2,1,1,2890.0,2890.0,0.00034602076124567473,0.041522491349480974,1,1,1.0
544266241511133186,2014-12-14T23:02:38+00:00,2014-12-15T00:55:58+00:00,6800.0,8,1,7,912.0,2923.4285714285716,0.0010294117647058824,0.07058823529411765,1,7,7.0
544267656597995521,2014-12-14T23:08:15+00:00,2014-12-15T00:42:39+00:00,5664.0,26,1,25,357.0,1915.4,0.004413841807909605,0.2754237288135593,6,13,2.5
544268186292867072,2014-12-14T23:10:22+00:00,2014-12-15T01:36:08+00:00,8746.0,20,1,19,769.0,2107.4736842105262,0.0021724216784815916,0.1372055796935742,9,6,1.5833333333333333
544268637134393344,2014-12-14T23:12:09+00:00,2014-12-15T00:03:47+00:00,3098.0,19,1,18,98.0,1004.7777777777778,0.005810200129115558,0.36797934151065204,2,16,8.5
544268732046913536,2014-12-14T23:12:32+00:00,2014-12-15T02:03:16+00:00,10244.0,9,1,8,38.0,3131.75,0.0007809449433814916,0.052713783678250685,3,6,2.6666666666666665
544268900351766528,2014-12-14T23:13:12+00:00,2014-12-15T07:15:45+00:00,28953.0,9,1,8,512.0,10249.75,0.0002763098815321383,0.018650917003419334,4,5,2.0
544269221564137472,2014-12-14T23:14:29+00:00,2014-12-14T23:50:14+00:00,2145.0,24,1,23,335.0,1056.1739130434783,0.010722610722610723,0.6713286713286714,5,15,2.5555555555555554
544269749405097984,2014-12-14T23:16:34+00:00,2014-12-14T23:59:41+00:00,2587.0,16,1,15,189.0,1311.6666666666667,0.005798221878623889,0.3710862002319289,2,14,7.5
544269997745242112,2014-12-14T23:17:34+00:00,2014-12-15T03:14:09+00:00,14195.0,27,1,26,185.0,2861.653846153846,0.0018316308559351885,0.11412469179288481,8,9,1.7333333333333334
544270745744846848,2014-12-14T23:20:32+00:00,2014-12-15T20:59:29+00:00,77937.0,18,1,17,73.0,9581.70588235294,0.0002181248957491307,0.013857346318180069,1,17,17.0
544271069146656768,2014-12-14T23:21:49+00:00,2014-12-15T08:50:04+00:00,34095.0,13,1,12,214.0,4954.666666666667,0.0003519577650681918,0.02287725472943247,3,9,3.0
544271185903484929,2014-12-14T23:22:17+00:00,2014-12-15T04:26:24+00:00,18247.0,5,1,4,116.0,8654.75,0.00021921411738915985,0.01644105880418699,1,4,4.0
544271284796784640,2014-12-14T23:22:41+00:00,2014-12-14T23:55:35+00:00,1974.0,9,1,8,94.0,792.5,0.004052684903748734,0.27355623100303955,1,8,8.0
544271362022338560,2014-12-14T23:22:59+00:00,2014-12-15T00:27:18+00:00,3859.0,19,1,18,317.0,1988.2777777777778,0.00466442083441306,0.2954133195128272,11,7,1.5454545454545454
544271743331078144,2014-12-14T23:24:30+00:00,2014-12-15T01:36:34+00:00,7924.0,35,1,34,28.0,2413.823529411765,0.004290762241292277,0.26501766784452296,7,10,1.7
544271815007145984,2014-12-14T23:24:47+00:00,2014-12-15T11:47:42+00:00,44575.0,22,1,21,122.0,3835.6190476190477,0.0004711160964666293,0.029613011777902414,5,9,1.9090909090909092
544271815044894720,2014-12-14T23:24:47+00:00,2014-12-15T09:48:46+00:00,37439.0,11,1,10,672.0,8594.2,0.0002671011512059617,0.017628675979593472,3,7,2.5
544272134764122112,2014-12-14T23:26:03+00:00,2014-12-15T02:58:58+00:00,12775.0,18,1,17,26.0,1770.5294117647059,0.001330724070450098,0.08454011741682975,3,12,5.0
544272155144646656,2014-12-14T23:26:08+00:00,2014-12-14T23:58:14+00:00,1926.0,18,1,17,19.0,592.2352941176471,0.008826583592938734,0.5607476635514018,2,13,3.4
544272537341812736,2014-12-14T23:27:39+00:00,2014-12-15T18:29:18+00:00,68499.0,22,1,21,77.0,4998.857142857143,0.0003065738185958919,0.019270354311741775,3,9,3.0
544272561266503681,2014-12-14T23:27:45+00:00,2014-12-15T00:27:26+00:00,3581.0,10,1,9,261.0,869.7777777777778,0.002513264451270595,0.16755096341803966,1,9,9.0
544272701108797440,2014-12-14T23:28:18+00:00,2014-12-15T00:10:51+00:00,2553.0,11,1,10,101.0,914.2,0.0039169604386995694,0.2585193889541716,3,6,3.3333333333333335
544273050188148736,2014-12-14T23:29:41+00:00,2014-12-15T01:47:55+00:00,8294.0,20,1,19,264.0,2563.9473684210525,0.002290812635640222,0.14468290330359299,4,14,3.1666666666666665
544273220128739329,2014-12-14T23:30:22+00:00,2014-12-15T02:52:45+00:00,12143.0,40,1,39,9.0,7569.641025641025,0.0032117269208597546,0.19764473359136953,18,10,1.5
544273256174198785,2014-12-14T23:30:31+00:00,2014-12-15T20:12:54+00:00,74543.0,38,1,37,98.0,7624.243243243243,0.000496357806903398,0.03058637296593912,7,12,1.7619047619047619
544273427075710976,2014-12-14T23:31:11+00:00,2014-12-15T01:25:51+00:00,6880.0,23,1,22,43.0,1827.590909090909,0.003197674418604651,0.2005813953488372,2,17,4.4
544273459199893505,2014-12-14T23:31:19+00:00,2014-12-15T01:25:12+00:00,6833.0,26,1,25,20.0,1580.72,0.0036587150592711838,0.22830381969852187,6,11,2.1818181818181817
544273563872538624,2014-12-14T23:31:44+00:00,2014-12-15T16:35:28+00:00,61424.0,11,1,10,69.0,21310.0,0.00016280281323261266,0.010744985673352435,2,9,5.0
544273885437652992,2014-12-14T23:33:01+00:00,2014-12-15T01:04:05+00:00,5464.0,8,1,7,1209.0,3491.285714285714,0.001281112737920937,0.08784773060029283,1,7,7.0
544273888725577729,2014-12-14T23:33:01+00:00,2014-12-14T23:52:35+00:00,1174.0,18,1,17,41.0,700.0588235294117,0.014480408858603067,0.919931856899489,7,11,2.4285714285714284
544274364288364544,2014-12-14T23:34:55+00:00,2014-12-15T15:36:41+00:00,57706.0,12,1,11,92.0,7083.090909090909,0.00019062142584826535,0.01247703878279555,3,7,2.75
544274544174071809,2014-12-14T23:35:38+00:00,2014-12-15T01:38:25+00:00,7367.0,31,1,30,98.0,1226.3,0.00407221392697163,0.2524772634722411,6,7,2.142857142857143
544274585697280000,2014-12-14T23:35:48+00:00,2014-12-14T23:46:07+00:00,619.0,4,1,3,39.0,357.3333333333333,0.004846526655896607,0.3877221324717286,1,3,3.0
544274757689307136,2014-12-14T23:36:29+00:00,2014-12-15T00:53:50+00:00,4641.0,21,1,20,198.0,2148.35,0.004309416074121957,0.2714932126696833,5,12,2.857142857142857
544274797640044544,2014-12-14T23:36:38+00:00,2014-12-15T01:28:21+00:00,6703.0,11,1,10,50.0,2497.8,0.001491869312248247,0.09846337460838431,2,9,5.0
544274879055675392,2014-12-14T23:36:57+00:00,2014-12-15T07:56:27+00:00,29970.0,19,1,18,30.0,3749.222222222222,0.0006006006006006006,0.03803803803803804,4,10,2.2857142857142856
544274934835707905,2014-12-14T23:37:11+00:00,2014-12-15T02:38:31+00:00,10880.0,42,1,41,48.0,2731.878048780488,0.0037683823529411765,0.2316176470588235,10,8,1.4642857142857142
544275138712469504,2014-12-14T23:37:59+00:00,2014-12-15T11:46:53+00:00,43734.0,25,1,24,18.0,2925.5,0.0005487721223761833,0.03429825764851146,5,13,2.0
544275574642835456,2014-12-14T23:39:43+00:00,2014-12-15T02:12:43+00:00,9180.0,23,1,22,132.0,1402.909090909091,0.0023965141612200436,0.1503267973856209,8,11,2.4444444444444446
544275597464444929,2014-12-14T23:39:49+00:00,2014-12-14T23:54:22+00:00,873.0,3,1,2,825.0,849.0,0.002290950744558992,0.20618556701030927,1,2,2.0
544275733607366656,2014-12-14T23:40:21+00:00,2014-12-15T12:24:54+00:00,45873.0,50,1,49,77.0,3089.5714285714284,0.0010681664595731694,0.06539794650447976,7,8,1.7777777777777777
544276027644850176,2014-12-14T23:41:31+00:00,2014-12-15T13:45:11+00:00,50620.0,49,1,48,99.0,7901.729166666667,0.0009482418016594231,0.05807981035163967,10,12,2.2857142857142856
544276998017646593,2014-12-14T23:45:23+00:00,2014-12-15T00:00:37+00:00,914.0,21,1,20,58.0,435.8,0.02188183807439825,1.3785557986870898,3,17,6.666666666666667
544277113683980288,2014-12-14T23:45:50+00:00,2014-12-15T01:23:00+00:00,5830.0,23,1,22,96.0,1244.909090909091,0.0037735849056603774,0.2367066895368782,2,14,3.8
544277117039837184,2014-12-14T23:45:51+00:00,2014-12-15T11:53:39+00:00,43668.0,31,1,30,57.0,4355.033333333334,0.0006870019236053861,0.04259411926353394,5,16,2.5
544277336422486016,2014-12-14T23:46:43+00:00,2014-12-15T00:13:56+00:00,1633.0,20,1,19,181.0,825.421052631579,0.011635027556644213,0.7348438456827925,3,16,4.75
544277516773380097,2014-12-14T23:47:26+00:00,2014-12-15T07:48:01+00:00,28835.0,21,1,20,246.0,2783.85,0.000693601525923357,0.043696896133171494,8,12,2.2222222222222223
544277526248304640,2014-12-14T23:47:29+00:00,2014-12-15T00:56:37+00:00,4148.0,31,1,30,25.0,879.7333333333333,0.007232401157184185,0.44840887174541944,8,10,2.142857142857143
544277607723048961,2014-12-14T23:47:48+00:00,2014-12-15T00:18:26+00:00,1838.0,11,1,10,368.0,835.3,0.00544069640914037,0.3590859630032644,3,7,3.3333333333333335
544277650714677249,2014-12-14T23:47:58+00:00,2014-12-15T04:39:06+00:00,17468.0,13,1,12,74.0,2037.5833333333333,0.0006869704602702084,0.044653079917563544,3,8,3.0
544277728930062336,2014-12-14T23:48:17+00:00,2014-12-15T00:28:35+00:00,2418.0,34,1,33,11.0,622.0,0.013647642679900745,0.8436724565756825,8,12,1.65
544277817987330049,2014-12-14T23:48:38+00:00,2014-12-15T17:02:16+00:00,62018.0,19,1,18,62.0,5326.555555555556,0.00029023831790770424,0.018381760134154598,2,17,9.0
544277852968210432,2014-12-14T23:48:46+00:00,2014-12-15T08:41:05+00:00,31939.0,12,1,11,74.0,3541.909090909091,0.00034440652493816337,0.022542972541407056,3,9,3.6666666666666665
544277860555710464,2014-12-14T23:48:48+00:00,2014-12-15T10:52:18+00:00,39810.0,15,1,14,40.0,6711.357142857143,0.00035167043456417983,0.02260738507912585,9,4,1.4
544278202743402496,2014-12-14T23:50:10+00:00,2014-12-15T01:16:20+00:00,5170.0,12,1,11,207.0,2134.6363636363635,0.002127659574468085,0.13926499032882012,4,5,1.5714285714285714
544278335455776769,2014-12-14T23:50:42+00:00,2014-12-14T23:57:25+00:00,403.0,19,1,18,25.0,202.83333333333334,0.04466501240694789,2.8287841191067,2,14,5.333333333333333
544278913883447298,2014-12-14T23:52:59+00:00,2014-12-16T10:43:28+00:00,125429.0,23,1,22,40.0,17807.18181818182,0.0001753980339474922,0.011002240311251785,4,14,3.142857142857143
544278985249550337,2014-12-14T23:53:16+00:00,2014-12-16T02:56:03+00:00,97367.0,19,1,18,97.0,7754.166666666667,0.00018486756293199953,0.011708278985693306,2,16,9.0
544279103864860674,2014-12-14T23:53:45+00:00,2014-12-15T00:55:36+00:00,3711.0,22,1,21,34.0,646.1428571428571,0.005658852061438965,0.3556992724333064,5,16,3.5
544279262547935232,2014-12-14T23:54:23+00:00,2014-12-15T00:17:21+00:00,1378.0,11,1,10,72.0,558.8,0.00725689404934688,0.4789550072568941,5,6,2.0
544279603259248640,2014-12-14T23:55:44+00:00,2014-12-15T03:56:02+00:00,14418.0,4,1,3,455.0,5980.333333333333,0.00020807324178110696,0.016645859342488554,1,3,3.0
544279776765431809,2014-12-14T23:56:25+00:00,2014-12-15T00:45:05+00:00,2920.0,14,1,13,157.0,1153.0,0.004452054794520548,0.28767123287671237,4,10,3.25
544279945128591360,2014-12-14T23:57:05+00:00,2014-12-15T10:27:50+00:00,37845.0,19,1,18,354.0,6351.833333333333,0.0004756242568370987,0.030122869599682918,3,10,2.5714285714285716
544279950929321984,2014-12-14T23:57:07+00:00,2014-12-15T00:45:13+00:00,2886.0,21,1,20,64.0,1009.8,0.00693000693000693,0.43659043659043656,2,19,10.0
544280077778055168,2014-12-14T23:57:37+00:00,2014-12-17T15:09:58+00:00,227541.0,24,1,23,84.0,24238.869565217392,0.00010108068436018124,0.0063285298034200434,8,12,2.4444444444444446
544280217104031744,2014-12-14T23:58:10+00:00,2014-12-15T03:06:33+00:00,11303.0,9,1,8,41.0,2404.375,0.0007077766964522694,0.04777492701052818,1,8,8.0
544280391226761218,2014-12-14T23:58:52+00:00,2014-12-15T00:35:40+00:00,2208.0,24,1,23,34.0,537.7826086956521,0.010416666666666666,0.6521739130434783,5,9,2.0
544280397472088064,2014-12-14T23:58:53+00:00,2014-12-15T03:51:36+00:00,13963.0,11,1,10,346.0,4825.1,0.0007161784716751415,0.04726777913055934,3,6,3.3333333333333335
544280399044960256,2014-12-14T23:58:54+00:00,2014-12-15T04:21:50+00:00,15776.0,16,1,15,77.0,7725.8,0.0009508113590263692,0.060851926977687626,4,11,3.0
544280516821024769,2014-12-14T23:59:22+00:00,2014-12-16T13:00:55+00:00,133293.0,10,1,9,107.0,19669.11111111111,6.752042492854089e-05,0.004501361661902725,3,7,3.0
544280617160949760,2014-12-14T23:59:46+00:00,2014-12-15T11:23:57+00:00,41051.0,74,1,73,93.0,20765.027397260274,0.0017782758032691042,0.1081581447467784,19,8,1.7380952380952381
544280650455728129,2014-12-14T23:59:53+00:00,2014-12-15T00:51:42+00:00,3109.0,13,1,12,148.0,897.5,0.0038597619813444837,0.2508845287873914,2,9,4.0
544280707800264704,2014-12-15T00:00:07+00:00,2014-12-15T23:46:28+00:00,85581.0,10,1,9,119.0,12547.555555555555,0.0001051635292880429,0.007010901952536194,2,8,4.5
544280739290677249,2014-12-15T00:00:15+00:00,2014-12-15T00:00:15+00:00,0.0,1,1,0,0.0,0.0,0.0,0.0,0,0,0.0
544280765111218176,2014-12-15T00:00:21+00:00,2014-12-15T02:19:10+00:00,8329.0,21,1,20,45.0,1211.5,0.0024012486492976347,0.15127866490575098,5,15,4.0
544280873806610433,2014-12-15T00:00:47+00:00,2014-12-15T00:13:39+00:00,772.0,7,1,6,45.0,317.5,0.007772020725388601,0.544041450777202,2,5,3.0
544280923923959808,2014-12-15T00:00:59+00:00,2014-12-15T02:44:54+00:00,9835.0,14,1,13,207.0,3513.3076923076924,0.0013218098627351296,0.08540925266903915,2,6,4.333333333333333
544280929154637825,2014-12-15T00:01:00+00:00,2014-12-15T00:50:11+00:00,2951.0,10,1,9,63.0,898.7777777777778,0.003049813622500847,0.20332090816672316,1,9,9.0
544281012708970497,2014-12-15T00:01:20+00:00,2014-12-15T00:11:04+00:00,584.0,2,1,1,584.0,584.0,0.0017123287671232876,0.20547945205479454,1,1,1.0
544281014768795649,2014-12-15T00:01:20+00:00,2014-12-15T00:14:14+00:00,774.0,7,1,6,92.0,454.0,0.007751937984496124,0.5426356589147286,3,4,2.0
544281235271745537,2014-12-15T00:02:13+00:00,2014-12-15T02:09:46+00:00,7653.0,35,1,34,363.0,4224.088235294118,0.004442702208284333,0.27440219521756176,10,9,1.8235294117647058
544281589749137408,2014-12-15T00:03:37+00:00,2014-12-15T17:23:40+00:00,62403.0,15,1,14,184.0,7862.214285714285,0.00022434818838837876,0.01442238353925292,3,10,2.8
544281591833317377,2014-12-15T00:03:38+00:00,2014-12-15T01:16:35+00:00,4377.0,8,1,7,68.0,1388.7142857142858,0.0015992689056431345,0.10966415352981494,1,7,7.0
544281689233850370,2014-12-15T00:04:01+00:00,2014-12-15T00:54:28+00:00,3027.0,19,1,18,68.0,1138.1666666666667,0.005946481665014866,0.3766105054509415,2,14,4.25
544282005941530624,2014-12-15T00:05:17+00:00,2014-12-15T03:30:58+00:00,12341.0,15,1,14,101.0,3349.0714285714284,0.0011344299489506524,0.07292763957539908,5,10,2.8
544282015487787008,2014-12-15T00:05:19+00:00,2014-12-15T18:34:23+00:00,66544.0,39,1,38,1551.0,8811.973684210527,0.0005710507333493628,0.035164703053618664,8,5,1.52
544282127404388353,2014-12-15T00:05:46+00:00,2014-12-16T06:22:37+00:00,109011.0,6,1,5,263.0,22732.2,4.586693086018842e-05,0.0033024190219335665,1,4,4.0
544282227035869184,2014-12-15T00:06:09+00:00,2014-12-15T00:17:43+00:00,694.0,19,1,18,23.0,317.27777777777777,0.025936599423631124,1.6426512968299711,2,14,7.5
544282250503012352,2014-12-15T00:06:15+00:00,2014-12-15T00:28:29+00:00,1334.0,20,1,19,30.0,294.5263157894737,0.01424287856071964,0.8995502248875562,2,18,9.5
544282355989753857,2014-12-15T00:06:40+00:00,2014-12-15T00:13:09+00:00,389.0,22,1,21,40.0,174.52380952380952,0.05398457583547558,3.3933161953727504,4,14,3.0
544282393801007104,2014-12-15T00:06:49+00:00,2014-12-18T16:24:36+00:00,317867.0,71,1,70,37.0,53637.12857142857,0.00022021788987217924,0.013401831583649765,16,12,1.794871794871795
544282449388519424,2014-12-15T00:07:02+00:00,2014-12-15T03:28:51+00:00,12109.0,29,1,28,37.0,3760.1071428571427,0.002312329672144686,0.14369477248327692,12,16,2.1538461538461537
544282714237448192,2014-12-15T00:08:06+00:00,2014-12-15T02:39:13+00:00,9067.0,8,1,7,151.0,2652.8571428571427,0.0007720304400573508,0.052939230175361195,1,7,7.0
544282877278814208,2014-12-15T00:08:44+00:00,2014-12-15T01:30:02+00:00,4878.0,38,1,37,88.0,2693.6486486486488,0.007585075850758507,0.46740467404674046,19,12,1.7142857142857142
544283374911627264,2014-12-15T00:10:43+00:00,2014-12-15T23:42:56+00:00,84733.0,72,1,71,126.0,41616.84507042253,0.0008379261916844677,0.050983678141928175,18,19,1.7317073170731707
544283387087691776,2014-12-15T00:10:46+00:00,2014-12-15T02:32:48+00:00,8522.0,26,1,25,400.0,2745.52,0.002933583665806149,0.1830556207463037,3,4,2.25
544283714751328256,2014-12-15T00:12:04+00:00,2014-12-15T15:53:58+00:00,56514.0,79,1,78,58.0,3565.3333333333335,0.0013801889797218389,0.08387302261386559,10,9,1.7380952380952381
544283745939767296,2014-12-15T00:12:11+00:00,2014-12-15T04:53:35+00:00,16884.0,4,1,3,483.0,9488.0,0.00017768301350390902,0.014214641080312724,1,3,3.0
544283772569788416,2014-12-15T00:12:18+00:00,2014-12-15T02:23:21+00:00,7863.0,20,1,19,71.0,1892.1052631578948,0.002416380516342363,0.15261350629530712,2,17,6.333333333333333
544284078330376192,2014-12-15T00:13:31+00:00,2014-12-15T09:24:38+00:00,33067.0,13,1,12,19.0,7604.166666666667,0.000362899567544682,0.02358847189040433,1,12,12.0
544284455909998592,2014-12-15T00:15:01+00:00,2014-12-15T01:27:45+00:00,4364.0,23,1,22,263.0,1698.8636363636363,0.005041246562786435,0.3162236480293309,8,5,1.8333333333333333
544284483453595648,2014-12-15T00:15:07+00:00,2014-12-15T10:46:08+00:00,37861.0,19,1,18,93.0,2581.4444444444443,0.0004754232587623148,0.03011013972161327,2,13,3.6
544284526684286976,2014-12-15T00:15:18+00:00,2014-12-15T02:55:50+00:00,9632.0,32,1,31,28.0,3157.9032258064517,0.00321843853820598,0.19933554817275748,5,19,3.4444444444444446
544284577318318080,2014-12-15T00:15:30+00:00,2014-12-15T01:41:05+00:00,5135.0,15,1,14,60.0,1235.5,0.002726387536514119,0.17526777020447906,1,14,14.0
544284599996526592,2014-12-15T00:15:35+00:00,2014-12-15T03:14:29+00:00,10734.0,18,1,17,125.0,3121.3529411764707,0.0015837525619526738,0.10061486864169927,2,15,5.666666666666667
544284823041212416,2014-12-15T00:16:28+00:00,2014-12-15T02:20:39+00:00,7451.0,11,1,10,39.0,1789.1,0.0013421017313112334,0.0885787142665414,2,5,3.0
544284859628523521,2014-12-15T00:16:37+00:00,2014-12-15T02:31:26+00:00,8089.0,16,1,15,25.0,1943.9333333333334,0.0018543701322784028,0.11867968846581778,2,12,3.75
544284957766463488,2014-12-15T00:17:00+00:00,2014-12-15T01:05:38+00:00,2918.0,12,1,11,498.0,1078.909090909091,0.0037697052775873888,0.24674434544208362,5,5,1.5714285714285714
544285194815942657,2014-12-15T00:17:57+00:00,2014-12-15T03:31:10+00:00,11593.0,14,1,13,48.0,1648.076923076923,0.0011213663417579574,0.07245751746743724,2,12,6.5
544285213891629056,2014-12-15T00:18:01+00:00,2014-12-15T06:48:44+00:00,23443.0,3,1,2,2351.0,12897.0,8.531331314251589e-05,0.007678198182826431,1,2,2.0
544285245600989184,2014-12-15T00:18:09+00:00,2014-12-16T00:33:55+00:00,87346.0,27,1,26,27.0,7501.884615384615,0.0002976667506239553,0.018546928308107984,2,15,5.2
544285296565948416,2014-12-15T00:18:21+00:00,2014-12-15T17:02:24+00:00,60243.0,32,1,31,81.0,6158.870967741936,0.0005145826071078798,0.031870922762810616,8,7,2.066666666666667
544285508441231361,2014-12-15T00:19:12+00:00,2014-12-15T02:23:58+00:00,7486.0,20,1,19,94.0,810.0526315789474,0.0025380710659898475,0.16029922522041143,2,17,6.333333333333333
544285712653500419,2014-12-15T00:20:00+00:00,2014-12-15T01:55:15+00:00,5715.0,29,1,28,40.0,2289.3214285714284,0.004899387576552931,0.30446194225721784,11,5,1.3333333333333333
544285819108741120,2014-12-15T00:20:26+00:00,2014-12-15T01:06:35+00:00,2769.0,9,1,8,148.0,896.75,0.00288912964969303,0.19501625135427952,1,8,8.0
544286172109758464,2014-12-15T00:21:50+00:00,2014-12-15T03:35:26+00:00,11616.0,23,1,22,88.0,1437.1818181818182,0.001893939393939394,0.11880165289256199,6,12,2.2
544286537299787777,2014-12-15T00:23:17+00:00,2014-12-15T17:05:47+00:00,60150.0,19,1,18,70.0,9383.0,0.0002992518703241895,0.018952618453865335,1,18,18.0
544286686142685184,2014-12-15T00:23:52+00:00,2014-12-15T05:42:22+00:00,19110.0,16,1,15,49.0,1974.7333333333333,0.0007849293563579278,0.05023547880690738,2,12,5.0
544286688436969472,2014-12-15T00:23:53+00:00,2014-12-15T23:16:20+00:00,82347.0,134,1,133,4.0,4489.548872180451,0.001615116519120308,0.09763561514080658,19,19,1.5465116279069768
544286724831318017,2014-12-15T00:24:02+00:00,2014-12-15T00:35:42+00:00,700.0,10,1,9,45.0,244.22222222222223,0.012857142857142857,0.8571428571428572,1,9,9.0
544286833362747392,2014-12-15T00:24:28+00:00,2014-12-15T07:32:16+00:00,25668.0,18,1,17,1222.0,8007.941176470588,0.0006623032569736637,0.04207573632538569,4,11,2.8333333333333335
544287083343671296,2014-12-15T00:25:27+00:00,2014-12-15T08:29:22+00:00,29035.0,5,1,4,127.0,11817.75,0.00013776476666092647,0.010332357499569485,1,4,4.0
544287165912735744,2014-12-15T00:25:47+00:00,2014-12-15T02:29:45+00:00,7438.0,19,1,18,38.0,2109.5,0.0024200053777897286,0.15326700726001613,4,11,3.0
544287203728556032,2014-12-15T00:25:56+00:00,2014-12-15T15:23:43+00:00,53867.0,37,1,36,133.0,7950.972222222223,0.0006683126960848015,0.041212616258562755,7,11,1.894736842105263
544287209730236416,2014-12-15T00:25:57+00:00,2014-12-15T03:48:33+00:00,12156.0,11,1,10,1104.0,4954.5,0.0008226390259953932,0.054294175715695954,2,7,2.5
544287252306997249,2014-12-15T00:26:07+00:00,2014-12-15T02:24:22+00:00,7095.0,12,1,11,60.0,985.0909090909091,0.0015503875968992248,0.1014799154334038,2,10,5.5
544287332061298688,2014-12-15T00:26:26+00:00,2014-12-15T03:12:41+00:00,9975.0,4,1,3,728.0,4415.0,0.0003007518796992481,0.02406015037593985,1,3,3.0
544287425380360193,2014-12-15T00:26:49+00:00,2014-12-15T01:04:00+00:00,2231.0,2,1,1,2231.0,2231.0,0.00044822949350067237,0.053787539220080685,1,1,1.0
544287499397242880,2014-12-15T00:27:06+00:00,2014-12-15T01:27:15+00:00,3609.0,6,1,5,439.0,1863.2,0.0013854253255749516,0.09975062344139651,1,5,5.0
544287796719288321,2014-12-15T00:28:17+00:00,2014-12-15T04:46:33+00:00,15496.0,11,1,10,75.0,4654.5,0.0006453278265358802,0.0425916365513681,3,7,2.5
544287815790755840,2014-12-15T00:28:22+00:00,2014-12-15T06:23:27+00:00,21305.0,10,1,9,66.0,2973.0,0.0004224360478760854,0.02816240319173903,1,7,7.0
544287902079803392,2014-12-15T00:28:42+00:00,2014-12-16T20:22:45+00:00,158043.0,11,1,10,93.0,18348.0,6.327391912327658e-05,0.0041760786621362535,2,7,3.3333333333333335
544287922166726657,2014-12-15T00:28:47+00:00,2014-12-15T01:33:57+00:00,3910.0,55,1,54,140.0,2136.5555555555557,0.01381074168797954,0.8439897698209718,18,5,1.6875
544287991959539713,2014-12-15T00:29:04+00:00,2014-12-15T00:44:08+00:00,904.0,3,1,2,255.0,579.5,0.0022123893805309734,0.19911504424778761,1,2,2.0
544288009747566592,2014-12-15T00:29:08+00:00,2014-12-15T02:00:19+00:00,5471.0,18,1,17,61.0,1300.8235294117646,0.003107292999451654,0.19740449643575214,2,15,8.0
544288135564107776,2014-12-15T00:29:38+00:00,2014-12-15T10:46:24+00:00,37006.0,19,1,18,46.0,4784.666666666667,0.0004864076095768254,0.030805815273198943,3,16,6.0
544288302254137345,2014-12-15T00:30:18+00:00,2014-12-15T13:29:15+00:00,46737.0,3,1,2,51.0,23394.0,4.279264822303528e-05,0.003851338340073175,2,1,1.0
544288661253398528,2014-12-15T00:31:43+00:00,2014-12-15T01:50:16+00:00,4713.0,49,1,48,2219.0,3420.4166666666665,0.010184595798854232,0.6238064926798218,19,3,1.3714285714285714
544288681021145090,2014-12-15T00:31:48+00:00,2014-12-15T01:15:25+00:00,2617.0,18,1,17,29.0,934.2941176470588,0.006495987772258311,0.4126862820022927,2,15,8.5
544288773023203328,2014-12-15T00:32:10+00:00,2014-12-15T07:17:22+00:00,24312.0,15,1,14,240.0,4231.142857142857,0.0005758473181967752,0.037018756169792694,4,8,2.8
544288799711592448,2014-12-15T00:32:16+00:00,2014-12-15T01:30:09+00:00,3473.0,6,1,5,68.0,1041.8,0.0014396775122372588,0.10365678088108264,1,5,5.0
544288856263360512,2014-12-15T00:32:30+00:00,2014-12-15T20:05:52+00:00,70402.0,10,1,9,135.0,10017.444444444445,0.00012783727735007528,0.008522485156671686,2,8,4.5
544288968624578560,2014-12-15T00:32:57+00:00,2014-12-15T02:08:27+00:00,5730.0,26,1,25,72.0,1748.44,0.004363001745200698,0.27225130890052357,9,12,2.0833333333333335
544289311504355328,2014-12-15T00:34:18+00:00,2014-12-15T01:17:16+00:00,2578.0,3,1,2,935.0,1756.5,0.0007757951900698216,0.06982156710628394,1,2,2.0
544289409294553088,2014-12-15T00:34:42+00:00,2014-12-15T08:25:35+00:00,28253.0,12,1,11,26.0,3651.4545454545455,0.00038933918521926874,0.02548401939617032,2,10,5.5
544289448150986752,2014-12-15T00:34:51+00:00,2014-12-15T01:02:47+00:00,1676.0,16,1,15,191.0,850.4666666666667,0.008949880668257757,0.5727923627684964,3,8,2.0
544289880805605376,2014-12-15T00:36:34+00:00,2014-12-15T06:51:32+00:00,22498.0,21,1,20,54.0,1829.25,0.0008889679082585119,0.05600497822028625,3,9,2.2222222222222223
544289941996326912,2014-12-15T00:36:49+00:00,2014-12-15T08:07:22+00:00,27033.0,5,1,4,342.0,10466.0,0.00014796729922687086,0.011097547442015314,1,4,4.0
544290258951892992,2014-12-15T00:38:04+00:00,2014-12-15T01:16:06+00:00,2282.0,11,1,10,23.0,940.7,0.0043821209465381246,0.2892199824715162,1,10,10.0
544290611856408576,2014-12-15T00:39:28+00:00,2014-12-15T03:11:24+00:00,9116.0,16,1,15,24.0,2015.1333333333334,0.001645458534444932,0.10530934620447564,2,13,5.0
544290646010261504,2014-12-15T00:39:37+00:00,2014-12-15T02:16:24+00:00,5807.0,14,1,13,24.0,1315.2307692307693,0.002238677458240055,0.1446530049939728,2,12,6.5
544290752533393408,2014-12-15T00:40:02+00:00,2014-12-15T04:52:18+00:00,15136.0,32,1,31,29.0,4285.290322580645,0.002048097251585624,0.12684989429175475,6,14,1.8235294117647058
544290780991725568,2014-12-15T00:40:09+00:00,2014-12-15T03:57:21+00:00,11832.0,12,1,11,141.0,2467.0,0.0009296822177146721,0.06085192697768763,2,8,2.75
544290967369428992,2014-12-15T00:40:53+00:00,2014-12-15T03:18:18+00:00,9445.0,34,1,33,335.0,5192.242424242424,0.003493912122816305,0.21598729486500795,7,15,2.2857142857142856
544290995462889472,2014-12-15T00:41:00+00:00,2014-12-15T03:57:06+00:00,11766.0,19,1,18,28.0,2472.1666666666665,0.0015298317185109638,0.09688934217236105,2,17,9.0
544291619084959744,2014-12-15T00:43:29+00:00,2014-12-15T01:00:10+00:00,1001.0,16,1,15,31.0,347.06666666666666,0.014985014985014986,0.959040959040959,3,13,5.0
544291804057960448,2014-12-15T00:44:13+00:00,2014-12-15T16:48:07+00:00,57834.0,11,1,10,76.0,13578.6,0.00017290866964069578,0.011411972196285923,1,10,10.0
544291829290508289,2014-12-15T00:44:19+00:00,2014-12-15T19:08:12+00:00,66233.0,15,1,14,76.0,7182.071428571428,0.00021137499433816978,0.013588392493168056,3,11,3.5
544291853227786240,2014-12-15T00:44:24+00:00,2014-12-15T11:55:21+00:00,40257.0,52,1,51,64.0,8788.490196078432,0.0012668604217899993,0.07750204933303524,12,13,2.125
544291965513134080,2014-12-15T00:44:51+00:00,2014-12-15T01:07:24+00:00,1353.0,25,1,24,36.0,443.8333333333333,0.017738359201773836,1.1086474501108647,3,15,4.6
544291966536523776,2014-12-15T00:44:51+00:00,2014-12-15T01:24:45+00:00,2394.0,10,1,9,55.0,886.5555555555555,0.0037593984962406013,0.2506265664160401,2,8,4.5
544292129972170752,2014-12-15T00:45:30+00:00,2014-12-15T01:12:08+00:00,1598.0,15,1,14,32.0,784.8571428571429,0.008760951188986232,0.5632040050062578,9,5,1.5555555555555556
544292146342531072,2014-12-15T00:45:34+00:00,2014-12-15T01:52:03+00:00,3989.0,9,1,8,29.0,1496.5,0.002005515166708448,0.13537227375282027,2,7,4.0
544292342430449664,2014-12-15T00:46:21+00:00,2014-12-15T01:09:43+00:00,1402.0,17,1,16,15.0,539.8125,0.011412268188302425,0.7275320970042796,4,9,2.6666666666666665
544292670336925696,2014-12-15T00:47:39+00:00,2014-12-15T01:31:52+00:00,2653.0,7,1,6,20.0,618.0,0.0022615906520919715,0.15831134564643798,1,6,6.0
544292798887784449,2014-12-15T00:48:10+00:00,2014-12-15T04:28:45+00:00,13235.0,10,1,9,139.0,5870.333333333333,0.0006800151114469211,0.04533434076312807,4,6,2.25
544292910578278400,2014-12-15T00:48:37+00:00,2014-12-15T03:20:43+00:00,9126.0,10,1,9,23.0,2489.3333333333335,0.0009861932938856016,0.06574621959237344,1,9,9.0
544293021995393024,2014-12-15T00:49:03+00:00,2014-12-15T07:25:31+00:00,23788.0,24,1,23,45.0,4530.521739130435,0.000966874054144947,0.06053472338994451,5,5,1.9166666666666667
544293069957259264,2014-12-15T00:49:15+00:00,2014-12-15T11:47:19+00:00,39484.0,12,1,11,53.0,4504.818181818182,0.00027859386080437645,0.018235234525377366,2,9,5.5
544293177596067840,2014-12-15T00:49:40+00:00,2014-12-15T05:05:01+00:00,15321.0,20,1,19,54.0,3982.2631578947367,0.0012401279289863587,0.07832386919913843,1,19,19.0
544293261506928640,2014-12-15T00:50:00+00:00,2014-12-15T03:53:39+00:00,11019.0,6,1,5,519.0,4379.8,0.00045376168436337235,0.03267084127416281,1,5,5.0
544293291785596928,2014-12-15T00:50:07+00:00,2014-12-15T00:50:07+00:00,0.0,1,1,0,0.0,0.0,0.0,0.0,0,0,0.0
544293694166536192,2014-12-15T00:51:43+00:00,2014-12-15T12:20:18+00:00,41315.0,10,1,9,93.0,7415.333333333333,0.00021783855742466416,0.01452257049497761,1,9,9.0
544293716140126208,2014-12-15T00:51:49+00:00,2014-12-15T01:33:28+00:00,2499.0,11,1,10,562.0,1849.2,0.004001600640256103,0.26410564225690275,2,5,3.3333333333333335
544293739221368832,2014-12-15T00:51:54+00:00,2014-12-15T02:09:10+00:00,4636.0,4,1,3,196.0,1727.0,0.0006471095772217428,0.05176876617773943,1,3,3.0
544293753130082305,2014-12-15T00:51:57+00:00,2014-12-15T07:34:51+00:00,24174.0,11,1,10,59.0,3018.4,0.0004136675767353355,0.027302060064532143,4,7,2.5
544293770926120960,2014-12-15T00:52:02+00:00,2014-12-15T02:27:43+00:00,5741.0,8,1,7,97.0,1870.0,0.0012192997735586135,0.0836091273297335,2,6,3.5
544293783702364162,2014-12-15T00:52:05+00:00,2014-12-15T02:17:30+00:00,5125.0,9,1,8,108.0,964.75,0.0015609756097560976,0.10536585365853658,1,8,8.0
544294274674593792,2014-12-15T00:54:02+00:00,2014-12-15T01:16:58+00:00,1376.0,10,1,9,73.0,735.1111111111111,0.006540697674418605,0.436046511627907,2,8,4.5
544294402366394369,2014-12-15T00:54:32+00:00,2014-12-15T13:15:46+00:00,44474.0,17,1,16,282.0,4348.625,0.00035976075909520167,0.022934748392319106,3,11,5.0
544294618758520832,2014-12-15T00:55:24+00:00,2014-12-15T03:19:17+00:00,8633.0,16,1,15,102.0,1656.0666666666666,0.0017375188231205838,0.11120120467971736,4,10,2.5
544294639805923328,2014-12-15T00:55:29+00:00,2014-12-15T01:08:29+00:00,780.0,5,1,4,131.0,369.0,0.005128205128205128,0.38461538461538464,1,4,4.0
544294692456628224,2014-12-15T00:55:41+00:00,2014-12-15T01:48:03+00:00,3142.0,20,1,19,143.0,1433.2105263157894,0.0060471037555697,0.3819223424570337,6,6,3.1666666666666665
544294794139533313,2014-12-15T00:56:06+00:00,2014-12-15T01:33:46+00:00,2260.0,20,1,19,65.0,954.3684210526316,0.008407079646017699,0.5309734513274337,5,9,1.9
544294890343915520,2014-12-15T00:56:29+00:00,2014-12-15T01:16:54+00:00,1225.0,7,1,6,128.0,615.6666666666666,0.004897959183673469,0.34285714285714286,1,6,6.0
544294893146091520,2014-12-15T00:56:29+00:00,2014-12-15T02:55:41+00:00,7152.0,29,1,28,154.0,1676.8214285714287,0.0039149888143176735,0.24328859060402683,4,13,3.111111111111111
544295667112230912,2014-12-15T00:59:34+00:00,2014-12-15T00:59:34+00:00,0.0,1,1,0,0.0,0.0,0.0,0.0,0,0,0.0
544295871592951808,2014-12-15T01:00:22+00:00,2014-12-15T04:23:53+00:00,12211.0,11,1,10,29.0,2770.4,0.0008189337482597658,0.05404962738514454,2,9,5.0
544295960449265664,2014-12-15T01:00:44+00:00,2014-12-15T02:37:06+00:00,5782.0,4,1,3,436.0,3071.6666666666665,0.0005188516084399862,0.041508128675198895,1,3,3.0
544296007589433344,2014-12-15T01:00:55+00:00,2014-12-15T01:54:52+00:00,3237.0,5,1,4,334.0,1595.25,0.001235712079085573,0.09267840593141798,2,3,2.0
544296096244441089,2014-12-15T01:01:16+00:00,2014-12-15T01:32:00+00:00,1844.0,6,1,5,42.0,701.0,0.0027114967462039045,0.19522776572668113,2,4,2.5
544296158206894081,2014-12-15T01:01:31+00:00,2014-12-15T08:20:09+00:00,26318.0,8,1,7,614.0,8209.285714285714,0.00026597765787673836,0.01823846796869063,1,7,7.0
544296373466562560,2014-12-15T01:02:22+00:00,2014-12-15T12:43:48+00:00,42086.0,17,1,16,125.0,3494.125,0.00038017392957277957,0.024236088010264698,1,16,16.0
544296463027961856,2014-12-15T01:02:43+00:00,2014-12-15T16:54:51+00:00,57128.0,51,1,50,62.0,5935.16,0.000875227559165383,0.05356392662092144,12,14,1.7857142857142858
544296465619619840,2014-12-15T01:02:44+00:00,2014-12-16T04:08:07+00:00,97523.0,54,1,53,213.0,40847.22641509434,0.0005434615424053813,0.03322293202629123,15,6,1.394736842105263
544296671950020609,2014-12-15T01:03:33+00:00,2014-12-15T02:21:18+00:00,4665.0,10,1,9,401.0,1919.2222222222222,0.0019292604501607716,0.12861736334405144,2,8,4.5
544296672608534528,2014-12-15T01:03:33+00:00,2014-12-15T01:03:33+00:00,0.0,1,1,0,0.0,0.0,0.0,0.0,0,0,0.0
544296772592336896,2014-12-15T01:03:57+00:00,2014-12-15T01:18:56+00:00,899.0,4,1,3,112.0,456.3333333333333,0.0033370411568409346,0.26696329254727474,1,3,3.0
544296985910861824,2014-12-15T01:04:48+00:00,2014-12-15T01:45:01+00:00,2413.0,10,1,9,84.0,759.7777777777778,0.0037297969332780773,0.24865312888520513,3,7,3.0
544297247567917056,2014-12-15T01:05:51+00:00,2014-12-15T23:43:35+00:00,81464.0,17,1,16,11.0,9510.5,0.0001964057743297653,0.012520868113522538,1,16,16.0
544297331906973696,2014-12-15T01:06:11+00:00,2014-12-16T13:12:47+00:00,129996.0,3,1,2,109738.0,119867.0,1.5385088771962213e-05,0.0013846579894765993,1,2,2.0
544297696308518912,2014-12-15T01:07:38+00:00,2014-12-16T01:09:05+00:00,86487.0,24,1,23,35.0,4777.782608695652,0.000265935921005469,0.016649901141211974,2,17,3.8333333333333335
544297827258888192,2014-12-15T01:08:09+00:00,2014-12-15T23:13:17+00:00,79508.0,23,1,22,138.0,7973.772727272727,0.0002767017155506364,0.01735674397544901,7,10,2.2
544297950134816768,2014-12-15T01:08:38+00:00,2014-12-15T12:36:16+00:00,41258.0,27,1,26,73.0,6122.423076923077,0.0006301808134180038,0.03926511222066024,5,13,2.3636363636363638
544298121379852289,2014-12-15T01:09:19+00:00,2014-12-15T08:04:41+00:00,24922.0,5,1,4,239.0,6510.0,0.0001605007623786213,0.012037557178396597,1,4,4.0
544298334354411521,2014-12-15T01:10:10+00:00,2014-12-15T03:13:21+00:00,7391.0,33,1,32,33.0,876.75,0.0043295900419429035,0.26789338384521716,5,9,1.8333333333333333
544298346345947136,2014-12-15T01:10:13+00:00,2014-12-15T06:40:12+00:00,19799.0,19,1,18,141.0,3766.6666666666665,0.0009091368250921764,0.057578665589171164,3,14,3.6
544298354029506560,2014-12-15T01:10:14+00:00,2014-12-15T01:30:19+00:00,1205.0,19,1,18,20.0,193.66666666666666,0.014937759336099586,0.9460580912863071,1,18,18.0
544298376851111936,2014-12-15T01:10:20+00:00,2014-12-15T07:53:44+00:00,24204.0,11,1,10,377.0,4570.9,0.00041315485043794413,0.027268220128904314,2,7,5.0
544298507868200961,2014-12-15T01:10:51+00:00,2014-12-15T01:38:34+00:00,1663.0,11,1,10,67.0,887.5,0.006013229104028864,0.39687312086590504,4,6,2.0
544298663061643264,2014-12-15T01:11:28+00:00,2014-12-15T12:06:24+00:00,39296.0,35,1,34,6.0,13037.529411764706,0.0008652280130293159,0.05344055374592834,3,19,2.125
544298959993200640,2014-12-15T01:12:39+00:00,2014-12-16T00:10:42+00:00,82683.0,28,1,27,1660.0,19071.85185185185,0.00032654838358550127,0.020318566089764522,5,14,2.4545454545454546
544299029601861632,2014-12-15T01:12:55+00:00,2014-12-16T03:07:13+00:00,93258.0,39,1,38,215.0,11953.763157894737,0.0004074717450513629,0.025091681142636556,7,10,2.0
544299273664593920,2014-12-15T01:13:54+00:00,2014-12-15T15:55:30+00:00,52896.0,12,1,11,138.0,11679.818181818182,0.00020795523290986087,0.013611615245009074,3,5,1.5714285714285714
544299439087550464,2014-12-15T01:14:33+00:00,2014-12-15T11:00:56+00:00,35183.0,17,1,16,9.0,3611.375,0.0004547650854105676,0.028991274194923686,2,12,4.666666666666667
544299916252573698,2014-12-15T01:16:27+00:00,2014-12-15T14:08:11+00:00,46304.0,116,1,115,320.0,7326.469565217391,0.002483586731167934,0.15031098825155495,17,8,1.5753424657534247
544300088747884544,2014-12-15T01:17:08+00:00,2014-12-15T01:55:15+00:00,2287.0,19,1,18,70.0,531.3888888888889,0.007870572802798426,0.4984696108439003,4,13,3.6
544300178443100160,2014-12-15T01:17:29+00:00,2014-12-18T03:52:41+00:00,268512.0,25,1,24,256.0,14841.458333333334,8.93814801573114e-05,0.005586342509831963,5,11,2.4
544300256981430272,2014-12-15T01:17:48+00:00,2014-12-15T09:23:47+00:00,29159.0,21,1,20,72.0,2894.0,0.0006858945780033609,0.04321135841421173,8,5,1.8888888888888888
544300361360498688,2014-12-15T01:18:13+00:00,2014-12-15T02:47:30+00:00,5357.0,5,1,4,103.0,2409.25,0.0007466865783087549,0.056001493373156616,2,3,2.0
544300369765859328,2014-12-15T01:18:15+00:00,2014-12-15T11:39:53+00:00,37298.0,22,1,21,71.0,3462.0,0.0005630328703951955,0.035390637567698,3,14,3.3333333333333335
544300674448887809,2014-12-15T01:19:28+00:00,2014-12-15T03:32:35+00:00,7987.0,51,1,50,1134.0,4632.08,0.00626017278076875,0.3831225741830474,19,4,1.5625
544300945820352512,2014-12-15T01:20:32+00:00,2014-12-15T01:45:10+00:00,1478.0,18,1,17,83.0,595.5882352941177,0.011502029769959404,0.7307171853856563,3,15,5.666666666666667
544301012492632064,2014-12-15T01:20:48+00:00,2014-12-15T04:12:18+00:00,10290.0,7,1,6,444.0,3713.1666666666665,0.0005830903790087463,0.04081632653061224,1,6,6.0
544301025079730176,2014-12-15T01:20:51+00:00,2014-12-15T01:30:21+00:00,570.0,20,1,19,81.0,332.89473684210526,0.03333333333333333,2.1052631578947367,1,19,19.0
544301149348982784,2014-12-15T01:21:21+00:00,2014-12-15T11:00:05+00:00,34724.0,47,1,46,7.0,1315.0,0.0013247321737127058,0.08121184195369197,7,19,2.3
544301235596054528,2014-12-15T01:21:41+00:00,2014-12-15T02:12:12+00:00,3031.0,5,1,4,123.0,1738.25,0.0013196964698119432,0.09897723523589574,1,4,4.0
544301296099270656,2014-12-15T01:21:56+00:00,2014-12-15T10:18:35+00:00,32199.0,22,1,21,158.0,4200.523809523809,0.0006521941675207305,0.04099506195844592,2,19,7.0
544301313459101696,2014-12-15T01:22:00+00:00,2014-12-15T09:09:43+00:00,28063.0,9,1,8,394.0,4652.875,0.0002850728717528418,0.019242418843316823,2,6,4.0
544301338935312384,2014-12-15T01:22:06+00:00,2014-12-15T01:29:21+00:00,435.0,23,1,22,19.0,130.95454545454547,0.05057471264367816,3.1724137931034484,3,15,3.142857142857143
544301449845305344,2014-12-15T01:22:32+00:00,2014-12-15T03:55:10+00:00,9158.0,35,1,34,225.0,1465.7058823529412,0.003712601004586154,0.22930770910679188,6,10,2.0
544301453717041152,2014-12-15T01:22:33+00:00,2014-12-15T01:51:24+00:00,1731.0,24,1,23,46.0,347.5217391304348,0.013287117273252455,0.8318890814558059,4,16,2.875
544301455952588801,2014-12-15T01:22:34+00:00,2014-12-15T02:20:44+00:00,3490.0,22,1,21,16.0,380.23809523809524,0.006017191977077364,0.37822349570200575,3,16,3.5
544301589931241472,2014-12-15T01:23:06+00:00,2014-12-15T01:43:32+00:00,1226.0,5,1,4,182.0,461.5,0.0032626427406199023,0.24469820554649266,1,4,4.0
544301609472122881,2014-12-15T01:23:10+00:00,2014-12-15T02:28:21+00:00,3911.0,14,1,13,16.0,606.6923076923077,0.0033239580669905395,0.21477882894400407,1,13,13.0
544301624814870530,2014-12-15T01:23:14+00:00,2014-12-15T01:50:39+00:00,1645.0,18,1,17,71.0,807.8823529411765,0.01033434650455927,0.6565349544072948,4,12,3.4
544301786849640448,2014-12-15T01:23:53+00:00,2014-12-15T02:33:46+00:00,4193.0,20,1,19,53.0,1083.3157894736842,0.004531361793465299,0.2861912711662294,1,18,18.0
544301900682629121,2014-12-15T01:24:20+00:00,2014-12-15T01:37:11+00:00,771.0,21,1,20,164.0,453.35,0.02594033722438392,1.6342412451361867,4,11,3.3333333333333335
544301925735202816,2014-12-15T01:24:26+00:00,2014-12-15T12:04:54+00:00,38428.0,19,1,18,132.0,3733.722222222222,0.0004684084521702925,0.029665868637451857,3,11,2.5714285714285716
544301961638457344,2014-12-15T01:24:34+00:00,2014-12-16T09:49:08+00:00,116674.0,20,1,19,31.0,14987.0,0.00016284690676586044,0.010285067795738553,1,19,19.0
544302448522035202,2014-12-15T01:26:31+00:00,2014-12-15T01:40:40+00:00,849.0,21,1,20,68.0,393.35,0.023557126030624265,1.4840989399293285,5,15,4.0
544302821450207233,2014-12-15T01:27:59+00:00,2014-12-15T01:51:36+00:00,1417.0,19,1,18,38.0,535.1111111111111,0.012702893436838392,0.804516584333098,4,15,4.5
544302827330224128,2014-12-15T01:28:01+00:00,2014-12-15T02:33:46+00:00,3945.0,16,1,15,72.0,503.6666666666667,0.0038022813688212928,0.24334600760456274,2,14,7.5
544302851158470657,2014-12-15T01:28:07+00:00,2014-12-15T04:03:30+00:00,9323.0,4,1,3,83.0,3342.0,0.0003217848332081948,0.025742786656655584,1,3,3.0
544302938374426624,2014-12-15T01:28:27+00:00,2014-12-15T02:13:03+00:00,2676.0,5,1,4,683.0,1821.25,0.0014947683109118087,0.11210762331838564,2,3,2.0
544303499756855297,2014-12-15T01:30:41+00:00,2014-12-15T01:36:34+00:00,353.0,18,1,17,16.0,185.88235294117646,0.04815864022662889,3.0594900849858355,1,16,16.0
544304200423723008,2014-12-15T01:33:28+00:00,2014-12-15T04:51:03+00:00,11855.0,3,1,2,193.0,6024.0,0.0001687051876845213,0.015183466891606916,1,2,2.0
544304298243653632,2014-12-15T01:33:52+00:00,2014-12-15T03:27:09+00:00,6797.0,18,1,17,12.0,919.9411764705883,0.0025011034279829336,0.1588936295424452,4,13,4.25
544304742743044096,2014-12-15T01:35:38+00:00,2014-12-15T04:33:53+00:00,10695.0,55,1,54,508.0,3818.777777777778,0.005049088359046283,0.3085553997194951,8,7,1.8
544305018439204864,2014-12-15T01:36:43+00:00,2014-12-16T14:51:11+00:00,134068.0,107,1,106,33.0,62849.0,0.0007906435540173644,0.047886147328221496,19,17,1.4133333333333333
544305463048015872,2014-12-15T01:38:29+00:00,2014-12-15T22:19:55+00:00,74486.0,18,1,17,67.0,10921.176470588236,0.00022823080847407567,0.014499369008941276,4,11,2.8333333333333335
544305540286148609,2014-12-15T01:38:48+00:00,2014-12-15T03:28:03+00:00,6555.0,16,1,15,110.0,1564.7333333333333,0.002288329519450801,0.14645308924485126,4,12,3.75
544305672372772865,2014-12-15T01:39:19+00:00,2014-12-15T02:24:25+00:00,2706.0,7,1,6,146.0,813.6666666666666,0.0022172949002217295,0.15521064301552107,1,6,6.0
544305673287524353,2014-12-15T01:39:19+00:00,2014-12-15T06:37:35+00:00,17896.0,26,1,25,63.0,6030.56,0.001396960214573089,0.08717031738936075,7,16,2.7777777777777777
544305745416581120,2014-12-15T01:39:37+00:00,2014-12-15T02:25:53+00:00,2776.0,4,1,3,955.0,1736.3333333333333,0.001080691642651297,0.08645533141210375,1,3,3.0
544305859904286720,2014-12-15T01:40:04+00:00,2014-12-15T02:19:03+00:00,2339.0,24,1,23,49.0,725.9565217391304,0.00983326207781103,0.6156477126977341,4,12,2.090909090909091
544305913260433408,2014-12-15T01:40:17+00:00,2014-12-17T21:28:46+00:00,244109.0,12,1,11,203.0,70994.54545454546,4.506183713013449e-05,0.0029495020666997123,4,7,2.75
544305999994421249,2014-12-15T01:40:37+00:00,2014-12-15T02:17:13+00:00,2196.0,20,1,19,143.0,774.7894736842105,0.008652094717668488,0.5464480874316939,3,12,4.666666666666667
544306118273794048,2014-12-15T01:41:05+00:00,2014-12-15T02:41:51+00:00,3646.0,8,1,7,1205.0,2579.0,0.0019199122325836533,0.13165112452002195,2,6,3.5
544306402731507712,2014-12-15T01:42:13+00:00,2014-12-15T13:22:51+00:00,42038.0,4,1,3,1722.0,15704.666666666666,7.136400399638423e-05,0.005709120319710738,1,3,3.0
544306591235710976,2014-12-15T01:42:58+00:00,2014-12-15T01:48:10+00:00,312.0,19,1,18,48.0,215.66666666666666,0.057692307692307696,3.6538461538461537,1,18,18.0
544306616137293824,2014-12-15T01:43:04+00:00,2014-12-15T19:44:23+00:00,64879.0,39,1,38,133.0,10953.736842105263,0.0005857056982999121,0.03606714036899459,5,10,2.923076923076923
544306719686656000,2014-12-15T01:43:29+00:00,2014-12-15T04:42:56+00:00,10767.0,17,1,16,456.0,2239.0,0.0014860221045788055,0.09473390916689886,3,10,3.2
544306732475105283,2014-12-15T01:43:32+00:00,2014-12-15T13:54:20+00:00,43848.0,13,1,12,45.0,8287.25,0.0002736726874657909,0.01778872468527641,2,11,6.0
544307028815253504,2014-12-15T01:44:43+00:00,2014-12-15T09:49:01+00:00,29058.0,48,1,47,35.0,1932.468085106383,0.0016174547456810518,0.09911212058641337,10,10,1.7407407407407407
544307040932601857,2014-12-15T01:44:45+00:00,2014-12-15T01:58:24+00:00,819.0,19,1,18,19.0,199.27777777777777,0.02197802197802198,1.3919413919413919,6,10,2.0
544307161589772290,2014-12-15T01:45:14+00:00,2014-12-16T10:23:04+00:00,117470.0,27,1,26,45.0,16997.923076923078,0.00022133310632501915,0.01379075508640504,7,14,2.3636363636363638
544307417677189121,2014-12-15T01:46:15+00:00,2014-12-16T02:29:54+00:00,89019.0,4,1,3,2241.0,31386.666666666668,3.37006706433458e-05,0.002696053651467664,2,2,1.5
544307547390607361,2014-12-15T01:46:46+00:00,2014-12-15T04:31:18+00:00,9872.0,17,1,16,23.0,2249.875,0.0016207455429497568,0.103322528363047,1,16,16.0
544307589245587457,2014-12-15T01:46:56+00:00,2014-12-15T15:14:51+00:00,48475.0,21,1,20,117.0,8311.65,0.00041258380608561113,0.025992779783393503,2,14,3.6
544307776135364608,2014-12-15T01:47:41+00:00,2014-12-15T02:09:04+00:00,1283.0,29,1,28,71.0,605.8214285714286,0.021823850350740453,1.3561964146531567,7,14,2.6
544307871853592576,2014-12-15T01:48:04+00:00,2014-12-15T13:21:18+00:00,41594.0,35,1,34,271.0,7314.058823529412,0.0008174255902293601,0.05048805116122518,4,11,3.4
544308031446872065,2014-12-15T01:48:42+00:00,2014-12-15T02:01:42+00:00,780.0,17,1,16,33.0,178.375,0.020512820512820513,1.3076923076923077,1,15,15.0
544308156625481728,2014-12-15T01:49:11+00:00,2014-12-15T08:17:48+00:00,23317.0,11,1,10,57.0,5094.1,0.00042887163871853156,0.02830552815542308,1,10,10.0
544308188909027328,2014-12-15T01:49:19+00:00,2014-12-16T09:21:57+00:00,113558.0,21,1,20,83.0,7160.7,0.0001761214533542331,0.011095651561316684,3,14,2.857142857142857
544308490840195072,2014-12-15T01:50:31+00:00,2014-12-15T08:17:37+00:00,23226.0,14,1,13,178.0,2758.3846153846152,0.0005597175579092397,0.036166365280289325,1,13,13.0
544308531684335617,2014-12-15T01:50:41+00:00,2014-12-15T03:06:19+00:00,4538.0,20,1,19,119.0,1350.842105263158,0.004186866460996034,0.2644336712208021,2,17,6.333333333333333
544308749725626368,2014-12-15T01:51:33+00:00,2014-12-18T07:10:25+00:00,278332.0,43,1,42,137.0,56682.619047619046,0.00015089892646192316,0.009269505482660995,13,15,1.826086956521739
544308793623207936,2014-12-15T01:51:43+00:00,2014-12-16T06:01:08+00:00,101365.0,49,1,48,69.0,19804.5,0.0004735362304542988,0.029004094115325802,7,14,2.2222222222222223
544308888628387840,2014-12-15T01:52:06+00:00,2014-12-15T02:12:44+00:00,1238.0,22,1,21,9.0,245.66666666666666,0.016962843295638127,1.0662358642972536,3,19,7.0
544309006500888576,2014-12-15T01:52:34+00:00,2014-12-15T03:08:43+00:00,4569.0,8,1,7,47.0,949.0,0.0015320639089516305,0.10505581089954037,2,6,3.5
544309060883845120,2014-12-15T01:52:47+00:00,2014-12-15T02:05:21+00:00,754.0,19,1,18,43.0,432.5,0.023872679045092837,1.5119363395225465,2,16,6.0
544309096351268864,2014-12-15T01:52:56+00:00,2014-12-15T07:14:42+00:00,19306.0,20,1,19,88.0,3977.315789473684,0.0009841500051797369,0.062156842432404436,1,19,19.0
544309113694740480,2014-12-15T01:53:00+00:00,2014-12-15T06:21:02+00:00,16082.0,22,1,21,21.0,1435.0,0.001305807735356299,0.08207934336525306,4,15,4.2
544309177859203073,2014-12-15T01:53:15+00:00,2014-12-15T03:22:15+00:00,5340.0,7,1,6,35.0,956.0,0.0011235955056179776,0.07865168539325842,1,6,6.0
544309275141885952,2014-12-15T01:53:38+00:00,2014-12-15T05:16:22+00:00,12164.0,33,1,32,69.0,2983.375,0.0026307135810588623,0.1627754028280171,15,12,1.7777777777777777
544309283048144897,2014-12-15T01:53:40+00:00,2014-12-15T12:33:56+00:00,38416.0,10,1,9,21.0,8320.333333333334,0.000234277384423157,0.015618492294877134,2,8,4.5
544309497041133568,2014-12-15T01:54:31+00:00,2014-12-16T21:54:31+00:00,158400.0,14,1,13,1342.0,35708.692307692305,8.207070707070707e-05,0.005303030303030303,3,8,2.6
544309893969092608,2014-12-15T01:56:06+00:00,2014-12-15T03:31:00+00:00,5694.0,10,1,9,100.0,1614.888888888889,0.0015806111696522655,0.10537407797681769,1,9,9.0
544309943533600769,2014-12-15T01:56:17+00:00,2014-12-15T02:19:30+00:00,1393.0,7,1,6,80.0,469.8333333333333,0.004307250538406317,0.30150753768844224,1,6,6.0
544309956250320897,2014-12-15T01:56:21+00:00,2014-12-15T03:36:07+00:00,5986.0,6,1,5,171.0,3220.8,0.000835282325425994,0.06014032743067157,2,4,2.5
544310166242734080,2014-12-15T01:57:11+00:00,2014-12-15T15:11:38+00:00,47667.0,34,1,33,106.0,2313.818181818182,0.0006923028510290138,0.042796903518157216,3,15,6.6
544310222547087361,2014-12-15T01:57:24+00:00,2014-12-15T02:09:06+00:00,702.0,20,1,19,44.0,212.8421052631579,0.027065527065527065,1.7094017094017095,3,16,4.75
544310691600302080,2014-12-15T01:59:16+00:00,2014-12-15T03:32:12+00:00,5576.0,22,1,21,147.0,845.0,0.0037661406025824963,0.23672883787661406,2,18,5.25
544310849784274945,2014-12-15T01:59:54+00:00,2014-12-15T01:59:54+00:00,0.0,1,1,0,0.0,0.0,0.0,0.0,0,0,0.0
544310853613281281,2014-12-15T01:59:54+00:00,2014-12-15T04:55:38+00:00,10544.0,20,1,19,238.0,3604.5263157894738,0.0018019726858877086,0.11380880121396056,3,15,4.75
544311814649942016,2014-12-15T02:03:44+00:00,2014-12-15T02:47:03+00:00,2599.0,12,1,11,73.0,1004.2727272727273,0.004232397075798384,0.2770296267795306,3,9,3.6666666666666665
544311959483473920,2014-12-15T02:04:18+00:00,2014-12-15T03:31:05+00:00,5207.0,7,1,6,55.0,1328.0,0.0011522949875168043,0.0806606491261763,1,6,6.0
544312065637097472,2014-12-15T02:04:43+00:00,2014-12-15T15:55:25+00:00,49842.0,17,1,16,184.0,7682.5625,0.0003210144055214478,0.020464668351992295,4,11,3.2
544312118497914880,2014-12-15T02:04:56+00:00,2014-12-15T02:59:05+00:00,3249.0,25,1,24,156.0,832.375,0.007386888273314866,0.46168051708217916,7,9,1.8461538461538463
544312732443348995,2014-12-15T02:07:22+00:00,2014-12-15T04:44:06+00:00,9404.0,12,1,11,97.0,2194.090909090909,0.001169715014887282,0.07656316461080392,1,11,11.0
544312876245057536,2014-12-15T02:07:57+00:00,2014-12-16T20:07:28+00:00,151171.0,9,1,8,147.0,22246.75,5.292020294897831e-05,0.0035721136990560357,2,7,4.0
544313008642461697,2014-12-15T02:08:28+00:00,2014-12-16T02:14:43+00:00,86775.0,20,1,19,703.0,17835.263157894737,0.00021895707288965716,0.013828867761452032,5,11,2.7142857142857144
544313043463987201,2014-12-15T02:08:37+00:00,2014-12-15T04:01:50+00:00,6793.0,18,1,17,59.0,1339.4117647058824,0.002502576181363168,0.15898719269836598,2,15,5.666666666666667
544313132865159169,2014-12-15T02:08:58+00:00,2014-12-15T08:49:42+00:00,24044.0,22,1,21,149.0,3524.809523809524,0.00087339876892364,0.05489935118948594,4,12,3.0
544313370892324864,2014-12-15T02:09:55+00:00,2014-12-15T04:47:47+00:00,9472.0,18,1,17,95.0,2241.8823529411766,0.0017947635135135136,0.11402027027027027,4,13,4.25
544313592477384704,2014-12-15T02:10:47+00:00,2014-12-15T03:08:43+00:00,3476.0,22,1,21,135.0,1546.952380952381,0.0060414269275028765,0.379746835443038,6,16,3.5
544314020539289600,2014-12-15T02:12:30+00:00,2014-12-15T06:44:55+00:00,16345.0,20,1,19,555.0,9344.947368421053,0.0011624349954114407,0.0734169470786173,3,12,2.7142857142857144
544314234541469696,2014-12-15T02:13:21+00:00,2014-12-15T02:28:08+00:00,887.0,21,1,20,51.0,332.95,0.02254791431792559,1.4205186020293123,2,16,4.0
544314301067304960,2014-12-15T02:13:36+00:00,2014-12-15T02:26:15+00:00,759.0,21,1,20,37.0,411.15,0.026350461133069828,1.6600790513833992,3,14,2.857142857142857
544314464569675776,2014-12-15T02:14:15+00:00,2014-12-15T02:32:41+00:00,1106.0,23,1,22,18.0,488.77272727272725,0.019891500904159132,1.2477396021699818,6,14,2.75
544314810884562946,2014-12-15T02:15:38+00:00,2014-12-15T02:43:33+00:00,1675.0,5,1,4,73.0,715.75,0.0023880597014925373,0.1791044776119403,1,4,4.0
544315187608973312,2014-12-15T02:17:08+00:00,2014-12-15T04:45:22+00:00,8894.0,19,1,18,45.0,1023.1111111111111,0.002023836294130875,0.12817629862828875,4,12,2.8333333333333335
544315472075042818,2014-12-15T02:18:16+00:00,2014-12-15T19:57:27+00:00,63551.0,27,1,26,178.0,9102.615384615385,0.0004091202341426571,0.025491337665811707,9,13,1.8571428571428572
544315864397258752,2014-12-15T02:19:49+00:00,2014-12-15T14:57:43+00:00,45474.0,38,1,37,58.0,12623.027027027027,0.0008136517570479834,0.05013854070457844,9,11,2.176470588235294
544316046379716608,2014-12-15T02:20:33+00:00,2014-12-15T03:01:00+00:00,2427.0,25,1,24,99.0,929.4583333333334,0.009888751545117428,0.6180469715698392,4,11,2.7142857142857144
544316384273248256,2014-12-15T02:21:53+00:00,2014-12-15T02:52:45+00:00,1852.0,3,1,2,1044.0,1448.0,0.0010799136069114472,0.09719222462203024,1,2,2.0
544316500002484226,2014-12-15T02:22:21+00:00,2014-12-15T02:27:52+00:00,331.0,2,1,1,331.0,331.0,0.0030211480362537764,0.36253776435045315,1,1,1.0
544316576645017600,2014-12-15T02:22:39+00:00,2014-12-15T06:07:18+00:00,13479.0,18,1,17,58.0,1776.2941176470588,0.0012612211588396765,0.08012463832628533,3,14,5.666666666666667
544316684736028673,2014-12-15T02:23:05+00:00,2014-12-15T04:01:13+00:00,5888.0,20,1,19,69.0,798.8421052631579,0.0032269021739130435,0.20380434782608695,1,19,19.0
544316814856306688,2014-12-15T02:23:36+00:00,2014-12-15T15:16:38+00:00,46382.0,17,1,16,53.0,7745.5625,0.00034496140744254234,0.021991289724462078,2,15,8.0
544316904861478912,2014-12-15T02:23:57+00:00,2014-12-15T04:22:27+00:00,7110.0,8,1,7,284.0,2543.285714285714,0.0009845288326300985,0.06751054852320675,1,7,7.0
544316978278592512,2014-12-15T02:24:15+00:00,2014-12-15T03:03:54+00:00,2379.0,9,1,8,36.0,1227.375,0.003362757461118117,0.2269861286254729,1,8,8.0
544317139323473920,2014-12-15T02:24:53+00:00,2014-12-15T06:46:13+00:00,15680.0,18,1,17,181.0,2944.705882352941,0.0010841836734693877,0.06887755102040817,2,11,2.4285714285714284
544317165965303808,2014-12-15T02:24:59+00:00,2014-12-15T03:34:52+00:00,4193.0,20,1,19,102.0,1374.6842105263158,0.004531361793465299,0.2861912711662294,5,12,3.1666666666666665
544317301064208384,2014-12-15T02:25:32+00:00,2014-12-15T04:13:44+00:00,6492.0,117,1,116,63.0,3117.362068965517,0.017868145409735057,1.0813308687615526,19,11,1.7313432835820894
544317438079139841,2014-12-15T02:26:04+00:00,2014-12-15T03:06:14+00:00,2410.0,14,1,13,41.0,607.2307692307693,0.0053941908713692945,0.3485477178423237,3,11,4.333333333333333
544317474498703360,2014-12-15T02:26:13+00:00,2014-12-15T11:34:29+00:00,32896.0,28,1,27,68.0,2811.222222222222,0.0008207684824902724,0.051070038910505836,6,8,1.625
544317494379294721,2014-12-15T02:26:18+00:00,2014-12-15T20:05:01+00:00,63523.0,163,1,162,69.0,3180.858024691358,0.0025502573870881413,0.1539599829982841,19,14,1.8620689655172413
544317609718865920,2014-12-15T02:26:45+00:00,2014-12-15T10:11:09+00:00,27864.0,25,1,24,180.0,6206.666666666667,0.0008613264427217916,0.053832902670111975,6,19,4.0
544317709396496384,2014-12-15T02:27:09+00:00,2014-12-15T03:42:06+00:00,4497.0,21,1,20,84.0,2195.65,0.004447409384033801,0.2801867911941294,3,16,4.0
544318036715782144,2014-12-15T02:28:27+00:00,2014-12-15T03:01:06+00:00,1959.0,13,1,12,121.0,946.25,0.006125574272588055,0.3981623277182236,3,7,2.4
544318880001560576,2014-12-15T02:31:48+00:00,2014-12-15T02:43:20+00:00,692.0,18,1,17,49.0,225.64705882352942,0.024566473988439308,1.560693641618497,1,17,17.0
544319274072817664,2014-12-15T02:33:22+00:00,2014-12-15T02:53:44+00:00,1222.0,14,1,13,77.0,507.0769230769231,0.010638297872340425,0.6873977086743044,1,13,13.0
544319395619958784,2014-12-15T02:33:51+00:00,2014-12-15T05:06:31+00:00,9160.0,5,1,4,219.0,4119.5,0.0004366812227074236,0.03275109170305677,1,4,4.0
544319450569134081,2014-12-15T02:34:04+00:00,2014-12-15T03:38:31+00:00,3867.0,15,1,14,274.0,1490.4285714285713,0.0036203775536591673,0.23273855702094645,3,10,2.8
544319667364708352,2014-12-15T02:34:56+00:00,2014-12-15T03:05:46+00:00,1850.0,20,1,19,25.0,357.7894736842105,0.01027027027027027,0.6486486486486487,7,9,1.9
544319832486064128,2014-12-15T02:35:35+00:00,2014-12-15T03:56:37+00:00,4862.0,28,1,27,38.0,1001.7777777777778,0.0055532702591526125,0.34553681612505144,4,15,3.0
544319905076903936,2014-12-15T02:35:53+00:00,2014-12-15T14:45:05+00:00,43752.0,21,1,20,247.0,5263.45,0.0004571219601389651,0.0287986834887548,6,5,1.4285714285714286
544320179560525824,2014-12-15T02:36:58+00:00,2014-12-15T04:33:59+00:00,7021.0,21,1,20,10.0,647.1,0.002848597065945022,0.1794616151545364,4,14,4.0
544320939245043712,2014-12-15T02:39:59+00:00,2014-12-15T03:54:24+00:00,4465.0,21,1,20,69.0,603.2,0.004479283314669653,0.2821948488241881,4,15,3.3333333333333335
544320992361721856,2014-12-15T02:40:12+00:00,2014-12-15T04:13:45+00:00,5613.0,6,1,5,490.0,2099.6,0.0008907892392659896,0.06413682522715126,1,5,5.0
544321103875694593,2014-12-15T02:40:38+00:00,2014-12-15T05:29:37+00:00,10139.0,45,1,44,95.0,2658.2045454545455,0.004339678469277049,0.2662984515238189,9,11,1.9545454545454546
544321311250468865,2014-12-15T02:41:28+00:00,2014-12-15T14:15:11+00:00,41623.0,16,1,15,318.0,14719.6,0.00036037767580424286,0.023064171251471543,5,6,1.875
544321631976296449,2014-12-15T02:42:44+00:00,2014-12-15T05:13:08+00:00,9024.0,16,1,15,430.0,2201.4666666666667,0.0016622340425531915,0.10638297872340426,2,13,5.0
544321934410788865,2014-12-15T02:43:56+00:00,2014-12-15T11:44:57+00:00,32461.0,15,1,14,131.0,3310.785714285714,0.0004312867748991097,0.02772557838637134,2,13,7.0
544323086841954304,2014-12-15T02:48:31+00:00,2014-12-15T08:20:24+00:00,19913.0,8,1,7,365.0,5650.142857142857,0.00035152915181037514,0.024104856124140008,2,5,3.5
544323127522906112,2014-12-15T02:48:41+00:00,2014-12-15T04:34:12+00:00,6331.0,26,1,25,39.0,2574.64,0.0039488232506713,0.2464065708418891,5,12,3.5714285714285716
544323358327070720,2014-12-15T02:49:36+00:00,2014-12-15T05:05:42+00:00,8166.0,20,1,19,229.0,1728.157894736842,0.0023267205486162137,0.14695077149155034,5,11,2.111111111111111
544323450270392322,2014-12-15T02:49:58+00:00,2014-12-15T02:51:10+00:00,72.0,21,1,20,14.0,29.3,0.2777777777777778,17.5,2,19,10.0
544323933634564098,2014-12-15T02:51:53+00:00,2014-12-15T04:10:57+00:00,4744.0,22,1,21,48.0,1357.1904761904761,0.00442664418212479,0.2782462057335582,4,13,3.5
544324444773433348,2014-12-15T02:53:55+00:00,2014-12-15T04:53:51+00:00,7196.0,22,1,21,39.0,627.8095238095239,0.0029182879377431907,0.18343524180100054,2,19,7.0
544324741239037952,2014-12-15T02:55:06+00:00,2014-12-16T22:46:30+00:00,157884.0,55,1,54,914.0,45102.12962962963,0.0003420232575815155,0.02090142129664817,13,10,1.542857142857143
544325779199258626,2014-12-15T02:59:13+00:00,2014-12-16T15:27:43+00:00,131310.0,2,1,1,131310.0,131310.0,7.6155662173482594e-06,0.0009138679460817912,1,1,1.0
544325896661114881,2014-12-15T02:59:41+00:00,2014-12-15T06:00:10+00:00,10829.0,6,1,5,173.0,2737.2,0.00046172315079878105,0.03324406685751224,1,5,5.0
544325938826076161,2014-12-15T02:59:51+00:00,2014-12-15T13:11:34+00:00,36703.0,12,1,11,160.0,13935.90909090909,0.0002997030215513718,0.01961692504699888,1,11,11.0
544326461952241664,2014-12-15T03:01:56+00:00,2014-12-15T03:01:56+00:00,0.0,1,1,0,0.0,0.0,0.0,0.0,0,0,0.0
544326597055369216,2014-12-15T03:02:28+00:00,2014-12-15T17:50:41+00:00,53293.0,30,1,29,28.0,6640.0344827586205,0.0005441615221511268,0.03377554275420787,6,17,3.2222222222222223
544326741674967042,2014-12-15T03:03:02+00:00,2014-12-15T05:35:39+00:00,9157.0,39,1,38,42.0,5217.526315789473,0.004149830730588621,0.255542208146773,15,13,1.9
544326782334558208,2014-12-15T03:03:12+00:00,2014-12-15T04:09:43+00:00,3991.0,20,1,19,35.0,685.4736842105264,0.00476071160110248,0.3006765221748935,2,18,9.5
544327278469988352,2014-12-15T03:05:10+00:00,2014-12-15T03:35:43+00:00,1833.0,17,1,16,187.0,769.4375,0.00872885979268958,0.5564648117839607,2,15,8.0
544327577406410752,2014-12-15T03:06:22+00:00,2014-12-15T07:01:00+00:00,14078.0,20,1,19,32.0,1739.6315789473683,0.001349623526069044,0.08523938059383436,1,19,19.0
544328059482939392,2014-12-15T03:08:17+00:00,2014-12-15T06:02:23+00:00,10446.0,10,1,9,282.0,2296.5555555555557,0.0008615738081562321,0.05743825387708214,1,9,9.0
544328324601114625,2014-12-15T03:09:20+00:00,2014-12-15T03:50:04+00:00,2444.0,8,1,7,277.0,1319.142857142857,0.0028641571194762683,0.19639934533551553,2,6,3.5
544328351939186689,2014-12-15T03:09:26+00:00,2014-12-15T23:41:53+00:00,73947.0,49,1,48,4.0,10227.125,0.0006491135543024057,0.03975820520102235,7,12,1.6
544328673097039873,2014-12-15T03:10:43+00:00,2014-12-15T04:36:22+00:00,5139.0,20,1,19,43.0,952.5263157894736,0.0036972173574625414,0.2335084646818447,2,17,6.333333333333333
544328894812549121,2014-12-15T03:11:36+00:00,2014-12-15T14:20:54+00:00,40158.0,37,1,36,122.0,4043.6111111111113,0.0008964589870013447,0.05528163753174959,6,12,2.1176470588235294
544329092100005888,2014-12-15T03:12:23+00:00,2014-12-15T17:39:10+00:00,52007.0,20,1,19,575.0,35343.89473684211,0.0003653354356144365,0.023073816986174937,2,6,3.5
544329204314406912,2014-12-15T03:12:50+00:00,2014-12-15T03:18:04+00:00,314.0,19,1,18,69.0,171.33333333333334,0.05732484076433121,3.6305732484076434,3,11,3.2
544329251487756288,2014-12-15T03:13:01+00:00,2014-12-15T05:19:43+00:00,7602.0,26,1,25,555.0,2417.68,0.0032886082609839516,0.2052091554853986,4,14,3.5714285714285716
544329393737170944,2014-12-15T03:13:35+00:00,2014-12-15T03:33:50+00:00,1215.0,3,1,2,1033.0,1124.0,0.0016460905349794238,0.14814814814814814,1,2,2.0
544329431998038016,2014-12-15T03:13:44+00:00,2014-12-15T03:49:49+00:00,2165.0,24,1,23,24.0,599.0,0.010623556581986143,0.6651270207852193,2,19,4.6
544329896529760256,2014-12-15T03:15:35+00:00,2014-12-16T15:56:08+00:00,132033.0,52,1,51,122.0,25464.549019607843,0.0003862670695962373,0.023630456022358044,14,5,1.59375
544329935943237632,2014-12-15T03:15:44+00:00,2014-12-15T10:26:52+00:00,25868.0,103,1,102,112.0,3911.3627450980393,0.003943095716715633,0.23890521107159426,15,14,1.6721311475409837
544330052796559360,2014-12-15T03:16:12+00:00,2014-12-15T07:30:38+00:00,15266.0,29,1,28,118.0,2758.285714285714,0.0018341412288746233,0.11397877636578016,4,15,3.111111111111111
544330174351679489,2014-12-15T03:16:41+00:00,2014-12-16T03:35:22+00:00,87521.0,26,1,25,46.0,5148.64,0.00028564573073890836,0.01782429359810788,4,13,2.7777777777777777
544330542871633920,2014-12-15T03:18:09+00:00,2014-12-16T00:52:25+00:00,77656.0,13,1,12,1222.0,21287.666666666668,0.00015452766045122076,0.01004429792932935,3,9,4.0
544330861680664576,2014-12-15T03:19:25+00:00,2014-12-17T02:35:50+00:00,170185.0,24,1,23,271.0,22532.782608695652,0.0001351470458618562,0.008461380262655346,5,13,2.5555555555555554
544331022104395777,2014-12-15T03:20:03+00:00,2014-12-15T13:34:29+00:00,36866.0,17,1,16,21.0,4873.625,0.0004340042315412575,0.02766776976075517,4,13,4.0
544331094523662337,2014-12-15T03:20:20+00:00,2014-12-15T23:32:32+00:00,72732.0,10,1,9,509.0,12873.666666666666,0.00012374195677280976,0.008249463784853984,2,7,4.5
544331918506872832,2014-12-15T03:23:37+00:00,2014-12-15T03:23:37+00:00,0.0,1,1,0,0.0,0.0,0.0,0.0,0,0,0.0
544332254068350978,2014-12-15T03:24:57+00:00,2014-12-15T06:22:27+00:00,10650.0,14,1,13,66.0,3196.0,0.0012206572769953052,0.07887323943661972,2,12,6.5
544332510440595456,2014-12-15T03:25:58+00:00,2014-12-15T07:11:43+00:00,13545.0,7,1,6,131.0,3331.0,0.00044296788482834997,0.031007751937984496,1,6,6.0
544332519861022720,2014-12-15T03:26:00+00:00,2014-12-15T04:39:55+00:00,4435.0,17,1,16,44.0,1046.3125,0.0036076662908680946,0.229988726042841,2,14,5.333333333333333
544332610097676288,2014-12-15T03:26:22+00:00,2014-12-15T20:33:13+00:00,61611.0,13,1,12,221.0,6429.25,0.00019477041437405659,0.01266007693431368,2,10,4.0
544332613532811264,2014-12-15T03:26:22+00:00,2014-12-15T04:04:07+00:00,2265.0,8,1,7,347.0,934.2857142857143,0.0030905077262693157,0.2119205298013245,1,7,7.0
544332847050670080,2014-12-15T03:27:18+00:00,2014-12-16T10:23:12+00:00,111354.0,342,1,341,154.0,13051.692082111436,0.0030623057995222444,0.18427717010614794,19,15,1.586046511627907
544333020023754752,2014-12-15T03:27:59+00:00,2014-12-15T06:39:13+00:00,11474.0,18,1,17,55.0,2242.8823529411766,0.001481610597873453,0.09412584974725467,3,11,2.8333333333333335
544333172180537344,2014-12-15T03:28:36+00:00,2014-12-15T05:14:52+00:00,6376.0,16,1,15,57.0,2008.3333333333333,0.0023525721455457966,0.15056461731493098,2,14,7.5
544333236243947520,2014-12-15T03:28:51+00:00,2014-12-15T06:04:29+00:00,9338.0,22,1,21,31.0,1254.4285714285713,0.0022488755622188904,0.14135789248233027,2,18,7.0
544333302178799617,2014-12-15T03:29:07+00:00,2014-12-15T18:36:13+00:00,54426.0,10,1,9,65.0,11275.888888888889,0.00016536214309337448,0.011024142872891633,1,7,7.0
544333764814323713,2014-12-15T03:30:57+00:00,2014-12-15T13:23:52+00:00,35575.0,24,1,23,200.0,8195.608695652174,0.000646521433591005,0.0404778636683064,5,13,2.5555555555555554
544334394912014336,2014-12-15T03:33:27+00:00,2014-12-15T07:12:52+00:00,13165.0,39,1,38,150.0,3557.5789473684213,0.0028864413216862896,0.17774401823015573,5,8,2.0
544334431830286336,2014-12-15T03:33:36+00:00,2014-12-15T15:14:37+00:00,42061.0,12,1,11,160.0,7954.454545454545,0.0002615249280806448,0.017117995292551296,3,6,1.8333333333333333
544334477011349505,2014-12-15T03:33:47+00:00,2014-12-15T06:30:33+00:00,10606.0,32,1,31,96.0,3373.548387096774,0.0029228738449933998,0.18102960588346217,10,17,2.2142857142857144
544334554631536640,2014-12-15T03:34:05+00:00,2014-12-16T21:06:58+00:00,149573.0,35,1,34,45.0,36288.0,0.00022731375315063548,0.01403996710636278,11,13,1.8888888888888888
544334612718055424,2014-12-15T03:34:19+00:00,2014-12-15T11:57:21+00:00,30182.0,17,1,16,55.0,4922.3125,0.0005301172884500696,0.03379497713869194,2,13,4.0
544334623023452160,2014-12-15T03:34:22+00:00,2014-12-15T06:09:55+00:00,9333.0,38,1,37,64.0,1018.3783783783783,0.003964427300975035,0.24429443908711024,11,10,1.608695652173913
544334939374641152,2014-12-15T03:35:37+00:00,2014-12-15T11:05:24+00:00,26987.0,15,1,14,144.0,2910.0,0.0005187682958461481,0.03334939044725238,4,10,2.8
544335202923737089,2014-12-15T03:36:40+00:00,2014-12-15T04:04:15+00:00,1655.0,24,1,23,169.0,859.304347826087,0.013897280966767372,0.8700906344410877,11,8,1.5333333333333334
544336408144781313,2014-12-15T03:41:27+00:00,2014-12-15T14:28:37+00:00,38830.0,7,1,6,179.0,15521.333333333334,0.0001545197012619109,0.010816379088333763,1,6,6.0
544336432609775618,2014-12-15T03:41:33+00:00,2014-12-15T04:40:06+00:00,3513.0,6,1,5,101.0,1119.2,0.0014232849416453174,0.10247651579846286,1,5,5.0
544336537870434304,2014-12-15T03:41:58+00:00,2014-12-15T21:01:58+00:00,62400.0,19,1,18,52.0,4539.888888888889,0.0002884615384615385,0.01826923076923077,4,13,3.0
544336572141694976,2014-12-15T03:42:06+00:00,2014-12-16T18:50:38+00:00,140912.0,13,1,12,53.0,32886.333333333336,8.515953219030317e-05,0.005535369592369706,1,12,12.0
544336585052160001,2014-12-15T03:42:09+00:00,2014-12-15T09:23:12+00:00,20463.0,23,1,22,153.0,2463.4545454545455,0.0010751111762693642,0.06743879196598739,3,14,4.4
544336736948473856,2014-12-15T03:42:46+00:00,2014-12-17T00:03:11+00:00,159625.0,67,1,66,164.0,27827.515151515152,0.000413469068128426,0.025184025058731404,9,13,1.736842105263158
544337283801829376,2014-12-15T03:44:56+00:00,2014-12-15T04:12:31+00:00,1655.0,9,1,8,27.0,520.0,0.004833836858006042,0.32628398791540786,4,5,2.0
544337383215226880,2014-12-15T03:45:20+00:00,2014-12-15T07:48:02+00:00,14562.0,26,1,25,193.0,4603.76,0.0017167971432495537,0.10712814173877215,7,6,1.6666666666666667
544337689676636161,2014-12-15T03:46:33+00:00,2014-12-15T05:53:43+00:00,7630.0,16,1,15,26.0,2215.4,0.001965923984272608,0.1258191349934469,7,8,2.142857142857143
544337761600557056,2014-12-15T03:46:50+00:00,2014-12-16T18:04:09+00:00,137839.0,65,1,64,148.0,12438.046875,0.0004643098107212037,0.028293879090823353,18,10,1.6842105263157894
544337816298070017,2014-12-15T03:47:03+00:00,2014-12-15T04:13:38+00:00,1595.0,22,1,21,215.0,1151.4285714285713,0.013166144200626959,0.8275862068965517,9,6,1.5
544338575240609792,2014-12-15T03:50:04+00:00,2014-12-15T04:11:28+00:00,1284.0,20,1,19,96.0,412.36842105263156,0.014797507788161994,0.9345794392523366,2,17,6.333333333333333
544338622078410752,2014-12-15T03:50:15+00:00,2014-12-15T03:50:15+00:00,0.0,1,1,0,0.0,0.0,0.0,0.0,0,0,0.0
544338622422335489,2014-12-15T03:50:15+00:00,2014-12-15T22:38:03+00:00,67668.0,40,1,39,15.0,4392.358974358975,0.0005763433232842702,0.035467281432878174,5,15,2.888888888888889
544338676835041280,2014-12-15T03:50:28+00:00,2014-12-16T04:37:41+00:00,89233.0,92,1,91,25.0,25912.164835164836,0.0010198020911546177,0.06186052245245593,19,12,1.5166666666666666
544338698750664704,2014-12-15T03:50:33+00:00,2014-12-15T04:12:34+00:00,1321.0,16,1,15,48.0,504.53333333333336,0.011355034065102196,0.7267221801665406,6,8,2.142857142857143
544338731210399744,2014-12-15T03:50:41+00:00,2014-12-15T05:06:59+00:00,4578.0,19,1,18,22.0,1138.1666666666667,0.003931847968545216,0.2490170380078637,2,13,3.0
544339368823894019,2014-12-15T03:53:13+00:00,2014-12-15T05:11:18+00:00,4685.0,18,1,17,106.0,1657.8235294117646,0.0036286019210245465,0.2305229455709712,1,15,15.0
544340091615715329,2014-12-15T03:56:05+00:00,2014-12-15T05:27:03+00:00,5458.0,20,1,19,45.0,1342.7368421052631,0.0034811286185415903,0.21986075485525833,3,16,6.333333333333333
544340578528272385,2014-12-15T03:58:01+00:00,2014-12-15T08:52:25+00:00,17664.0,18,1,17,105.0,6794.705882352941,0.0009624094202898551,0.061141304347826095,5,10,2.125
544340812448804864,2014-12-15T03:58:57+00:00,2014-12-15T11:56:36+00:00,28659.0,71,1,70,78.0,3613.5142857142855,0.0024425136955232214,0.14864440489898462,17,13,1.627906976744186
544340943965409281,2014-12-15T03:59:29+00:00,2014-12-15T04:16:33+00:00,1024.0,20,1,19,58.0,389.57894736842104,0.0185546875,1.171875,5,13,3.1666666666666665
544341124614459393,2014-12-15T04:00:12+00:00,2014-12-15T04:21:06+00:00,1254.0,3,1,2,1252.0,1253.0,0.001594896331738437,0.14354066985645933,2,1,1.0
544341194822520832,2014-12-15T04:00:28+00:00,2014-12-15T07:25:19+00:00,12291.0,39,1,38,5944.0,10945.184210526315,0.003091693108778781,0.19038320722479865,19,3,1.1875
544341255174356992,2014-12-15T04:00:43+00:00,2014-12-15T06:46:30+00:00,9947.0,7,1,6,304.0,3670.6666666666665,0.0006031969438021514,0.0422237860661506,1,3,3.0
544341369762742272,2014-12-15T04:01:10+00:00,2014-12-15T04:28:38+00:00,1648.0,48,1,47,258.0,1021.7234042553191,0.028519417475728157,1.7475728155339807,10,11,1.8333333333333333
544341406094213121,2014-12-15T04:01:19+00:00,2014-12-15T15:52:59+00:00,42700.0,11,1,10,127.0,5709.3,0.000234192037470726,0.015456674473067917,3,8,3.3333333333333335
544342204576038912,2014-12-15T04:04:29+00:00,2014-12-16T03:35:40+00:00,84671.0,34,1,33,50.0,19428.878787878788,0.000389743832008598,0.02409325506962242,8,18,3.0
544342743003045888,2014-12-15T04:06:37+00:00,2014-12-15T04:52:38+00:00,2761.0,8,1,7,98.0,1156.2857142857142,0.0025353132922854038,0.173850054328142,3,5,2.3333333333333335
544343299138392065,2014-12-15T04:08:50+00:00,2014-12-15T10:30:00+00:00,22870.0,18,1,17,127.0,3053.0,0.0007433318758198513,0.04722343681679055,2,15,5.666666666666667
544343367279456256,2014-12-15T04:09:06+00:00,2014-12-15T05:51:42+00:00,6156.0,24,1,23,20.0,699.695652173913,0.0037361923326835605,0.23391812865497078,2,17,3.8333333333333335
544343410849886209,2014-12-15T04:09:17+00:00,2014-12-16T03:40:33+00:00,84676.0,23,1,22,16.0,7519.954545454545,0.0002598138787850158,0.016297416032878265,3,15,4.4
544343625069379584,2014-12-15T04:10:08+00:00,2014-12-15T04:17:19+00:00,431.0,20,1,19,51.0,257.4736842105263,0.04408352668213457,2.7842227378190256,4,13,3.1666666666666665
544344684685189120,2014-12-15T04:14:20+00:00,2014-12-15T07:24:14+00:00,11394.0,18,1,17,301.0,2747.176470588235,0.0014920133403545726,0.0947867298578199,7,9,1.8888888888888888
544345074960584704,2014-12-15T04:15:53+00:00,2014-12-15T04:27:02+00:00,669.0,2,1,1,669.0,669.0,0.0014947683109118087,0.17937219730941703,1,1,1.0
544345465311879170,2014-12-15T04:17:27+00:00,2014-12-15T06:18:03+00:00,7236.0,28,1,27,118.0,3397.3703703703704,0.0037313432835820895,0.23217247097844113,9,6,1.6875
544345939054710785,2014-12-15T04:19:19+00:00,2014-12-15T05:28:21+00:00,4142.0,20,1,19,67.0,1376.0526315789473,0.0045871559633027525,0.28971511347175277,2,14,9.5
544346107900207105,2014-12-15T04:20:00+00:00,2014-12-15T07:50:02+00:00,12602.0,23,1,22,161.0,2284.7272727272725,0.0017457546421202983,0.10950642755118235,4,11,3.142857142857143
544346261365600257,2014-12-15T04:20:36+00:00,2014-12-18T08:30:19+00:00,274183.0,57,1,56,34.0,50034.857142857145,0.00020424315147182722,0.012473421036315163,19,12,1.6
544346359948910592,2014-12-15T04:21:00+00:00,2014-12-17T19:02:38+00:00,225698.0,28,1,27,78.0,24418.48148148148,0.00011962888461572544,0.00744357504275625,1,15,15.0
544346361101963265,2014-12-15T04:21:00+00:00,2014-12-15T21:42:12+00:00,62472.0,43,1,42,7.0,1673.0238095238096,0.0006723011909335382,0.04129850172877449,6,19,2.4705882352941178
544347292493705216,2014-12-15T04:24:42+00:00,2014-12-15T06:24:15+00:00,7173.0,23,1,22,13.0,744.6363636363636,0.003067057019378224,0.19238812212463405,7,14,2.4444444444444446
544348392944463872,2014-12-15T04:29:05+00:00,2014-12-15T05:56:05+00:00,5220.0,7,1,6,399.0,2203.6666666666665,0.0011494252873563218,0.08045977011494253,2,5,3.0
544348632980676608,2014-12-15T04:30:02+00:00,2014-12-15T20:29:47+00:00,57585.0,43,1,42,41.0,6257.619047619048,0.0007293566032821047,0.044803334201615,10,6,1.4
544348695076954114,2014-12-15T04:30:17+00:00,2014-12-15T05:33:42+00:00,3805.0,10,1,9,45.0,1384.0,0.0023653088042049934,0.15768725361366623,1,9,9.0
544349042952916993,2014-12-15T04:31:40+00:00,2014-12-15T20:31:20+00:00,57580.0,55,1,54,820.0,27042.444444444445,0.0009378256339006599,0.05731156651615144,15,8,2.0
544349773676179456,2014-12-15T04:34:34+00:00,2014-12-16T18:53:46+00:00,137952.0,44,1,43,36.0,16074.976744186046,0.00031170262120157734,0.019137091162143356,9,19,1.9545454545454546
544350087020019712,2014-12-15T04:35:48+00:00,2014-12-15T07:53:13+00:00,11845.0,15,1,14,66.0,2228.785714285714,0.0011819333051920641,0.07598142676234698,2,13,7.0
544350480780914688,2014-12-15T04:37:22+00:00,2014-12-15T04:51:41+00:00,859.0,22,1,21,57.0,336.9047619047619,0.024447031431897557,1.5366705471478463,4,11,2.7142857142857144
544350565283532800,2014-12-15T04:37:42+00:00,2014-12-15T05:01:36+00:00,1434.0,6,1,5,133.0,428.2,0.003486750348675035,0.2510460251046025,1,5,5.0
544350567183556608,2014-12-15T04:37:43+00:00,2014-12-15T04:39:59+00:00,136.0,3,1,2,128.0,132.0,0.014705882352941176,1.3235294117647058,1,2,2.0
544350712365207552,2014-12-15T04:38:18+00:00,2014-12-15T05:43:30+00:00,3912.0,19,1,18,129.0,1815.7222222222222,0.004601226993865031,0.29141104294478526,1,3,3.0
544350803125735424,2014-12-15T04:38:39+00:00,2014-12-15T18:25:58+00:00,49639.0,16,1,15,564.0,10564.8,0.00030218175225125407,0.019339632144080257,1,15,15.0
544350985142173697,2014-12-15T04:39:23+00:00,2014-12-15T10:38:21+00:00,21538.0,13,1,12,76.0,3170.0833333333335,0.0005571547961742037,0.036215061751323246,1,12,12.0
544351015936331777,2014-12-15T04:39:30+00:00,2014-12-15T05:47:30+00:00,4080.0,10,1,9,51.0,680.0,0.0022058823529411764,0.14705882352941177,5,4,1.5
544351133120987136,2014-12-15T04:39:58+00:00,2014-12-15T05:16:33+00:00,2195.0,12,1,11,43.0,542.0,0.005011389521640091,0.32801822323462415,3,8,3.6666666666666665
544351179044425729,2014-12-15T04:40:09+00:00,2014-12-15T04:40:09+00:00,0.0,1,1,0,0.0,0.0,0.0,0.0,0,0,0.0
544351356824604673,2014-12-15T04:40:51+00:00,2014-12-15T04:47:35+00:00,404.0,4,1,3,32.0,165.66666666666666,0.007425742574257425,0.594059405940594,1,3,3.0
544351486956670976,2014-12-15T04:41:22+00:00,2014-12-15T06:36:26+00:00,6904.0,9,1,8,139.0,2507.375,0.0011587485515643105,0.07821552723059097,4,5,2.0
544351832483450880,2014-12-15T04:42:45+00:00,2014-12-15T04:42:45+00:00,0.0,1,1,0,0.0,0.0,0.0,0.0,0,0,0.0
544351885298130945,2014-12-15T04:42:57+00:00,2014-12-15T06:30:46+00:00,6469.0,26,1,25,180.0,2109.16,0.0038645849435770597,0.24115010047920854,7,11,1.9230769230769231
544351967829839873,2014-12-15T04:43:17+00:00,2014-12-15T11:18:05+00:00,23688.0,4,1,3,74.0,13604.666666666666,0.00012664640324214793,0.010131712259371834,1,3,3.0
544351969658564608,2014-12-15T04:43:17+00:00,2014-12-15T04:52:10+00:00,533.0,2,1,1,533.0,533.0,0.001876172607879925,0.22514071294559101,1,1,1.0
544352188210745344,2014-12-15T04:44:09+00:00,2014-12-16T00:03:15+00:00,69546.0,3,1,2,6678.0,38112.0,2.8757944382135565e-05,0.002588214994392201,1,2,2.0
544352649978843136,2014-12-15T04:45:59+00:00,2014-12-15T05:38:41+00:00,3162.0,21,1,20,144.0,980.95,0.006325110689437065,0.39848197343453506,4,8,2.2222222222222223
544352727971954690,2014-12-15T04:46:18+00:00,2014-12-15T05:46:16+00:00,3598.0,9,1,8,16.0,1398.375,0.0022234574763757642,0.15008337965536409,2,6,2.6666666666666665
544352874969698305,2014-12-15T04:46:53+00:00,2014-12-15T05:13:25+00:00,1592.0,8,1,7,74.0,1050.7142857142858,0.0043969849246231155,0.3015075376884422,4,3,1.75
544353257175654400,2014-12-15T04:48:24+00:00,2014-12-16T04:25:42+00:00,85038.0,124,1,123,130.0,5603.658536585366,0.0014464121921964298,0.08749029845480844,19,13,1.5769230769230769
544353303468199936,2014-12-15T04:48:35+00:00,2014-12-15T04:51:12+00:00,157.0,3,1,2,107.0,132.0,0.012738853503184714,1.1464968152866242,1,2,2.0
544353502689251329,2014-12-15T04:49:23+00:00,2014-12-15T12:15:50+00:00,26787.0,12,1,11,16.0,7581.181818181818,0.00041064695561279725,0.026878709821928547,2,9,3.6666666666666665
544353552177455104,2014-12-15T04:49:35+00:00,2014-12-15T04:49:35+00:00,0.0,1,1,0,0.0,0.0,0.0,0.0,0,0,0.0
544353600273518592,2014-12-15T04:49:46+00:00,2014-12-15T04:49:46+00:00,0.0,1,1,0,0.0,0.0,0.0,0.0,0,0,0.0
544353793270243328,2014-12-15T04:50:32+00:00,2014-12-15T11:47:22+00:00,25010.0,6,1,5,714.0,6532.4,0.00019992003198720512,0.014394242303078768,1,5,5.0
544353918315397121,2014-12-15T04:51:02+00:00,2014-12-15T06:09:04+00:00,4682.0,19,1,18,18.0,1341.3333333333333,0.003844510892780863,0.24348568987612132,3,13,3.6
544354175900196864,2014-12-15T04:52:03+00:00,2014-12-15T04:56:01+00:00,238.0,2,1,1,238.0,238.0,0.004201680672268907,0.5042016806722689,0,0,0.0
544354418938740736,2014-12-15T04:53:01+00:00,2014-12-15T09:18:38+00:00,15937.0,27,1,26,3886.0,11878.73076923077,0.0016314237309405786,0.10165024785091296,9,9,1.7333333333333334
544354657385316352,2014-12-15T04:53:58+00:00,2014-12-15T04:57:16+00:00,198.0,20,1,19,26.0,80.63157894736842,0.09595959595959595,6.0606060606060606,3,15,3.8
544354840042680320,2014-12-15T04:54:42+00:00,2014-12-15T09:47:47+00:00,17585.0,22,1,21,118.0,2792.6190476190477,0.001194199601933466,0.07506397497867501,5,13,2.625
544355197435142145,2014-12-15T04:56:07+00:00,2014-12-16T17:57:40+00:00,133293.0,7,1,6,139.0,27634.5,4.501361661902726e-05,0.0031509531633319076,1,6,6.0
544355218251452416,2014-12-15T04:56:12+00:00,2014-12-15T08:58:01+00:00,14509.0,7,1,6,64.0,2727.5,0.00041353642566682746,0.028947549796677925,1,6,6.0
544355417900716032,2014-12-15T04:56:59+00:00,2014-12-15T09:02:24+00:00,14725.0,12,1,11,60.0,5050.545454545455,0.0007470288624787776,0.048896434634974534,2,6,2.75
544355845489065984,2014-12-15T04:58:41+00:00,2014-12-15T16:16:46+00:00,40685.0,25,1,24,83.0,2898.4166666666665,0.0005898979968047192,0.036868624800294944,5,7,2.0
544355924224532481,2014-12-15T04:59:00+00:00,2014-12-15T05:21:57+00:00,1377.0,3,1,2,332.0,854.5,0.0014524328249818446,0.13071895424836602,1,2,2.0
544355987608444929,2014-12-15T04:59:15+00:00,2014-12-15T06:54:24+00:00,6909.0,39,1,38,15.0,1728.5526315789473,0.005500072369373281,0.33868866695614414,5,15,2.0
544356122082410496,2014-12-15T04:59:47+00:00,2014-12-15T05:25:30+00:00,1543.0,22,1,21,19.0,545.7142857142857,0.013609850939727802,0.8554763447828905,6,12,2.1
544356213837017089,2014-12-15T05:00:09+00:00,2014-12-15T06:45:51+00:00,6342.0,11,1,10,28.0,1608.3,0.001576789656259855,0.10406811731315042,1,10,10.0
544356579098001408,2014-12-15T05:01:36+00:00,2014-12-15T06:33:08+00:00,5492.0,3,1,2,392.0,2942.0,0.0003641660597232338,0.03277494537509104,1,2,2.0
544356724871036928,2014-12-15T05:02:11+00:00,2014-12-15T05:27:32+00:00,1521.0,8,1,7,27.0,421.14285714285717,0.0046022353714661405,0.3155818540433925,2,6,3.5
544356997718900736,2014-12-15T05:03:16+00:00,2014-12-15T07:28:11+00:00,8695.0,19,1,18,31.0,1801.3333333333333,0.0020701552616446232,0.1311098332374928,2,16,6.0
544357264333615104,2014-12-15T05:04:20+00:00,2014-12-15T05:18:56+00:00,876.0,6,1,5,334.0,582.4,0.005707762557077625,0.4109589041095891,3,3,1.6666666666666667
544357487911395329,2014-12-15T05:05:13+00:00,2014-12-16T00:22:51+00:00,69458.0,25,1,24,43.0,9410.291666666666,0.00034553255204584064,0.021595784502865038,4,15,3.4285714285714284
544357563534680064,2014-12-15T05:05:31+00:00,2014-12-15T08:13:07+00:00,11256.0,11,1,10,65.0,3059.9,0.0008884150675195451,0.05863539445628998,2,9,5.0
544357899783655424,2014-12-15T05:06:51+00:00,2014-12-15T14:33:16+00:00,33985.0,26,1,25,126.0,9829.92,0.0007356186552890981,0.045902604090039725,6,14,2.7777777777777777
544357935439417345,2014-12-15T05:07:00+00:00,2014-12-15T23:25:18+00:00,65898.0,17,1,16,1066.0,13290.625,0.00024279947798112235,0.01547846672129655,5,8,2.1666666666666665
544358533819420672,2014-12-15T05:09:22+00:00,2014-12-15T11:22:17+00:00,22375.0,19,1,18,26.0,14818.166666666666,0.0008044692737430168,0.05094972067039106,2,17,9.0
544358564484378624,2014-12-15T05:09:30+00:00,2014-12-15T05:52:53+00:00,2603.0,3,1,2,91.0,1347.0,0.000768344218209758,0.06915097963887822,1,2,2.0
544358920869789696,2014-12-15T05:10:55+00:00,2014-12-17T08:22:23+00:00,184288.0,17,1,16,393.0,22925.0625,8.682062858135092e-05,0.005534815072061122,3,10,2.6666666666666665
544359422726664192,2014-12-15T05:12:54+00:00,2014-12-15T05:43:36+00:00,1842.0,20,1,19,293.0,769.421052631579,0.01031487513572204,0.6514657980456027,4,12,2.5714285714285716
544359578612559872,2014-12-15T05:13:31+00:00,2014-12-15T05:42:33+00:00,1742.0,12,1,11,177.0,488.54545454545456,0.006314580941446613,0.41331802525832373,2,9,3.6666666666666665
544359670480379905,2014-12-15T05:13:53+00:00,2014-12-15T06:35:19+00:00,4886.0,5,1,4,394.0,1975.0,0.0008186655751125665,0.061399918133442484,2,3,2.0
544360342995099648,2014-12-15T05:16:34+00:00,2014-12-16T23:12:15+00:00,150941.0,27,1,26,93.0,6808.846153846154,0.0001722527345121604,0.0107326703811423,9,10,2.1666666666666665
544360851646709760,2014-12-15T05:18:35+00:00,2014-12-15T07:54:05+00:00,9330.0,19,1,18,69.0,3804.1111111111113,0.0019292604501607716,0.12218649517684887,2,16,6.0
544360928603799552,2014-12-15T05:18:53+00:00,2014-12-15T06:42:49+00:00,5036.0,22,1,21,57.0,618.5714285714286,0.0041699761715647335,0.2621127879269261,3,11,3.4
544361266718846977,2014-12-15T05:20:14+00:00,2014-12-15T07:49:12+00:00,8938.0,8,1,7,103.0,2251.5714285714284,0.0007831729693443723,0.05370328932647125,2,4,1.75
544361776020586496,2014-12-15T05:22:15+00:00,2014-12-15T06:29:31+00:00,4036.0,4,1,3,44.0,1380.3333333333333,0.0007433102081268583,0.05946481665014866,2,2,1.5
544362279006113792,2014-12-15T05:24:15+00:00,2014-12-15T05:41:11+00:00,1016.0,20,1,19,36.0,469.1578947368421,0.018700787401574805,1.1811023622047243,4,13,2.7142857142857144
544362543997665280,2014-12-15T05:25:18+00:00,2014-12-16T08:33:59+00:00,97721.0,13,1,12,419.0,17767.166666666668,0.0001227985796297623,0.007981907675934548,3,9,3.0
544363222296297473,2014-12-15T05:28:00+00:00,2014-12-15T07:16:48+00:00,6528.0,16,1,15,76.0,1741.0666666666666,0.002297794117647059,0.14705882352941177,1,15,15.0
544363391641341952,2014-12-15T05:28:41+00:00,2014-12-15T08:34:34+00:00,11153.0,20,1,19,38.0,2810.157894736842,0.0017035775127768314,0.10759436922801041,3,15,3.8
544363471660277760,2014-12-15T05:29:00+00:00,2014-12-15T13:05:16+00:00,27376.0,7,1,6,319.0,5543.5,0.00021917007597895967,0.015341905318527178,1,6,6.0
544363757493702656,2014-12-15T05:30:08+00:00,2014-12-15T05:30:08+00:00,0.0,1,1,0,0.0,0.0,0.0,0.0,0,0,0.0
544364000897945600,2014-12-15T05:31:06+00:00,2014-12-15T06:11:22+00:00,2416.0,13,1,12,405.0,1405.4166666666667,0.004966887417218543,0.3228476821192053,6,6,2.0
544364507342979072,2014-12-15T05:33:07+00:00,2014-12-15T05:39:18+00:00,371.0,3,1,2,200.0,285.5,0.005390835579514825,0.4851752021563342,1,2,2.0
544365039663083521,2014-12-15T05:35:13+00:00,2014-12-15T07:30:59+00:00,6946.0,19,1,18,209.0,1629.111111111111,0.002591419522027066,0.1641232363950475,2,13,7.0
544365130138808321,2014-12-15T05:35:35+00:00,2014-12-15T09:31:38+00:00,14163.0,8,1,7,59.0,4130.571428571428,0.0004942455694415026,0.03389112476170303,1,7,7.0
544365585417527296,2014-12-15T05:37:24+00:00,2014-12-15T05:47:33+00:00,609.0,5,1,4,136.0,269.0,0.006568144499178982,0.49261083743842365,1,4,4.0
544366036498542592,2014-12-15T05:39:11+00:00,2014-12-17T02:46:24+00:00,162433.0,25,1,24,17.0,29396.916666666668,0.00014775322748456288,0.00923457671778518,6,13,2.6666666666666665
544366723067957249,2014-12-15T05:41:55+00:00,2014-12-15T10:37:21+00:00,17726.0,24,1,23,100.0,4218.869565217391,0.0012975290533679342,0.08123660160216631,3,17,3.8333333333333335
544366824997912576,2014-12-15T05:42:19+00:00,2014-12-15T12:07:31+00:00,23112.0,16,1,15,331.0,8368.4,0.0006490134994807892,0.04153686396677051,3,12,5.0
544366894107480064,2014-12-15T05:42:36+00:00,2014-12-15T10:13:05+00:00,16229.0,40,1,39,53.0,3768.5897435897436,0.0024031055517900056,0.14788341857169265,13,11,2.1666666666666665
544366934154678272,2014-12-15T05:42:45+00:00,2014-12-15T07:28:19+00:00,6334.0,4,1,3,2304.0,4719.0,0.000473634354278497,0.03789074834227976,1,3,3.0
544367010894086145,2014-12-15T05:43:03+00:00,2014-12-15T05:43:03+00:00,0.0,1,1,0,0.0,0.0,0.0,0.0,0,0,0.0
544367253857525761,2014-12-15T05:44:01+00:00,2014-12-15T08:56:58+00:00,11577.0,21,1,20,38.0,1031.95,0.0017275632720048372,0.10883648613630476,2,18,6.666666666666667
544367462012432384,2014-12-15T05:44:51+00:00,2014-12-15T06:02:53+00:00,1082.0,13,1,12,16.0,566.3333333333334,0.011090573012939002,0.720887245841035,2,11,6.0
544367862211952641,2014-12-15T05:46:26+00:00,2014-12-16T04:55:00+00:00,83314.0,10,1,9,442.0,10537.444444444445,0.00010802506181434093,0.007201670787622729,4,6,2.25
544368246271406080,2014-12-15T05:47:58+00:00,2014-12-15T06:30:04+00:00,2526.0,19,1,18,211.0,1103.888888888889,0.007125890736342043,0.4513064133016627,4,15,4.5
544369229987078145,2014-12-15T05:51:52+00:00,2014-12-15T08:15:23+00:00,8611.0,8,1,7,219.0,3879.5714285714284,0.0008129137150156776,0.055742654743932175,1,7,7.0
544369501857263616,2014-12-15T05:52:57+00:00,2014-12-15T06:58:37+00:00,3940.0,29,1,28,112.0,1427.4642857142858,0.007106598984771574,0.4416243654822335,6,8,1.9285714285714286
544369574842347520,2014-12-15T05:53:15+00:00,2014-12-15T09:26:39+00:00,12804.0,20,1,19,153.0,6110.1578947368425,0.0014839112777257108,0.09372071227741331,3,15,3.8
544369653015801856,2014-12-15T05:53:33+00:00,2014-12-15T06:00:53+00:00,440.0,19,1,18,56.0,188.22222222222223,0.04090909090909091,2.590909090909091,2,16,6.0
544369667096477696,2014-12-15T05:53:37+00:00,2014-12-15T12:42:36+00:00,24539.0,17,1,16,85.0,4734.25,0.0006520233098333266,0.04156648600187456,2,13,4.0
544370072018378752,2014-12-15T05:55:13+00:00,2014-12-15T06:15:52+00:00,1239.0,4,1,3,760.0,967.3333333333334,0.002421307506053269,0.19370460048426152,1,3,3.0
544370712639590400,2014-12-15T05:57:46+00:00,2014-12-15T06:02:01+00:00,255.0,6,1,5,23.0,129.8,0.0196078431372549,1.411764705882353,1,5,5.0
544371668131393537,2014-12-15T06:01:34+00:00,2014-12-15T07:05:48+00:00,3854.0,6,1,5,71.0,990.2,0.0012973533990659055,0.09340944473274519,1,5,5.0
544372177965834240,2014-12-15T06:03:35+00:00,2014-12-15T10:58:21+00:00,17686.0,28,1,27,21.0,5309.222222222223,0.0015266312337442044,0.09499038787741718,5,15,2.7
544372222400671744,2014-12-15T06:03:46+00:00,2014-12-15T12:22:07+00:00,22701.0,8,1,7,597.0,5337.142857142857,0.0003083564600678384,0.021144442976080348,3,5,2.3333333333333335
544372257674788864,2014-12-15T06:03:54+00:00,2014-12-15T14:59:43+00:00,32149.0,8,1,7,210.0,5136.285714285715,0.0002177361659771688,0.014930479952720146,1,7,7.0
544372384690872321,2014-12-15T06:04:25+00:00,2014-12-15T15:34:33+00:00,34208.0,2,1,1,34208.0,34208.0,2.9232927970065482e-05,0.0035079513564078577,1,1,1.0
544372465078505472,2014-12-15T06:04:44+00:00,2014-12-15T06:26:18+00:00,1294.0,3,1,2,190.0,742.0,0.0015455950540958269,0.1391035548686244,1,1,1.0
544372545219489792,2014-12-15T06:05:03+00:00,2014-12-15T08:11:34+00:00,7591.0,7,1,6,105.0,1715.5,0.0007904096956922672,0.0553286786984587,2,5,3.0
544372701285351424,2014-12-15T06:05:40+00:00,2014-12-15T07:02:26+00:00,3406.0,21,1,20,199.0,1066.8,0.005871990604815032,0.369935408103347,2,18,6.666666666666667
544373504419069952,2014-12-15T06:08:52+00:00,2014-12-15T08:20:27+00:00,7895.0,3,1,2,1197.0,4546.0,0.000253324889170361,0.022799240025332488,1,2,2.0
544373513407062016,2014-12-15T06:08:54+00:00,2014-12-15T08:08:09+00:00,7155.0,6,1,5,213.0,2059.6,0.0006988120195667365,0.050314465408805034,1,5,5.0
544373515067998208,2014-12-15T06:08:54+00:00,2014-12-15T07:56:10+00:00,6436.0,19,1,18,41.0,1438.111111111111,0.0027967681789931634,0.17712865133623368,2,17,9.0
544373593841623040,2014-12-15T06:09:13+00:00,2014-12-15T12:37:35+00:00,23302.0,19,1,18,42.0,1614.9444444444443,0.0007724658827568449,0.04892283924126684,3,12,3.0
544373676842311681,2014-12-15T06:09:33+00:00,2014-12-15T08:40:44+00:00,9071.0,21,1,20,49.0,1266.05,0.0022048285745783266,0.13890420019843458,3,14,4.5
544373694068686848,2014-12-15T06:09:37+00:00,2014-12-15T19:52:56+00:00,49399.0,17,1,16,127.0,4163.125,0.00032389319621854696,0.020648191258932365,2,11,6.0
544373839548145664,2014-12-15T06:10:11+00:00,2014-12-15T07:44:41+00:00,5670.0,17,1,16,92.0,1041.375,0.0028218694885361554,0.17989417989417988,4,11,3.2
544373945206460416,2014-12-15T06:10:37+00:00,2014-12-15T06:10:37+00:00,0.0,1,1,0,0.0,0.0,0.0,0.0,0,0,0.0
544374018661687296,2014-12-15T06:10:54+00:00,2014-12-15T16:34:39+00:00,37425.0,17,1,16,86.0,8726.6875,0.00042752171008684034,0.027254509018036072,6,11,2.6666666666666665
544374313848430592,2014-12-15T06:12:05+00:00,2014-12-15T06:25:21+00:00,796.0,10,1,9,40.0,346.55555555555554,0.011306532663316583,0.7537688442211055,3,5,1.8
544374395540881408,2014-12-15T06:12:24+00:00,2014-12-15T09:12:33+00:00,10809.0,13,1,12,101.0,3876.5833333333335,0.0011101859561476548,0.07216208714959756,4,9,3.0
544374422056882176,2014-12-15T06:12:30+00:00,2014-12-15T07:27:01+00:00,4471.0,21,1,20,43.0,1015.7,0.004473272198613286,0.281816148512637,5,15,3.3333333333333335
544374511194632192,2014-12-15T06:12:52+00:00,2014-12-15T09:12:00+00:00,10748.0,10,1,9,135.0,3841.222222222222,0.0008373650911797544,0.05582433941198363,1,8,8.0
544374563539140608,2014-12-15T06:13:04+00:00,2014-12-15T10:25:20+00:00,15136.0,15,1,14,104.0,2515.3571428571427,0.0009249471458773784,0.05946088794926004,3,11,3.5
544374569016885248,2014-12-15T06:13:05+00:00,2014-12-15T08:03:39+00:00,6634.0,10,1,9,175.0,4395.333333333333,0.0013566475731082302,0.09044317154054869,2,4,2.5
544374871812472832,2014-12-15T06:14:18+00:00,2014-12-15T12:18:24+00:00,21846.0,34,1,33,82.0,2731.181818181818,0.0015105740181268882,0.09338093930238944,11,7,1.5714285714285714
544375969687953410,2014-12-15T06:18:39+00:00,2014-12-15T07:19:28+00:00,3649.0,16,1,15,107.0,1814.2,0.004110715264456015,0.263085776925185,3,6,2.75
544376073685712896,2014-12-15T06:19:04+00:00,2014-12-15T06:57:05+00:00,2281.0,14,1,13,111.0,1490.6923076923076,0.005699254712845244,0.3682595352915388,7,6,1.625
544376300417585152,2014-12-15T06:19:58+00:00,2014-12-15T08:55:58+00:00,9360.0,7,1,6,146.0,2616.3333333333335,0.000641025641025641,0.04487179487179487,1,6,6.0
544376469279875072,2014-12-15T06:20:38+00:00,2014-12-18T00:19:35+00:00,237537.0,31,1,30,235.0,46096.833333333336,0.00012629611386857627,0.007830359059851728,5,18,3.0
544376532161298432,2014-12-15T06:20:53+00:00,2014-12-15T09:19:16+00:00,10703.0,19,1,18,122.0,3113.5,0.0016817714659441278,0.1065121928431281,2,16,6.0
544376732649013248,2014-12-15T06:21:41+00:00,2014-12-15T15:06:39+00:00,31498.0,19,1,18,128.0,4719.944444444444,0.000571464854911423,0.036192774144390115,4,13,3.4
544377046030635008,2014-12-15T06:22:56+00:00,2014-12-15T06:53:37+00:00,1841.0,10,1,9,15.0,788.0,0.004888647474198805,0.32590983161325365,2,7,3.0
544377326122057728,2014-12-15T06:24:03+00:00,2014-12-15T09:17:49+00:00,10426.0,20,1,19,801.0,4584.421052631579,0.0018223671590255131,0.11509687320161134,5,9,1.9
544377463581581314,2014-12-15T06:24:36+00:00,2014-12-15T10:06:06+00:00,13290.0,21,1,20,113.0,2334.5,0.0015048908954100827,0.09480812641083522,3,15,6.666666666666667
544377502563459072,2014-12-15T06:24:45+00:00,2014-12-16T23:10:56+00:00,146771.0,18,1,17,186.0,28869.941176470587,0.00011582669600942965,0.007358401864128472,2,16,8.5
544377700677615616,2014-12-15T06:25:32+00:00,2014-12-15T08:55:39+00:00,9007.0,17,1,16,193.0,1761.25,0.0017763961363384034,0.11324525369157322,1,16,16.0
544377870554898432,2014-12-15T06:26:13+00:00,2014-12-15T07:46:30+00:00,4817.0,18,1,17,48.0,1199.6470588235295,0.0035291675316587085,0.2242059373053768,2,15,5.666666666666667
544378232624410624,2014-12-15T06:27:39+00:00,2014-12-15T13:20:30+00:00,24771.0,21,1,20,60.0,4286.85,0.0008073957450244237,0.05086593193653869,8,9,1.6666666666666667
544378468931076097,2014-12-15T06:28:35+00:00,2014-12-15T17:57:28+00:00,41333.0,7,1,6,179.0,8430.666666666666,0.0001451624609875886,0.010161372269131204,2,5,3.0
544378515378814977,2014-12-15T06:28:46+00:00,2014-12-15T12:35:31+00:00,22005.0,22,1,21,127.0,2864.809523809524,0.0009543285616905249,0.05998636673483299,3,14,3.0
544378769952505856,2014-12-15T06:29:47+00:00,2014-12-15T07:02:27+00:00,1960.0,8,1,7,49.0,497.7142857142857,0.0035714285714285713,0.2448979591836735,1,7,7.0
544379143136497664,2014-12-15T06:31:16+00:00,2014-12-15T22:56:54+00:00,59138.0,75,1,74,151.0,28104.702702702703,0.0012513104940985492,0.07609320572220907,13,11,1.5333333333333334
544379366474403840,2014-12-15T06:32:09+00:00,2014-12-15T13:12:23+00:00,24014.0,15,1,14,150.0,3734.1428571428573,0.0005829932539352044,0.037478137752977425,1,14,14.0
544379489263042561,2014-12-15T06:32:38+00:00,2014-12-15T16:01:22+00:00,34124.0,16,1,15,56.0,9630.533333333333,0.0004395733208299144,0.028132692533114522,2,14,7.5
544379738240720896,2014-12-15T06:33:38+00:00,2014-12-16T04:26:22+00:00,78764.0,34,1,33,12.0,51309.90909090909,0.00041897313493474177,0.02590015743232949,14,13,1.8333333333333333
544379787246981122,2014-12-15T06:33:50+00:00,2014-12-15T11:16:17+00:00,16947.0,12,1,11,294.0,7073.363636363636,0.0006490824334690505,0.04248539564524695,1,11,11.0
544380433014591488,2014-12-15T06:36:23+00:00,2014-12-16T00:40:32+00:00,65049.0,28,1,27,48.0,25013.962962962964,0.00041507171516856525,0.02582668449937739,9,13,2.076923076923077
544380441210277888,2014-12-15T06:36:25+00:00,2014-12-15T10:46:49+00:00,15024.0,24,1,23,56.0,4636.260869565217,0.0015308839190628328,0.09584664536741214,5,17,3.2857142857142856
544380742076088320,2014-12-15T06:37:37+00:00,2014-12-15T07:44:39+00:00,4022.0,20,1,19,145.0,1393.6842105263158,0.004724017901541522,0.29835902536051717,5,11,2.375
544380899639689216,2014-12-15T06:38:15+00:00,2014-12-15T08:02:41+00:00,5066.0,11,1,10,353.0,1982.6,0.0019739439399921043,0.13028030003947888,1,10,10.0
544380980677857280,2014-12-15T06:38:34+00:00,2014-12-15T16:32:17+00:00,35623.0,11,1,10,166.0,11991.9,0.0002807175139656963,0.018527355921735957,4,7,2.5
544381029537312769,2014-12-15T06:38:46+00:00,2014-12-15T15:23:11+00:00,31465.0,10,1,9,106.0,3861.4444444444443,0.00028603209915779436,0.019068806610519625,1,9,9.0
544381144620216320,2014-12-15T06:39:13+00:00,2014-12-15T09:54:35+00:00,11722.0,10,1,9,117.0,4628.555555555556,0.0007677870670534039,0.05118580447022692,3,7,3.0
544381485591982083,2014-12-15T06:40:34+00:00,2014-12-15T07:13:35+00:00,1981.0,22,1,21,81.0,950.8095238095239,0.01060070671378092,0.6663301362948006,2,11,6.0
544381860214603776,2014-12-15T06:42:04+00:00,2014-12-15T09:02:06+00:00,8402.0,18,1,17,128.0,1653.5294117647059,0.002023327779100214,0.12854082361342536,2,16,8.5
544382249178001408,2014-12-15T06:43:36+00:00,2014-12-15T11:14:21+00:00,16245.0,17,1,16,15.0,2244.125,0.0009849184364419822,0.06278855032317636,1,16,16.0
544382740750024704,2014-12-15T06:45:34+00:00,2014-12-15T06:45:34+00:00,0.0,1,1,0,0.0,0.0,0.0,0.0,0,0,0.0
544382795099799553,2014-12-15T06:45:47+00:00,2014-12-15T06:54:09+00:00,502.0,20,1,19,8.0,142.05263157894737,0.037848605577689244,2.390438247011952,1,19,19.0
544382892378714113,2014-12-15T06:46:10+00:00,2014-12-15T17:26:19+00:00,38409.0,9,1,8,161.0,11472.5,0.00020828451664974356,0.01405920487385769,3,6,2.6666666666666665
544383022876065792,2014-12-15T06:46:41+00:00,2014-12-15T14:41:36+00:00,28495.0,30,1,29,79.0,3206.2413793103447,0.0010177224074399017,0.06316897701351114,9,17,2.6363636363636362
544383230091464704,2014-12-15T06:47:30+00:00,2014-12-15T09:26:42+00:00,9552.0,12,1,11,55.0,2849.7272727272725,0.0011515912897822446,0.07537688442211056,1,11,11.0
544383383095508992,2014-12-15T06:48:07+00:00,2014-12-15T12:33:34+00:00,20727.0,20,1,19,32.0,2437.7368421052633,0.0009166787282288802,0.05789549862498191,3,17,6.333333333333333
544383649131806722,2014-12-15T06:49:10+00:00,2014-12-15T11:48:32+00:00,17962.0,19,1,18,433.0,8029.777777777777,0.0010021155773299187,0.06346731989756152,2,16,6.0
544384041391517697,2014-12-15T06:50:44+00:00,2014-12-16T04:33:48+00:00,78184.0,49,1,48,343.0,5671.645833333333,0.0006139363552645043,0.03760360175995089,16,4,1.7777777777777777
544384255825289216,2014-12-15T06:51:35+00:00,2014-12-15T07:01:54+00:00,619.0,6,1,5,17.0,321.4,0.008077544426494346,0.5815831987075929,1,5,5.0
544384349395628033,2014-12-15T06:51:57+00:00,2014-12-15T11:40:11+00:00,17294.0,10,1,9,337.0,4194.111111111111,0.0005204117034809761,0.0346941135653984,3,5,1.8
544384394337611776,2014-12-15T06:52:08+00:00,2014-12-15T09:45:57+00:00,10429.0,30,1,29,138.0,3838.9310344827586,0.0027807076421516924,0.172595646754243,6,7,2.0714285714285716
544384467809230848,2014-12-15T06:52:25+00:00,2014-12-15T09:52:20+00:00,10795.0,21,1,20,49.0,2650.2,0.0018527095877721167,0.11672070402964337,5,16,4.0
544384498947719169,2014-12-15T06:52:33+00:00,2014-12-15T10:04:22+00:00,11509.0,7,1,6,104.0,3908.3333333333335,0.000521331132157442,0.03649317925102094,1,6,6.0
544384662765068288,2014-12-15T06:53:12+00:00,2014-12-16T05:04:50+00:00,79898.0,35,1,34,52.0,18625.823529411766,0.0004255425667726351,0.026283511477133342,9,9,1.65
544384680376532992,2014-12-15T06:53:16+00:00,2014-12-15T22:21:04+00:00,55668.0,30,1,29,132.0,10015.620689655172,0.0005209456060932672,0.032334554860961415,10,15,2.230769230769231
544384825332101120,2014-12-15T06:53:51+00:00,2014-12-15T09:43:42+00:00,10191.0,23,1,22,142.0,1715.6363636363637,0.0021587675399862625,0.13541360023550192,4,4,2.0
544384839906906113,2014-12-15T06:53:54+00:00,2014-12-15T17:47:52+00:00,39238.0,20,1,19,31.0,11038.052631578947,0.00048422447627300064,0.030582598501452674,2,18,9.5
544385086955589632,2014-12-15T06:54:53+00:00,2014-12-15T11:50:45+00:00,17752.0,25,1,24,130.0,3496.5,0.0013519603424966202,0.08449752140603875,2,19,4.8
544385535909715968,2014-12-15T06:56:40+00:00,2014-12-15T07:50:16+00:00,3216.0,2,1,1,3216.0,3216.0,0.0003109452736318408,0.03731343283582089,1,1,1.0
544385641975676929,2014-12-15T06:57:05+00:00,2014-12-15T08:49:18+00:00,6733.0,29,1,28,72.0,2072.6071428571427,0.004158621713946235,0.2584286350809446,4,9,2.2222222222222223
544385829180035072,2014-12-15T06:57:50+00:00,2014-12-16T08:46:01+00:00,92891.0,46,1,45,73.0,40393.46666666667,0.0004844387507939413,0.029712243382028398,15,9,1.9565217391304348
544386515171020801,2014-12-15T07:00:34+00:00,2014-12-15T16:01:12+00:00,32438.0,22,1,21,85.0,21530.285714285714,0.0006473888649115235,0.04069301436586719,7,7,1.5384615384615385
544387390752567297,2014-12-15T07:04:02+00:00,2014-12-16T21:53:11+00:00,139749.0,58,1,57,437.0,33565.38596491228,0.00040787411716720694,0.024901788205997897,19,3,1.2391304347826086
544387669766451200,2014-12-15T07:05:09+00:00,2014-12-15T12:40:23+00:00,20114.0,10,1,9,244.0,4819.333333333333,0.0004474495376354778,0.029829969175698516,1,9,9.0
544387886611570688,2014-12-15T07:06:01+00:00,2014-12-15T10:13:27+00:00,11246.0,21,1,20,160.0,4166.3,0.0017784101013693758,0.11203983638627067,5,15,3.3333333333333335
544387967037763584,2014-12-15T07:06:20+00:00,2014-12-15T11:17:46+00:00,15086.0,13,1,12,141.0,3282.8333333333335,0.0007954394803128729,0.051703566220336734,1,12,12.0
544388013141143552,2014-12-15T07:06:31+00:00,2014-12-15T09:41:37+00:00,9306.0,23,1,22,60.0,1553.3636363636363,0.002364066193853428,0.14829142488716957,6,11,1.8333333333333333
544388092552294400,2014-12-15T07:06:50+00:00,2014-12-15T07:59:30+00:00,3160.0,8,1,7,47.0,1163.142857142857,0.0022151898734177216,0.1518987341772152,2,6,3.5
544388259359387648,2014-12-15T07:07:29+00:00,2014-12-15T22:01:50+00:00,53661.0,30,1,29,151.0,17265.51724137931,0.0005404297348167198,0.033543914574830885,5,19,4.833333333333333
544388329094270976,2014-12-15T07:07:46+00:00,2014-12-15T10:23:34+00:00,11748.0,27,1,26,24.0,1772.8076923076924,0.0022131426625808647,0.1378958120531154,3,18,3.7142857142857144
544388658334146561,2014-12-15T07:09:05+00:00,2014-12-15T08:13:50+00:00,3885.0,6,1,5,262.0,2257.2,0.001287001287001287,0.09266409266409266,1,5,5.0
544389259491172353,2014-12-15T07:11:28+00:00,2014-12-15T13:03:24+00:00,21116.0,8,1,7,215.0,5932.142857142857,0.0003315021784428869,0.022731577950369387,3,5,2.3333333333333335
544389493273276416,2014-12-15T07:12:24+00:00,2014-12-16T11:24:06+00:00,101502.0,19,1,18,104.0,6935.833333333333,0.00017733640716439085,0.011231305787078087,3,12,3.0
544389506569220096,2014-12-15T07:12:27+00:00,2014-12-15T09:00:59+00:00,6512.0,20,1,19,93.0,1247.3684210526317,0.0029176904176904175,0.18427518427518427,2,13,6.333333333333333
544389639046721537,2014-12-15T07:12:58+00:00,2014-12-15T13:50:20+00:00,23842.0,33,1,32,40.0,4548.875,0.0013421692811005788,0.08304672426809831,6,19,2.909090909090909
544389770009276416,2014-12-15T07:13:30+00:00,2014-12-15T15:46:44+00:00,30794.0,37,1,36,206.0,21469.61111111111,0.0011690589075793985,0.07209196596739624,19,11,1.5909090909090908
544389893120856064,2014-12-15T07:13:59+00:00,2014-12-16T00:44:39+00:00,63040.0,39,1,38,40.0,10834.921052631578,0.0006027918781725889,0.03711928934010152,7,9,2.642857142857143
544389911630340096,2014-12-15T07:14:03+00:00,2014-12-15T09:04:48+00:00,6645.0,52,1,51,47.0,1947.6470588235295,0.007674943566591422,0.46952595936794583,18,5,1.46875
544389986809036800,2014-12-15T07:14:21+00:00,2014-12-15T08:06:33+00:00,3132.0,19,1,18,135.0,1271.7777777777778,0.005747126436781609,0.3639846743295019,1,18,18.0
544390017930383360,2014-12-15T07:14:29+00:00,2014-12-15T12:50:46+00:00,20177.0,6,1,5,155.0,5394.6,0.0002478069088566189,0.01784209743767656,1,5,5.0
544390130682068993,2014-12-15T07:14:56+00:00,2014-12-15T09:18:55+00:00,7439.0,24,1,23,39.0,1452.608695652174,0.003091813415781691,0.19357440516198413,5,12,2.3333333333333335
544390550497947649,2014-12-15T07:16:36+00:00,2014-12-15T07:44:52+00:00,1696.0,20,1,19,73.0,548.578947368421,0.011202830188679245,0.7075471698113208,2,18,9.5
544390718253699072,2014-12-15T07:17:16+00:00,2014-12-15T09:55:22+00:00,9486.0,11,1,10,408.0,2513.9,0.0010541851149061775,0.06957621758380772,2,9,5.0
544390903839088640,2014-12-15T07:18:00+00:00,2014-12-15T07:47:19+00:00,1759.0,18,1,17,95.0,468.7647058823529,0.009664582148948267,0.6139852188743604,2,12,3.4
544391063742332928,2014-12-15T07:18:38+00:00,2014-12-15T07:18:38+00:00,0.0,1,1,0,0.0,0.0,0.0,0.0,0,0,0.0
544391085150457856,2014-12-15T07:18:43+00:00,2014-12-15T09:28:56+00:00,7813.0,14,1,13,42.0,958.6153846153846,0.0016638935108153079,0.10751311916037373,1,13,13.0
544391176137089024,2014-12-15T07:19:05+00:00,2014-12-16T06:06:43+00:00,82058.0,23,1,22,36.0,6043.727272727273,0.000268103049062858,0.016817373077579273,4,14,3.142857142857143
544391323214573568,2014-12-15T07:19:40+00:00,2014-12-15T19:13:05+00:00,42805.0,22,1,21,587.0,32577.95238095238,0.0004905968928863451,0.030837518981427406,11,4,1.4
544391412075069440,2014-12-15T07:20:01+00:00,2014-12-15T21:20:56+00:00,50455.0,112,1,111,56.0,9190.720720720721,0.0021999801803587356,0.13318798929739373,19,16,1.88135593220339
544391471458451456,2014-12-15T07:20:15+00:00,2014-12-15T07:47:26+00:00,1631.0,9,1,8,42.0,524.375,0.004904966278356836,0.33108522378908645,1,8,8.0
544391533240516608,2014-12-15T07:20:30+00:00,2014-12-15T07:52:46+00:00,1936.0,5,1,4,250.0,948.0,0.002066115702479339,0.15495867768595042,1,4,4.0
544391789789331456,2014-12-15T07:21:31+00:00,2014-12-15T08:40:04+00:00,4713.0,11,1,10,93.0,1005.7,0.0021217907914279654,0.1400381922342457,1,9,9.0
544391790615605249,2014-12-15T07:21:31+00:00,2014-12-15T10:17:44+00:00,10573.0,28,1,27,82.0,4775.740740740741,0.0025536744537974086,0.1588952993473943,6,16,3.375
544391946513305600,2014-12-15T07:22:09+00:00,2014-12-15T07:22:09+00:00,0.0,1,1,0,0.0,0.0,0.0,0.0,0,0,0.0
544392353717317632,2014-12-15T07:23:46+00:00,2014-12-15T11:24:19+00:00,14433.0,23,1,22,81.0,1416.1363636363637,0.0015242846255109819,0.09561421741841612,6,10,2.0
544392718601183232,2014-12-15T07:25:13+00:00,2014-12-15T12:28:56+00:00,18223.0,20,1,19,41.0,3259.7894736842104,0.0010426384239697085,0.06585084782966581,3,15,3.8
544392801836728321,2014-12-15T07:25:32+00:00,2014-12-15T10:13:03+00:00,10051.0,16,1,15,99.0,1660.8666666666666,0.0014923888170331311,0.09551288429012038,2,13,7.5
544393165101613056,2014-12-15T07:26:59+00:00,2014-12-17T16:35:45+00:00,205726.0,17,1,16,76.0,28269.6875,7.777334901762539e-05,0.004958050999873618,5,7,1.6
544393504768925697,2014-12-15T07:28:20+00:00,2014-12-15T09:29:28+00:00,7268.0,29,1,28,416.0,1851.857142857143,0.003852504127682994,0.23940561364887175,5,12,2.076923076923077
544393723099238400,2014-12-15T07:29:12+00:00,2014-12-15T09:59:10+00:00,8998.0,21,1,20,100.0,1673.8,0.002222716159146477,0.14003111802622806,2,15,4.0
544393766287970304,2014-12-15T07:29:22+00:00,2014-12-15T11:46:12+00:00,15410.0,41,1,40,176.0,5042.375,0.0025957170668397143,0.15963659961064244,10,7,1.8181818181818181
544393889113600000,2014-12-15T07:29:52+00:00,2014-12-15T07:45:42+00:00,950.0,24,1,23,38.0,356.8695652173913,0.024210526315789474,1.5157894736842106,6,12,2.090909090909091
544394005182963712,2014-12-15T07:30:19+00:00,2014-12-16T12:24:14+00:00,104035.0,29,1,28,92.0,10393.0,0.00026914019320421013,0.0167251405776902,5,17,2.8
544394858405060608,2014-12-15T07:33:43+00:00,2014-12-15T13:39:55+00:00,21972.0,18,1,17,155.0,5085.35294117647,0.0007737119970872019,0.04915346805024577,3,12,3.4
544395106426425345,2014-12-15T07:34:42+00:00,2014-12-15T15:06:47+00:00,27125.0,18,1,17,3748.0,10125.470588235294,0.0006267281105990783,0.03981566820276498,8,7,2.125
544395562666037248,2014-12-15T07:36:31+00:00,2014-12-15T08:57:12+00:00,4841.0,20,1,19,141.0,2189.2631578947367,0.003924808923776079,0.24788266887006816,3,15,4.75
544395613043818496,2014-12-15T07:36:43+00:00,2014-12-15T17:44:50+00:00,36487.0,17,1,16,165.0,9961.75,0.00043851234686326636,0.02795516211253323,2,14,8.0
544395712130449408,2014-12-15T07:37:06+00:00,2014-12-16T04:49:02+00:00,76316.0,17,1,16,411.0,13866.75,0.00020965459405629226,0.013365480371088631,5,8,2.0
544395804190855168,2014-12-15T07:37:28+00:00,2014-12-15T23:10:55+00:00,56007.0,24,1,23,51.0,7163.913043478261,0.00041066295284518004,0.025711071830306926,3,18,4.6
544396078125039617,2014-12-15T07:38:34+00:00,2014-12-15T09:14:09+00:00,5735.0,15,1,14,80.0,2382.3571428571427,0.0024411508282476025,0.15693112467306017,2,11,3.5
544396260740845568,2014-12-15T07:39:17+00:00,2014-12-15T12:02:46+00:00,15809.0,5,1,4,2893.0,9976.5,0.0002530204313998355,0.018976532354987665,1,4,4.0
544396563116589056,2014-12-15T07:40:29+00:00,2014-12-15T08:38:13+00:00,3464.0,8,1,7,74.0,1055.857142857143,0.0020207852193995382,0.13856812933025403,1,7,7.0
544396587192311808,2014-12-15T07:40:35+00:00,2014-12-15T08:23:50+00:00,2595.0,6,1,5,207.0,1604.2,0.0019267822736030828,0.13872832369942195,2,4,2.5
544396608704901120,2014-12-15T07:40:40+00:00,2014-12-15T11:00:27+00:00,11987.0,13,1,12,233.0,1580.75,0.0010010845082172354,0.0650704930341203,1,12,12.0
544396816083468290,2014-12-15T07:41:30+00:00,2014-12-15T17:12:53+00:00,34283.0,56,1,55,128.0,15631.345454545455,0.0016042936732491321,0.09800775894758335,11,7,1.8636363636363635
544397240601563137,2014-12-15T07:43:11+00:00,2014-12-15T16:13:33+00:00,30622.0,3,1,2,7874.0,19248.0,6.531252041016262e-05,0.0058781268369146366,1,2,2.0
544398512931086336,2014-12-15T07:48:14+00:00,2014-12-15T09:39:35+00:00,6681.0,11,1,10,53.0,1415.9,0.00149678191887442,0.09878760664571172,3,6,2.5
544398776236904448,2014-12-15T07:49:17+00:00,2014-12-15T08:22:51+00:00,2014.0,20,1,19,60.0,862.0526315789474,0.009433962264150943,0.5958291956305859,5,11,2.375
544399562866053120,2014-12-15T07:52:24+00:00,2014-12-16T10:24:44+00:00,95540.0,133,1,132,122.0,10454.810606060606,0.0013816202637638685,0.08352522503663387,19,8,1.5529411764705883
544399649025433601,2014-12-15T07:52:45+00:00,2014-12-15T11:24:38+00:00,12713.0,55,1,54,225.0,2966.259259259259,0.0042476205458978995,0.259576811138205,19,4,1.3846153846153846
544399927045283840,2014-12-15T07:53:51+00:00,2014-12-15T21:37:51+00:00,49440.0,32,1,31,226.0,10102.322580645161,0.0006270226537216829,0.038834951456310676,9,13,2.5833333333333335
544400775775289344,2014-12-15T07:57:14+00:00,2014-12-15T11:56:41+00:00,14367.0,30,1,29,373.0,3218.9310344827586,0.0020185146516322125,0.12528711630820633,7,9,1.588235294117647
544400801083686912,2014-12-15T07:57:20+00:00,2014-12-15T11:49:34+00:00,13934.0,4,1,3,9418.0,12375.333333333334,0.00021530070331563083,0.01722405626525047,2,2,1.5
544400809182523392,2014-12-15T07:57:22+00:00,2014-12-16T06:16:57+00:00,80375.0,60,1,59,148.0,17968.06779661017,0.0007340590979782271,0.044790046656298606,13,10,1.4390243902439024
544400853298184194,2014-12-15T07:57:32+00:00,2014-12-15T09:51:31+00:00,6839.0,10,1,9,210.0,2233.4444444444443,0.0013159818686942536,0.0877321245796169,4,5,1.8
544401029211496449,2014-12-15T07:58:14+00:00,2014-12-15T11:09:55+00:00,11501.0,9,1,8,256.0,2029.375,0.0006955916876793323,0.046952438918354926,1,8,8.0
544401106617786370,2014-12-15T07:58:32+00:00,2014-12-18T18:36:10+00:00,297458.0,148,1,147,71.0,42991.5306122449,0.0004941874146938392,0.029852954030484977,17,14,1.6333333333333333
544401367540834304,2014-12-15T07:59:35+00:00,2014-12-15T08:14:53+00:00,918.0,15,1,14,10.0,195.64285714285714,0.015250544662309368,0.9803921568627451,1,14,14.0
544401374675341312,2014-12-15T07:59:36+00:00,2014-12-16T13:13:06+00:00,105210.0,13,1,12,73.0,11367.666666666666,0.0001140575990875392,0.007413743940690049,1,12,12.0
544401468875616257,2014-12-15T07:59:59+00:00,2014-12-15T07:59:59+00:00,0.0,1,1,0,0.0,0.0,0.0,0.0,0,0,0.0
544401573968097280,2014-12-15T08:00:24+00:00,2014-12-15T12:10:53+00:00,15029.0,10,1,9,697.0,4254.0,0.0005988422383392108,0.039922815889280726,4,5,1.8
544401577113845760,2014-12-15T08:00:25+00:00,2014-12-15T08:00:25+00:00,0.0,1,1,0,0.0,0.0,0.0,0.0,0,0,0.0
544401599414943744,2014-12-15T08:00:30+00:00,2014-12-15T11:34:43+00:00,12853.0,13,1,12,165.0,3292.75,0.000933634171010659,0.060686221115692836,2,11,6.0
544401675789033473,2014-12-15T08:00:48+00:00,2014-12-15T12:43:45+00:00,16977.0,15,1,14,45.0,3737.1428571428573,0.0008246451080874123,0.05301289980561937,4,9,2.8
544402012570284032,2014-12-15T08:02:08+00:00,2014-12-15T09:39:44+00:00,5856.0,10,1,9,250.0,3253.0,0.0015368852459016393,0.10245901639344263,3,6,2.25
544402024524038144,2014-12-15T08:02:11+00:00,2014-12-15T11:32:12+00:00,12601.0,6,1,5,294.0,4169.4,0.00039679390524561544,0.028569161177684307,1,5,5.0
544402515085623296,2014-12-15T08:04:08+00:00,2014-12-15T19:46:27+00:00,42139.0,20,1,19,76.0,11972.052631578947,0.00045088872540876624,0.02847718265739576,2,18,9.5
544402785966772224,2014-12-15T08:05:13+00:00,2014-12-15T13:25:47+00:00,19234.0,5,1,4,1370.0,6377.5,0.0002079650618696059,0.015597379640220442,1,4,4.0
544403112656527360,2014-12-15T08:06:31+00:00,2014-12-17T10:15:29+00:00,180538.0,32,1,31,32.0,44678.48387096774,0.00017170900309076205,0.010634880191427843,5,13,2.5833333333333335
544403526773125120,2014-12-15T08:08:09+00:00,2014-12-15T09:34:17+00:00,5168.0,3,1,2,884.0,3026.0,0.0003869969040247678,0.0348297213622291,1,2,2.0
544403564077260800,2014-12-15T08:08:18+00:00,2014-12-15T09:49:40+00:00,6082.0,15,1,14,38.0,1814.5714285714287,0.0023018743834265043,0.147977638934561,1,14,14.0
544403765575839744,2014-12-15T08:09:06+00:00,2014-12-15T09:13:21+00:00,3855.0,21,1,20,128.0,1118.75,0.005188067444876783,0.32684824902723736,2,18,6.666666666666667
544403913076924417,2014-12-15T08:09:42+00:00,2014-12-15T11:04:39+00:00,10497.0,10,1,9,113.0,3276.777777777778,0.0008573878250928837,0.05715918833952558,2,8,4.5
544404072179060736,2014-12-15T08:10:20+00:00,2014-12-15T10:04:45+00:00,6865.0,13,1,12,199.0,2563.4166666666665,0.0017479970866715222,0.11361981063364894,2,11,6.0
544404673357021184,2014-12-15T08:12:43+00:00,2014-12-15T11:07:03+00:00,10460.0,21,1,20,48.0,3237.3,0.0019120458891013384,0.12045889101338432,2,18,6.666666666666667
544404937380093952,2014-12-15T08:13:46+00:00,2014-12-15T08:51:53+00:00,2287.0,20,1,19,99.0,744.8421052631579,0.008307826847398338,0.524704853519895,2,18,9.5
544405761925738496,2014-12-15T08:17:02+00:00,2014-12-15T11:07:32+00:00,10230.0,27,1,26,185.0,2551.423076923077,0.002541544477028348,0.15835777126099707,9,8,1.625
544405871703240704,2014-12-15T08:17:29+00:00,2014-12-15T11:35:07+00:00,11858.0,9,1,8,285.0,4198.25,0.0006746500252993759,0.04553887670770788,1,8,8.0
544406212461473792,2014-12-15T08:18:50+00:00,2014-12-15T23:19:50+00:00,54060.0,35,1,34,37.0,3884.6470588235293,0.0006289308176100629,0.038845726970033294,16,12,1.619047619047619
544406288231174144,2014-12-15T08:19:08+00:00,2014-12-16T07:22:01+00:00,82973.0,20,1,19,933.0,27969.526315789473,0.0002289901534234028,0.014462536005688597,4,15,3.8
544406665223999488,2014-12-15T08:20:38+00:00,2014-12-15T10:27:25+00:00,7607.0,11,1,10,236.0,1723.8,0.0013145786775338505,0.08676219271723412,1,10,10.0
544406832073416704,2014-12-15T08:21:18+00:00,2014-12-16T20:05:44+00:00,128666.0,32,1,31,116.0,44861.032258064515,0.00024093389084917538,0.014922357110658604,10,11,1.9375
544406902990323712,2014-12-15T08:21:34+00:00,2014-12-15T08:51:37+00:00,1803.0,20,1,19,331.0,1285.7894736842106,0.010537992235163616,0.6655574043261231,9,8,2.111111111111111
544406931897479168,2014-12-15T08:21:41+00:00,2014-12-15T08:49:10+00:00,1649.0,21,1,20,165.0,723.3,0.01212856276531231,0.7640994542146755,4,9,1.8181818181818181
544407139205132288,2014-12-15T08:22:31+00:00,2014-12-15T14:14:02+00:00,21091.0,14,1,13,81.0,6267.7692307692305,0.0006163766535489071,0.039827414537006306,4,6,2.6
544407157077467136,2014-12-15T08:22:35+00:00,2014-12-15T08:33:53+00:00,678.0,19,1,18,35.0,226.44444444444446,0.02654867256637168,1.6814159292035398,1,18,18.0
544407300329709568,2014-12-15T08:23:09+00:00,2014-12-15T09:04:56+00:00,2507.0,22,1,21,29.0,588.0,0.008376545672118069,0.5265257279617073,3,14,3.5
544407393451646976,2014-12-15T08:23:31+00:00,2014-12-16T11:46:39+00:00,98588.0,106,1,105,113.0,15012.028571428571,0.0010650383413802896,0.06451089382074897,12,13,1.6666666666666667
544408293192368128,2014-12-15T08:27:06+00:00,2014-12-15T08:59:13+00:00,1927.0,22,1,21,48.0,605.4761904761905,0.010897768552153606,0.6850025947067981,3,19,7.0
544408496918499329,2014-12-15T08:27:54+00:00,2014-12-15T09:45:43+00:00,4669.0,20,1,19,65.0,1525.7894736842106,0.004069393874491326,0.2570143499678732,2,15,4.75
544408991649251329,2014-12-15T08:29:52+00:00,2014-12-17T00:36:01+00:00,144369.0,37,1,36,39.0,34893.0,0.0002493610124057104,0.015377262431685471,8,17,2.1176470588235294
544409400941625344,2014-12-15T08:31:30+00:00,2014-12-15T09:40:36+00:00,4146.0,12,1,11,59.0,1199.2727272727273,0.002653159671972986,0.17366136034732274,2,10,5.5
544409432600223744,2014-12-15T08:31:38+00:00,2014-12-15T09:08:57+00:00,2239.0,4,1,3,1915.0,2085.3333333333335,0.0013398838767306833,0.10719071013845466,1,3,3.0
544409517224898560,2014-12-15T08:31:58+00:00,2014-12-18T00:20:35+00:00,229717.0,21,1,20,67.0,26108.7,8.706364787978251e-05,0.005485009816426298,3,14,4.0
544409519380758528,2014-12-15T08:31:58+00:00,2014-12-15T13:20:33+00:00,17315.0,15,1,14,146.0,3004.6428571428573,0.0008085475021657522,0.0519780537106555,2,11,4.666666666666667
544409532324413440,2014-12-15T08:32:01+00:00,2014-12-15T08:45:36+00:00,815.0,20,1,19,8.0,172.6315789473684,0.023312883435582823,1.4723926380368098,2,18,9.5
544409869990633473,2014-12-15T08:33:22+00:00,2014-12-15T11:21:06+00:00,10064.0,24,1,23,76.0,3374.782608695652,0.0022853736089030207,0.14308426073131958,5,14,2.875
544410050572582912,2014-12-15T08:34:05+00:00,2014-12-15T10:14:40+00:00,6035.0,22,1,21,16.0,393.85714285714283,0.0034797017398508698,0.2187241093620547,3,19,7.0
544410079043551232,2014-12-15T08:34:12+00:00,2014-12-15T12:06:06+00:00,12714.0,13,1,12,177.0,2503.3333333333335,0.0009438414346389807,0.06134969325153374,2,11,6.0
544410576894427136,2014-12-15T08:36:10+00:00,2014-12-15T15:35:05+00:00,25135.0,20,1,19,413.0,4088.2631578947367,0.0007559180425701213,0.04774219216232345,5,8,1.9
544410806167678976,2014-12-15T08:37:05+00:00,2014-12-16T06:04:00+00:00,77215.0,31,1,30,25.0,4541.433333333333,0.0003885255455546202,0.02408858382438645,7,9,1.8125
544410895602839552,2014-12-15T08:37:26+00:00,2014-12-15T11:55:52+00:00,11906.0,4,1,3,10156.0,10829.0,0.0002519737947253486,0.020157903578027884,2,2,1.5
544410900854091776,2014-12-15T08:37:28+00:00,2014-12-15T10:49:59+00:00,7951.0,36,1,35,220.0,2923.7714285714287,0.004401962017356307,0.27166394164256064,6,14,3.888888888888889
544410907204259840,2014-12-15T08:37:29+00:00,2014-12-17T09:58:31+00:00,177662.0,9,1,8,985.0,47910.125,4.502932534813297e-05,0.0030394794609989754,3,5,2.0
544411097797644288,2014-12-15T08:38:15+00:00,2014-12-15T09:10:39+00:00,1944.0,19,1,18,64.0,568.5,0.009259259259259259,0.5864197530864198,2,16,6.0
544411313779126272,2014-12-15T08:39:06+00:00,2014-12-15T21:22:06+00:00,45780.0,37,1,36,112.0,8489.361111111111,0.0007863695937090433,0.04849279161205767,6,11,2.25
544411561205301248,2014-12-15T08:40:05+00:00,2014-12-16T05:04:13+00:00,73448.0,10,1,9,873.0,13684.0,0.0001225356714954798,0.008169044766365319,5,4,1.5
544411585070911488,2014-12-15T08:40:11+00:00,2014-12-15T08:40:11+00:00,0.0,1,1,0,0.0,0.0,0.0,0.0,0,0,0.0
544411992279093248,2014-12-15T08:41:48+00:00,2014-12-15T15:48:38+00:00,25610.0,54,1,53,226.0,5019.962264150943,0.002069504099960953,0.12651308082780163,7,9,1.9615384615384615
544412083714928640,2014-12-15T08:42:10+00:00,2014-12-15T12:42:42+00:00,14432.0,27,1,26,27.0,5055.346153846154,0.0018015521064301552,0.11225055432372506,4,11,2.3636363636363638
544412767240085504,2014-12-15T08:44:53+00:00,2014-12-15T14:33:28+00:00,20915.0,41,1,40,99.0,8129.7,0.0019125029882859192,0.11761893377958403,15,12,1.8181818181818181
544413195884974080,2014-12-15T08:46:35+00:00,2014-12-15T08:46:35+00:00,0.0,1,1,0,0.0,0.0,0.0,0.0,0,0,0.0
544414028752121856,2014-12-15T08:49:53+00:00,2014-12-15T08:49:53+00:00,0.0,1,1,0,0.0,0.0,0.0,0.0,0,0,0.0
544414430025371649,2014-12-15T08:51:29+00:00,2014-12-16T05:00:09+00:00,72520.0,26,1,25,193.0,18214.32,0.00034473248758963045,0.021511307225592937,5,17,4.166666666666667
544414634308939776,2014-12-15T08:52:18+00:00,2014-12-15T11:32:51+00:00,9633.0,4,1,3,1655.0,5906.666666666667,0.0003114294612270321,0.024914356898162564,1,3,3.0
544414686935285760,2014-12-15T08:52:30+00:00,2014-12-16T12:50:53+00:00,100703.0,17,1,16,107.0,19346.8125,0.00015888305214343168,0.010128794574143769,3,10,4.666666666666667
544415105358643200,2014-12-15T08:54:10+00:00,2014-12-16T15:16:31+00:00,109341.0,28,1,27,87.0,18384.48148148148,0.0002469339040250226,0.015364776250445853,3,19,3.857142857142857
544415156659175424,2014-12-15T08:54:22+00:00,2014-12-15T10:33:45+00:00,5963.0,13,1,12,485.0,3690.4166666666665,0.002012409860808318,0.13080664095254066,4,5,3.0
544415318345396224,2014-12-15T08:55:01+00:00,2014-12-15T08:55:01+00:00,0.0,1,1,0,0.0,0.0,0.0,0.0,0,0,0.0
544415425140776961,2014-12-15T08:55:26+00:00,2014-12-15T09:30:43+00:00,2117.0,18,1,17,8.0,455.5882352941176,0.00803023145961266,0.5101558809636279,1,17,17.0
544415616753745920,2014-12-15T08:56:12+00:00,2014-12-15T15:29:17+00:00,23585.0,11,1,10,272.0,7089.2,0.00042399830400678397,0.027983888064447744,3,6,2.0
544415816851021824,2014-12-15T08:57:00+00:00,2014-12-16T18:14:46+00:00,119866.0,8,1,7,298.0,51975.142857142855,5.8398545041963526e-05,0.004004471660020356,3,5,2.3333333333333335
544416309266898944,2014-12-15T08:58:57+00:00,2014-12-16T09:55:40+00:00,89803.0,17,1,16,193.0,14916.4375,0.00017816776722381211,0.011358195160518022,2,14,8.0
544416436374892544,2014-12-15T08:59:27+00:00,2014-12-15T16:12:39+00:00,25992.0,20,1,19,24693.0,25332.052631578947,0.0007309941520467836,0.046168051708217916,14,2,1.1875
544416582256967680,2014-12-15T09:00:02+00:00,2014-12-15T09:25:24+00:00,1522.0,6,1,5,59.0,589.0,0.0032851511169513796,0.23653088042049933,2,4,2.5
544416818711252992,2014-12-15T09:00:59+00:00,2014-12-15T10:06:29+00:00,3930.0,32,1,31,80.0,2313.6129032258063,0.007888040712468193,0.48854961832061067,8,8,1.9375
544416937178976256,2014-12-15T09:01:27+00:00,2014-12-15T09:43:49+00:00,2542.0,4,1,3,58.0,916.3333333333334,0.0011801730920535012,0.09441384736428009,1,3,3.0
544416939867529216,2014-12-15T09:01:27+00:00,2014-12-15T21:48:38+00:00,46031.0,42,1,41,35.0,4698.951219512195,0.0008907040907214704,0.05474571484434403,9,9,1.3666666666666667
544417650680823808,2014-12-15T09:04:17+00:00,2014-12-15T10:44:38+00:00,6021.0,5,1,4,281.0,3695.25,0.0006643414715163594,0.04982561036372696,1,4,4.0
544417680284192768,2014-12-15T09:04:24+00:00,2014-12-17T02:12:07+00:00,148063.0,48,1,47,31.0,16226.787234042553,0.0003174324442973599,0.019451179565455244,8,13,1.8076923076923077
544418204508893184,2014-12-15T09:06:29+00:00,2014-12-15T14:29:40+00:00,19391.0,11,1,10,2249.0,10659.6,0.0005157031612603785,0.03403640864318498,1,8,8.0
544419008615702528,2014-12-15T09:09:41+00:00,2014-12-15T11:07:07+00:00,7046.0,11,1,10,244.0,2960.2,0.001419244961680386,0.09367016747090548,2,9,5.0
544419029905985536,2014-12-15T09:09:46+00:00,2014-12-15T10:26:51+00:00,4625.0,4,1,3,629.0,1982.0,0.0006486486486486486,0.051891891891891896,1,3,3.0
544419162001383424,2014-12-15T09:10:17+00:00,2014-12-15T09:13:35+00:00,198.0,2,1,1,198.0,198.0,0.005050505050505051,0.6060606060606061,1,1,1.0
544419416578850818,2014-12-15T09:11:18+00:00,2014-12-15T09:41:54+00:00,1836.0,27,1,26,382.0,1077.1153846153845,0.014161220043572984,0.8823529411764706,6,13,2.888888888888889
544419497667751937,2014-12-15T09:11:37+00:00,2014-12-15T11:08:39+00:00,7022.0,36,1,35,120.0,1678.3714285714286,0.004984334947308459,0.3076046710338935,5,17,4.25
544419788739461121,2014-12-15T09:12:47+00:00,2014-12-15T14:18:25+00:00,18338.0,30,1,29,188.0,12579.48275862069,0.0015814156396553604,0.09815683280619479,19,10,1.5263157894736843
544420067774316544,2014-12-15T09:13:53+00:00,2014-12-15T22:16:32+00:00,46959.0,20,1,19,143.0,16510.57894736842,0.0004046082753039886,0.025554206861304544,2,15,6.333333333333333
544420349052342272,2014-12-15T09:15:00+00:00,2014-12-15T14:41:57+00:00,19617.0,25,1,24,58.0,11071.041666666666,0.0012234286588163328,0.0764642911760208,8,9,2.0
544420375224791040,2014-12-15T09:15:06+00:00,2014-12-15T09:52:17+00:00,2231.0,21,1,20,90.0,1146.35,0.008964589870013447,0.5647691618108472,3,11,3.5
544420376424353792,2014-12-15T09:15:07+00:00,2014-12-15T11:33:02+00:00,8275.0,21,1,20,45.0,3346.2,0.002416918429003021,0.15226586102719034,5,16,4.0
544420432099545089,2014-12-15T09:15:20+00:00,2014-12-15T11:40:12+00:00,8692.0,4,1,3,958.0,4138.0,0.0003451449608835711,0.027611596870685685,2,2,1.5
544420963429797889,2014-12-15T09:17:27+00:00,2014-12-15T10:23:02+00:00,3935.0,2,1,1,3935.0,3935.0,0.00025412960609911054,0.030495552731893267,1,1,1.0
544421207115051008,2014-12-15T09:18:25+00:00,2014-12-15T09:55:38+00:00,2233.0,21,1,20,62.0,604.45,0.008956560680698611,0.5642633228840125,2,18,10.0
544421245698056194,2014-12-15T09:18:34+00:00,2014-12-16T11:08:19+00:00,92985.0,10,1,9,224.0,34773.0,9.678980480722698e-05,0.006452653653815131,2,7,3.0
544421653128556544,2014-12-15T09:20:11+00:00,2014-12-15T11:53:49+00:00,9218.0,15,1,14,122.0,2791.6428571428573,0.0015187676285528314,0.09763506183553916,2,12,6.5
544422134127525888,2014-12-15T09:22:06+00:00,2014-12-17T13:44:09+00:00,188523.0,29,1,28,83.0,19541.785714285714,0.00014852299188958376,0.009229643067424133,6,8,1.8666666666666667
544422678119981056,2014-12-15T09:24:16+00:00,2014-12-15T15:05:57+00:00,20501.0,5,1,4,372.0,7611.5,0.00019511243353982733,0.014633432515487049,1,4,4.0
544423787949600768,2014-12-15T09:28:40+00:00,2014-12-15T12:19:34+00:00,10254.0,21,1,20,621.0,2941.1,0.0019504583577140628,0.12287887653598595,3,11,3.3333333333333335
544423869981802496,2014-12-15T09:29:00+00:00,2014-12-15T19:59:24+00:00,37824.0,7,1,6,26359.0,32572.666666666668,0.00015862944162436547,0.011104060913705584,2,3,2.0
544424261163569152,2014-12-15T09:30:33+00:00,2014-12-15T23:00:20+00:00,48587.0,47,1,46,94.0,3482.521739130435,0.0009467553049169531,0.05804021651882191,8,14,1.76
544424408027115520,2014-12-15T09:31:08+00:00,2014-12-15T09:31:08+00:00,0.0,1,1,0,0.0,0.0,0.0,0.0,0,0,0.0
544424775939293184,2014-12-15T09:32:36+00:00,2014-12-15T11:48:26+00:00,8150.0,10,1,9,51.0,3562.5555555555557,0.0011042944785276073,0.07361963190184048,2,8,4.5
544425457471725568,2014-12-15T09:35:18+00:00,2014-12-15T23:50:12+00:00,51294.0,46,1,45,172.0,27717.244444444445,0.0008772955901275003,0.05380746286115335,13,13,1.8095238095238095
544425492971941888,2014-12-15T09:35:27+00:00,2014-12-15T12:01:43+00:00,8776.0,60,1,59,49.0,2009.8474576271187,0.006722880583409298,0.4102096627164995,16,5,1.5945945945945945
544425494763302913,2014-12-15T09:35:27+00:00,2014-12-15T13:12:54+00:00,13047.0,9,1,8,199.0,3823.0,0.0006131677780332643,0.04138882501724535,1,8,8.0
544425928290750464,2014-12-15T09:37:10+00:00,2014-12-17T08:49:50+00:00,169960.0,14,1,13,306.0,26999.384615384617,7.648858554954107e-05,0.0049423393739703465,1,13,13.0
544426163964096513,2014-12-15T09:38:07+00:00,2014-12-16T04:22:17+00:00,67450.0,3,1,2,1700.0,34575.0,2.9651593773165308e-05,0.0026686434395848777,1,2,2.0
544426421331169280,2014-12-15T09:39:08+00:00,2014-12-16T02:11:42+00:00,59554.0,20,1,19,59538.0,59545.73684210526,0.0003190381838331598,0.020149780031567987,1,19,19.0
544426670095368192,2014-12-15T09:40:07+00:00,2014-12-18T06:21:00+00:00,247253.0,16,1,15,409.0,112658.8,6.0666604651915246e-05,0.0038826626977225757,9,6,1.6666666666666667
544427042616254465,2014-12-15T09:41:36+00:00,2014-12-17T21:00:40+00:00,213544.0,16,1,15,2387.0,39044.53333333333,7.024313490428203e-05,0.00449556063387405,4,12,3.75
544427133398175744,2014-12-15T09:41:58+00:00,2014-12-15T13:49:15+00:00,14837.0,17,1,16,148.0,2955.875,0.0010783851182853677,0.06874705129069218,3,11,4.0
544427216516698113,2014-12-15T09:42:18+00:00,2014-12-15T14:12:16+00:00,16198.0,19,1,18,29.0,2901.5555555555557,0.0011112483022595382,0.07037905914310409,1,18,18.0
544427255439425536,2014-12-15T09:42:27+00:00,2014-12-15T13:04:49+00:00,12142.0,8,1,7,181.0,4327.142857142857,0.0005765112831493988,0.03953220227310163,1,6,6.0
544427333969805312,2014-12-15T09:42:46+00:00,2014-12-15T11:51:33+00:00,7727.0,24,1,23,38.0,1711.9130434782608,0.002976575643846253,0.1863595185712437,4,14,3.2857142857142856
544427461136502784,2014-12-15T09:43:16+00:00,2014-12-15T12:27:16+00:00,9840.0,26,1,25,19.0,1461.08,0.002540650406504065,0.15853658536585366,6,9,1.9230769230769231
544427543336464384,2014-12-15T09:43:35+00:00,2014-12-15T10:35:31+00:00,3116.0,23,1,22,67.0,761.6818181818181,0.007060333761232349,0.4428754813863928,5,16,3.5
544427753785659393,2014-12-15T09:44:26+00:00,2014-12-15T09:59:31+00:00,905.0,12,1,11,35.0,409.6363636363636,0.012154696132596685,0.7955801104972375,3,8,2.75
544427938372792321,2014-12-15T09:45:10+00:00,2014-12-15T10:07:22+00:00,1332.0,4,1,3,144.0,848.3333333333334,0.0022522522522522522,0.1801801801801802,1,3,3.0
544428008258297856,2014-12-15T09:45:26+00:00,2014-12-15T09:45:26+00:00,0.0,1,1,0,0.0,0.0,0.0,0.0,0,0,0.0
544428082749132800,2014-12-15T09:45:44+00:00,2014-12-16T04:12:43+00:00,66419.0,5,1,4,336.0,22824.75,6.02237311612641e-05,0.004516779837094807,1,4,4.0
544428261602623488,2014-12-15T09:46:27+00:00,2014-12-15T12:59:33+00:00,11586.0,57,1,56,143.0,5749.928571428572,0.004833419644398412,0.2951838425686173,19,8,1.4
544428421745741824,2014-12-15T09:47:05+00:00,2014-12-15T11:38:40+00:00,6695.0,19,1,18,182.0,1822.7777777777778,0.0026885735623599703,0.17027632561613146,2,15,4.5
544428943080951808,2014-12-15T09:49:09+00:00,2014-12-15T19:49:52+00:00,36043.0,27,1,26,131.0,2940.4615384615386,0.0007213605970646172,0.04494631412479538,5,9,3.7142857142857144
544429185255481344,2014-12-15T09:50:07+00:00,2014-12-15T09:50:07+00:00,0.0,1,1,0,0.0,0.0,0.0,0.0,0,0,0.0
544429350376861696,2014-12-15T09:50:46+00:00,2014-12-15T20:28:50+00:00,38284.0,5,1,4,71.0,14437.5,0.00010448229025180232,0.007836171768885174,1,4,4.0
544429467968339970,2014-12-15T09:51:14+00:00,2014-12-15T16:40:44+00:00,24570.0,9,1,8,116.0,4952.625,0.0003256003256003256,0.02197802197802198,2,7,4.0
544429514525507585,2014-12-15T09:51:25+00:00,2014-12-15T11:13:02+00:00,4897.0,16,1,15,408.0,1784.4,0.00306309985705534,0.1960383908515418,2,12,5.0
544429942323167233,2014-12-15T09:53:07+00:00,2014-12-15T16:26:24+00:00,23597.0,16,1,15,96.0,3458.6,0.000635674026359283,0.04068313768699411,4,11,3.75
544430771688439808,2014-12-15T09:56:25+00:00,2014-12-15T18:09:48+00:00,29603.0,174,1,173,65.0,6842.231213872832,0.005844002297064487,0.35266695942978754,19,9,1.5315315315315314
544430900235075584,2014-12-15T09:56:56+00:00,2014-12-16T09:28:32+00:00,84696.0,15,1,14,134.0,37263.78571428572,0.00016529706243506188,0.010626239727968263,4,5,2.0
544430910511140865,2014-12-15T09:56:58+00:00,2014-12-15T09:56:58+00:00,0.0,1,1,0,0.0,0.0,0.0,0.0,0,0,0.0
544431559320014848,2014-12-15T09:59:33+00:00,2014-12-16T01:51:42+00:00,57129.0,65,1,64,271.0,6611.0,0.0011202716658789756,0.06826655463950008,7,15,2.4705882352941178
544432190281359360,2014-12-15T10:02:03+00:00,2014-12-15T12:01:18+00:00,7155.0,13,1,12,56.0,1361.75,0.0016771488469601676,0.1090146750524109,2,11,6.0
544432661419155456,2014-12-15T10:03:56+00:00,2014-12-15T17:48:05+00:00,27849.0,44,1,43,89.0,19068.883720930233,0.0015440410786742792,0.09479694064418831,19,12,1.72
544432946841538560,2014-12-15T10:05:04+00:00,2014-12-18T06:34:29+00:00,246565.0,26,1,25,349.0,12235.88,0.00010139314176789083,0.006326932046316387,5,9,1.7857142857142858
544433367765110784,2014-12-15T10:06:44+00:00,2014-12-15T10:06:44+00:00,0.0,1,1,0,0.0,0.0,0.0,0.0,0,0,0.0
544433739539812353,2014-12-15T10:08:13+00:00,2014-12-15T21:04:21+00:00,39368.0,15,1,14,162.0,4167.857142857143,0.00035561877667140827,0.022861207071733388,2,10,2.8
544434192478519297,2014-12-15T10:10:01+00:00,2014-12-15T12:15:40+00:00,7539.0,7,1,6,2866.0,5376.166666666667,0.0007958615200955034,0.055710306406685235,2,5,3.0
544434195469045761,2014-12-15T10:10:01+00:00,2014-12-15T10:44:09+00:00,2048.0,21,1,20,122.0,666.8,0.009765625,0.615234375,3,15,3.3333333333333335
544434450918932480,2014-12-15T10:11:02+00:00,2014-12-15T13:31:18+00:00,12016.0,46,1,45,247.0,6642.022222222222,0.003745006657789614,0.22969374167776296,19,7,1.5
544434475807936512,2014-12-15T10:11:08+00:00,2014-12-15T11:03:31+00:00,3143.0,10,1,9,24.0,895.5555555555555,0.0028635062042634426,0.19090041361756285,4,5,2.25
544434964985421824,2014-12-15T10:13:05+00:00,2014-12-16T03:06:55+00:00,60830.0,4,1,3,10491.0,33871.333333333336,4.9317770836758175e-05,0.003945421666940654,1,3,3.0
544435023282470912,2014-12-15T10:13:19+00:00,2014-12-15T14:08:07+00:00,14088.0,9,1,8,679.0,7819.0,0.0005678591709256105,0.0383304940374787,3,6,2.6666666666666665
544435030127161344,2014-12-15T10:13:20+00:00,2014-12-15T20:01:13+00:00,35273.0,21,1,20,848.0,7204.35,0.0005670059252119185,0.035721373288350865,9,4,1.3333333333333333
544435176479027200,2014-12-15T10:13:55+00:00,2014-12-15T12:11:50+00:00,7075.0,10,1,9,81.0,2325.8888888888887,0.0012720848056537103,0.08480565371024734,3,6,2.25
544435685864660992,2014-12-15T10:15:57+00:00,2014-12-15T12:35:50+00:00,8393.0,38,1,37,211.0,2852.4054054054054,0.004408435601096152,0.27165495055403316,19,8,1.4230769230769231
544435708299972608,2014-12-15T10:16:02+00:00,2014-12-15T13:26:43+00:00,11441.0,11,1,10,108.0,5927.6,0.00087404947120007,0.05768726509920461,1,10,10.0
544435863946416129,2014-12-15T10:16:39+00:00,2014-12-15T11:20:19+00:00,3820.0,9,1,8,377.0,1458.625,0.0020942408376963353,0.14136125654450263,3,6,2.6666666666666665
544436172999495680,2014-12-15T10:17:53+00:00,2014-12-15T17:08:05+00:00,24612.0,6,1,5,371.0,10928.0,0.00020315293352836015,0.01462701121404193,1,5,5.0
544436279442546688,2014-12-15T10:18:18+00:00,2014-12-15T11:17:34+00:00,3556.0,3,1,2,368.0,1962.0,0.0005624296962879641,0.05061867266591676,1,2,2.0
544436330856329216,2014-12-15T10:18:31+00:00,2014-12-15T12:21:41+00:00,7390.0,8,1,7,504.0,3494.5714285714284,0.0009472259810554803,0.06495263870094722,1,7,7.0
544436666661085184,2014-12-15T10:19:51+00:00,2014-12-15T12:51:10+00:00,9079.0,5,1,4,3261.0,6005.75,0.00044057715607445755,0.03304328670558432,1,4,4.0
544436750097973250,2014-12-15T10:20:11+00:00,2014-12-15T10:20:59+00:00,48.0,2,1,1,48.0,48.0,0.020833333333333332,2.5,1,1,1.0
544437117963616256,2014-12-15T10:21:38+00:00,2014-12-17T00:40:18+00:00,137920.0,18,1,17,132.0,11539.941176470587,0.00012325986078886311,0.007830626450116009,2,15,5.666666666666667
544437156505067520,2014-12-15T10:21:47+00:00,2014-12-15T10:49:34+00:00,1667.0,5,1,4,184.0,786.0,0.0023995200959808036,0.1799640071985603,1,4,4.0
544437375003131904,2014-12-15T10:22:40+00:00,2014-12-17T04:21:51+00:00,151151.0,24,1,23,93.0,66341.17391304347,0.00015216571507962236,0.009526896944115487,9,13,2.3
544437798426509312,2014-12-15T10:24:20+00:00,2014-12-15T12:21:26+00:00,7026.0,3,1,2,6807.0,6916.5,0.0002846569883290635,0.025619128949615714,2,1,1.0
544438309267578880,2014-12-15T10:26:22+00:00,2014-12-15T17:53:22+00:00,26820.0,20,1,19,233.0,6823.9473684210525,0.0007084265473527218,0.0447427293064877,3,13,2.7142857142857144
544438499642847232,2014-12-15T10:27:08+00:00,2014-12-15T12:57:03+00:00,8995.0,21,1,20,93.0,994.95,0.0022234574763757642,0.14007782101167315,4,13,4.0
544438653410639872,2014-12-15T10:27:44+00:00,2014-12-15T17:38:36+00:00,25852.0,13,1,12,235.0,9602.833333333334,0.0004641807210273867,0.030171746866780133,4,8,3.0
544439077756755969,2014-12-15T10:29:25+00:00,2014-12-15T10:29:25+00:00,0.0,1,1,0,0.0,0.0,0.0,0.0,0,0,0.0
544439380329644032,2014-12-15T10:30:38+00:00,2014-12-15T18:27:25+00:00,28607.0,23,1,22,171.0,7230.909090909091,0.0007690425420351663,0.04823994127311497,7,9,2.142857142857143
544439521236893696,2014-12-15T10:31:11+00:00,2014-12-15T12:38:41+00:00,7650.0,18,1,17,1494.0,2503.470588235294,0.0022222222222222222,0.1411764705882353,2,14,4.25
544439832466817024,2014-12-15T10:32:25+00:00,2014-12-15T11:23:33+00:00,3068.0,30,1,29,187.0,1768.4137931034484,0.009452411994784877,0.5867014341590613,6,6,1.6
544440498594017280,2014-12-15T10:35:04+00:00,2014-12-15T11:04:38+00:00,1774.0,20,1,19,20.0,420.42105263157896,0.010710259301014656,0.6764374295377678,1,19,19.0
544440724192628736,2014-12-15T10:35:58+00:00,2014-12-15T10:59:25+00:00,1407.0,24,1,23,70.0,709.1304347826087,0.016346837242359632,1.023454157782516,7,11,2.2222222222222223
544440749387808768,2014-12-15T10:36:04+00:00,2014-12-15T11:51:55+00:00,4551.0,13,1,12,127.0,1768.75,0.0026367831245880024,0.1713909030982202,2,9,3.0
544441034948636672,2014-12-15T10:37:12+00:00,2014-12-15T12:27:06+00:00,6594.0,15,1,14,11.0,757.0,0.0021231422505307855,0.1364877161055505,2,13,7.0
544442068639416320,2014-12-15T10:41:19+00:00,2014-12-15T13:58:07+00:00,11808.0,8,1,7,265.0,2668.0,0.0005928184281842818,0.04065040650406504,1,7,7.0
544442206832963584,2014-12-15T10:41:52+00:00,2014-12-15T19:35:09+00:00,31997.0,9,1,8,246.0,4474.125,0.0002500234396974716,0.016876582179579335,2,6,2.6666666666666665
544442448965947392,2014-12-15T10:42:49+00:00,2014-12-15T21:59:51+00:00,40622.0,11,1,10,581.0,8097.5,0.00024617202501107775,0.01624735365073113,2,9,5.0
544442676410867712,2014-12-15T10:43:43+00:00,2014-12-15T18:40:51+00:00,28628.0,25,1,24,73.0,3977.8333333333335,0.0008383400866284756,0.052396255414279724,5,11,3.4285714285714284
544443027570556928,2014-12-15T10:45:07+00:00,2014-12-15T13:03:05+00:00,8278.0,7,1,6,2155.0,4537.833333333333,0.000724812756704518,0.05073689296931626,2,5,3.0
544443154964152320,2014-12-15T10:45:38+00:00,2014-12-15T12:26:16+00:00,6038.0,31,1,30,77.0,2555.5,0.004968532626697582,0.30804902285525004,15,8,1.4285714285714286
544443259804598272,2014-12-15T10:46:03+00:00,2014-12-15T11:07:58+00:00,1315.0,19,1,18,182.0,704.6111111111111,0.013688212927756654,0.8669201520912547,2,17,9.0
544443266926931968,2014-12-15T10:46:04+00:00,2014-12-15T12:02:42+00:00,4598.0,4,1,3,676.0,2405.6666666666665,0.0006524575902566333,0.05219660722053066,1,3,3.0
544443377643954176,2014-12-15T10:46:31+00:00,2014-12-15T12:45:41+00:00,7150.0,5,1,4,293.0,2186.0,0.0005594405594405594,0.04195804195804196,1,4,4.0
544443739800731648,2014-12-15T10:47:57+00:00,2014-12-15T12:43:54+00:00,6957.0,22,1,21,330.0,3835.0,0.00301854247520483,0.18973695558430356,3,16,4.2
544443959662358528,2014-12-15T10:48:49+00:00,2014-12-15T13:48:24+00:00,10775.0,12,1,11,61.0,2528.6363636363635,0.0010208816705336427,0.0668213457076566,2,10,5.5
544444021066563584,2014-12-15T10:49:04+00:00,2014-12-15T23:54:48+00:00,47144.0,25,1,24,50.0,2966.7083333333335,0.000509078567792296,0.0318174104870185,6,17,4.0
544444148234076160,2014-12-15T10:49:34+00:00,2014-12-15T13:09:09+00:00,8375.0,9,1,8,114.0,1738.375,0.000955223880597015,0.06447761194029851,2,7,4.0
544444189078208512,2014-12-15T10:49:44+00:00,2014-12-15T12:36:52+00:00,6428.0,5,1,4,133.0,4550.75,0.0006222775357809583,0.04667081518357187,2,3,2.0
544444261027299328,2014-12-15T10:50:01+00:00,2014-12-15T11:59:57+00:00,4196.0,38,1,37,37.0,1934.4054054054054,0.008817921830314586,0.5433746425166825,9,18,2.176470588235294
544444409769512960,2014-12-15T10:50:37+00:00,2014-12-15T11:06:56+00:00,979.0,5,1,4,169.0,395.5,0.0040858018386108275,0.30643513789581206,1,4,4.0
544444539092488192,2014-12-15T10:51:08+00:00,2014-12-15T20:25:21+00:00,34453.0,37,1,36,45.0,15858.083333333334,0.0010449017502104315,0.06443560792964328,12,13,1.8
544444661859749890,2014-12-15T10:51:37+00:00,2014-12-15T11:57:27+00:00,3950.0,13,1,12,220.0,2180.25,0.0030379746835443038,0.19746835443037977,2,11,6.0
544445364322197504,2014-12-15T10:54:24+00:00,2014-12-15T19:37:10+00:00,31366.0,111,1,110,94.0,8372.39090909091,0.003506982082509724,0.212331824268316,15,7,1.6470588235294117
544445607717261314,2014-12-15T10:55:22+00:00,2014-12-15T15:38:47+00:00,17005.0,18,1,17,60.0,2035.7058823529412,0.0009997059688326962,0.06351073213760658,5,12,3.4
544446269968908289,2014-12-15T10:58:00+00:00,2014-12-15T14:20:41+00:00,12161.0,29,1,28,128.0,5326.0,0.0023024422333689665,0.1430803387879286,8,8,1.75
544446282559799296,2014-12-15T10:58:03+00:00,2014-12-15T19:36:34+00:00,31111.0,4,1,3,2179.0,12864.333333333334,9.64289158175565e-05,0.007714313265404519,2,2,1.5
544446667312091136,2014-12-15T10:59:35+00:00,2014-12-15T12:38:02+00:00,5907.0,38,1,37,123.0,2216.7027027027025,0.006263754867106823,0.3859827323514474,14,9,2.0555555555555554
544446828654366720,2014-12-15T11:00:13+00:00,2014-12-15T13:20:23+00:00,8410.0,21,1,20,87.0,1609.5,0.0023781212841854932,0.1498216409036861,3,17,5.0
544446973667860480,2014-12-15T11:00:48+00:00,2014-12-15T23:56:00+00:00,46512.0,22,1,21,99.0,18644.14285714286,0.00045149638802889576,0.028379772961816305,6,15,3.5
544447054034919424,2014-12-15T11:01:07+00:00,2014-12-15T22:09:48+00:00,40121.0,23,1,22,114.0,4368.590909090909,0.0005483412676653125,0.03439595224446051,4,14,2.75
544447757860483072,2014-12-15T11:03:55+00:00,2014-12-15T20:41:07+00:00,34632.0,21,1,20,120.0,5149.15,0.0005775005775005775,0.03638253638253638,3,17,5.0
544447768354639872,2014-12-15T11:03:57+00:00,2014-12-15T12:42:30+00:00,5913.0,5,1,4,69.0,2434.0,0.0006764755623203111,0.05073566717402334,1,4,4.0
544448652886818816,2014-12-15T11:07:28+00:00,2014-12-15T20:05:08+00:00,32260.0,12,1,11,521.0,6150.363636363636,0.0003409795412275263,0.02231866088034718,2,10,5.5
544448991518130176,2014-12-15T11:08:49+00:00,2014-12-16T05:35:38+00:00,66409.0,50,1,49,49.0,5224.489795918367,0.0007378517971961631,0.04517459982833652,9,7,1.75
544449039433883650,2014-12-15T11:09:01+00:00,2014-12-15T14:11:22+00:00,10941.0,8,1,7,712.0,4243.857142857143,0.0006397952655150352,0.043871675349602415,3,5,2.3333333333333335
544449562552045568,2014-12-15T11:11:05+00:00,2014-12-15T22:36:35+00:00,41130.0,48,1,47,77.0,12653.255319148937,0.0011427182105519086,0.0700218818380744,8,11,1.7407407407407407
544449632131375104,2014-12-15T11:11:22+00:00,2014-12-15T11:20:05+00:00,523.0,19,1,18,18.0,168.27777777777777,0.03441682600382409,2.179732313575526,1,18,18.0
544450135988899840,2014-12-15T11:13:22+00:00,2014-12-15T14:32:43+00:00,11961.0,12,1,11,74.0,3167.909090909091,0.0009196555471950506,0.06019563581640331,1,11,11.0
544450560460480512,2014-12-15T11:15:03+00:00,2014-12-15T15:23:46+00:00,14923.0,16,1,15,12.0,2070.2,0.0010051598204114454,0.0643302285063325,1,15,15.0
544450580367024128,2014-12-15T11:15:08+00:00,2014-12-15T11:23:37+00:00,509.0,20,1,19,9.0,150.21052631578948,0.03732809430255403,2.357563850687623,2,18,9.5
544450710926934017,2014-12-15T11:15:39+00:00,2014-12-15T13:57:36+00:00,9717.0,9,1,8,1693.0,3817.375,0.0008232993722342287,0.05557270762581044,3,4,2.0
544451041396531200,2014-12-15T11:16:58+00:00,2014-12-15T22:45:48+00:00,41330.0,27,1,26,127.0,8423.461538461539,0.0006290829905637551,0.039196709412049356,5,10,1.8571428571428572
544451052679204864,2014-12-15T11:17:01+00:00,2014-12-15T20:21:31+00:00,32670.0,29,1,28,79.0,2862.25,0.0008570554025099479,0.05325987144168962,4,14,2.3333333333333335
544451181754744832,2014-12-15T11:17:31+00:00,2014-12-16T08:41:39+00:00,77048.0,7,1,6,393.0,23583.0,7.787353338178797e-05,0.005451147336725158,2,5,3.0
544452087468150784,2014-12-15T11:21:07+00:00,2014-12-15T13:48:37+00:00,8850.0,17,1,16,91.0,5162.8125,0.001807909604519774,0.1152542372881356,5,12,3.2
544452299641192448,2014-12-15T11:21:58+00:00,2014-12-16T16:35:20+00:00,105202.0,64,1,63,201.0,47692.666666666664,0.0005988479306477064,0.03650120720138401,14,7,1.6571428571428573
544452969702236161,2014-12-15T11:24:38+00:00,2014-12-15T12:34:58+00:00,4220.0,24,1,23,349.0,1872.0869565217392,0.0054502369668246444,0.3412322274881517,3,2,1.3333333333333333
544453205682556928,2014-12-15T11:25:34+00:00,2014-12-15T13:12:05+00:00,6391.0,41,1,40,187.0,2002.375,0.0062588014395243315,0.3849162885307464,11,5,1.7391304347826086
544453251068743681,2014-12-15T11:25:45+00:00,2014-12-15T13:21:46+00:00,6961.0,7,1,6,56.0,1720.0,0.00086194512282718,0.0603361585979026,1,6,6.0
544453564718804992,2014-12-15T11:26:59+00:00,2014-12-15T17:32:00+00:00,21901.0,16,1,15,66.0,5482.466666666666,0.0006849002328660792,0.04383361490342907,1,15,15.0
544454229960974336,2014-12-15T11:29:38+00:00,2014-12-15T21:01:57+00:00,34339.0,92,1,91,132.0,14671.142857142857,0.0026500480503217913,0.16075016744809106,16,14,1.5423728813559323
544455370476109824,2014-12-15T11:34:10+00:00,2014-12-15T11:46:55+00:00,765.0,19,1,18,191.0,374.6111111111111,0.023529411764705882,1.4901960784313726,2,16,6.0
544455530756841474,2014-12-15T11:34:48+00:00,2014-12-15T15:05:03+00:00,12615.0,27,1,26,142.0,4408.7692307692305,0.0020610384462940944,0.12841854934601665,4,17,3.25
544456216907636736,2014-12-15T11:37:32+00:00,2014-12-15T12:12:35+00:00,2103.0,45,1,44,56.0,683.4318181818181,0.020922491678554447,1.2838801711840229,14,10,1.5185185185185186
544457324211879937,2014-12-15T11:41:56+00:00,2014-12-17T16:27:02+00:00,189906.0,72,1,71,0.0,22936.323943661973,0.0003738691773824945,0.022748096426653187,15,15,1.7317073170731707
544457877688430593,2014-12-15T11:44:08+00:00,2014-12-15T14:26:46+00:00,9758.0,7,1,6,36.0,2440.8333333333335,0.0006148800983808157,0.043041606886657105,1,6,6.0
544457904422531072,2014-12-15T11:44:14+00:00,2014-12-15T12:27:40+00:00,2606.0,23,1,22,49.0,644.7272727272727,0.00844205679201842,0.5295471987720645,2,16,7.333333333333333
544458083129229312,2014-12-15T11:44:57+00:00,2014-12-15T17:35:47+00:00,21050.0,19,1,18,818.0,4443.555555555556,0.0008551068883610451,0.05415676959619953,4,14,3.6
544458427263512576,2014-12-15T11:46:19+00:00,2014-12-15T13:33:37+00:00,6438.0,15,1,14,120.0,1186.7142857142858,0.0021745883814849334,0.13979496738117428,1,14,14.0
544458445764968448,2014-12-15T11:46:23+00:00,2014-12-15T11:46:23+00:00,0.0,1,1,0,0.0,0.0,0.0,0.0,0,0,0.0
544458458527834112,2014-12-15T11:46:26+00:00,2014-12-15T12:04:28+00:00,1082.0,19,1,18,159.0,511.8888888888889,0.0166358595194085,1.0536044362292052,2,17,9.0
544458558432350208,2014-12-15T11:46:50+00:00,2014-12-16T21:51:41+00:00,122691.0,22,1,21,209.0,14325.904761904761,0.00017116169890211996,0.010758735359561827,4,8,3.0
544459137674125312,2014-12-15T11:49:08+00:00,2014-12-15T16:37:05+00:00,17277.0,19,1,18,281.0,4797.944444444444,0.0010418475429762111,0.06598367772182671,6,10,2.8333333333333335
544459333983948800,2014-12-15T11:49:55+00:00,2014-12-15T22:05:23+00:00,36928.0,20,1,19,36.0,4705.368421052632,0.0005145147313691508,0.032495667244367414,2,17,6.333333333333333
544459726948286464,2014-12-15T11:51:29+00:00,2014-12-15T13:35:07+00:00,6218.0,7,1,6,95.0,1619.3333333333333,0.0009649404953361209,0.06754583467352847,1,6,6.0
544459882075017216,2014-12-15T11:52:06+00:00,2014-12-15T15:02:50+00:00,11444.0,9,1,8,177.0,3013.5,0.0006990562740300594,0.04718629849702902,1,8,8.0
544459886365376515,2014-12-15T11:52:07+00:00,2014-12-17T16:31:45+00:00,189578.0,21,1,20,50.0,10569.7,0.00010549747333551362,0.006646340820137358,2,18,6.666666666666667
544460097146331136,2014-12-15T11:52:57+00:00,2014-12-15T21:44:22+00:00,35485.0,132,1,131,459.0,5650.206106870229,0.0036917007186134986,0.22319289840777795,19,7,1.617283950617284
544461231549992962,2014-12-15T11:57:27+00:00,2014-12-15T13:02:32+00:00,3905.0,9,1,8,257.0,1188.75,0.00204865556978233,0.1382842509603073,2,6,2.6666666666666665
544461661055098881,2014-12-15T11:59:10+00:00,2014-12-16T00:48:36+00:00,46166.0,20,1,19,128.0,14883.368421052632,0.00041155828965039207,0.02599315513581424,6,3,1.3571428571428572
544461947882586112,2014-12-15T12:00:18+00:00,2014-12-15T13:15:46+00:00,4528.0,31,1,30,90.0,898.1333333333333,0.0066254416961130744,0.4107773851590106,11,14,1.875
544462330105712640,2014-12-15T12:01:49+00:00,2014-12-16T08:31:41+00:00,73792.0,34,1,33,191.0,32690.060606060608,0.00044720294882914135,0.027645273200346925,10,7,1.9411764705882353
544462438310375425,2014-12-15T12:02:15+00:00,2014-12-15T21:53:35+00:00,35480.0,10,1,9,161.0,5665.555555555556,0.0002536640360766629,0.016910935738444193,1,9,9.0
544462825952133121,2014-12-15T12:03:47+00:00,2014-12-15T13:28:41+00:00,5094.0,12,1,11,145.0,2434.4545454545455,0.0021594032194738907,0.14134275618374556,4,8,2.75
544462911729455104,2014-12-15T12:04:08+00:00,2014-12-16T13:55:45+00:00,93097.0,19,1,18,74.0,16942.333333333332,0.0001933467243842444,0.012245292544335479,2,15,6.0
544462912644214785,2014-12-15T12:04:08+00:00,2014-12-15T16:24:50+00:00,15642.0,19,1,18,75.0,2175.722222222222,0.0011507479861910242,0.0728807057920982,4,14,4.5
544462918465503233,2014-12-15T12:04:10+00:00,2014-12-17T21:36:21+00:00,207131.0,14,1,13,92.0,45495.0,6.276221328531219e-05,0.004055404550743249,3,6,1.8571428571428572
544463189447294976,2014-12-15T12:05:14+00:00,2014-12-15T15:47:52+00:00,13358.0,31,1,30,17.0,1046.1666666666667,0.0022458451864051506,0.13924240155711934,7,18,2.5
544463201875025921,2014-12-15T12:05:17+00:00,2014-12-15T13:48:26+00:00,6189.0,16,1,15,174.0,3980.8,0.0024236548715462916,0.15511391177896267,5,9,2.142857142857143
544463701030354944,2014-12-15T12:07:16+00:00,2014-12-16T08:13:38+00:00,72382.0,46,1,45,269.0,16803.444444444445,0.0006217015280041999,0.03813102705092427,14,7,1.6538461538461537
544463778780557312,2014-12-15T12:07:35+00:00,2014-12-16T03:07:07+00:00,53972.0,87,1,86,292.0,7532.581395348837,0.0015934188097532053,0.09671681612688061,19,12,1.6226415094339623
544464445787750401,2014-12-15T12:10:14+00:00,2014-12-15T12:10:14+00:00,0.0,1,1,0,0.0,0.0,0.0,0.0,0,0,0.0
544464695646617600,2014-12-15T12:11:13+00:00,2014-12-15T17:32:12+00:00,19259.0,17,1,16,432.0,4915.375,0.0008307804143517317,0.05296225141492289,1,14,14.0
544464731449196544,2014-12-15T12:11:22+00:00,2014-12-15T12:24:56+00:00,814.0,20,1,19,19.0,202.3684210526316,0.02334152334152334,1.4742014742014742,1,19,19.0
544464812621578243,2014-12-15T12:11:41+00:00,2014-12-15T19:29:17+00:00,26256.0,12,1,11,137.0,6604.909090909091,0.00041895185862279096,0.027422303473491772,4,7,2.75
544465040666288129,2014-12-15T12:12:36+00:00,2014-12-15T13:23:33+00:00,4257.0,19,1,18,48.0,1444.2777777777778,0.004228329809725159,0.2677942212825934,2,17,9.0
544465862942797825,2014-12-15T12:15:52+00:00,2014-12-16T07:11:10+00:00,68118.0,20,1,19,159.0,22436.684210526317,0.00027892774303414663,0.017616489033735576,5,13,3.1666666666666665
544465890218369024,2014-12-15T12:15:58+00:00,2014-12-15T15:00:50+00:00,9892.0,19,1,18,59.0,3610.1666666666665,0.001819652244237768,0.11524464213505863,3,13,4.5
544465934149513216,2014-12-15T12:16:09+00:00,2014-12-15T13:47:31+00:00,5482.0,16,1,15,374.0,3001.266666666667,0.0027362276541408243,0.17511856986501279,5,9,2.3333333333333335
544466608450580481,2014-12-15T12:18:49+00:00,2014-12-15T14:07:14+00:00,6505.0,10,1,9,42.0,1748.5555555555557,0.0013835511145272868,0.09223674096848578,1,9,9.0
544466903364673536,2014-12-15T12:20:00+00:00,2014-12-16T18:40:44+00:00,109244.0,36,1,35,104.0,16478.0,0.00032038372816813737,0.019772252938376478,5,10,2.3333333333333335
544466920880492544,2014-12-15T12:20:04+00:00,2014-12-15T16:11:19+00:00,13875.0,27,1,26,91.0,4079.1923076923076,0.001873873873873874,0.11675675675675676,9,9,2.0
544467005655748608,2014-12-15T12:20:24+00:00,2014-12-15T15:42:00+00:00,12096.0,17,1,16,48.0,1427.9375,0.0013227513227513227,0.08432539682539683,2,15,8.0
544467299218886656,2014-12-15T12:21:34+00:00,2014-12-15T17:33:32+00:00,18718.0,35,1,34,198.0,1766.9705882352941,0.0018164333796345763,0.11219147344801796,5,10,1.8
544467710923395073,2014-12-15T12:23:12+00:00,2014-12-17T05:31:23+00:00,148091.0,17,1,16,93.0,22766.875,0.00010804167707693242,0.006887656913654442,1,16,16.0
544467822168920064,2014-12-15T12:23:39+00:00,2014-12-15T12:23:39+00:00,0.0,1,1,0,0.0,0.0,0.0,0.0,0,0,0.0
544467919003213824,2014-12-15T12:24:02+00:00,2014-12-15T13:41:32+00:00,4650.0,46,1,45,68.0,1878.2888888888888,0.00967741935483871,0.5935483870967742,13,13,1.8
544468178961592321,2014-12-15T12:25:04+00:00,2014-12-17T06:02:25+00:00,149841.0,25,1,24,48.0,27457.75,0.00016016977996676478,0.010010611247922798,4,13,3.0
544468997916614656,2014-12-15T12:28:19+00:00,2014-12-15T22:59:05+00:00,37846.0,34,1,33,63.0,4393.878787878788,0.0008719547640437563,0.05390265814088675,11,10,2.2
544469470568148992,2014-12-15T12:30:12+00:00,2014-12-16T19:08:15+00:00,110283.0,18,1,17,435.0,36866.117647058825,0.00015414887153958454,0.009792987133103018,3,15,5.666666666666667
544469609433563136,2014-12-15T12:30:45+00:00,2014-12-16T23:02:06+00:00,124281.0,36,1,35,189.0,6812.771428571428,0.00028161987753558466,0.017379969585053227,4,16,2.5454545454545454
544469768745398272,2014-12-15T12:31:23+00:00,2014-12-15T12:46:48+00:00,925.0,2,1,1,925.0,925.0,0.001081081081081081,0.12972972972972974,1,1,1.0
544470398881259520,2014-12-15T12:33:53+00:00,2014-12-15T15:05:26+00:00,9093.0,13,1,12,32.0,1537.3333333333333,0.0013196964698119432,0.0857802705377763,1,12,12.0
544470708093747202,2014-12-15T12:35:07+00:00,2014-12-15T13:44:29+00:00,4162.0,18,1,17,226.0,1461.8823529411766,0.004084574723690533,0.2594906295050457,3,13,3.4
544470843997564928,2014-12-15T12:35:39+00:00,2014-12-15T13:13:05+00:00,2246.0,7,1,6,36.0,1120.0,0.0026714158504007124,0.18699910952804988,4,3,1.5
544470979842281472,2014-12-15T12:36:12+00:00,2014-12-16T04:56:13+00:00,58801.0,20,1,19,346.0,35525.36842105263,0.0003231237563987007,0.02040781619360215,2,18,9.5
544471218951581696,2014-12-15T12:37:09+00:00,2014-12-15T15:45:30+00:00,11301.0,27,1,26,31.0,2551.9615384615386,0.0023006813556322447,0.14335014600477836,7,15,2.6
544471469527691264,2014-12-15T12:38:08+00:00,2014-12-15T12:38:08+00:00,0.0,1,1,0,0.0,0.0,0.0,0.0,0,0,0.0
544472530921480192,2014-12-15T12:42:21+00:00,2014-12-15T21:54:40+00:00,33139.0,26,1,25,122.0,6520.44,0.0007543981411629802,0.04707444400856996,4,14,2.272727272727273
544472595140063232,2014-12-15T12:42:37+00:00,2014-12-15T12:47:28+00:00,291.0,2,1,1,291.0,291.0,0.003436426116838488,0.4123711340206186,1,1,1.0
544472800379940864,2014-12-15T12:43:26+00:00,2014-12-15T13:00:07+00:00,1001.0,21,1,20,39.0,233.1,0.01998001998001998,1.2587412587412588,3,18,6.666666666666667
544473507594113024,2014-12-15T12:46:14+00:00,2014-12-16T05:43:25+00:00,61031.0,8,1,7,93.0,9762.0,0.00011469581032589995,0.00786485556520457,1,7,7.0
544474138287812608,2014-12-15T12:48:45+00:00,2014-12-16T22:20:00+00:00,120675.0,10,1,9,22.0,39197.333333333336,7.458048477315103e-05,0.004972032318210068,1,9,9.0
544474153646956547,2014-12-15T12:48:48+00:00,2014-12-15T13:45:21+00:00,3393.0,9,1,8,17.0,1018.375,0.002357795461243737,0.15915119363395228,2,7,4.0
544474960602083328,2014-12-15T12:52:01+00:00,2014-12-15T23:23:13+00:00,37872.0,17,1,16,192.0,7594.9375,0.0004224757076468103,0.026932826362484154,4,11,3.2
544475686740967424,2014-12-15T12:54:54+00:00,2014-12-15T13:30:48+00:00,2154.0,20,1,19,35.0,885.1578947368421,0.008820798514391829,0.5571030640668524,6,11,2.375
544475892685099008,2014-12-15T12:55:43+00:00,2014-12-15T19:25:56+00:00,23413.0,11,1,10,137.0,11132.4,0.00042711314227138767,0.02818946738991159,3,6,2.5
544475905926524928,2014-12-15T12:55:46+00:00,2014-12-15T15:12:54+00:00,8228.0,18,1,17,319.0,5498.117647058823,0.002066115702479339,0.1312591152163345,1,17,17.0
544476492281827328,2014-12-15T12:58:06+00:00,2014-12-15T17:45:57+00:00,17271.0,9,1,8,177.0,4636.25,0.0004632042151583579,0.03126628452318916,1,8,8.0
544476533302505472,2014-12-15T12:58:16+00:00,2014-12-15T14:11:24+00:00,4388.0,23,1,22,95.0,1687.3181818181818,0.005013673655423883,0.3144940747493163,4,14,2.75
544476597512699904,2014-12-15T12:58:31+00:00,2014-12-15T12:58:31+00:00,0.0,1,1,0,0.0,0.0,0.0,0.0,0,0,0.0
544476808566276097,2014-12-15T12:59:21+00:00,2014-12-17T00:49:18+00:00,128997.0,32,1,31,44.0,17909.74193548387,0.0002403156662558044,0.014884067071327242,7,15,2.2142857142857144
544477019472289792,2014-12-15T13:00:11+00:00,2014-12-15T13:00:11+00:00,0.0,1,1,0,0.0,0.0,0.0,0.0,0,0,0.0
544477048048082945,2014-12-15T13:00:18+00:00,2014-12-15T14:00:59+00:00,3641.0,24,1,23,47.0,721.9565217391304,0.006316945893985169,0.3954957429277671,4,17,3.8333333333333335
544477097016578048,2014-12-15T13:00:30+00:00,2014-12-15T14:01:03+00:00,3633.0,13,1,12,52.0,1179.8333333333333,0.0033030553261767133,0.21469859620148637,3,7,3.0
544477404342018048,2014-12-15T13:01:43+00:00,2014-12-15T13:01:43+00:00,0.0,1,1,0,0.0,0.0,0.0,0.0,0,0,0.0
544477802255630336,2014-12-15T13:03:18+00:00,2014-12-15T16:43:55+00:00,13237.0,22,1,21,82.0,4206.666666666667,0.0015864621893178213,0.0997204804714059,8,8,1.5833333333333333
544477834396577793,2014-12-15T13:03:26+00:00,2014-12-15T14:35:09+00:00,5503.0,25,1,24,4.0,337.7916666666667,0.004361257495911321,0.27257859349445757,3,19,4.0
544478071340806146,2014-12-15T13:04:22+00:00,2014-12-15T16:54:11+00:00,13789.0,19,1,18,9.0,1460.388888888889,0.0013053883530350279,0.08267459569221844,2,14,4.25
544478625383608320,2014-12-15T13:06:34+00:00,2014-12-16T10:20:59+00:00,76465.0,18,1,17,789.0,16627.529411764706,0.00022232393905708493,0.014124109069508926,2,16,8.5
544478708741201920,2014-12-15T13:06:54+00:00,2014-12-15T14:08:35+00:00,3701.0,6,1,5,201.0,1090.8,0.0013509862199405566,0.09727100783572008,1,5,5.0
544479045149130753,2014-12-15T13:08:14+00:00,2014-12-15T14:23:50+00:00,4536.0,11,1,10,165.0,1421.9,0.002204585537918871,0.14550264550264552,2,9,5.0
544480083982168064,2014-12-15T13:12:22+00:00,2014-12-16T00:31:09+00:00,40727.0,25,1,24,10.0,7180.875,0.0005892896604218332,0.03683060377636457,7,17,3.0
544480905532669952,2014-12-15T13:15:38+00:00,2014-12-16T03:40:26+00:00,51888.0,15,1,14,331.0,10200.857142857143,0.00026981190255935864,0.017345050878815913,2,13,7.0
544480936960606210,2014-12-15T13:15:45+00:00,2014-12-15T13:23:41+00:00,476.0,2,1,1,476.0,476.0,0.0021008403361344537,0.25210084033613445,1,1,1.0
544482233038286848,2014-12-15T13:20:55+00:00,2014-12-16T05:18:30+00:00,57455.0,4,1,3,2446.0,21111.0,5.221477678182926e-05,0.004177182142546341,1,3,3.0
544482559900393472,2014-12-15T13:22:12+00:00,2014-12-16T15:03:30+00:00,92478.0,24,1,23,170.0,35520.260869565216,0.0002487078007742382,0.015571271004995783,3,15,3.8333333333333335
544482664515121153,2014-12-15T13:22:37+00:00,2014-12-15T14:13:15+00:00,3038.0,18,1,17,25.0,1469.764705882353,0.005595786701777485,0.3554970375246873,9,5,1.8888888888888888
544482745637158912,2014-12-15T13:22:57+00:00,2014-12-16T18:40:41+00:00,105464.0,9,1,8,132.0,14336.75,7.58552681483729e-05,0.005120230600015171,3,4,2.6666666666666665
544483003758419969,2014-12-15T13:23:58+00:00,2014-12-15T14:16:10+00:00,3132.0,19,1,18,30.0,607.3888888888889,0.005747126436781609,0.3639846743295019,2,17,9.0
544483282352889857,2014-12-15T13:25:05+00:00,2014-12-15T17:06:22+00:00,13277.0,31,1,30,25.0,5296.7,0.002259546584318747,0.1400918882277623,12,8,1.875
544483404528775168,2014-12-15T13:25:34+00:00,2014-12-15T14:25:26+00:00,3592.0,4,1,3,608.0,2042.0,0.0008351893095768374,0.06681514476614699,1,3,3.0
544483913830531073,2014-12-15T13:27:35+00:00,2014-12-15T20:00:31+00:00,23576.0,11,1,10,1311.0,9769.6,0.00042416016287750253,0.027994570749915168,2,9,5.0
544483951524737024,2014-12-15T13:27:44+00:00,2014-12-16T11:22:37+00:00,78893.0,19,1,18,143.0,13817.166666666666,0.00022815712420620334,0.01444995119972621,3,15,4.5
544484477930467328,2014-12-15T13:29:50+00:00,2014-12-15T13:29:50+00:00,0.0,1,1,0,0.0,0.0,0.0,0.0,0,0,0.0
544484515742482432,2014-12-15T13:29:59+00:00,2014-12-15T14:24:28+00:00,3269.0,22,1,21,102.0,795.6666666666666,0.006423982869379015,0.40379320893239523,2,18,5.25
544484918567239681,2014-12-15T13:31:35+00:00,2014-12-15T15:38:56+00:00,7641.0,9,1,8,395.0,3236.875,0.0010469833791388562,0.0706713780918728,2,7,4.0
544486142763347969,2014-12-15T13:36:27+00:00,2014-12-16T04:04:59+00:00,52112.0,26,1,25,34.0,10655.0,0.0004797359533312865,0.029935523487872276,6,12,2.272727272727273
544486187478433793,2014-12-15T13:36:37+00:00,2014-12-15T13:36:37+00:00,0.0,1,1,0,0.0,0.0,0.0,0.0,0,0,0.0
544487291465392128,2014-12-15T13:41:01+00:00,2014-12-16T21:47:37+00:00,115596.0,67,1,66,124.0,74215.89393939394,0.0005709540122495588,0.03477628983701858,10,8,1.736842105263158
544487535418687488,2014-12-15T13:41:59+00:00,2014-12-15T13:41:59+00:00,0.0,1,1,0,0.0,0.0,0.0,0.0,0,0,0.0
544487556700598272,2014-12-15T13:42:04+00:00,2014-12-15T13:42:04+00:00,0.0,1,1,0,0.0,0.0,0.0,0.0,0,0,0.0
544487579048222721,2014-12-15T13:42:09+00:00,2014-12-15T14:45:10+00:00,3781.0,2,1,1,3781.0,3781.0,0.0002644802962179318,0.03173763554615181,1,1,1.0
544487672145018880,2014-12-15T13:42:31+00:00,2014-12-15T20:40:06+00:00,25055.0,65,1,64,127.0,5211.703125,0.0025543803632009578,0.15565755338255838,19,4,1.3617021276595744
544488899100147713,2014-12-15T13:47:24+00:00,2014-12-15T18:24:46+00:00,16642.0,22,1,21,99.0,3208.7619047619046,0.0012618675639947121,0.07931738973681048,3,14,3.5
544489340584222720,2014-12-15T13:49:09+00:00,2014-12-15T15:55:27+00:00,7578.0,28,1,27,33.0,782.6296296296297,0.0035629453681710215,0.22169437846397466,4,12,2.25
544489539348471808,2014-12-15T13:49:56+00:00,2014-12-16T02:23:46+00:00,45230.0,14,1,13,62.0,20389.53846153846,0.000287419854079151,0.018571744417422063,1,13,13.0
544490782183657474,2014-12-15T13:54:53+00:00,2014-12-15T14:29:03+00:00,2050.0,15,1,14,63.0,781.7857142857143,0.006829268292682927,0.4390243902439025,2,9,7.0
544490976253726720,2014-12-15T13:55:39+00:00,2014-12-15T14:26:21+00:00,1842.0,22,1,21,26.0,541.2857142857143,0.011400651465798045,0.7166123778501629,4,14,2.625
544491151118860289,2014-12-15T13:56:21+00:00,2014-12-15T15:12:47+00:00,4586.0,9,1,8,103.0,1681.75,0.0017444395987788923,0.11774967291757522,3,5,2.0
544491160803106816,2014-12-15T13:56:23+00:00,2014-12-15T15:34:06+00:00,5863.0,27,1,26,95.0,730.5384615384615,0.004434589800443459,0.2763090567968617,6,18,3.7142857142857144
544491410439667713,2014-12-15T13:57:23+00:00,2014-12-15T14:32:40+00:00,2117.0,9,1,8,56.0,1043.375,0.003778932451582428,0.2550779404818139,1,8,8.0
544492053900836864,2014-12-15T13:59:56+00:00,2014-12-15T14:54:55+00:00,3299.0,25,1,24,59.0,692.4166666666666,0.007274931797514398,0.4546832373446499,4,15,3.5
544492209861836800,2014-12-15T14:00:33+00:00,2014-12-15T14:41:30+00:00,2457.0,18,1,17,77.0,648.1176470588235,0.006919006919006919,0.43956043956043955,2,11,6.0
544492372088717312,2014-12-15T14:01:12+00:00,2014-12-15T14:26:05+00:00,1493.0,5,1,4,58.0,464.5,0.0026791694574681848,0.20093770931011387,1,4,4.0
544492454016475137,2014-12-15T14:01:31+00:00,2014-12-15T14:47:05+00:00,2734.0,14,1,13,27.0,762.0,0.004754937820043892,0.3072421360643745,2,11,4.333333333333333
544492465185898496,2014-12-15T14:01:34+00:00,2014-12-15T17:59:34+00:00,14280.0,7,1,6,326.0,2948.1666666666665,0.0004201680672268908,0.029411764705882353,1,6,6.0
544492614838673408,2014-12-15T14:02:10+00:00,2014-12-16T13:57:13+00:00,86103.0,16,1,15,17.0,6664.4,0.0001742099578411902,0.011149437301836174,3,13,5.0
544492843499540480,2014-12-15T14:03:04+00:00,2014-12-15T14:52:49+00:00,2985.0,22,1,21,272.0,1559.952380952381,0.007035175879396985,0.44221105527638194,5,10,2.3333333333333335
544492919567417344,2014-12-15T14:03:22+00:00,2014-12-15T14:03:22+00:00,0.0,1,1,0,0.0,0.0,0.0,0.0,0,0,0.0
544492984880754688,2014-12-15T14:03:38+00:00,2014-12-16T04:59:48+00:00,53770.0,24,1,23,24.0,4473.391304347826,0.00042774781476659845,0.026780732750604427,4,15,2.875
544493466836017154,2014-12-15T14:05:33+00:00,2014-12-15T18:25:57+00:00,15624.0,13,1,12,78.0,2070.9166666666665,0.0007680491551459293,0.04992319508448541,2,9,6.0
544493536771854336,2014-12-15T14:05:50+00:00,2014-12-15T16:54:06+00:00,10096.0,8,1,7,335.0,3716.0,0.0006933438985736926,0.04754358161648177,2,6,3.5
544494058287423489,2014-12-15T14:07:54+00:00,2014-12-16T03:35:48+00:00,48474.0,5,1,4,642.0,14508.25,8.251846350620951e-05,0.006188884762965714,1,4,4.0
544494273924562944,2014-12-15T14:08:45+00:00,2014-12-15T14:10:46+00:00,121.0,2,1,1,121.0,121.0,0.008264462809917356,0.9917355371900827,1,1,1.0
544494312206000128,2014-12-15T14:08:54+00:00,2014-12-15T17:08:58+00:00,10804.0,20,1,19,84.0,3833.842105263158,0.0017586079229914846,0.11106997408367271,3,11,3.1666666666666665
544494408515608576,2014-12-15T14:09:17+00:00,2014-12-16T08:03:15+00:00,64438.0,28,1,27,58.0,4381.444444444444,0.00041900741798317763,0.02607157267450883,6,13,2.3636363636363638
544494652418949120,2014-12-15T14:10:16+00:00,2014-12-15T14:43:27+00:00,1991.0,16,1,15,32.0,408.6,0.007533902561526871,0.48216976393771976,4,11,3.5
544494721872433152,2014-12-15T14:10:32+00:00,2014-12-15T18:38:32+00:00,16080.0,19,1,18,167.0,2157.5,0.001119402985074627,0.0708955223880597,3,14,4.5
544494787168972800,2014-12-15T14:10:48+00:00,2014-12-16T05:07:54+00:00,53826.0,10,1,9,472.0,7760.555555555556,0.00016720543975030653,0.011147029316687103,3,6,2.25
544495066258362368,2014-12-15T14:11:54+00:00,2014-12-15T16:16:27+00:00,7473.0,48,1,47,75.0,1820.1702127659576,0.006289308176100629,0.3853873946206343,15,13,1.8076923076923077
544495155198181376,2014-12-15T14:12:15+00:00,2014-12-15T15:22:38+00:00,4223.0,19,1,18,143.0,1270.8333333333333,0.004262372720814586,0.26995027231825713,3,12,3.0
544495167836016640,2014-12-15T14:12:18+00:00,2014-12-15T21:48:29+00:00,27371.0,19,1,18,218.0,4971.944444444444,0.0006576303386796245,0.04164992144970955,2,16,6.0
544495240640757760,2014-12-15T14:12:36+00:00,2014-12-15T14:12:36+00:00,0.0,1,1,0,0.0,0.0,0.0,0.0,0,0,0.0
544495359800930304,2014-12-15T14:13:04+00:00,2014-12-15T19:02:23+00:00,17359.0,22,1,21,129.0,2676.6666666666665,0.0012097471052479982,0.07604124661558846,3,15,4.2
544495737770618880,2014-12-15T14:14:34+00:00,2014-12-15T20:06:21+00:00,21107.0,24,1,23,40.0,1948.2608695652175,0.0010896858861988914,0.0682238120054958,5,14,2.5555555555555554
544495975083941889,2014-12-15T14:15:31+00:00,2014-12-15T19:42:45+00:00,19634.0,39,1,38,82.0,2614.157894736842,0.0019354181521849853,0.11918101252928592,5,8,1.5294117647058822
544496062321664001,2014-12-15T14:15:52+00:00,2014-12-17T21:32:47+00:00,199015.0,39,1,38,96.0,7680.0,0.00019094038137828807,0.011757907695399845,5,12,2.5
544496262629036032,2014-12-15T14:16:39+00:00,2014-12-15T18:24:35+00:00,14876.0,19,1,18,51.0,4691.166666666667,0.0012100026888948643,0.07663350363000807,5,9,2.0
544496602262806528,2014-12-15T14:18:00+00:00,2014-12-15T20:04:20+00:00,20780.0,8,1,7,185.0,3569.5714285714284,0.00033686236766121273,0.02309913378248316,3,4,1.75
544496648445890561,2014-12-15T14:18:11+00:00,2014-12-15T17:16:44+00:00,10713.0,21,1,20,75.0,2784.55,0.0018668906935498926,0.11761411369364323,2,13,5.333333333333333
544497137221136384,2014-12-15T14:20:08+00:00,2014-12-15T15:27:15+00:00,4027.0,21,1,20,40.0,668.3,0.004966476285075739,0.31288800595977156,3,18,6.666666666666667
544497191155290112,2014-12-15T14:20:21+00:00,2014-12-16T22:39:51+00:00,116370.0,18,1,17,160.0,10130.882352941177,0.00014608576093494888,0.009280742459396751,2,16,8.5
544497307933474816,2014-12-15T14:20:49+00:00,2014-12-15T15:57:47+00:00,5818.0,21,1,20,89.0,1207.05,0.0034376074252320385,0.2165692677896184,3,17,5.0
544497405237161984,2014-12-15T14:21:12+00:00,2014-12-15T15:26:52+00:00,3940.0,21,1,20,27.0,577.2,0.005076142131979695,0.31979695431472077,2,12,6.0
544499381731622912,2014-12-15T14:29:03+00:00,2014-12-15T14:50:11+00:00,1268.0,3,1,2,165.0,716.5,0.0015772870662460567,0.14195583596214512,1,2,2.0
544499449645768706,2014-12-15T14:29:19+00:00,2014-12-15T16:20:12+00:00,6653.0,20,1,19,90.0,2615.6315789473683,0.0028558545017285434,0.180369758003908,6,14,3.1666666666666665
544499780479893504,2014-12-15T14:30:38+00:00,2014-12-17T17:08:10+00:00,182252.0,30,1,29,1086.0,19559.344827586207,0.00015912033887145272,0.009876434826503962,6,10,2.25
544499892010635264,2014-12-15T14:31:05+00:00,2014-12-15T16:58:23+00:00,8838.0,17,1,16,86.0,1529.1875,0.0018103643358225842,0.11541072640868974,2,15,8.0
544499931101548544,2014-12-15T14:31:14+00:00,2014-12-15T14:59:58+00:00,1724.0,20,1,19,109.0,862.6315789473684,0.011020881670533642,0.6960556844547564,3,14,3.8
544500288183607296,2014-12-15T14:32:39+00:00,2014-12-16T07:48:27+00:00,62148.0,12,1,11,185.0,7107.181818181818,0.00017699684623801248,0.011585248117397182,2,10,5.5
544500527720325120,2014-12-15T14:33:36+00:00,2014-12-16T04:28:23+00:00,50087.0,20,1,19,32.0,3219.842105263158,0.00037933994848962806,0.023958312536187035,3,15,3.8
544500883963518976,2014-12-15T14:35:01+00:00,2014-12-16T00:37:23+00:00,36142.0,17,1,16,248.0,3950.5,0.000442698245808201,0.028222013170272814,1,16,16.0
544501464849059840,2014-12-15T14:37:20+00:00,2014-12-15T15:34:46+00:00,3446.0,20,1,19,44.0,1329.8947368421052,0.005513639001741149,0.3482298316889147,6,10,2.375
544502782267752449,2014-12-15T14:42:34+00:00,2014-12-16T18:10:58+00:00,98904.0,30,1,29,75.0,6402.068965517241,0.0002932136212893311,0.01819946614899296,5,11,2.230769230769231
544503037973528577,2014-12-15T14:43:35+00:00,2014-12-15T16:51:12+00:00,7657.0,13,1,12,122.0,2209.4166666666665,0.0015671934177876453,0.10186757215619695,3,10,4.0
544503217107648513,2014-12-15T14:44:17+00:00,2014-12-15T16:05:17+00:00,4860.0,8,1,7,110.0,1305.142857142857,0.001440329218106996,0.09876543209876543,1,7,7.0
544503425082613761,2014-12-15T14:45:07+00:00,2014-12-15T22:22:09+00:00,27422.0,12,1,11,104.0,5271.909090909091,0.00040113777259135003,0.026256290569615634,1,11,11.0
544503881527742464,2014-12-15T14:46:56+00:00,2014-12-15T16:59:30+00:00,7954.0,26,1,25,71.0,1526.56,0.0031430726678400803,0.19612773447322102,4,18,3.5714285714285716
544504183341064192,2014-12-15T14:48:08+00:00,2014-12-16T10:49:57+00:00,72109.0,19,1,18,187.0,38290.166666666664,0.0002496220998765757,0.015809399658849796,9,7,1.6363636363636365
544504859290906624,2014-12-15T14:50:49+00:00,2014-12-16T16:10:47+00:00,91198.0,21,1,20,77.0,5489.35,0.00021930305489155464,0.013816092458167941,2,17,5.0
544504889746149377,2014-12-15T14:50:56+00:00,2014-12-15T15:08:01+00:00,1025.0,7,1,6,133.0,491.8333333333333,0.005853658536585366,0.40975609756097564,4,3,1.5
544504954334224384,2014-12-15T14:51:12+00:00,2014-12-15T23:09:12+00:00,29880.0,15,1,14,156.0,6778.071428571428,0.0004685408299866131,0.030120481927710843,1,12,12.0
544505129810944001,2014-12-15T14:51:54+00:00,2014-12-15T14:57:43+00:00,349.0,20,1,19,19.0,134.1578947368421,0.054441260744985676,3.4383954154727796,1,19,19.0
544505447911149569,2014-12-15T14:53:09+00:00,2014-12-15T17:01:57+00:00,7728.0,21,1,20,159.0,1402.55,0.002587991718426501,0.16304347826086954,7,7,1.5384615384615385
544506347438735361,2014-12-15T14:56:44+00:00,2014-12-15T22:34:11+00:00,27447.0,6,1,5,707.0,21037.4,0.00018216927168725178,0.01311618756148213,4,2,1.25
544506443626741762,2014-12-15T14:57:07+00:00,2014-12-15T15:42:56+00:00,2749.0,20,1,19,28.0,441.6842105263158,0.006911604219716261,0.4365223717715533,4,15,3.8
544506628239028224,2014-12-15T14:57:51+00:00,2014-12-15T15:54:38+00:00,3407.0,22,1,21,46.0,684.8571428571429,0.006163780452010567,0.3874376284120928,5,16,4.2
544506678922977280,2014-12-15T14:58:03+00:00,2014-12-15T19:44:47+00:00,17204.0,13,1,12,335.0,3392.5,0.0006975122064636131,0.04533829342013485,2,11,6.0
544508035113439232,2014-12-15T15:03:26+00:00,2014-12-15T23:56:27+00:00,31981.0,7,1,6,72.0,11237.666666666666,0.00018761139426534505,0.013132797598574154,1,6,6.0
544508313220567041,2014-12-15T15:04:33+00:00,2014-12-15T22:59:34+00:00,28501.0,11,1,10,46.0,7225.9,0.00035086488193396726,0.023157082207641837,1,10,10.0
544508411178536960,2014-12-15T15:04:56+00:00,2014-12-15T15:26:15+00:00,1279.0,14,1,13,68.0,547.3076923076923,0.010164190774042221,0.656763096168882,1,13,13.0
544508479675711489,2014-12-15T15:05:12+00:00,2014-12-15T16:29:31+00:00,5059.0,17,1,16,206.0,1505.1875,0.003162680371614944,0.20162087369045267,8,4,1.7777777777777777
544508543152304128,2014-12-15T15:05:27+00:00,2014-12-15T19:12:05+00:00,14798.0,33,1,32,79.0,1925.125,0.002162454385727801,0.1338018651169077,4,12,2.909090909090909
544508666724876288,2014-12-15T15:05:57+00:00,2014-12-15T15:08:43+00:00,166.0,5,1,4,27.0,76.0,0.024096385542168676,1.8072289156626506,1,4,4.0
544508725420380160,2014-12-15T15:06:11+00:00,2014-12-18T18:34:27+00:00,271696.0,61,1,60,32.0,39670.55,0.00022083505093928508,0.01347093810729639,13,16,2.2222222222222223
544508900595499009,2014-12-15T15:06:53+00:00,2014-12-15T16:20:17+00:00,4404.0,12,1,11,140.0,866.1818181818181,0.002497729336966394,0.16348773841961853,1,11,11.0
544508995361202176,2014-12-15T15:07:15+00:00,2014-12-15T15:19:52+00:00,757.0,6,1,5,126.0,372.2,0.0066050198150594455,0.47556142668428003,2,4,2.5
544509086998749186,2014-12-15T15:07:37+00:00,2014-12-15T16:22:05+00:00,4468.0,12,1,11,243.0,1256.7272727272727,0.0024619516562220233,0.1611459265890779,2,9,3.6666666666666665
544509140911919104,2014-12-15T15:07:50+00:00,2014-12-15T16:25:39+00:00,4669.0,22,1,21,47.0,864.5238095238095,0.004497751124437781,0.28271578496466054,5,15,3.5
544509519179816960,2014-12-15T15:09:20+00:00,2014-12-15T15:09:20+00:00,0.0,1,1,0,0.0,0.0,0.0,0.0,0,0,0.0
544509652390924290,2014-12-15T15:09:52+00:00,2014-12-15T21:56:09+00:00,24377.0,19,1,18,38.0,3455.4444444444443,0.0007384009517167823,0.046765393608729534,2,17,9.0
544510219401703425,2014-12-15T15:12:07+00:00,2014-12-15T21:56:47+00:00,24280.0,11,1,10,65.0,3260.3,0.00041186161449752884,0.027182866556836903,1,10,10.0
544510345289924608,2014-12-15T15:12:37+00:00,2014-12-15T16:55:23+00:00,6166.0,13,1,12,47.0,1229.75,0.0019461563412260785,0.1265001621796951,4,5,1.7142857142857142
544510402454110208,2014-12-15T15:12:51+00:00,2014-12-15T15:28:22+00:00,931.0,10,1,9,126.0,442.0,0.00966702470461869,0.6444683136412459,3,6,3.0
544510450101415936,2014-12-15T15:13:02+00:00,2014-12-15T15:29:29+00:00,987.0,12,1,11,45.0,258.09090909090907,0.011144883485309016,0.729483282674772,1,11,11.0
544510453201006592,2014-12-15T15:13:03+00:00,2014-12-15T15:53:57+00:00,2454.0,18,1,17,45.0,368.3529411764706,0.0069274653626731865,0.4400977995110025,1,17,17.0
544510784366080000,2014-12-15T15:14:22+00:00,2014-12-16T11:38:58+00:00,73476.0,57,1,56,97.0,10189.80357142857,0.0007621536283956666,0.046545810877021074,4,11,2.5454545454545454
544510827433558016,2014-12-15T15:14:32+00:00,2014-12-16T13:05:25+00:00,78653.0,11,1,10,36.0,8791.1,0.0001271407320763353,0.008391288317038129,2,8,3.3333333333333335
544511112654618624,2014-12-15T15:15:40+00:00,2014-12-15T15:54:07+00:00,2307.0,4,1,3,671.0,1678.6666666666667,0.0013003901170351106,0.10403120936280884,1,3,3.0
544511130249744384,2014-12-15T15:15:44+00:00,2014-12-15T15:38:14+00:00,1350.0,20,1,19,59.0,475.5263157894737,0.014074074074074074,0.8888888888888888,5,11,2.4285714285714284
544511151900753921,2014-12-15T15:15:49+00:00,2014-12-15T17:00:12+00:00,6263.0,18,1,17,18.0,999.2941176470588,0.002714354143381766,0.1724413220501357,5,9,2.8333333333333335
544511199702822913,2014-12-15T15:16:01+00:00,2014-12-15T22:22:38+00:00,25597.0,9,1,8,112.0,6973.75,0.0003125366253857874,0.021096222213540648,1,8,8.0
544511263788003329,2014-12-15T15:16:16+00:00,2014-12-15T18:00:33+00:00,9857.0,7,1,6,223.0,2983.8333333333335,0.0006087044739778837,0.04260931317845186,1,6,6.0
544511300630753280,2014-12-15T15:16:25+00:00,2014-12-15T17:25:59+00:00,7774.0,5,1,4,174.0,2966.75,0.0005145356315924878,0.038590172369436584,1,4,4.0
544511391349354496,2014-12-15T15:16:46+00:00,2014-12-15T15:53:43+00:00,2217.0,10,1,9,51.0,600.8888888888889,0.0040595399188092015,0.2706359945872801,1,9,9.0
544511434840113152,2014-12-15T15:16:57+00:00,2014-12-15T18:23:56+00:00,11219.0,20,1,19,38.0,1512.7894736842106,0.001693555575363223,0.10696140475978252,1,19,19.0
544511489869373440,2014-12-15T15:17:10+00:00,2014-12-15T15:23:26+00:00,376.0,2,1,1,376.0,376.0,0.0026595744680851063,0.3191489361702128,1,1,1.0
544511558173601792,2014-12-15T15:17:26+00:00,2014-12-15T15:46:47+00:00,1761.0,9,1,8,91.0,770.5,0.004542873367404884,0.3066439522998296,5,4,1.6
544511560249790464,2014-12-15T15:17:27+00:00,2014-12-15T16:14:33+00:00,3426.0,5,1,4,182.0,1050.25,0.0011675423234092236,0.08756567425569177,1,4,4.0
544511676088066048,2014-12-15T15:17:54+00:00,2014-12-15T16:39:57+00:00,4923.0,22,1,21,75.0,858.8571428571429,0.0042656916514320535,0.2681291895185862,2,15,5.666666666666667
544511693204647936,2014-12-15T15:17:58+00:00,2014-12-15T17:18:05+00:00,7207.0,10,1,9,47.0,954.3333333333334,0.0012487859025946996,0.0832523935063133,2,8,4.5
544511736465072128,2014-12-15T15:18:09+00:00,2014-12-15T17:14:18+00:00,6969.0,9,1,8,59.0,990.375,0.0011479408810446262,0.07748600947051226,1,8,8.0
544511773223968768,2014-12-15T15:18:17+00:00,2014-12-15T20:13:49+00:00,17732.0,4,1,3,328.0,6905.666666666667,0.0001691856530566208,0.013534852244529662,1,3,3.0
544511783940403201,2014-12-15T15:18:20+00:00,2014-12-15T16:04:18+00:00,2758.0,6,1,5,132.0,692.4,0.0018129079042784628,0.1305293691080493,1,5,5.0
544511811404705792,2014-12-15T15:18:27+00:00,2014-12-15T19:20:12+00:00,14505.0,28,1,27,61.0,2702.5185185185187,0.001861427094105481,0.11582213029989659,7,14,2.4545454545454546
544511865729323009,2014-12-15T15:18:39+00:00,2014-12-15T15:41:17+00:00,1358.0,14,1,13,62.0,622.7692307692307,0.009572901325478646,0.6185567010309279,1,7,7.0
544511915158810624,2014-12-15T15:18:51+00:00,2014-12-15T15:25:37+00:00,406.0,20,1,19,32.0,208.05263157894737,0.046798029556650245,2.955665024630542,1,19,19.0
544512064694546432,2014-12-15T15:19:27+00:00,2014-12-15T19:33:00+00:00,15213.0,10,1,9,17.0,1794.111111111111,0.0005915992900808519,0.03943995267205679,2,8,4.5
544512078518968320,2014-12-15T15:19:30+00:00,2014-12-15T15:51:47+00:00,1937.0,20,1,19,42.0,708.4736842105264,0.00980898296334538,0.6195147134744451,2,17,6.333333333333333
544512108885725184,2014-12-15T15:19:37+00:00,2014-12-15T16:12:18+00:00,3161.0,20,1,19,75.0,1098.0526315789473,0.0060107560898449855,0.3796267004112623,6,8,2.7142857142857144
544512187171995649,2014-12-15T15:19:56+00:00,2014-12-15T15:30:12+00:00,616.0,6,1,5,122.0,346.0,0.008116883116883116,0.5844155844155844,2,4,2.5
544512398628241408,2014-12-15T15:20:47+00:00,2014-12-15T16:26:55+00:00,3968.0,23,1,22,54.0,713.7272727272727,0.005544354838709678,0.34778225806451607,3,18,4.4
544512465099587584,2014-12-15T15:21:02+00:00,2014-12-15T16:32:21+00:00,4279.0,14,1,13,21.0,635.7692307692307,0.0030380930123860717,0.19630754849263848,5,8,2.1666666666666665
544512514651066368,2014-12-15T15:21:14+00:00,2014-12-15T18:29:19+00:00,11285.0,15,1,14,23.0,1908.5,0.0012405848471422243,0.07975188303057155,1,14,14.0
544512664769396736,2014-12-15T15:21:50+00:00,2014-12-15T16:04:33+00:00,2563.0,6,1,5,143.0,853.0,0.0019508388607101053,0.14046039797112758,1,5,5.0
544512676643500033,2014-12-15T15:21:53+00:00,2014-12-15T16:00:15+00:00,2302.0,4,1,3,206.0,1007.6666666666666,0.0013032145960034753,0.10425716768027801,1,3,3.0
544512691948498944,2014-12-15T15:21:56+00:00,2014-12-15T18:12:37+00:00,10241.0,29,1,28,52.0,856.2142857142857,0.002734107997265892,0.16990528268723756,3,19,4.666666666666667
544512867144192000,2014-12-15T15:22:38+00:00,2014-12-16T05:20:20+00:00,50262.0,24,1,23,42.0,8458.173913043478,0.0004576021646571963,0.028649874656798375,3,13,2.5555555555555554
544512910538838016,2014-12-15T15:22:49+00:00,2014-12-15T19:54:11+00:00,16282.0,15,1,14,59.0,2035.642857142857,0.0008598452278589854,0.05527576464807763,3,12,4.666666666666667
544513035118075904,2014-12-15T15:23:18+00:00,2014-12-16T06:23:11+00:00,53993.0,28,1,27,3.0,3971.074074074074,0.0005000648232178246,0.03111514455577575,4,18,3.857142857142857
544513072006967297,2014-12-15T15:23:27+00:00,2014-12-15T15:28:49+00:00,322.0,6,1,5,214.0,275.8,0.015527950310559006,1.1180124223602486,2,4,2.5
544513199375384576,2014-12-15T15:23:57+00:00,2014-12-15T18:00:07+00:00,9370.0,22,1,21,145.0,3796.5238095238096,0.00224119530416222,0.1408751334044824,4,15,4.2
544513292576641025,2014-12-15T15:24:20+00:00,2014-12-15T19:07:37+00:00,13397.0,17,1,16,132.0,1584.375,0.0011942972307232964,0.07613644845861013,1,10,10.0
544513339544838147,2014-12-15T15:24:31+00:00,2014-12-15T15:25:35+00:00,64.0,3,1,2,45.0,54.5,0.03125,2.8125,1,2,2.0
544513407400304640,2014-12-15T15:24:47+00:00,2014-12-16T01:55:02+00:00,37815.0,19,1,18,37.0,3287.1666666666665,0.0004760015866719556,0.03014676715589052,5,12,2.5714285714285716
544513510450155520,2014-12-15T15:25:12+00:00,2014-12-15T17:39:43+00:00,8071.0,21,1,20,95.0,3297.2,0.0024780076818238135,0.15611448395490024,4,13,2.857142857142857
544513517706305536,2014-12-15T15:25:13+00:00,2014-12-15T17:25:24+00:00,7211.0,7,1,6,51.0,2236.1666666666665,0.0008320621273055055,0.05824434891138538,1,6,6.0
544513524438155264,2014-12-15T15:25:15+00:00,2014-12-15T15:27:55+00:00,160.0,3,1,2,109.0,134.5,0.0125,1.125,1,2,2.0
544513557912879105,2014-12-15T15:25:23+00:00,2014-12-15T15:39:55+00:00,872.0,4,1,3,56.0,461.6666666666667,0.0034403669724770644,0.27522935779816515,1,3,3.0
544514127197388801,2014-12-15T15:27:39+00:00,2014-12-15T16:09:52+00:00,2533.0,9,1,8,41.0,962.0,0.0031583103039873666,0.21318594551914724,2,6,3.5
544514207933542401,2014-12-15T15:27:58+00:00,2014-12-15T15:47:48+00:00,1190.0,6,1,5,82.0,602.8,0.004201680672268907,0.3025210084033614,1,5,5.0
544514249356484608,2014-12-15T15:28:08+00:00,2014-12-15T16:52:51+00:00,5083.0,6,1,5,152.0,1248.0,0.0009836710603974032,0.07082431634861303,1,5,5.0
544514474963922944,2014-12-15T15:29:02+00:00,2014-12-15T20:55:21+00:00,19579.0,27,1,26,15.0,2318.769230769231,0.001327953419480055,0.08274171305991113,4,16,2.6
544514538797035520,2014-12-15T15:29:17+00:00,2014-12-15T22:42:04+00:00,25967.0,14,1,13,69.0,2253.3846153846152,0.000500635421881619,0.032348750336966145,2,12,6.5
544514564407427072,2014-12-15T15:29:23+00:00,2014-12-15T15:34:07+00:00,284.0,5,1,4,121.0,214.0,0.014084507042253521,1.056338028169014,1,4,4.0
544514569339953154,2014-12-15T15:29:24+00:00,2014-12-15T18:57:17+00:00,12473.0,16,1,15,191.0,1541.8666666666666,0.001202597610839413,0.07696624709372245,1,15,15.0
544514570367168512,2014-12-15T15:29:24+00:00,2014-12-15T15:45:26+00:00,962.0,16,1,15,34.0,406.8,0.015592515592515593,0.9979209979209979,3,12,3.75
544514645571420160,2014-12-15T15:29:42+00:00,2014-12-16T02:30:20+00:00,39638.0,19,1,18,31.0,10959.944444444445,0.00045410969271910794,0.028760280538876835,8,6,1.8
544514782456729600,2014-12-15T15:30:15+00:00,2014-12-15T16:03:59+00:00,2024.0,8,1,7,73.0,595.1428571428571,0.003458498023715415,0.23715415019762845,1,7,7.0
544514883484520448,2014-12-15T15:30:39+00:00,2014-12-15T15:49:24+00:00,1125.0,13,1,12,25.0,398.25,0.010666666666666666,0.6933333333333334,2,10,6.0
544514988078280704,2014-12-15T15:31:04+00:00,2014-12-15T18:04:22+00:00,9198.0,24,1,23,12.0,2946.478260869565,0.0025005435964340073,0.15655577299412915,9,12,2.3
544515072203444224,2014-12-15T15:31:24+00:00,2014-12-15T16:13:20+00:00,2516.0,20,1,19,14.0,638.8421052631579,0.007551669316375199,0.47694753577106525,3,15,4.75
544515097625108480,2014-12-15T15:31:30+00:00,2014-12-16T12:42:44+00:00,76274.0,22,1,21,26.0,8185.190476190476,0.00027532317696724967,0.017306028266512834,2,18,5.25
544515174376701952,2014-12-15T15:31:48+00:00,2014-12-15T17:00:19+00:00,5311.0,92,1,91,150.0,2029.3406593406594,0.017134249670495198,1.0393522877047636,19,11,1.6851851851851851
544515215576948736,2014-12-15T15:31:58+00:00,2014-12-15T15:52:04+00:00,1206.0,24,1,23,58.0,452.30434782608694,0.019071310116086235,1.1940298507462686,3,16,3.8333333333333335
544515446100090881,2014-12-15T15:32:53+00:00,2014-12-15T17:02:03+00:00,5350.0,8,1,7,74.0,1102.0,0.001308411214953271,0.08971962616822429,2,6,3.5
544515489016594432,2014-12-15T15:33:03+00:00,2014-12-15T17:19:09+00:00,6366.0,16,1,15,80.0,1739.2666666666667,0.00235626767200754,0.15080113100848258,2,12,4.666666666666667
544515517546254338,2014-12-15T15:33:10+00:00,2014-12-16T07:45:22+00:00,58332.0,25,1,24,64.0,8350.833333333334,0.0004114379757251594,0.025714873482822462,10,13,2.1818181818181817
544515538383564801,2014-12-15T15:33:15+00:00,2014-12-15T17:10:30+00:00,5835.0,20,1,19,325.0,2586.842105263158,0.0032562125107112256,0.20565552699228792,4,16,4.75
544515546633355264,2014-12-15T15:33:17+00:00,2014-12-15T15:51:14+00:00,1077.0,3,1,2,485.0,781.0,0.0018570102135561746,0.1671309192200557,1,2,2.0
544515584931528704,2014-12-15T15:33:26+00:00,2014-12-15T15:37:10+00:00,224.0,3,1,2,190.0,207.0,0.008928571428571428,0.8035714285714286,1,2,2.0
544515665319976960,2014-12-15T15:33:45+00:00,2014-12-15T22:42:27+00:00,25722.0,14,1,13,47.0,2749.4615384615386,0.000505403934375243,0.032656869605784934,1,13,13.0
544515671347200001,2014-12-15T15:33:47+00:00,2014-12-16T20:16:23+00:00,103356.0,20,1,19,1740.0,29911.57894736842,0.00018383064360075855,0.011610356437942646,6,9,2.111111111111111
544515781367582720,2014-12-15T15:34:13+00:00,2014-12-16T06:54:40+00:00,55227.0,8,1,7,49.0,9659.42857142857,0.000126749597117352,0.008691400945189852,1,7,7.0
544515850963648512,2014-12-15T15:34:30+00:00,2014-12-15T15:54:11+00:00,1181.0,4,1,3,53.0,560.6666666666666,0.002540220152413209,0.20321761219305673,1,3,3.0
544515971637968898,2014-12-15T15:34:58+00:00,2014-12-15T17:51:12+00:00,8174.0,27,1,26,76.0,1292.2307692307693,0.0031808172253486667,0.19818938096403232,11,9,1.625
544515999161393152,2014-12-15T15:35:05+00:00,2014-12-15T16:12:57+00:00,2272.0,7,1,6,184.0,840.0,0.002640845070422535,0.18485915492957747,1,6,6.0
544516079129993216,2014-12-15T15:35:24+00:00,2014-12-15T16:05:36+00:00,1812.0,16,1,15,34.0,455.0,0.008278145695364239,0.5298013245033113,2,14,7.5
544516101556961280,2014-12-15T15:35:29+00:00,2014-12-15T16:05:18+00:00,1789.0,9,1,8,60.0,542.625,0.004471771939631079,0.3018446059250978,1,8,8.0
544516142983684097,2014-12-15T15:35:39+00:00,2014-12-16T04:16:33+00:00,45654.0,19,1,18,22.0,5518.166666666667,0.00039426994348797475,0.024970429754238403,2,14,4.25
544516164333080577,2014-12-15T15:35:44+00:00,2014-12-15T15:46:26+00:00,642.0,4,1,3,165.0,339.6666666666667,0.004672897196261682,0.3738317757009346,2,2,1.5
544516240572940289,2014-12-15T15:36:03+00:00,2014-12-15T15:53:37+00:00,1054.0,6,1,5,182.0,461.2,0.004743833017077799,0.3415559772296015,1,5,5.0
544516381031792642,2014-12-15T15:36:36+00:00,2014-12-15T16:42:22+00:00,3946.0,8,1,7,177.0,1052.4285714285713,0.0017739483020780538,0.12164216928535226,1,7,7.0
544516427827249153,2014-12-15T15:36:47+00:00,2014-12-15T15:44:48+00:00,481.0,7,1,6,58.0,306.3333333333333,0.012474012474012475,0.8731808731808731,1,6,6.0
544516478821613569,2014-12-15T15:36:59+00:00,2014-12-16T00:40:07+00:00,32588.0,21,1,20,79.0,3478.45,0.0006137228427642077,0.038664539094145085,2,18,6.666666666666667
544516514519343104,2014-12-15T15:37:08+00:00,2014-12-15T15:42:32+00:00,324.0,5,1,4,59.0,149.75,0.012345679012345678,0.9259259259259258,1,4,4.0
544516530160300032,2014-12-15T15:37:12+00:00,2014-12-15T16:00:20+00:00,1388.0,3,1,2,210.0,799.0,0.001440922190201729,0.12968299711815562,2,1,1.0
544516739178827776,2014-12-15T15:38:01+00:00,2014-12-15T19:50:09+00:00,15128.0,16,1,15,3189.0,6491.933333333333,0.0009915388683236384,0.06345848757271286,10,5,1.3636363636363635
544516940367413248,2014-12-15T15:38:49+00:00,2014-12-15T15:48:55+00:00,606.0,5,1,4,361.0,479.0,0.006600660066006601,0.49504950495049505,1,4,4.0
544517264054423552,2014-12-15T15:40:07+00:00,2014-12-15T15:43:46+00:00,219.0,18,1,17,32.0,105.94117647058823,0.0776255707762557,4.931506849315069,1,16,16.0
544517264725516288,2014-12-15T15:40:07+00:00,2014-12-15T15:44:09+00:00,242.0,19,1,18,36.0,112.33333333333333,0.0743801652892562,4.710743801652892,1,18,18.0
544517440332627968,2014-12-15T15:40:49+00:00,2014-12-15T15:48:20+00:00,451.0,15,1,14,14.0,153.42857142857142,0.031042128603104215,1.9955654101995566,2,12,7.0
544517500118249472,2014-12-15T15:41:03+00:00,2014-12-16T04:41:44+00:00,46841.0,34,1,33,128.0,7834.515151515152,0.0007045110053158557,0.04355158941952563,10,7,2.2
544517624114081793,2014-12-15T15:41:32+00:00,2014-12-15T16:30:35+00:00,2943.0,8,1,7,105.0,1162.2857142857142,0.002378525314305131,0.16309887869520898,1,7,7.0
544517721757847552,2014-12-15T15:41:56+00:00,2014-12-15T16:46:50+00:00,3894.0,18,1,17,71.0,1034.0,0.004365690806368772,0.2773497688751926,1,16,16.0
544517991086710784,2014-12-15T15:43:00+00:00,2014-12-15T15:43:00+00:00,0.0,1,1,0,0.0,0.0,0.0,0.0,0,0,0.0
544518033902149632,2014-12-15T15:43:10+00:00,2014-12-15T16:48:36+00:00,3926.0,6,1,5,93.0,1029.0,0.0012735608762098828,0.09169638308711156,1,5,5.0
544518036255150080,2014-12-15T15:43:11+00:00,2014-12-15T16:36:40+00:00,3209.0,13,1,12,36.0,934.4166666666666,0.00373948270489249,0.24306637581801183,2,11,6.0
544518044643770368,2014-12-15T15:43:13+00:00,2014-12-15T15:46:59+00:00,226.0,5,1,4,43.0,111.0,0.017699115044247787,1.3274336283185841,1,4,4.0
544518088117329920,2014-12-15T15:43:23+00:00,2014-12-15T15:57:18+00:00,835.0,20,1,19,8.0,188.78947368421052,0.022754491017964073,1.437125748502994,1,19,19.0
544518128798294016,2014-12-15T15:43:33+00:00,2014-12-15T15:53:59+00:00,626.0,12,1,11,55.0,257.72727272727275,0.01757188498402556,1.1501597444089458,2,10,5.5
544518335019229184,2014-12-15T15:44:22+00:00,2014-12-15T17:01:02+00:00,4600.0,17,1,16,56.0,641.1875,0.0034782608695652175,0.2217391304347826,2,15,8.0
544518337498058753,2014-12-15T15:44:22+00:00,2014-12-15T18:00:09+00:00,8147.0,83,1,82,25.0,3134.1951219512193,0.010065054621333006,0.6112679513931508,19,18,1.9523809523809523
544518415952539649,2014-12-15T15:44:41+00:00,2014-12-15T19:04:33+00:00,11992.0,4,1,3,383.0,4525.666666666667,0.0002501667778519013,0.0200133422281521,1,3,3.0
544518445870497793,2014-12-15T15:44:48+00:00,2014-12-15T15:46:16+00:00,88.0,2,1,1,88.0,88.0,0.011363636363636364,1.3636363636363638,1,1,1.0
544518583112314880,2014-12-15T15:45:21+00:00,2014-12-16T05:06:21+00:00,48060.0,16,1,15,70.0,4498.0,0.00031210986267166043,0.019975031210986267,1,15,15.0
544518590104621058,2014-12-15T15:45:23+00:00,2014-12-15T22:45:49+00:00,25226.0,35,1,34,120.0,5866.794117647059,0.0013478157456592406,0.0832474431142472,11,8,2.4285714285714284
544518647881170945,2014-12-15T15:45:36+00:00,2014-12-15T15:55:09+00:00,573.0,4,1,3,24.0,212.66666666666666,0.005235602094240838,0.41884816753926696,1,3,3.0
544518696463765505,2014-12-15T15:45:48+00:00,2014-12-15T15:50:26+00:00,278.0,19,1,18,23.0,146.38888888888889,0.06474820143884892,4.100719424460431,1,18,18.0
544518707825750016,2014-12-15T15:45:51+00:00,2014-12-15T17:50:22+00:00,7471.0,8,1,7,87.0,1642.142857142857,0.0009369562307589345,0.06424842725204123,1,7,7.0
544518803225604096,2014-12-15T15:46:14+00:00,2014-12-18T22:07:45+00:00,282091.0,69,1,68,47.0,163753.66176470587,0.00024105696388753984,0.014676115154329632,19,13,1.7894736842105263
544518841020473345,2014-12-15T15:46:23+00:00,2014-12-15T18:02:23+00:00,8160.0,22,1,21,266.0,1254.5238095238096,0.002573529411764706,0.16176470588235295,3,17,4.2
544518859290464256,2014-12-15T15:46:27+00:00,2014-12-17T13:57:58+00:00,166291.0,18,1,17,98.0,32843.94117647059,0.00010223042738332201,0.006494638916116927,2,15,5.666666666666667
544519021702311936,2014-12-15T15:47:06+00:00,2014-12-15T16:16:38+00:00,1772.0,8,1,7,70.0,492.42857142857144,0.0039503386004514675,0.27088036117381487,1,7,7.0
544519024156360704,2014-12-15T15:47:06+00:00,2014-12-15T19:35:31+00:00,13705.0,26,1,25,41.0,2223.2,0.0018241517694272164,0.1138270704122583,5,19,3.5714285714285716
544519083300241408,2014-12-15T15:47:20+00:00,2014-12-15T16:02:04+00:00,884.0,21,1,20,17.0,224.65,0.02262443438914027,1.4253393665158371,3,17,5.0
544519140552507392,2014-12-15T15:47:34+00:00,2014-12-15T15:47:34+00:00,0.0,1,1,0,0.0,0.0,0.0,0.0,0,0,0.0
544519166582337536,2014-12-15T15:47:40+00:00,2014-12-16T11:49:33+00:00,72113.0,12,1,11,119.0,7364.363636363636,0.00015253837726900837,0.00998433014851691,6,5,1.8333333333333333
544519245087121408,2014-12-15T15:47:59+00:00,2014-12-15T17:31:51+00:00,6232.0,13,1,12,21.0,1728.1666666666667,0.0019255455712451862,0.1251604621309371,1,12,12.0
544519284740079616,2014-12-15T15:48:08+00:00,2014-12-15T17:58:48+00:00,7840.0,20,1,19,96.0,1270.6842105263158,0.002423469387755102,0.15306122448979592,2,18,9.5
544519298015039489,2014-12-15T15:48:11+00:00,2014-12-15T17:54:57+00:00,7606.0,13,1,12,84.0,1118.25,0.0015777018143570865,0.10255061793321063,2,11,6.0
544519358090084354,2014-12-15T15:48:26+00:00,2014-12-15T15:55:55+00:00,449.0,7,1,6,60.0,265.3333333333333,0.013363028953229399,0.9354120267260579,1,6,6.0
544519396828672000,2014-12-15T15:48:35+00:00,2014-12-15T17:58:11+00:00,7776.0,18,1,17,36.0,1979.0588235294117,0.0021862139917695473,0.1388888888888889,1,12,12.0
544519480018489344,2014-12-15T15:48:55+00:00,2014-12-15T16:06:29+00:00,1054.0,19,1,18,50.0,567.2222222222222,0.017077798861480076,1.081593927893738,4,10,2.25
544519486167330817,2014-12-15T15:48:56+00:00,2014-12-15T19:21:38+00:00,12762.0,14,1,13,31.0,1470.3846153846155,0.0010186491145588465,0.06582040432534086,3,10,4.333333333333333
544519486498676736,2014-12-15T15:48:56+00:00,2014-12-15T19:07:54+00:00,11938.0,18,1,17,149.0,3062.823529411765,0.001424024124643994,0.09046741497738314,5,12,3.4
544519577733173248,2014-12-15T15:49:18+00:00,2014-12-15T15:51:57+00:00,159.0,20,1,19,30.0,71.15789473684211,0.11949685534591195,7.547169811320755,1,19,19.0
544519594438696961,2014-12-15T15:49:22+00:00,2014-12-15T16:12:12+00:00,1370.0,7,1,6,81.0,329.3333333333333,0.004379562043795621,0.30656934306569344,1,6,6.0
544519622389956609,2014-12-15T15:49:29+00:00,2014-12-15T15:49:29+00:00,0.0,1,1,0,0.0,0.0,0.0,0.0,0,0,0.0
544519635916169218,2014-12-15T15:49:32+00:00,2014-12-15T17:42:38+00:00,6786.0,14,1,13,27.0,1128.076923076923,0.0019157088122605363,0.1237842617152962,2,12,6.5
544519694401941504,2014-12-15T15:49:46+00:00,2014-12-15T23:36:52+00:00,28026.0,17,1,16,53.0,2551.125,0.0005708984514379505,0.036394776279169344,5,11,2.6666666666666665
544519788752818176,2014-12-15T15:50:08+00:00,2014-12-15T17:23:58+00:00,5630.0,10,1,9,97.0,1185.6666666666667,0.0015985790408525756,0.10657193605683837,2,8,4.5
544519849507307520,2014-12-15T15:50:23+00:00,2014-12-15T16:08:00+00:00,1057.0,18,1,17,127.0,445.4117647058824,0.01608325449385052,1.021759697256386,1,16,16.0
544520042810200064,2014-12-15T15:51:09+00:00,2014-12-15T16:05:34+00:00,865.0,3,1,2,286.0,575.5,0.0023121387283236996,0.20809248554913296,1,2,2.0
544520121436213248,2014-12-15T15:51:28+00:00,2014-12-16T17:02:08+00:00,90640.0,22,1,21,38.0,4811.190476190476,0.00023168578993821714,0.014563106796116504,2,19,7.0
544520195659014145,2014-12-15T15:51:45+00:00,2014-12-16T19:40:09+00:00,100104.0,16,1,15,32.0,10698.0,0.0001498441620714457,0.009590026372572525,2,13,5.0
544520273718812672,2014-12-15T15:52:04+00:00,2014-12-15T21:16:46+00:00,19482.0,19,1,18,24.0,1231.5555555555557,0.0009239297813366184,0.05851555281798584,3,15,6.0
544520344976232449,2014-12-15T15:52:21+00:00,2014-12-15T15:57:34+00:00,313.0,2,1,1,313.0,313.0,0.003194888178913738,0.38338658146964855,1,1,1.0
544520379176599552,2014-12-15T15:52:29+00:00,2014-12-15T15:54:11+00:00,102.0,19,1,18,4.0,43.94444444444444,0.17647058823529413,11.176470588235295,1,18,18.0
544520434767503361,2014-12-15T15:52:43+00:00,2014-12-15T16:33:16+00:00,2433.0,26,1,25,95.0,1002.04,0.010275380189066995,0.6411837237977805,11,5,1.3157894736842106
544520586576547840,2014-12-15T15:53:19+00:00,2014-12-15T18:31:13+00:00,9474.0,3,1,2,275.0,4874.5,0.00021110407430863416,0.018999366687777075,1,2,2.0
544520615441756162,2014-12-15T15:53:26+00:00,2014-12-15T16:25:46+00:00,1940.0,7,1,6,126.0,745.3333333333334,0.003092783505154639,0.21649484536082472,2,5,3.0
544520654431981568,2014-12-15T15:53:35+00:00,2014-12-15T15:53:35+00:00,0.0,1,1,0,0.0,0.0,0.0,0.0,0,0,0.0
544520690490417152,2014-12-15T15:53:43+00:00,2014-12-15T15:56:18+00:00,155.0,9,1,8,50.0,80.0,0.05161290322580645,3.4838709677419355,2,7,4.0
544520795511611392,2014-12-15T15:54:09+00:00,2014-12-16T19:39:42+00:00,99933.0,9,1,8,44.0,13193.5,8.005363593607717e-05,0.005403620425685209,1,8,8.0
544520802339917824,2014-12-15T15:54:10+00:00,2014-12-15T16:39:21+00:00,2711.0,12,1,11,36.0,895.0909090909091,0.004057543341940244,0.26558465510881596,2,9,5.0
544520888003985408,2014-12-15T15:54:31+00:00,2014-12-16T02:25:00+00:00,37829.0,5,1,4,1392.0,11019.5,0.00010573898331967538,0.007930423748975653,1,4,4.0
544520932405284864,2014-12-15T15:54:41+00:00,2014-12-15T19:09:41+00:00,11700.0,35,1,34,82.0,4616.823529411765,0.002905982905982906,0.1794871794871795,14,10,1.8888888888888888
544520949748752384,2014-12-15T15:54:45+00:00,2014-12-15T22:45:16+00:00,24631.0,30,1,29,15.0,6189.724137931034,0.0011773781007673257,0.07307864073728229,11,15,2.230769230769231
544520990538358784,2014-12-15T15:54:55+00:00,2014-12-16T19:32:18+00:00,99443.0,6,1,5,95.0,27046.6,5.0280059933831443e-05,0.0036201643152358634,2,4,2.5
544521141335764992,2014-12-15T15:55:31+00:00,2014-12-15T20:49:25+00:00,17634.0,21,1,20,100.0,4414.25,0.0011341726210729274,0.07145287512759442,2,18,6.666666666666667
544521166543548416,2014-12-15T15:55:37+00:00,2014-12-15T16:03:08+00:00,451.0,20,1,19,211.0,334.42105263157896,0.04212860310421286,2.6607538802660753,2,17,9.0
544521260840267776,2014-12-15T15:55:59+00:00,2014-12-15T16:23:55+00:00,1676.0,4,1,3,1032.0,1418.0,0.0017899761336515514,0.1431980906921241,2,2,1.5
544521433473634304,2014-12-15T15:56:41+00:00,2014-12-16T17:02:42+00:00,90361.0,100,1,99,59.0,5169.969696969697,0.0010956054049866646,0.06640032757494937,19,15,1.706896551724138
544521788777304064,2014-12-15T15:58:05+00:00,2014-12-15T16:26:41+00:00,1716.0,18,1,17,52.0,712.3529411764706,0.009906759906759906,0.6293706293706294,1,17,17.0
544521880661950464,2014-12-15T15:58:27+00:00,2014-12-15T16:49:11+00:00,3044.0,4,1,3,61.0,1066.6666666666667,0.0009855453350854138,0.07884362680683311,1,3,3.0
544521948924248066,2014-12-15T15:58:44+00:00,2014-12-15T16:53:55+00:00,3311.0,27,1,26,123.0,880.8461538461538,0.007852612503775294,0.48927816369676835,8,10,1.8571428571428572
552783238415265792,2015-01-07T11:06:08+00:00,2015-01-07T13:00:29+00:00,6861.0,10,1,9,1087.0,3912.1111111111113,0.0013117621337997377,0.08745080891998251,5,5,1.8
552783667052167168,2015-01-07T11:07:51+00:00,2015-01-07T21:44:22+00:00,38191.0,8,1,7,407.0,6519.714285714285,0.00018328925663114347,0.012568406168992696,3,5,2.3333333333333335
552783745565347840,2015-01-07T11:08:09+00:00,2015-01-07T12:32:26+00:00,5057.0,6,1,5,337.0,1839.2,0.0009887284951552303,0.07118845165117658,1,5,5.0
552784168849907712,2015-01-07T11:09:50+00:00,2015-01-07T12:47:07+00:00,5837.0,14,1,13,92.0,1786.2307692307693,0.0022271714922048997,0.14390954257323968,10,3,1.3
552784526955806720,2015-01-07T11:11:16+00:00,2015-01-07T13:25:21+00:00,8045.0,17,1,16,41.0,1367.25,0.0019888129272840273,0.12678682411435674,5,10,2.2857142857142856
552784600502915072,2015-01-07T11:11:33+00:00,2015-01-08T08:05:33+00:00,75240.0,40,1,39,155.0,19760.97435897436,0.000518341307814992,0.03189792663476874,14,8,1.3448275862068966
552784882687299584,2015-01-07T11:12:40+00:00,2015-01-07T14:02:15+00:00,10175.0,25,1,24,106.0,1825.5,0.002358722358722359,0.14742014742014742,3,16,3.6666666666666665
552784898743099392,2015-01-07T11:12:44+00:00,2015-01-11T21:33:20+00:00,382836.0,10,1,9,148.0,46244.22222222222,2.3508760931573833e-05,0.0015672507287715887,2,8,4.5
552785367972450304,2015-01-07T11:14:36+00:00,2015-01-07T14:39:30+00:00,12294.0,11,1,10,1049.0,4020.9,0.0008134049129656743,0.053684724255734506,2,8,5.0
552785375161499649,2015-01-07T11:14:38+00:00,2015-01-07T11:25:21+00:00,643.0,4,1,3,113.0,292.0,0.004665629860031105,0.37325038880248834,1,3,3.0
552785391653494784,2015-01-07T11:14:42+00:00,2015-01-07T17:38:08+00:00,23006.0,32,1,31,96.0,6460.129032258064,0.0013474745718508215,0.08345648961140571,6,6,1.7647058823529411
552785443813457921,2015-01-07T11:14:54+00:00,2015-01-07T14:09:58+00:00,10504.0,11,1,10,72.0,3322.9,0.000952018278750952,0.06283320639756283,1,10,10.0
552785551930454016,2015-01-07T11:15:20+00:00,2015-01-07T11:29:21+00:00,841.0,3,1,2,356.0,598.5,0.0023781212841854932,0.2140309155766944,1,2,2.0
552785695845396480,2015-01-07T11:15:54+00:00,2015-01-07T13:22:57+00:00,7623.0,5,1,4,640.0,2423.0,0.0005247277974550702,0.03935458480913027,2,3,2.0
552786016906383360,2015-01-07T11:17:11+00:00,2015-01-07T14:12:33+00:00,10522.0,15,1,14,990.0,4445.714285714285,0.0013305455236647026,0.08553506937844516,4,8,2.0
552786099899494400,2015-01-07T11:17:31+00:00,2015-01-16T05:59:19+00:00,758508.0,21,1,20,26.0,39158.95,2.636755314380336e-05,0.0016611558480596118,2,17,5.0
552786116404072448,2015-01-07T11:17:35+00:00,2015-01-07T15:19:24+00:00,14509.0,6,1,5,151.0,3337.8,0.0003446136880556896,0.02481218554000965,2,4,2.5
552786299875520512,2015-01-07T11:18:18+00:00,2015-01-07T13:50:06+00:00,9108.0,11,1,10,311.0,3295.9,0.0010979358805445762,0.07246376811594202,2,8,3.3333333333333335
552786340958715904,2015-01-07T11:18:28+00:00,2015-01-07T12:31:48+00:00,4400.0,18,1,17,102.0,1359.4117647058824,0.003863636363636364,0.24545454545454548,3,12,2.8333333333333335
552786361758265344,2015-01-07T11:18:33+00:00,2015-01-07T19:18:57+00:00,28824.0,13,1,12,53.0,3551.9166666666665,0.00041631973355537054,0.027060782681099085,2,10,4.0
552786818853113857,2015-01-07T11:20:22+00:00,2015-01-07T14:07:47+00:00,10045.0,14,1,13,34.0,1176.7692307692307,0.001294176207068193,0.08362369337979095,2,12,6.5
552787144373460992,2015-01-07T11:21:40+00:00,2015-01-07T12:18:02+00:00,3382.0,14,1,13,347.0,1541.0,0.00384387936132466,0.24837374334713186,4,10,3.25
552787144415404032,2015-01-07T11:21:40+00:00,2015-01-07T12:18:12+00:00,3392.0,7,1,6,145.0,1575.8333333333333,0.001768867924528302,0.12382075471698113,4,3,1.5
552787231468191744,2015-01-07T11:22:00+00:00,2015-01-07T11:42:24+00:00,1224.0,2,1,1,1224.0,1224.0,0.0008169934640522876,0.09803921568627452,1,1,1.0
552787321561812992,2015-01-07T11:22:22+00:00,2015-01-07T21:35:04+00:00,36762.0,24,1,23,285.0,3722.521739130435,0.0006256460475490996,0.039170882976987106,3,17,4.6
552787361437057024,2015-01-07T11:22:31+00:00,2015-01-08T20:14:17+00:00,118306.0,110,1,109,192.0,16495.724770642202,0.0009213395770290602,0.0557875340219431,19,14,1.3670886075949367
552787544837197824,2015-01-07T11:23:15+00:00,2015-01-07T22:18:06+00:00,39291.0,8,1,7,835.0,12511.285714285714,0.00017815784785319794,0.012216538138505,1,1,1.0
552787599031828480,2015-01-07T11:23:28+00:00,2015-01-07T12:06:26+00:00,2578.0,6,1,5,48.0,765.4,0.001939487975174554,0.13964313421256788,1,5,5.0
552787878351474688,2015-01-07T11:24:35+00:00,2015-01-07T11:43:38+00:00,1143.0,2,1,1,1143.0,1143.0,0.0008748906386701663,0.10498687664041995,1,1,1.0
552787914271510529,2015-01-07T11:24:43+00:00,2015-01-07T15:58:37+00:00,16434.0,7,1,6,72.0,3746.8333333333335,0.0003650967506389193,0.025556772544724354,1,6,6.0
552788007603142656,2015-01-07T11:25:05+00:00,2015-01-07T23:59:02+00:00,45237.0,15,1,14,57.0,7814.642857142857,0.0003094811769127042,0.019895218515816698,4,11,3.5
552788396733906944,2015-01-07T11:26:38+00:00,2015-01-07T11:30:51+00:00,253.0,3,1,2,182.0,217.5,0.007905138339920948,0.7114624505928854,1,2,2.0
552788555584765952,2015-01-07T11:27:16+00:00,2015-01-07T13:51:27+00:00,8651.0,29,1,28,350.0,2131.1071428571427,0.0032366200439255576,0.20113281701537394,3,3,1.6666666666666667
552788720236376064,2015-01-07T11:27:55+00:00,2015-01-07T14:32:59+00:00,11104.0,9,1,8,183.0,3512.375,0.0007204610951008645,0.04863112391930836,2,6,2.6666666666666665
552788886355996672,2015-01-07T11:28:35+00:00,2015-01-07T15:18:35+00:00,13800.0,61,1,60,74.0,2723.0,0.004347826086956522,0.26521739130434785,12,10,1.7142857142857142
552788945017516032,2015-01-07T11:28:49+00:00,2015-01-07T15:13:58+00:00,13509.0,28,1,27,33.0,1844.4814814814815,0.001998667554963358,0.12436153675327559,9,9,1.8
552788947219533824,2015-01-07T11:28:49+00:00,2015-01-07T12:06:06+00:00,2237.0,4,1,3,111.0,1326.0,0.0013410818059901655,0.10728654447921324,1,3,3.0
552789127792717826,2015-01-07T11:29:33+00:00,2015-01-07T11:54:26+00:00,1493.0,7,1,6,121.0,758.1666666666666,0.004018754186202277,0.2813127930341594,1,6,6.0
552789196906459136,2015-01-07T11:29:49+00:00,2015-01-07T13:31:59+00:00,7330.0,5,1,4,538.0,2616.75,0.0005457025920873125,0.04092769440654843,1,4,4.0
552789252690706432,2015-01-07T11:30:02+00:00,2015-01-07T19:49:03+00:00,29941.0,18,1,17,1578.0,6621.470588235294,0.0005677833071707692,0.03607093951437828,4,13,3.4
552789443644751872,2015-01-07T11:30:48+00:00,2015-01-07T11:44:41+00:00,833.0,20,1,19,66.0,308.7368421052632,0.022809123649459785,1.440576230492197,4,15,3.8
552789521646247936,2015-01-07T11:31:06+00:00,2015-01-07T17:03:04+00:00,19918.0,33,1,32,85.0,4122.03125,0.0016065870067275831,0.09940757104126921,5,11,2.909090909090909
552789550238801920,2015-01-07T11:31:13+00:00,2015-01-07T21:41:17+00:00,36604.0,11,1,10,221.0,9305.4,0.0002731941864277128,0.018030816304229043,3,6,2.0
552789583260577792,2015-01-07T11:31:21+00:00,2015-01-08T15:44:12+00:00,101571.0,15,1,14,153.0,8982.785714285714,0.00013783461814888108,0.008860796880999498,2,13,7.0
552789886202175490,2015-01-07T11:32:33+00:00,2015-01-07T12:51:32+00:00,4739.0,6,1,5,401.0,2934.8,0.0010550749103186326,0.07596539354294155,1,5,5.0
552790074166108160,2015-01-07T11:33:18+00:00,2015-01-07T11:52:55+00:00,1177.0,9,1,8,31.0,521.625,0.006796941376380629,0.4587935429056924,1,8,8.0
552790082533752832,2015-01-07T11:33:20+00:00,2015-01-07T11:33:20+00:00,0.0,1,1,0,0.0,0.0,0.0,0.0,0,0,0.0
552790371848040449,2015-01-07T11:34:29+00:00,2015-01-07T17:04:14+00:00,19785.0,14,1,13,40.0,3131.4615384615386,0.0006570634318928481,0.04245640636846096,1,13,13.0
552790565642067968,2015-01-07T11:35:15+00:00,2015-01-07T18:57:35+00:00,26540.0,13,1,12,1064.0,11999.166666666666,0.000452147701582517,0.029389600602863605,2,7,3.6666666666666665
552790598823186432,2015-01-07T11:35:23+00:00,2015-01-07T11:45:18+00:00,595.0,3,1,2,336.0,465.5,0.0033613445378151263,0.3025210084033614,1,2,2.0
552790695036321793,2015-01-07T11:35:46+00:00,2015-01-07T15:36:28+00:00,14442.0,15,1,14,767.0,4777.0,0.0009693948206619581,0.062318238471125886,5,8,2.8
552790742700417024,2015-01-07T11:35:58+00:00,2015-01-07T20:10:37+00:00,30879.0,20,1,19,73.0,2119.315789473684,0.0006153048997700703,0.03886136209074128,4,14,3.1666666666666665
552790824971677696,2015-01-07T11:36:17+00:00,2015-01-07T13:39:58+00:00,7421.0,25,1,24,228.0,2968.8333333333335,0.003234065489826169,0.20212909311413554,7,14,2.4
552790838015979520,2015-01-07T11:36:20+00:00,2015-01-07T12:12:23+00:00,2163.0,20,1,19,44.0,773.5263157894736,0.00878409616273694,0.5547850208044384,2,18,9.5
552790875492073472,2015-01-07T11:36:29+00:00,2015-01-07T12:12:19+00:00,2150.0,6,1,5,142.0,1108.4,0.002325581395348837,0.16744186046511628,1,5,5.0
552790878805168129,2015-01-07T11:36:30+00:00,2015-01-07T12:26:09+00:00,2979.0,6,1,5,164.0,1471.8,0.0016784155756965425,0.12084592145015106,1,5,5.0
552791034447794176,2015-01-07T11:37:07+00:00,2015-01-07T11:51:29+00:00,862.0,9,1,8,91.0,339.125,0.009280742459396751,0.6264501160092807,3,6,2.6666666666666665
552791065645027328,2015-01-07T11:37:15+00:00,2015-01-07T12:06:10+00:00,1735.0,9,1,8,511.0,1186.0,0.004610951008645533,0.31123919308357345,2,7,4.0
552791115599192064,2015-01-07T11:37:26+00:00,2015-01-07T19:59:14+00:00,30108.0,8,1,7,92.0,4635.0,0.0002324963464859838,0.015942606616181746,2,5,2.3333333333333335
552791159232540673,2015-01-07T11:37:37+00:00,2015-01-07T18:55:51+00:00,26294.0,9,1,8,305.0,8310.5,0.00030425192059024874,0.020537004639841788,3,6,2.6666666666666665
552791182670327808,2015-01-07T11:37:42+00:00,2015-01-07T15:42:01+00:00,14659.0,16,1,15,67.0,2570.9333333333334,0.0010232621597653319,0.06548877822498124,2,11,6.5
552791196247269378,2015-01-07T11:37:46+00:00,2015-01-07T20:32:06+00:00,32060.0,23,1,22,76.0,2263.090909090909,0.0006862133499688085,0.043044291952588895,3,17,3.6666666666666665
552791203432103937,2015-01-07T11:37:47+00:00,2015-01-13T20:52:32+00:00,551685.0,22,1,21,174.0,60889.857142857145,3.8065200250142744e-05,0.0023926697300089726,4,7,2.4
552791332935434242,2015-01-07T11:38:18+00:00,2015-01-07T12:53:36+00:00,4518.0,30,1,29,93.0,1305.1379310344828,0.006418769366976538,0.39840637450199207,10,13,2.0714285714285716
552791414388424704,2015-01-07T11:38:38+00:00,2015-01-07T21:38:30+00:00,35992.0,8,1,7,2808.0,10611.42857142857,0.00019448766392531674,0.013336296954878861,3,4,1.75
552791578893619200,2015-01-07T11:39:17+00:00,2015-01-07T13:56:21+00:00,8224.0,21,1,20,23.0,2796.35,0.0024319066147859923,0.15321011673151752,2,17,5.0
552791678881660928,2015-01-07T11:39:41+00:00,2015-01-08T10:50:05+00:00,83424.0,19,1,18,68.0,11719.222222222223,0.00021576524741081702,0.013665132336018411,2,14,7.5
552791719272775680,2015-01-07T11:39:50+00:00,2015-01-07T15:39:41+00:00,14391.0,26,1,25,242.0,2989.12,0.0017371968591480787,0.10840108401084012,5,16,2.7777777777777777
552791831390732289,2015-01-07T11:40:17+00:00,2015-01-07T15:18:22+00:00,13085.0,24,1,23,125.0,2987.8260869565215,0.0017577378677875429,0.11004967520061139,3,19,7.666666666666667
552792131447037952,2015-01-07T11:41:29+00:00,2015-01-07T13:12:51+00:00,5482.0,4,1,3,3295.0,4583.666666666667,0.0005472455308281649,0.043779642466253196,1,3,3.0
552792193992519680,2015-01-07T11:41:44+00:00,2015-01-07T12:26:51+00:00,2707.0,7,1,6,334.0,1431.0,0.002216475803472479,0.15515330624307352,2,4,3.0
552792253601947648,2015-01-07T11:41:58+00:00,2015-01-07T11:45:08+00:00,190.0,2,1,1,190.0,190.0,0.005263157894736842,0.6315789473684211,1,1,1.0
552792271243210754,2015-01-07T11:42:02+00:00,2015-01-08T00:35:02+00:00,46380.0,134,1,133,199.0,14887.473684210527,0.0028676153514445883,0.17335058214747737,18,10,1.5833333333333333
552792518870708224,2015-01-07T11:43:01+00:00,2015-01-07T11:43:01+00:00,0.0,1,1,0,0.0,0.0,0.0,0.0,0,0,0.0
552792544132997121,2015-01-07T11:43:07+00:00,2015-01-07T13:20:09+00:00,5822.0,18,1,17,47.0,2636.6470588235293,0.0029199587770525593,0.18550326348333906,6,4,2.4285714285714284
552792802309181440,2015-01-07T11:44:09+00:00,2015-01-07T14:29:51+00:00,9942.0,9,1,8,81.0,1976.25,0.0008046670690002012,0.05431502715751358,2,6,2.6666666666666665
552792913910833152,2015-01-07T11:44:35+00:00,2015-01-07T12:33:41+00:00,2946.0,6,1,5,87.0,747.2,0.0016972165648336728,0.12219959266802444,2,4,2.5
552792988376915969,2015-01-07T11:44:53+00:00,2015-01-07T17:06:27+00:00,19294.0,17,1,16,40.0,2743.4375,0.0008292733492277392,0.05286617601326837,1,15,15.0
552793409438904321,2015-01-07T11:46:33+00:00,2015-01-07T12:11:41+00:00,1508.0,21,1,20,65.0,576.9,0.013262599469496022,0.8355437665782494,4,13,2.857142857142857
552793539856588801,2015-01-07T11:47:04+00:00,2015-01-07T12:54:38+00:00,4054.0,6,1,5,193.0,1427.0,0.00123334977799704,0.08880118401578688,1,5,5.0
552793551231541249,2015-01-07T11:47:07+00:00,2015-01-07T14:01:48+00:00,8081.0,27,1,26,60.0,1298.9615384615386,0.003217423586189828,0.20047023883182774,4,16,2.888888888888889
552793552376569857,2015-01-07T11:47:07+00:00,2015-01-08T03:32:48+00:00,56741.0,172,1,171,48.0,18856.959064327486,0.0030136938016601753,0.18187906452124566,19,10,1.7
552793679082311680,2015-01-07T11:47:38+00:00,2015-01-07T12:23:45+00:00,2167.0,16,1,15,303.0,1046.5333333333333,0.00692201199815413,0.44300876788186433,2,7,3.75
552793759210307584,2015-01-07T11:47:57+00:00,2015-01-07T13:47:39+00:00,7182.0,18,1,17,908.0,3082.6470588235293,0.0023670286828181564,0.15037593984962405,10,2,1.2142857142857142
552794157484634112,2015-01-07T11:49:32+00:00,2015-01-07T16:55:03+00:00,18331.0,25,1,24,321.0,3129.1666666666665,0.0013092575418689651,0.08182859636681032,12,4,1.5
552794286849536001,2015-01-07T11:50:03+00:00,2015-01-07T13:42:31+00:00,6748.0,22,1,21,54.0,922.0,0.0031120331950207467,0.1956135151155898,3,18,5.25
552794514424102913,2015-01-07T11:50:57+00:00,2015-01-07T12:41:26+00:00,3029.0,16,1,15,59.0,1340.3333333333333,0.0049521294156487285,0.3169362826015186,3,12,3.75
552794942759010304,2015-01-07T11:52:39+00:00,2015-01-07T15:46:47+00:00,14048.0,8,1,7,201.0,3665.4285714285716,0.0004982915717539864,0.03416856492027335,1,7,7.0
552794995942772736,2015-01-07T11:52:52+00:00,2015-01-07T17:23:52+00:00,19860.0,21,1,20,356.0,8956.75,0.0010070493454179255,0.0634441087613293,9,7,1.5384615384615385
552795050502270976,2015-01-07T11:53:05+00:00,2015-01-07T12:23:10+00:00,1805.0,6,1,5,106.0,1179.6,0.002770083102493075,0.1994459833795014,1,5,5.0
552795056080691200,2015-01-07T11:53:06+00:00,2015-01-07T12:23:42+00:00,1836.0,5,1,4,98.0,643.5,0.002178649237472767,0.16339869281045752,2,3,2.0
552795566242279424,2015-01-07T11:55:08+00:00,2015-01-07T12:04:25+00:00,557.0,4,1,3,19.0,276.3333333333333,0.005385996409335727,0.43087971274685816,2,2,1.5
552795585095671808,2015-01-07T11:55:12+00:00,2015-01-07T14:14:59+00:00,8387.0,5,1,4,737.0,4835.75,0.0004769285799451532,0.03576964349588649,1,4,4.0
552795693682032640,2015-01-07T11:55:38+00:00,2015-01-07T12:43:42+00:00,2884.0,9,1,8,20.0,713.375,0.0027739251040221915,0.18723994452149792,1,8,8.0
552795773180858368,2015-01-07T11:55:57+00:00,2015-01-08T04:23:39+00:00,59262.0,105,1,104,29.0,6276.692307692308,0.001754918835003881,0.10630758327427356,19,9,1.7894736842105263
552795778922864640,2015-01-07T11:55:58+00:00,2015-01-07T20:09:08+00:00,29590.0,24,1,23,661.0,12396.478260869566,0.000777289624873268,0.04866508955728287,10,7,1.6428571428571428
552795953301045248,2015-01-07T11:56:40+00:00,2015-01-07T18:34:33+00:00,23873.0,9,1,8,291.0,5644.625,0.0003351066057889666,0.022619695890755246,1,8,8.0
552796091255894016,2015-01-07T11:57:13+00:00,2015-01-07T20:34:29+00:00,31036.0,16,1,15,168.0,10271.533333333333,0.00048330970485887354,0.03093182111096791,2,14,7.5
552796269069209600,2015-01-07T11:57:55+00:00,2015-01-07T12:14:11+00:00,976.0,4,1,3,91.0,661.6666666666666,0.0030737704918032786,0.24590163934426232,1,3,3.0
552796506642591744,2015-01-07T11:58:52+00:00,2015-01-07T13:21:27+00:00,4955.0,21,1,20,77.0,2705.6,0.004036326942482341,0.2542885973763875,8,5,2.2222222222222223
552796522904297472,2015-01-07T11:58:56+00:00,2015-01-08T05:44:59+00:00,63963.0,35,1,34,687.0,12392.764705882353,0.0005315573065678595,0.032831480699779564,9,15,2.0
552796619104866304,2015-01-07T11:59:19+00:00,2015-01-07T20:57:45+00:00,32306.0,32,1,31,183.0,11258.258064516129,0.0009595740729276296,0.05943168451680803,7,12,2.4545454545454546
552796625467621376,2015-01-07T11:59:20+00:00,2015-01-07T17:04:27+00:00,18307.0,20,1,19,192.0,5951.684210526316,0.0010378543726443437,0.06554869721964275,4,15,3.8
552796863297236992,2015-01-07T12:00:17+00:00,2015-01-07T15:02:33+00:00,10936.0,6,1,5,61.0,2439.6,0.00045720555961960497,0.03291880029261156,1,5,5.0
552796895513681920,2015-01-07T12:00:25+00:00,2015-01-07T13:31:27+00:00,5462.0,5,1,4,390.0,2563.25,0.0007323324789454412,0.054924935920908094,1,4,4.0
552797058990870528,2015-01-07T12:01:03+00:00,2015-01-07T17:39:24+00:00,20301.0,2,1,1,20301.0,20301.0,4.9258657209004484e-05,0.005911038865080537,1,1,1.0
552797114863198208,2015-01-07T12:01:17+00:00,2015-01-07T16:53:58+00:00,17561.0,2,1,1,17561.0,17561.0,5.694436535504812e-05,0.006833323842605774,1,1,1.0
552797148975464448,2015-01-07T12:01:25+00:00,2015-01-07T12:29:29+00:00,1684.0,23,1,22,115.0,509.8636363636364,0.013064133016627079,0.8194774346793349,4,17,3.6666666666666665
552797154692300800,2015-01-07T12:01:26+00:00,2015-01-10T06:43:45+00:00,240139.0,301,1,300,303.0,180933.24,0.0012492764607165017,0.0752064429351334,22,5,1.2552301255230125
552797170295144449,2015-01-07T12:01:30+00:00,2015-01-07T16:00:26+00:00,14336.0,9,1,8,187.0,2376.5,0.0005580357142857143,0.03766741071428571,3,5,2.0
552797406094716929,2015-01-07T12:02:26+00:00,2015-01-07T13:51:24+00:00,6538.0,20,1,19,138.0,1480.0,0.002906087488528602,0.18354236769654328,2,15,6.333333333333333
552797638807281664,2015-01-07T12:03:22+00:00,2015-01-07T13:08:09+00:00,3887.0,15,1,14,25.0,874.3571428571429,0.0036017494211474143,0.2315410342166195,8,5,1.75
552797729504886784,2015-01-07T12:03:43+00:00,2015-01-07T16:42:29+00:00,16726.0,29,1,28,176.0,2809.964285714286,0.0016740404161186178,0.1040296544302284,10,10,2.0
552797828977029120,2015-01-07T12:04:07+00:00,2015-01-07T20:16:29+00:00,29542.0,17,1,16,83.0,6225.75,0.000541601787285898,0.034527113939476,3,13,5.0
552798010196107264,2015-01-07T12:04:50+00:00,2015-01-09T06:26:11+00:00,152481.0,8,1,7,518.0,38671.71428571428,4.590735894963963e-05,0.003147933185118146,3,5,2.3333333333333335
552798016646942721,2015-01-07T12:04:52+00:00,2015-01-07T21:19:19+00:00,33267.0,8,1,7,48.0,7545.714285714285,0.00021041873327922565,0.014428713139146902,1,7,7.0
552798200990806016,2015-01-07T12:05:36+00:00,2015-01-08T19:07:16+00:00,111700.0,2,1,1,111700.0,111700.0,8.952551477170994e-06,0.0010743061772605191,1,1,1.0
552798310889566209,2015-01-07T12:06:02+00:00,2015-01-07T12:29:05+00:00,1383.0,19,1,18,226.0,765.4444444444445,0.013015184381778741,0.824295010845987,8,3,1.5
552798640679702528,2015-01-07T12:07:21+00:00,2015-01-07T13:07:25+00:00,3604.0,29,1,28,74.0,1772.7142857142858,0.00776914539400666,0.48279689234184237,12,5,2.1538461538461537
552798654495354880,2015-01-07T12:07:24+00:00,2015-01-07T12:57:22+00:00,2998.0,25,1,24,145.0,576.4166666666666,0.008005336891260841,0.5003335557038026,3,14,2.6666666666666665
552798832359374849,2015-01-07T12:08:06+00:00,2015-01-07T21:55:30+00:00,35244.0,5,1,4,3185.0,14760.5,0.00011349449551696743,0.008512087163772558,1,3,3.0
552798891994009601,2015-01-07T12:08:21+00:00,2015-01-07T14:02:29+00:00,6848.0,7,1,6,43.0,1909.1666666666667,0.0008761682242990654,0.06133177570093458,1,6,6.0
552799062421164032,2015-01-07T12:09:01+00:00,2015-01-07T18:20:21+00:00,22280.0,22,1,21,272.0,7988.333333333333,0.0009425493716337522,0.059245960502693,6,9,1.75
552799100715167744,2015-01-07T12:09:10+00:00,2015-01-07T12:26:52+00:00,1062.0,20,1,19,28.0,361.2631578947368,0.017890772128060263,1.1299435028248588,7,8,2.111111111111111
552799317602615297,2015-01-07T12:10:02+00:00,2015-01-07T22:48:05+00:00,38283.0,12,1,11,92.0,8610.90909090909,0.0002873338035159209,0.01880730350286028,2,10,5.5
552799591255384065,2015-01-07T12:11:07+00:00,2015-01-07T13:48:10+00:00,5823.0,11,1,10,85.0,1127.1,0.001717327837884252,0.11334363730036064,3,8,3.3333333333333335
552799606833430528,2015-01-07T12:11:11+00:00,2015-01-07T20:19:04+00:00,29273.0,10,1,9,763.0,8520.333333333334,0.00030745055170293444,0.020496703446862295,2,6,3.0
552799640488517632,2015-01-07T12:11:19+00:00,2015-01-07T18:57:00+00:00,24341.0,13,1,12,130.0,4166.416666666667,0.000492995357627049,0.03204469824575819,3,10,4.0
552799669521481728,2015-01-07T12:11:26+00:00,2015-01-07T14:27:20+00:00,8154.0,11,1,10,4502.0,5872.1,0.0012263919548687761,0.08094186902133922,3,7,2.5
552800045096259584,2015-01-07T12:12:55+00:00,2015-01-13T13:33:24+00:00,523229.0,18,1,17,405.0,35284.117647058825,3.2490553849270586e-05,0.002064105773953661,3,12,2.8333333333333335
552800070199148544,2015-01-07T12:13:01+00:00,2015-01-07T16:10:23+00:00,14242.0,29,1,28,264.0,11466.892857142857,0.001966016008987502,0.12217385198708046,9,6,1.75
552800222553079809,2015-01-07T12:13:38+00:00,2015-01-09T11:09:46+00:00,168968.0,12,1,11,197.0,52859.454545454544,6.510108422896642e-05,0.004261161876805076,1,11,11.0
552800223496790018,2015-01-07T12:13:38+00:00,2015-01-08T00:52:44+00:00,45546.0,12,1,11,587.0,15459.272727272728,0.0002415140736837483,0.01580819391384534,5,6,2.0
552800290861510656,2015-01-07T12:13:54+00:00,2015-01-07T20:26:58+00:00,29584.0,28,1,27,167.0,4903.62962962963,0.0009126554894537588,0.05678745267712277,4,16,3.25
552800929519792128,2015-01-07T12:16:26+00:00,2015-01-07T12:16:26+00:00,0.0,1,1,0,0.0,0.0,0.0,0.0,0,0,0.0
552801028262096896,2015-01-07T12:16:50+00:00,2015-01-08T10:56:26+00:00,81576.0,38,1,37,63.0,16307.72972972973,0.0004535647739531235,0.027949396881435717,8,9,1.7619047619047619
552801115516186625,2015-01-07T12:17:11+00:00,2015-01-07T21:31:46+00:00,33275.0,13,1,12,212.0,14916.75,0.00036063110443275735,0.023441021788129224,2,7,2.0
552801438821515264,2015-01-07T12:18:28+00:00,2015-01-07T20:56:47+00:00,31099.0,12,1,11,673.0,8049.0,0.0003537091224798225,0.023151869835042926,1,11,11.0
552801667855695873,2015-01-07T12:19:22+00:00,2015-01-07T13:02:26+00:00,2584.0,13,1,12,138.0,1074.25,0.0046439628482972135,0.3018575851393189,2,10,5.5
552801724898226176,2015-01-07T12:19:36+00:00,2015-01-08T05:30:51+00:00,61875.0,34,1,33,27.0,3856.3030303030305,0.0005333333333333334,0.03296969696969697,5,9,2.9
552801829290270720,2015-01-07T12:20:01+00:00,2015-01-07T14:39:56+00:00,8395.0,33,1,32,258.0,5598.875,0.003811792733770101,0.23585467540202504,12,4,1.5238095238095237
552801880812691456,2015-01-07T12:20:13+00:00,2015-01-07T13:19:47+00:00,3574.0,8,1,7,405.0,1334.142857142857,0.00195858981533296,0.13430330162283155,4,2,1.25
552801894092275712,2015-01-07T12:20:16+00:00,2015-01-08T06:12:11+00:00,64315.0,21,1,20,207.0,25247.85,0.0003109694472518075,0.01959107517686387,7,11,2.0
552801954733490176,2015-01-07T12:20:31+00:00,2015-01-07T12:49:39+00:00,1748.0,3,1,2,64.0,906.0,0.0011441647597254005,0.10297482837528604,1,2,2.0
552801958428700672,2015-01-07T12:20:32+00:00,2015-01-07T12:42:49+00:00,1337.0,12,1,11,44.0,353.72727272727275,0.008227374719521317,0.5385190725504861,2,10,5.5
552801979861598208,2015-01-07T12:20:37+00:00,2015-01-16T16:45:45+00:00,793508.0,65,1,64,80.0,16697.15625,8.065451135968384e-05,0.0049148842859807335,19,11,1.4545454545454546
552802011733716992,2015-01-07T12:20:44+00:00,2015-01-07T17:36:48+00:00,18964.0,30,1,29,161.0,2375.206896551724,0.0015292132461506012,0.09491668424383042,5,9,2.9
552802098602319873,2015-01-07T12:21:05+00:00,2015-01-07T19:49:33+00:00,26908.0,24,1,23,326.0,4223.0,0.0008547643823398246,0.0535156830682325,4,19,4.6
552802099331735552,2015-01-07T12:21:05+00:00,2015-01-07T19:30:07+00:00,25742.0,94,1,93,224.0,8072.301075268817,0.0036127729003185456,0.2190971952451247,18,7,1.4838709677419355
552802117908697088,2015-01-07T12:21:10+00:00,2015-01-17T21:32:13+00:00,897063.0,18,1,17,335.0,110221.94117647059,1.8950731442496235e-05,0.0012039288210527021,7,9,2.125
552802128688078848,2015-01-07T12:21:12+00:00,2015-01-07T15:55:37+00:00,12865.0,13,1,12,104.0,2779.9166666666665,0.0009327633113097552,0.06062961523513409,2,9,5.0
552802515969138688,2015-01-07T12:22:45+00:00,2015-01-09T09:56:59+00:00,164054.0,15,1,14,77.0,16213.714285714286,8.533775464176429e-05,0.005485998512684848,2,9,5.0
552802531672588288,2015-01-07T12:22:48+00:00,2015-01-07T18:19:29+00:00,21401.0,7,1,6,214.0,5984.666666666667,0.00028036073080697164,0.019625251156488013,2,5,3.0
552802606696136705,2015-01-07T12:23:06+00:00,2015-01-07T12:42:52+00:00,1186.0,30,1,29,161.0,600.3793103448276,0.024451939291736932,1.5177065767284992,8,14,2.1538461538461537
552802654641225728,2015-01-07T12:23:18+00:00,2015-01-07T15:17:06+00:00,10428.0,8,1,7,188.0,2003.857142857143,0.0006712696586114307,0.04602991944764096,2,6,3.5
552802714816905216,2015-01-07T12:23:32+00:00,2015-01-07T18:02:58+00:00,20366.0,12,1,11,221.0,10178.636363636364,0.0005401158794068546,0.03535303937935775,2,10,5.5
552803413583360001,2015-01-07T12:26:19+00:00,2015-01-07T15:50:24+00:00,12245.0,8,1,7,292.0,4263.142857142857,0.0005716619028174765,0.03919967333605553,2,5,2.3333333333333335
552803431702749184,2015-01-07T12:26:23+00:00,2015-01-08T03:26:27+00:00,54004.0,11,1,10,208.0,6673.7,0.00018517146878009035,0.012221316939485964,2,9,5.0
552803757864787968,2015-01-07T12:27:41+00:00,2015-01-08T14:29:00+00:00,93679.0,4,1,3,27151.0,66932.0,3.202425303429797e-05,0.002561940242743838,1,3,3.0
552803792618799106,2015-01-07T12:27:49+00:00,2015-01-07T17:11:03+00:00,16994.0,28,1,27,66.0,5394.62962962963,0.0015887960456631752,0.09885842061904201,7,17,3.375
552803839490150400,2015-01-07T12:28:00+00:00,2015-01-08T22:28:25+00:00,122425.0,16,1,15,37.0,10026.266666666666,0.0001225239942822136,0.00784153563406167,2,13,7.0
552804175310901248,2015-01-07T12:29:20+00:00,2015-01-07T14:43:59+00:00,8079.0,11,1,10,235.0,4845.0,0.0012377769525931427,0.08169327887114741,4,5,2.0
552804198161854464,2015-01-07T12:29:26+00:00,2015-01-07T16:00:44+00:00,12678.0,9,1,8,60.0,2512.25,0.0006310143555765894,0.04259346900141978,1,8,8.0
552804301316579330,2015-01-07T12:29:50+00:00,2015-01-07T23:25:14+00:00,39324.0,47,1,46,135.0,14099.45652173913,0.001169769097752009,0.07171193164479707,8,13,2.0
552804328319504384,2015-01-07T12:29:57+00:00,2015-01-07T13:16:10+00:00,2773.0,21,1,20,124.0,488.5,0.00721240533717995,0.4543815362423368,2,18,6.666666666666667
552804394727927808,2015-01-07T12:30:12+00:00,2015-01-07T17:00:45+00:00,16233.0,8,1,7,53.0,2892.1428571428573,0.00043122035360068997,0.029569395675475882,1,6,6.0
552804408233193473,2015-01-07T12:30:16+00:00,2015-01-07T16:06:25+00:00,12969.0,4,1,3,2043.0,6911.0,0.0002313208420078649,0.018505667360629193,1,3,3.0
552804454773567488,2015-01-07T12:30:27+00:00,2015-01-10T09:59:59+00:00,250172.0,26,1,25,66.0,21191.16,9.993124730185632e-05,0.006235709831635834,8,5,1.6666666666666667
552804491821854720,2015-01-07T12:30:36+00:00,2015-01-07T14:12:14+00:00,6098.0,22,1,21,46.0,1433.5714285714287,0.003443752049852411,0.2164644145621515,7,10,2.3333333333333335
552804592988479488,2015-01-07T12:31:00+00:00,2015-01-07T14:56:25+00:00,8725.0,7,1,6,1403.0,4770.5,0.0006876790830945558,0.048137535816618914,2,5,3.0
552804668951511041,2015-01-07T12:31:18+00:00,2015-01-07T12:31:18+00:00,0.0,1,1,0,0.0,0.0,0.0,0.0,0,0,0.0
552804763461775360,2015-01-07T12:31:40+00:00,2015-01-07T12:37:59+00:00,379.0,5,1,4,71.0,244.0,0.010554089709762533,0.79155672823219,1,4,4.0
552804769241526272,2015-01-07T12:31:42+00:00,2015-01-07T15:58:05+00:00,12383.0,12,1,11,200.0,4834.636363636364,0.0008883146248889606,0.05814422999273197,3,9,3.6666666666666665
552804784819154944,2015-01-07T12:31:45+00:00,2015-01-07T14:16:34+00:00,6289.0,14,1,13,89.0,3418.153846153846,0.0020671012879631104,0.13356654476069327,5,4,1.625
552804810463117312,2015-01-07T12:31:52+00:00,2015-01-07T20:26:35+00:00,28483.0,33,1,32,85.0,13104.625,0.00112347716181582,0.06951514938735387,13,5,1.6842105263157894
552804839886184448,2015-01-07T12:31:59+00:00,2015-01-07T15:49:19+00:00,11840.0,10,1,9,231.0,2229.777777777778,0.0007601351351351352,0.05067567567567567,1,9,9.0
552804962158514176,2015-01-07T12:32:28+00:00,2015-01-10T14:25:17+00:00,265969.0,23,1,22,211.0,23419.0,8.271640679928864e-05,0.005188574608319015,4,12,2.2
552805050620604418,2015-01-07T12:32:49+00:00,2015-01-07T22:41:14+00:00,36505.0,51,1,50,287.0,17953.74,0.0013696753869332967,0.08382413368031777,9,18,2.7222222222222223
552805069956329472,2015-01-07T12:32:53+00:00,2015-01-09T15:19:23+00:00,182790.0,23,1,22,177.0,40048.40909090909,0.00012035669347338475,0.007549647136057771,8,10,2.4444444444444446
552805169206157312,2015-01-07T12:33:17+00:00,2015-01-10T11:49:26+00:00,256569.0,25,1,24,191.0,38719.625,9.354208809326147e-05,0.0058463805058288415,7,6,1.7142857142857142
552805175874686977,2015-01-07T12:33:19+00:00,2015-01-07T13:16:37+00:00,2598.0,28,1,27,115.0,993.8148148148148,0.010392609699769052,0.6466512702078523,9,4,1.6875
552805209424941058,2015-01-07T12:33:27+00:00,2015-01-07T12:47:35+00:00,848.0,3,1,2,632.0,740.0,0.0023584905660377358,0.21226415094339623,1,2,2.0
552805267990413312,2015-01-07T12:33:41+00:00,2015-01-08T01:51:21+00:00,47860.0,18,1,17,327.0,6240.470588235294,0.000355202674467196,0.022565816966151276,1,17,17.0
552805450350362625,2015-01-07T12:34:24+00:00,2015-01-08T17:44:54+00:00,105030.0,37,1,36,216.0,19013.805555555555,0.00034275921165381317,0.021136818051985147,6,16,2.4
552805488631758849,2015-01-07T12:34:33+00:00,2015-01-09T14:19:28+00:00,179095.0,111,1,110,51.0,6044.627272727273,0.0006141991680393088,0.037186967810379966,18,12,1.5593220338983051
552805596198871040,2015-01-07T12:34:59+00:00,2015-01-07T18:06:37+00:00,19898.0,14,1,13,58.0,5892.7692307692305,0.0006533319931651422,0.042215298019901495,2,12,6.5
552805619301097472,2015-01-07T12:35:04+00:00,2015-01-08T23:17:15+00:00,124931.0,10,1,9,488.0,33186.333333333336,7.203976595080485e-05,0.00480265106338699,2,7,3.0
552805638024077312,2015-01-07T12:35:09+00:00,2015-01-07T15:35:31+00:00,10822.0,20,1,19,21.0,1895.5263157894738,0.0017556828682313806,0.11088523378303455,2,18,9.5
552805735885991936,2015-01-07T12:35:32+00:00,2015-01-07T12:51:18+00:00,946.0,2,1,1,946.0,946.0,0.0010570824524312897,0.12684989429175475,1,1,1.0
552805799106732032,2015-01-07T12:35:47+00:00,2015-01-07T14:00:28+00:00,5081.0,22,1,21,83.0,1714.952380952381,0.004133044676244833,0.25979137964967525,5,15,3.0
552805830677258240,2015-01-07T12:35:55+00:00,2015-01-07T23:58:29+00:00,40954.0,27,1,26,287.0,21167.30769230769,0.0006348586218684378,0.039556575670264195,7,14,2.0833333333333335
552805853762699264,2015-01-07T12:36:00+00:00,2015-01-07T19:02:51+00:00,23211.0,7,1,6,127.0,4693.166666666667,0.00025849812588858733,0.018094868812201112,1,6,6.0
552805956619628544,2015-01-07T12:36:25+00:00,2015-01-08T03:29:25+00:00,53580.0,16,1,15,96.0,6138.866666666667,0.0002799552071668533,0.01791713325867861,2,14,7.5
552805970536333314,2015-01-07T12:36:28+00:00,2015-01-07T16:12:48+00:00,12980.0,16,1,15,90.0,3804.9333333333334,0.0011556240369799693,0.07395993836671802,1,15,15.0
552806056154644480,2015-01-07T12:36:49+00:00,2015-01-07T13:47:46+00:00,4257.0,21,1,20,40.0,1342.4,0.004698144233027954,0.29598308668076106,5,10,1.8181818181818181
552806077755326464,2015-01-07T12:36:54+00:00,2015-01-07T14:17:51+00:00,6057.0,41,1,40,35.0,2452.175,0.006603929337956084,0.40614165428429916,9,12,2.5
552806117328568321,2015-01-07T12:37:03+00:00,2015-01-07T12:54:17+00:00,1034.0,4,1,3,25.0,393.0,0.0029013539651837525,0.23210831721470018,1,3,3.0
552806309540528128,2015-01-07T12:37:49+00:00,2015-01-08T16:27:36+00:00,100187.0,40,1,39,73.0,13695.076923076924,0.00038927206124547096,0.02395520376895206,7,13,2.0526315789473686
552806462125506560,2015-01-07T12:38:25+00:00,2015-01-07T13:39:38+00:00,3673.0,6,1,5,97.0,1245.8,0.001361285053090117,0.09801252382248843,2,4,2.5
552806610490646528,2015-01-07T12:39:01+00:00,2015-01-17T17:08:30+00:00,880169.0,346,1,345,28.0,26812.263768115943,0.000391970178454365,0.023586379433949617,19,13,1.7424242424242424
552806624046641153,2015-01-07T12:39:04+00:00,2015-01-07T15:42:10+00:00,10986.0,13,1,12,107.0,3855.5,0.0010922992900054614,0.070999453850355,1,12,12.0
552806757672964097,2015-01-07T12:39:36+00:00,2015-01-07T19:12:00+00:00,23544.0,13,1,12,129.0,3366.25,0.0005096839959225281,0.033129459734964326,2,11,6.0
552806890498191361,2015-01-07T12:40:08+00:00,2015-01-08T04:47:18+00:00,58030.0,10,1,9,213.0,16042.0,0.00015509219369291746,0.01033947957952783,1,9,9.0
552806932176977920,2015-01-07T12:40:17+00:00,2015-01-07T23:56:21+00:00,40564.0,23,1,22,471.0,22748.636363636364,0.0005423528251651711,0.03402031357854255,6,5,1.5833333333333333
552806937470201856,2015-01-07T12:40:19+00:00,2015-01-07T15:51:15+00:00,11456.0,20,1,19,94.0,2361.0,0.0016585195530726257,0.10474860335195531,3,14,5.666666666666667
552807013764575232,2015-01-07T12:40:37+00:00,2015-01-16T14:33:01+00:00,784344.0,11,1,10,123.0,79711.0,1.2749507868996257e-05,0.000841467519353753,1,10,10.0
552807027781947393,2015-01-07T12:40:40+00:00,2015-01-07T15:21:06+00:00,9626.0,22,1,21,134.0,2292.5238095238096,0.0021815915229586535,0.13712861001454393,2,15,4.75
552807054268956673,2015-01-07T12:40:47+00:00,2015-01-07T17:29:55+00:00,17348.0,17,1,16,279.0,6568.0,0.0009222965183306433,0.05879640304357851,3,14,5.333333333333333
552807071054184448,2015-01-07T12:40:51+00:00,2015-01-07T14:05:29+00:00,5078.0,4,1,3,2436.0,3396.6666666666665,0.0005907837731390311,0.04726270185112248,1,3,3.0
552807101442322432,2015-01-07T12:40:58+00:00,2015-01-07T15:45:56+00:00,11098.0,20,1,19,75.0,3753.7894736842104,0.001712020183816904,0.10812759055685708,3,16,4.75
552807191775043585,2015-01-07T12:41:19+00:00,2015-01-07T23:24:40+00:00,38601.0,9,1,8,173.0,11754.0,0.0002072485168778011,0.013989274889251573,1,8,8.0
552807210041212928,2015-01-07T12:41:24+00:00,2015-01-07T12:47:32+00:00,368.0,2,1,1,368.0,368.0,0.002717391304347826,0.32608695652173914,1,1,1.0
552807236339507200,2015-01-07T12:41:30+00:00,2015-01-07T22:51:30+00:00,36600.0,10,1,9,876.0,9234.111111111111,0.0002459016393442623,0.01639344262295082,1,9,9.0
552807328287064065,2015-01-07T12:41:52+00:00,2015-01-07T14:46:13+00:00,7461.0,20,1,19,121.0,2145.8947368421054,0.0025465755260688917,0.16083634901487737,3,15,3.8
552807528070131712,2015-01-07T12:42:40+00:00,2015-01-08T05:32:41+00:00,60601.0,18,1,17,323.0,9812.823529411764,0.00028052342370587943,0.01782148809425587,5,13,3.4
552807536894947329,2015-01-07T12:42:42+00:00,2015-01-07T17:34:42+00:00,17520.0,7,1,6,533.0,10575.166666666666,0.00034246575342465754,0.023972602739726026,3,3,1.5
552807582113730560,2015-01-07T12:42:52+00:00,2015-01-07T15:52:44+00:00,11392.0,5,1,4,2514.0,5577.75,0.00035112359550561797,0.026334269662921347,1,4,4.0
552807598966059008,2015-01-07T12:42:56+00:00,2015-01-07T16:25:41+00:00,13365.0,32,1,31,61.0,2692.5806451612902,0.0023194912083800974,0.143658810325477,6,16,2.2142857142857144
552807658869493760,2015-01-07T12:43:11+00:00,2015-01-07T19:51:34+00:00,25703.0,9,1,8,920.0,10457.625,0.0003112477142745983,0.021009220713535386,1,6,6.0
552807783385800705,2015-01-07T12:43:40+00:00,2015-01-07T13:56:50+00:00,4390.0,7,1,6,238.0,1863.5,0.001366742596810934,0.09567198177676536,1,6,6.0
552807832257835008,2015-01-07T12:43:52+00:00,2015-01-07T13:33:20+00:00,2968.0,13,1,12,255.0,1088.0833333333333,0.004043126684636119,0.2628032345013477,2,11,6.0
552807834434699264,2015-01-07T12:43:53+00:00,2015-01-07T13:19:34+00:00,2141.0,20,1,19,159.0,1008.2631578947369,0.008874357776739842,0.560485754320411,3,14,4.75
552807874192482305,2015-01-07T12:44:02+00:00,2015-01-08T01:56:40+00:00,47558.0,36,1,35,42.0,17916.114285714284,0.0007359434795407713,0.04541822616594474,11,5,1.4583333333333333
552807904597008385,2015-01-07T12:44:09+00:00,2015-01-08T07:43:13+00:00,68344.0,66,1,65,84.0,8269.8,0.0009510710523235398,0.05794217488001873,11,6,1.5116279069767442
552808071387701248,2015-01-07T12:44:49+00:00,2015-01-07T21:45:57+00:00,32468.0,110,1,109,42.0,12683.174311926605,0.003357151657016139,0.20327707281015153,19,13,1.5671641791044777
552808135006887937,2015-01-07T12:45:04+00:00,2015-01-08T11:17:23+00:00,81139.0,18,1,17,571.0,11855.529411764706,0.00020951700168846054,0.013310491871972788,1,10,10.0
552808138127446016,2015-01-07T12:45:05+00:00,2015-01-08T08:28:19+00:00,70994.0,8,1,7,509.0,23357.428571428572,9.859988168014199e-05,0.0067611347437811645,2,5,2.3333333333333335
552808242276229120,2015-01-07T12:45:30+00:00,2015-01-11T07:11:23+00:00,325553.0,19,1,18,60.0,20837.055555555555,5.529053641035408e-05,0.003501733972655758,1,17,17.0
552808282398924800,2015-01-07T12:45:39+00:00,2015-01-09T00:58:34+00:00,130375.0,18,1,17,494.0,68987.29411764706,0.00013039309683604986,0.008283796740172579,6,8,1.8888888888888888
552808461940301825,2015-01-07T12:46:22+00:00,2015-01-07T15:15:28+00:00,8946.0,9,1,8,255.0,2433.0,0.000894254415381176,0.060362173038229376,4,3,1.6
552808487924011008,2015-01-07T12:46:28+00:00,2015-01-07T16:48:31+00:00,14523.0,44,1,43,166.0,6103.7441860465115,0.0029608207670591474,0.18178062383805,9,7,1.9545454545454546
552808620187217920,2015-01-07T12:47:00+00:00,2015-01-07T13:09:10+00:00,1330.0,5,1,4,197.0,501.0,0.0030075187969924814,0.22556390977443608,1,4,4.0
552808658510561280,2015-01-07T12:47:09+00:00,2015-01-07T14:46:23+00:00,7154.0,21,1,20,78.0,2228.35,0.0027956388034665923,0.1761252446183953,12,7,1.4615384615384615
552808669646036992,2015-01-07T12:47:12+00:00,2015-01-07T12:47:12+00:00,0.0,1,1,0,0.0,0.0,0.0,0.0,0,0,0.0
552808701065953280,2015-01-07T12:47:19+00:00,2015-01-07T14:24:49+00:00,5850.0,10,1,9,308.0,2237.0,0.0015384615384615385,0.10256410256410256,2,7,4.5
552808776492130304,2015-01-07T12:47:37+00:00,2015-01-07T19:18:00+00:00,23423.0,5,1,4,154.0,6329.5,0.00017077231780728344,0.012807923835546258,1,4,4.0
552808785329549313,2015-01-07T12:47:39+00:00,2015-01-07T13:38:39+00:00,3060.0,10,1,9,377.0,2098.0,0.0029411764705882353,0.19607843137254902,5,4,1.8
552808904137408512,2015-01-07T12:48:08+00:00,2015-01-07T14:09:21+00:00,4873.0,4,1,3,85.0,1872.3333333333333,0.000615637184485943,0.04925097475887544,1,3,3.0
552809042687819776,2015-01-07T12:48:41+00:00,2015-01-10T08:14:36+00:00,242755.0,8,1,7,1708.0,71514.85714285714,2.883565735000309e-05,0.001977302218285926,3,2,1.6666666666666667
552809336360419329,2015-01-07T12:49:51+00:00,2015-01-07T17:55:54+00:00,18363.0,10,1,9,842.0,5695.444444444444,0.000490115994118608,0.032674399607907204,1,9,9.0
552809418417790976,2015-01-07T12:50:10+00:00,2015-01-07T18:40:42+00:00,21032.0,27,1,26,329.0,4480.576923076923,0.0012362114872575124,0.07702548497527577,6,16,3.125
552809902956367872,2015-01-07T12:52:06+00:00,2015-01-07T19:07:53+00:00,22547.0,14,1,13,160.0,3497.153846153846,0.000576573380050561,0.037255510710959325,3,11,4.333333333333333
552810032765497345,2015-01-07T12:52:37+00:00,2015-01-08T14:54:58+00:00,93741.0,56,1,55,616.0,23102.618181818183,0.0005867229920739058,0.03584344097033315,12,9,1.6176470588235294
552810124776308736,2015-01-07T12:52:59+00:00,2015-01-11T06:37:29+00:00,323070.0,26,1,25,284.0,28862.44,7.738261057975052e-05,0.004828674900176432,6,6,1.8888888888888888
552810138114195456,2015-01-07T12:53:02+00:00,2015-01-08T14:10:52+00:00,91070.0,5,1,4,401.0,33667.0,4.3922257604040845e-05,0.0032941693203030636,2,3,2.0
552810166744547328,2015-01-07T12:53:09+00:00,2015-01-08T08:29:26+00:00,70577.0,16,1,15,237.0,8059.533333333334,0.00021253382830100457,0.013602165011264293,1,12,12.0
552810249263259649,2015-01-07T12:53:28+00:00,2015-01-07T13:03:35+00:00,607.0,3,1,2,514.0,560.5,0.0032948929159802307,0.29654036243822074,1,2,2.0
552810276635291649,2015-01-07T12:53:35+00:00,2015-01-07T13:45:19+00:00,3104.0,9,1,8,128.0,1194.375,0.002577319587628866,0.17396907216494845,3,6,2.6666666666666665
552810287695659009,2015-01-07T12:53:37+00:00,2015-01-07T14:10:48+00:00,4631.0,14,1,13,21.0,1044.8461538461538,0.0028071690779529258,0.1813863096523429,1,13,13.0
552810359409897472,2015-01-07T12:53:55+00:00,2015-01-07T19:14:34+00:00,22839.0,2,1,1,22839.0,22839.0,4.3784754148605455e-05,0.005254170497832655,1,1,1.0
552810448324943872,2015-01-07T12:54:16+00:00,2015-01-07T13:23:02+00:00,1726.0,20,1,19,42.0,481.36842105263156,0.01100811123986095,0.6952491309385863,2,17,9.0
552810477940932609,2015-01-07T12:54:23+00:00,2015-01-08T15:44:50+00:00,96627.0,27,1,26,76.0,21977.615384615383,0.00026907593115795794,0.01676550032599584,5,11,1.7333333333333334
552810625873633280,2015-01-07T12:54:58+00:00,2015-01-07T14:25:31+00:00,5433.0,22,1,21,154.0,1502.6666666666667,0.003865267807840972,0.24295969077857538,4,14,3.3333333333333335
552810804186460161,2015-01-07T12:55:41+00:00,2015-01-07T13:38:11+00:00,2550.0,21,1,20,63.0,1104.85,0.00784313725490196,0.49411764705882355,3,17,5.0
552810805243412481,2015-01-07T12:55:41+00:00,2015-01-07T13:01:33+00:00,352.0,3,1,2,299.0,325.5,0.005681818181818182,0.5113636363636364,1,2,2.0
552810855503757313,2015-01-07T12:55:53+00:00,2015-01-07T13:03:35+00:00,462.0,20,1,19,79.0,238.26315789473685,0.04112554112554113,2.5974025974025974,2,18,9.5
552810884029222912,2015-01-07T12:56:00+00:00,2015-01-07T21:26:36+00:00,30636.0,20,1,19,35.0,8931.947368421053,0.0006201854027940984,0.03916960438699569,5,15,3.8
552811128326475776,2015-01-07T12:56:58+00:00,2015-01-11T03:04:45+00:00,310067.0,13,1,12,1283.0,59437.083333333336,3.870131294204156e-05,0.0025155853412327013,5,8,2.4
552811254667288576,2015-01-07T12:57:28+00:00,2015-01-08T00:51:29+00:00,42841.0,25,1,24,334.0,15025.0,0.0005602110128148269,0.03501318830092668,10,8,1.7142857142857142
552811319079227393,2015-01-07T12:57:43+00:00,2015-01-07T20:30:36+00:00,27173.0,50,1,49,80.0,9237.69387755102,0.001803260589555809,0.11040370956464138,12,13,2.227272727272727
552811354323963904,2015-01-07T12:57:52+00:00,2015-01-07T13:41:40+00:00,2628.0,21,1,20,30.0,1094.2,0.0076103500761035,0.4794520547945206,3,13,4.0
552811386259386370,2015-01-07T12:57:59+00:00,2015-01-07T14:37:56+00:00,5997.0,19,1,18,43.0,1009.6666666666666,0.0030015007503751876,0.19009504752376188,1,18,18.0
552811408094945280,2015-01-07T12:58:05+00:00,2015-01-07T14:50:13+00:00,6728.0,23,1,22,41.0,1165.8636363636363,0.0032699167657550534,0.2051129607609988,4,18,4.4
552811438994378754,2015-01-07T12:58:12+00:00,2015-01-07T23:30:50+00:00,37958.0,15,1,14,168.0,9268.714285714286,0.000368828705411244,0.023710416776437114,3,8,2.8
552811533303296001,2015-01-07T12:58:34+00:00,2015-01-07T22:26:39+00:00,34085.0,20,1,19,71.0,2835.1052631578946,0.0005574299545254511,0.035206102391081115,2,18,9.5
552811606640721921,2015-01-07T12:58:52+00:00,2015-01-08T05:40:54+00:00,60122.0,47,1,46,81.0,35343.565217391304,0.0007651109410864575,0.04690462725790892,10,13,2.5
552811735183552512,2015-01-07T12:59:23+00:00,2015-01-08T14:27:35+00:00,91692.0,31,1,30,54.0,28429.233333333334,0.00032718230598089256,0.02028530297081534,10,5,1.4285714285714286
552811772038881280,2015-01-07T12:59:31+00:00,2015-01-07T16:23:19+00:00,12228.0,11,1,10,44.0,3344.0,0.0008177952240758914,0.05397448478900883,2,9,5.0
552812020295532544,2015-01-07T13:00:31+00:00,2015-01-07T23:16:19+00:00,36948.0,32,1,31,790.0,17817.451612903227,0.0008390169968604525,0.05196492367651835,12,8,1.631578947368421
552812040926941185,2015-01-07T13:00:35+00:00,2015-01-07T18:03:15+00:00,18160.0,14,1,13,1098.0,3386.153846153846,0.0007158590308370044,0.046255506607929514,3,7,1.8571428571428572
552812098057936896,2015-01-07T13:00:49+00:00,2015-01-07T18:26:47+00:00,19558.0,14,1,13,692.0,6579.0,0.0006646896410675939,0.04294917680744453,1,13,13.0
552812140479148032,2015-01-07T13:00:59+00:00,2015-01-07T15:37:00+00:00,9361.0,46,1,45,81.0,1359.4,0.004807178720222198,0.29484029484029484,8,10,1.6071428571428572
552812188315172864,2015-01-07T13:01:11+00:00,2015-01-07T13:22:37+00:00,1286.0,6,1,5,47.0,771.6,0.0038880248833592537,0.27993779160186627,2,4,2.5
552812399997489152,2015-01-07T13:02:01+00:00,2015-01-07T13:02:01+00:00,0.0,1,1,0,0.0,0.0,0.0,0.0,0,0,0.0
552812416485294080,2015-01-07T13:02:05+00:00,2015-01-09T20:06:42+00:00,198277.0,6,1,5,186.0,46943.2,2.5217246579280502e-05,0.0018156417537081961,1,5,5.0
552812475134275584,2015-01-07T13:02:19+00:00,2015-01-07T20:31:32+00:00,26953.0,60,1,59,71.0,6701.322033898305,0.0021889956591103032,0.13356583682706935,19,13,1.6111111111111112
552812572731527168,2015-01-07T13:02:42+00:00,2015-01-07T13:22:43+00:00,1201.0,21,1,20,105.0,590.8,0.01665278934221482,1.0491257285595337,3,12,2.7142857142857144
552812623658762240,2015-01-07T13:02:54+00:00,2015-01-07T18:44:09+00:00,20475.0,8,1,7,1098.0,12007.142857142857,0.0003418803418803419,0.023443223443223443,2,6,3.5
552812682626465792,2015-01-07T13:03:08+00:00,2015-01-08T11:14:27+00:00,79879.0,17,1,16,51.0,16418.1875,0.0002003029582243143,0.012769313586800035,5,8,2.1666666666666665
552812775907422209,2015-01-07T13:03:31+00:00,2015-01-07T17:37:07+00:00,16416.0,25,1,24,547.0,3164.875,0.0014619883040935672,0.09137426900584794,6,7,1.7692307692307692
552812811651272705,2015-01-07T13:03:39+00:00,2015-01-07T14:08:08+00:00,3869.0,43,1,42,73.0,1536.2142857142858,0.01085551822176273,0.6668389764797105,17,11,1.6153846153846154
552812847651377153,2015-01-07T13:03:48+00:00,2015-01-09T17:23:17+00:00,188369.0,7,1,6,29905.0,154709.5,3.185237485998227e-05,0.002229666240198759,4,3,1.5
552812951208722432,2015-01-07T13:04:12+00:00,2015-01-08T13:24:20+00:00,87608.0,20,1,19,158.0,5303.105263157895,0.00021687517121724044,0.013697379234773079,5,11,2.375
552812984343330816,2015-01-07T13:04:20+00:00,2015-01-08T01:10:46+00:00,43586.0,96,1,95,95.0,3300.4736842105262,0.002179598953792502,0.13215252604047173,18,8,1.532258064516129
552813011803836416,2015-01-07T13:04:27+00:00,2015-01-08T18:27:33+00:00,105786.0,11,1,10,106.0,13428.1,9.453046716956875e-05,0.006239010833191538,1,10,10.0
552813155572006912,2015-01-07T13:05:01+00:00,2015-01-09T20:26:52+00:00,199311.0,16,1,15,282.0,65396.86666666667,7.525926817887623e-05,0.004816593163448079,3,12,3.75
552813160110252032,2015-01-07T13:05:02+00:00,2015-01-08T00:40:18+00:00,41716.0,9,1,8,135.0,6522.625,0.00019177294083804776,0.012944673506568223,2,7,4.0
552813223360352256,2015-01-07T13:05:17+00:00,2015-01-07T17:37:51+00:00,16354.0,9,1,8,324.0,6375.625,0.0004891769597651951,0.03301944478415067,1,8,8.0
552813420136128513,2015-01-07T13:06:04+00:00,2015-01-07T22:01:30+00:00,32126.0,20,1,19,413.0,8446.052631578947,0.0005914212787150595,0.037352922866214285,8,5,1.4444444444444444
552813461953323008,2015-01-07T13:06:14+00:00,2015-01-07T14:11:57+00:00,3943.0,39,1,38,133.0,2290.157894736842,0.009637331980725337,0.5934567588130865,10,10,2.111111111111111
552813494345940992,2015-01-07T13:06:22+00:00,2015-01-07T13:55:27+00:00,2945.0,8,1,7,597.0,1427.5714285714287,0.0023769100169779285,0.1629881154499151,2,5,2.3333333333333335
552813549291315200,2015-01-07T13:06:35+00:00,2015-01-07T14:56:25+00:00,6590.0,7,1,6,263.0,2314.1666666666665,0.0009104704097116844,0.0637329286798179,1,6,6.0
552813590919778304,2015-01-07T13:06:45+00:00,2015-01-09T06:00:13+00:00,147208.0,24,1,23,195.0,19901.956521739132,0.0001562415086136623,0.009782077061029291,5,17,3.2857142857142856
552813988644659200,2015-01-07T13:08:20+00:00,2015-01-07T16:57:27+00:00,13747.0,15,1,14,105.0,6778.785714285715,0.0010184040154215465,0.0654688295628137,1,14,14.0
552814076167213056,2015-01-07T13:08:41+00:00,2015-01-07T19:54:09+00:00,24328.0,7,1,6,256.0,4880.166666666667,0.00024662939822426834,0.017264057875698784,2,5,3.0
552814130827370498,2015-01-07T13:08:54+00:00,2015-01-14T00:09:08+00:00,558014.0,11,1,10,79.0,67551.9,1.792069733017451e-05,0.0011827660237915178,4,7,2.5
552814137857036289,2015-01-07T13:08:55+00:00,2015-01-07T14:07:17+00:00,3502.0,5,1,4,1350.0,2566.0,0.001142204454597373,0.08566533409480297,1,4,4.0
552814213081866240,2015-01-07T13:09:13+00:00,2015-01-07T14:53:20+00:00,6247.0,18,1,17,55.0,1683.764705882353,0.0027213062269889547,0.1728829838322395,3,14,5.333333333333333
552814216550563840,2015-01-07T13:09:14+00:00,2015-01-08T20:18:26+00:00,112152.0,9,1,8,1215.0,28394.25,7.133176403452457e-05,0.004814894072330408,1,8,8.0
552814280471367680,2015-01-07T13:09:29+00:00,2015-01-12T16:15:42+00:00,443173.0,27,1,26,26.0,51997.5,5.866783400613305e-05,0.0036554573496129054,7,15,2.3636363636363638
552814317096407040,2015-01-07T13:09:38+00:00,2015-01-08T08:56:59+00:00,71241.0,8,1,7,108.0,24115.285714285714,9.825802557516038e-05,0.006737693182296712,1,7,7.0
552814382338826240,2015-01-07T13:09:54+00:00,2015-01-10T21:13:34+00:00,288220.0,17,1,16,552.0,20808.1875,5.551314967732982e-05,0.0035389632919297755,4,4,1.75
552814410763603968,2015-01-07T13:10:00+00:00,2015-01-08T19:08:10+00:00,107890.0,6,1,5,6844.0,49928.6,4.6343498007229584e-05,0.00333673185652053,1,5,5.0
552814460193476609,2015-01-07T13:10:12+00:00,2015-01-07T20:22:42+00:00,25950.0,17,1,16,100.0,4528.6875,0.0006165703275529866,0.03930635838150289,3,10,2.6666666666666665
552814494381256704,2015-01-07T13:10:20+00:00,2015-01-07T13:50:43+00:00,2423.0,11,1,10,76.0,884.3,0.004127115146512587,0.2723895996698308,1,10,10.0
552814566594576386,2015-01-07T13:10:38+00:00,2015-01-08T18:54:36+00:00,107038.0,54,1,53,1445.0,17716.924528301886,0.0004951512546945944,0.03026962387189596,15,9,1.8275862068965518
552814627399012352,2015-01-07T13:10:52+00:00,2015-01-07T13:10:52+00:00,0.0,1,1,0,0.0,0.0,0.0,0.0,0,0,0.0
552814766369284097,2015-01-07T13:11:25+00:00,2015-01-07T23:58:58+00:00,38853.0,3,1,2,467.0,19660.0,5.147607649344967e-05,0.0046328468844104706,1,2,2.0
552814767417876480,2015-01-07T13:11:26+00:00,2015-01-07T15:11:50+00:00,7224.0,8,1,7,727.0,3165.1428571428573,0.0009689922480620155,0.06644518272425248,1,7,7.0
552814770542628865,2015-01-07T13:11:26+00:00,2015-01-07T16:57:23+00:00,13557.0,42,1,41,90.0,6326.365853658536,0.0030242679058788816,0.1858818322637752,11,9,2.411764705882353
552814845016694786,2015-01-07T13:11:44+00:00,2015-01-07T19:08:51+00:00,21427.0,11,1,10,413.0,4811.6,0.0004667008913987026,0.03080225883231437,1,10,10.0
552814916567322624,2015-01-07T13:12:01+00:00,2015-01-09T09:09:54+00:00,158273.0,8,1,7,11075.0,53011.0,4.422737927505007e-05,0.0030327345788605767,1,4,4.0
552814974511628289,2015-01-07T13:12:15+00:00,2015-01-07T15:38:23+00:00,8768.0,4,1,3,205.0,3190.6666666666665,0.00034215328467153286,0.02737226277372263,1,3,3.0
552814978823385088,2015-01-07T13:12:16+00:00,2015-01-07T20:39:46+00:00,26850.0,6,1,5,177.0,6714.4,0.00018621973929236498,0.013407821229050279,2,4,2.5
552814983797821440,2015-01-07T13:12:17+00:00,2015-01-07T13:42:30+00:00,1813.0,8,1,7,97.0,559.2857142857143,0.003861003861003861,0.2647545504688362,1,7,7.0
552815017402589184,2015-01-07T13:12:25+00:00,2015-01-07T18:43:46+00:00,19881.0,15,1,14,98.0,2118.9285714285716,0.0007041899300839998,0.04526935264825713,2,12,4.666666666666667
552815091331366912,2015-01-07T13:12:43+00:00,2015-01-07T13:16:53+00:00,250.0,3,1,2,106.0,178.0,0.008,0.72,1,2,2.0
552815122897727488,2015-01-07T13:12:50+00:00,2015-01-11T16:49:44+00:00,358614.0,65,1,64,76.0,30403.8125,0.000178464867517721,0.010875202864361125,11,9,1.641025641025641
552815182708494336,2015-01-07T13:13:05+00:00,2015-01-07T14:15:15+00:00,3730.0,5,1,4,483.0,1693.0,0.0010723860589812334,0.08042895442359249,1,4,4.0
552815274848964608,2015-01-07T13:13:26+00:00,2015-01-07T17:58:52+00:00,17126.0,5,1,4,43.0,4611.0,0.00023356300362022657,0.01751722527151699,1,4,4.0
552815293349650433,2015-01-07T13:13:31+00:00,2015-01-09T01:14:42+00:00,129671.0,35,1,34,57.0,63594.26470588235,0.0002622020343793138,0.01619483153519291,2,14,5.333333333333333
552815332931665921,2015-01-07T13:13:40+00:00,2015-01-08T09:11:19+00:00,71859.0,22,1,21,106.0,5403.619047619048,0.0002922389679789588,0.01836930655867741,6,14,2.625
552815387759616000,2015-01-07T13:13:53+00:00,2015-01-07T13:52:07+00:00,2294.0,20,1,19,92.0,1204.421052631579,0.008282476024411508,0.5231037489102005,3,14,3.1666666666666665
552815443959091200,2015-01-07T13:14:07+00:00,2015-01-08T14:53:37+00:00,92370.0,27,1,26,177.0,8552.23076923077,0.0002814766699144744,0.017538161740824943,8,7,1.7272727272727273
552815540721291265,2015-01-07T13:14:30+00:00,2015-01-07T14:54:35+00:00,6005.0,7,1,6,609.0,2540.8333333333335,0.0009991673605328892,0.06994171523730225,2,5,3.0
552815575672836096,2015-01-07T13:14:38+00:00,2015-01-07T14:21:51+00:00,4033.0,12,1,11,192.0,1650.090909090909,0.002727498140342177,0.1785271510042152,6,4,1.375
552815682241691648,2015-01-07T13:15:04+00:00,2015-01-07T15:07:05+00:00,6721.0,28,1,27,42.0,2865.0,0.004017259336408272,0.2499628031542925,5,17,5.2
552815712327454720,2015-01-07T13:15:11+00:00,2015-01-08T15:53:56+00:00,95925.0,81,1,80,48.0,15730.3125,0.000833984884023977,0.050664581704456604,15,10,1.7391304347826086
552815712432316417,2015-01-07T13:15:11+00:00,2015-01-07T14:24:56+00:00,4185.0,3,1,2,475.0,2330.0,0.00047789725209080046,0.043010752688172046,1,2,2.0
552815993165467649,2015-01-07T13:16:18+00:00,2015-01-07T14:16:54+00:00,3636.0,8,1,7,49.0,1400.142857142857,0.0019251925192519251,0.132013201320132,2,6,3.5
552816010752167936,2015-01-07T13:16:22+00:00,2015-01-07T17:54:24+00:00,16682.0,17,1,16,27.0,5830.25,0.0009591176117971466,0.061143747752068094,4,11,2.6666666666666665
552816020403269632,2015-01-07T13:16:24+00:00,2015-01-07T14:19:47+00:00,3803.0,6,1,5,436.0,1930.0,0.0013147515119642387,0.09466210886142519,1,4,4.0
552816062593761280,2015-01-07T13:16:34+00:00,2015-01-10T16:39:55+00:00,271401.0,30,1,29,78.0,212107.5172413793,0.00010685295927428418,0.0066322526446107415,4,16,4.833333333333333
552816233796894720,2015-01-07T13:17:15+00:00,2015-01-07T17:50:06+00:00,16371.0,8,1,7,525.0,4456.857142857143,0.00042758536436381404,0.029320139270661533,1,7,7.0
552816288612225024,2015-01-07T13:17:28+00:00,2015-01-08T23:46:55+00:00,124167.0,15,1,14,99.0,20554.785714285714,0.00011275137516409352,0.007248302689120298,3,10,4.0
552816288935202817,2015-01-07T13:17:28+00:00,2015-01-07T13:17:28+00:00,0.0,1,1,0,0.0,0.0,0.0,0.0,0,0,0.0
552816302780579840,2015-01-07T13:17:32+00:00,2015-01-07T16:47:17+00:00,12585.0,23,1,22,382.0,3519.1363636363635,0.0017481128327373858,0.10965435041716329,4,14,3.142857142857143
552816497740251136,2015-01-07T13:18:18+00:00,2015-01-07T13:59:30+00:00,2472.0,20,1,19,124.0,870.1052631578947,0.007686084142394822,0.48543689320388345,7,11,2.375
552816539175763969,2015-01-07T13:18:28+00:00,2015-01-07T19:11:18+00:00,21170.0,15,1,14,59.0,3229.1428571428573,0.0006613131790269249,0.042512990080302314,2,13,7.0
552816561514635264,2015-01-07T13:18:33+00:00,2015-01-07T14:18:30+00:00,3597.0,24,1,23,73.0,1309.9130434782608,0.006394217403391716,0.4003336113427856,7,11,2.090909090909091
552816590463315968,2015-01-07T13:18:40+00:00,2015-01-08T02:49:03+00:00,48623.0,17,1,16,174.0,12269.1875,0.0003290623778870082,0.020977726590296772,2,15,8.0
552816600995614721,2015-01-07T13:18:43+00:00,2015-01-07T13:27:14+00:00,511.0,4,1,3,189.0,318.3333333333333,0.005870841487279843,0.46966731898238745,2,2,1.5
552816686752358401,2015-01-07T13:19:03+00:00,2015-01-08T18:35:21+00:00,105378.0,20,1,19,318.0,32134.36842105263,0.00018030328911157928,0.011387576154415532,2,18,9.5
552816689386373121,2015-01-07T13:19:04+00:00,2015-01-07T19:44:58+00:00,23154.0,26,1,25,95.0,8040.28,0.0010797270450030232,0.06737496760818866,8,8,1.5833333333333333
552816883012239360,2015-01-07T13:19:50+00:00,2015-01-12T19:38:04+00:00,454694.0,10,1,9,5104.0,156407.11111111112,1.9793531473914325e-05,0.0013195687649276216,6,3,1.5
552816932643405824,2015-01-07T13:20:02+00:00,2015-01-07T17:52:59+00:00,16377.0,7,1,6,133.0,4542.833333333333,0.00036636746656896867,0.02564572265982781,1,6,6.0
552816933851394048,2015-01-07T13:20:02+00:00,2015-01-08T21:30:44+00:00,115842.0,18,1,17,234.0,20481.235294117647,0.00014675160995148565,0.00932304345574144,4,8,2.4285714285714284
552817061203050496,2015-01-07T13:20:32+00:00,2015-01-07T21:26:41+00:00,29169.0,10,1,9,105.0,5948.555555555556,0.000308546744831842,0.02056978298878947,4,5,2.25
552817101057318913,2015-01-07T13:20:42+00:00,2015-01-07T14:11:16+00:00,3034.0,3,1,2,1166.0,2100.0,0.0006591957811470006,0.05932762030323006,1,2,2.0
552817146166652928,2015-01-07T13:20:53+00:00,2015-01-08T06:42:21+00:00,62488.0,10,1,9,101.0,8354.666666666666,0.0001440276533094354,0.009601843553962361,2,8,4.5
552817151112142848,2015-01-07T13:20:54+00:00,2015-01-07T17:44:56+00:00,15842.0,10,1,9,23.0,2164.777777777778,0.0005681100871102134,0.03787400580734755,1,9,9.0
552817205982019584,2015-01-07T13:21:07+00:00,2015-01-07T14:40:27+00:00,4760.0,30,1,29,147.0,2072.655172413793,0.006092436974789916,0.3781512605042017,7,7,1.9333333333333333
552817293969739778,2015-01-07T13:21:28+00:00,2015-01-07T22:09:17+00:00,31669.0,87,1,86,22.0,4949.7441860465115,0.0027155893776248064,0.16482995989769172,19,15,1.607843137254902
552817345887207425,2015-01-07T13:21:40+00:00,2015-01-07T14:43:29+00:00,4909.0,21,1,20,91.0,2802.45,0.004074149521287432,0.2566714198411082,3,15,4.0
552817367995002880,2015-01-07T13:21:46+00:00,2015-01-07T16:55:48+00:00,12842.0,20,1,19,78.0,1863.2105263157894,0.0014795203239370814,0.09344338888023672,1,19,19.0
552817391181103104,2015-01-07T13:21:51+00:00,2015-01-08T05:45:41+00:00,59030.0,11,1,10,53.0,33106.0,0.0001694053870913095,0.011180755548026427,2,9,5.0
552817490263572480,2015-01-07T13:22:15+00:00,2015-01-11T13:42:08+00:00,346793.0,9,1,8,299.0,44751.125,2.3068516377204847e-05,0.001557124855461327,2,7,4.0
552817675408523264,2015-01-07T13:22:59+00:00,2015-01-08T14:48:58+00:00,91559.0,26,1,25,136.0,19382.2,0.00027304797999104405,0.017038193951441148,4,13,2.272727272727273
552817711617552385,2015-01-07T13:23:07+00:00,2015-01-07T20:21:37+00:00,25110.0,35,1,34,90.0,5135.235294117647,0.001354042214257268,0.08363201911589008,8,10,1.7
552817759684665345,2015-01-07T13:23:19+00:00,2015-01-07T13:28:56+00:00,337.0,2,1,1,337.0,337.0,0.002967359050445104,0.3560830860534125,1,1,1.0
552817769604198400,2015-01-07T13:23:21+00:00,2015-01-08T15:14:17+00:00,93056.0,6,1,5,20003.0,40289.8,5.373108665749656e-05,0.003868638239339752,2,4,2.5
552817783910961152,2015-01-07T13:23:25+00:00,2015-01-09T00:19:11+00:00,125746.0,16,1,15,246.0,12753.0,0.00011928808868671767,0.00763443767594993,2,12,3.75
552817785949396992,2015-01-07T13:23:25+00:00,2015-01-09T18:06:16+00:00,189771.0,22,1,21,126.0,63347.619047619046,0.00011065968983669791,0.00695575193259244,5,13,2.625
552817918220984320,2015-01-07T13:23:57+00:00,2015-01-11T21:28:02+00:00,374645.0,15,1,14,202.0,47549.71428571428,3.7368709044562185e-05,0.002402274152864712,6,8,2.1666666666666665
552817965813739520,2015-01-07T13:24:08+00:00,2015-01-07T15:53:31+00:00,8963.0,23,1,22,99.0,3024.8636363636365,0.0024545353118375544,0.1539663059243557,2,18,4.4
552818300041052160,2015-01-07T13:25:28+00:00,2015-01-07T18:34:03+00:00,18515.0,15,1,14,71.0,2293.5714285714284,0.0007561436672967864,0.048609235754793416,1,14,14.0
552818301530025984,2015-01-07T13:25:28+00:00,2015-01-07T13:25:28+00:00,0.0,1,1,0,0.0,0.0,0.0,0.0,0,0,0.0
552818309050421250,2015-01-07T13:25:30+00:00,2015-01-07T13:25:30+00:00,0.0,1,1,0,0.0,0.0,0.0,0.0,0,0,0.0
552818334643658752,2015-01-07T13:25:36+00:00,2015-01-10T06:07:40+00:00,232924.0,32,1,31,244.0,53714.6129032258,0.00013309062183373117,0.008243032061960124,7,9,1.55
552818368487911425,2015-01-07T13:25:44+00:00,2015-01-07T14:01:49+00:00,2165.0,4,1,3,127.0,843.6666666666666,0.0013856812933025404,0.11085450346420322,1,3,3.0
552818685526933505,2015-01-07T13:27:00+00:00,2015-01-08T15:36:27+00:00,94167.0,38,1,37,213.0,24208.783783783783,0.00039291896311871463,0.024212303673261333,8,5,1.7222222222222223
552818799095730176,2015-01-07T13:27:27+00:00,2015-01-07T19:20:03+00:00,21156.0,21,1,20,48.0,1209.8,0.0009453582907922103,0.05955757231990924,2,19,10.0
552818821460148226,2015-01-07T13:27:32+00:00,2015-01-07T14:07:01+00:00,2369.0,6,1,5,46.0,1027.6,0.002110595187842972,0.15196285352469396,2,4,2.5
552818868604129280,2015-01-07T13:27:43+00:00,2015-01-07T22:26:28+00:00,32325.0,9,1,8,145.0,4682.875,0.0002474864655839134,0.016705336426914155,3,6,2.6666666666666665
552818870281850881,2015-01-07T13:27:44+00:00,2015-01-09T01:08:23+00:00,128439.0,24,1,23,52.0,38356.52173913043,0.00017907333442334494,0.01121154789433116,6,14,2.875
552818922798727168,2015-01-07T13:27:56+00:00,2015-01-18T00:58:04+00:00,905408.0,29,1,28,210.0,227695.5357142857,3.092528451261752e-05,0.0019217855375698028,5,12,2.1538461538461537
552818988468944897,2015-01-07T13:28:12+00:00,2015-01-07T19:57:03+00:00,23331.0,14,1,13,22.0,2309.923076923077,0.0005571985770005572,0.036003600360036005,2,12,6.5
552819064301961216,2015-01-07T13:28:30+00:00,2015-01-07T17:06:39+00:00,13089.0,25,1,24,221.0,3330.125,0.0018336007334402934,0.11460004584001833,4,12,3.0
552819155859431424,2015-01-07T13:28:52+00:00,2015-01-07T16:00:55+00:00,9123.0,53,1,52,90.0,6079.057692307692,0.005699879425627535,0.3485695494902992,19,5,1.9259259259259258
552819208212717568,2015-01-07T13:29:04+00:00,2015-01-07T14:50:39+00:00,4895.0,11,1,10,210.0,1730.8,0.0020429009193054137,0.1348314606741573,3,5,2.5
552819316702199811,2015-01-07T13:29:30+00:00,2015-01-08T13:41:10+00:00,87100.0,27,1,26,175.0,10577.26923076923,0.00029850746268656717,0.01859931113662457,6,12,2.0
552819350504493057,2015-01-07T13:29:38+00:00,2015-01-22T19:23:53+00:00,1317255.0,25,1,24,120.0,445855.9166666667,1.82197068904654e-05,0.0011387316806540874,8,12,2.6666666666666665
552819474320359425,2015-01-07T13:30:08+00:00,2015-01-07T13:30:08+00:00,0.0,1,1,0,0.0,0.0,0.0,0.0,0,0,0.0
552819569103220736,2015-01-07T13:30:30+00:00,2015-01-08T12:06:56+00:00,81386.0,8,1,7,2276.0,16276.857142857143,8.600987884894208e-05,0.005897820263927457,3,4,1.75
552819649599897601,2015-01-07T13:30:50+00:00,2015-01-14T21:50:12+00:00,634762.0,73,1,72,320.0,32634.847222222223,0.00011342834007076668,0.006900224020971639,18,10,1.6
552819824007872512,2015-01-07T13:31:31+00:00,2015-01-09T08:47:50+00:00,155779.0,4,1,3,316.0,57842.333333333336,1.925805147035223e-05,0.0015406441176281783,1,3,3.0
552819936343883776,2015-01-07T13:31:58+00:00,2015-01-09T22:48:10+00:00,206172.0,83,1,82,355.0,103726.25609756098,0.0003977261703820111,0.024154589371980676,14,11,2.05
552819983915700224,2015-01-07T13:32:09+00:00,2015-01-07T16:19:50+00:00,10061.0,5,1,4,1055.0,4084.75,0.00039757479375807575,0.02981810953185568,2,2,1.3333333333333333
552819986834923520,2015-01-07T13:32:10+00:00,2015-01-07T19:19:30+00:00,20840.0,13,1,12,1787.0,5076.583333333333,0.0005758157389635317,0.037428023032629563,4,7,2.4
552820025409941506,2015-01-07T13:32:19+00:00,2015-01-07T13:32:19+00:00,0.0,1,1,0,0.0,0.0,0.0,0.0,0,0,0.0
552820150345297921,2015-01-07T13:32:49+00:00,2015-01-07T13:32:49+00:00,0.0,1,1,0,0.0,0.0,0.0,0.0,0,0,0.0
552820156980670464,2015-01-07T13:32:50+00:00,2015-01-07T14:19:45+00:00,2815.0,7,1,6,251.0,884.0,0.0021314387211367673,0.14920071047957373,3,4,2.0
552820265994829824,2015-01-07T13:33:16+00:00,2015-01-07T13:38:06+00:00,290.0,2,1,1,290.0,290.0,0.0034482758620689655,0.4137931034482759,1,1,1.0
552820331204055041,2015-01-07T13:33:32+00:00,2015-01-07T14:53:00+00:00,4768.0,18,1,17,167.0,1214.2941176470588,0.0035654362416107383,0.22651006711409397,3,13,4.25
552820384039706624,2015-01-07T13:33:45+00:00,2015-01-07T13:49:53+00:00,968.0,7,1,6,71.0,324.8333333333333,0.006198347107438017,0.43388429752066116,3,4,2.0
552820533507944448,2015-01-07T13:34:20+00:00,2015-01-08T01:34:14+00:00,43194.0,9,1,8,2072.0,12757.375,0.00018521090892253554,0.01250173635227115,3,5,2.0
552820575752974336,2015-01-07T13:34:30+00:00,2015-01-08T10:31:19+00:00,75409.0,17,1,16,257.0,8519.875,0.00021217626543250807,0.013526236921322389,2,15,8.0
552820735513612288,2015-01-07T13:35:08+00:00,2015-01-07T21:06:15+00:00,27067.0,5,1,4,4219.0,10009.5,0.00014778143126316178,0.011083607344737133,3,2,1.3333333333333333
552820736490889216,2015-01-07T13:35:09+00:00,2015-01-07T18:05:46+00:00,16237.0,31,1,30,27.0,2043.9666666666667,0.0018476319517152183,0.11455318100634353,6,12,1.9333333333333333
552820842544246784,2015-01-07T13:35:34+00:00,2015-01-07T17:47:46+00:00,15132.0,96,1,95,95.0,9004.105263157895,0.006278086174993392,0.3806502775574941,19,7,1.4393939393939394
552820930419109888,2015-01-07T13:35:55+00:00,2015-01-08T01:34:46+00:00,43131.0,24,1,23,35.0,2202.086956521739,0.0005332591407572279,0.03338665924740906,4,15,3.142857142857143
552821030117711872,2015-01-07T13:36:19+00:00,2015-01-08T14:33:13+00:00,89814.0,49,1,48,40.0,38628.520833333336,0.0005344378381989445,0.03273431758968535,8,10,2.0
552821050145513472,2015-01-07T13:36:23+00:00,2015-01-08T12:10:30+00:00,81247.0,20,1,19,39.0,7299.736842105263,0.00023385478848449788,0.014769776114810394,3,14,4.25
552821069036670976,2015-01-07T13:36:28+00:00,2015-01-07T16:00:43+00:00,8655.0,22,1,21,206.0,2638.3809523809523,0.0024263431542461003,0.15251299826689774,3,15,3.0
552821223676444672,2015-01-07T13:37:05+00:00,2015-01-07T14:50:37+00:00,4412.0,7,1,6,487.0,3038.6666666666665,0.0013599274705349048,0.09519492293744333,1,6,6.0
552821282447040513,2015-01-07T13:37:19+00:00,2015-01-11T01:52:21+00:00,303302.0,10,1,9,375.0,36661.0,2.9673394834191663e-05,0.001978226322279444,1,9,9.0
552821287933202435,2015-01-07T13:37:20+00:00,2015-01-07T14:29:45+00:00,3145.0,40,1,39,34.0,1015.1794871794872,0.012400635930047695,0.7631160572337043,8,10,1.7272727272727273
552821437678223361,2015-01-07T13:37:56+00:00,2015-01-11T10:42:16+00:00,335060.0,46,1,45,159.0,33109.955555555556,0.00013430430370679877,0.008237330627350326,17,9,1.875
552821475066281984,2015-01-07T13:38:05+00:00,2015-01-07T17:18:12+00:00,13207.0,11,1,10,107.0,2721.9,0.0007571742257893541,0.049973498902097374,1,10,10.0
552821570423771136,2015-01-07T13:38:27+00:00,2015-01-12T11:30:16+00:00,424309.0,17,1,16,190.0,53879.0625,3.7708368193934135e-05,0.0024039084723633014,2,15,8.0
552821573946982401,2015-01-07T13:38:28+00:00,2015-01-07T15:44:53+00:00,7585.0,21,1,20,164.0,4196.8,0.0026367831245880024,0.16611733684904417,5,13,2.5
552821659103940608,2015-01-07T13:38:49+00:00,2015-01-07T15:05:21+00:00,5192.0,18,1,17,144.0,2365.9411764705883,0.0032742681047765792,0.20801232665639446,4,13,4.25
552821730100924417,2015-01-07T13:39:06+00:00,2015-01-17T02:16:29+00:00,823043.0,31,1,30,195.0,264554.76666666666,3.6450100420026656e-05,0.0022599062260416527,9,12,2.0
552821810224304128,2015-01-07T13:39:25+00:00,2015-01-07T19:05:45+00:00,19580.0,53,1,52,55.0,3972.8076923076924,0.002655771195097038,0.1624106230847804,9,7,1.9259259259259258
552821810572439553,2015-01-07T13:39:25+00:00,2015-01-07T14:16:08+00:00,2203.0,25,1,24,38.0,502.5833333333333,0.010894235133908307,0.6808896958692692,3,19,4.0
552821862850637825,2015-01-07T13:39:37+00:00,2015-01-07T14:50:38+00:00,4261.0,20,1,19,69.0,1176.3157894736842,0.004459047172025346,0.28162403191739027,1,19,19.0
552821977061556225,2015-01-07T13:40:04+00:00,2015-01-09T19:43:26+00:00,194602.0,127,1,126,87.0,65471.13492063492,0.000647475359965468,0.039156843197911635,15,12,1.9636363636363636
552821991850668032,2015-01-07T13:40:08+00:00,2015-01-07T14:13:15+00:00,1987.0,7,1,6,369.0,941.8333333333334,0.003019627579265224,0.21137393054856568,1,6,6.0
552822043490938881,2015-01-07T13:40:20+00:00,2015-01-07T15:48:42+00:00,7702.0,20,1,19,67.0,1555.3157894736842,0.002466891716437289,0.15580368735393405,1,19,19.0
552822076676255744,2015-01-07T13:40:28+00:00,2015-01-07T20:27:32+00:00,24424.0,13,1,12,1017.0,8406.416666666666,0.000491320013101867,0.03193580085162136,2,11,6.0
552822314157768704,2015-01-07T13:41:25+00:00,2015-01-07T23:56:40+00:00,36915.0,19,1,18,83.0,3657.9444444444443,0.00048760666395774075,0.030881755383990246,2,15,9.0
552822330141851649,2015-01-07T13:41:29+00:00,2015-01-10T04:52:10+00:00,227441.0,98,1,97,32.0,70284.0412371134,0.00042648423107531186,0.025852858543534366,18,10,1.4923076923076923
552822434639126528,2015-01-07T13:41:54+00:00,2015-01-07T17:06:05+00:00,12251.0,13,1,12,26.0,1796.8333333333333,0.0009795118765815035,0.06366827197779773,2,11,6.0
552822450824962048,2015-01-07T13:41:57+00:00,2015-01-08T23:10:51+00:00,120534.0,10,1,9,574.0,20561.88888888889,7.466772860769575e-05,0.004977848573846384,1,9,9.0
552822465047437314,2015-01-07T13:42:01+00:00,2015-01-07T14:06:35+00:00,1474.0,4,1,3,587.0,959.3333333333334,0.0020352781546811396,0.1628222523744912,1,3,3.0
552822544341139458,2015-01-07T13:42:20+00:00,2015-01-07T16:49:19+00:00,11219.0,20,1,19,120.0,2476.5263157894738,0.001693555575363223,0.10696140475978252,7,10,1.9
552822566726164481,2015-01-07T13:42:25+00:00,2015-01-08T12:10:54+00:00,80909.0,22,1,21,74.0,65140.28571428572,0.0002595508534279252,0.01631462507261244,13,6,1.4
552822604206460928,2015-01-07T13:42:34+00:00,2015-01-07T15:41:08+00:00,7114.0,26,1,25,99.0,3268.76,0.003514197357323587,0.21928591509699186,4,17,4.166666666666667
552822696195932161,2015-01-07T13:42:56+00:00,2015-01-07T14:11:31+00:00,1715.0,3,1,2,1007.0,1361.0,0.0011661807580174927,0.10495626822157435,1,2,2.0
552822696200142850,2015-01-07T13:42:56+00:00,2015-01-07T13:59:04+00:00,968.0,3,1,2,851.0,909.5,0.002066115702479339,0.18595041322314051,1,2,2.0
552822718115373057,2015-01-07T13:43:01+00:00,2015-01-07T21:40:27+00:00,28646.0,17,1,16,119.0,3190.1875,0.0005585422048453537,0.035607065558891295,1,16,16.0
552822739388882944,2015-01-07T13:43:06+00:00,2015-01-07T16:00:25+00:00,8239.0,12,1,11,864.0,2957.3636363636365,0.0013351134846461949,0.08738924626775094,3,6,2.6666666666666665
552822783311630336,2015-01-07T13:43:17+00:00,2015-01-08T22:39:30+00:00,118573.0,25,1,24,53.0,15806.208333333334,0.00020240695605238968,0.012650434753274355,3,16,2.6666666666666665
552822812281692160,2015-01-07T13:43:24+00:00,2015-01-07T20:46:37+00:00,25393.0,9,1,8,6304.0,11558.875,0.0003150474540227622,0.02126570314653645,1,8,8.0
552822841541144577,2015-01-07T13:43:31+00:00,2015-01-07T14:40:38+00:00,3427.0,4,1,3,654.0,2480.3333333333335,0.0008754012255617158,0.07003209804493726,2,2,1.5
552822873773993984,2015-01-07T13:43:38+00:00,2015-01-07T18:48:32+00:00,18294.0,20,1,19,4380.0,10569.947368421053,0.001038591888050727,0.06559527714004593,5,10,2.7142857142857144
552822887988883457,2015-01-07T13:43:42+00:00,2015-01-08T19:13:46+00:00,106204.0,37,1,36,586.0,31454.722222222223,0.0003389702836051373,0.020903167488983465,6,11,2.3333333333333335
552822944603582464,2015-01-07T13:43:55+00:00,2015-01-07T14:05:34+00:00,1299.0,20,1,19,50.0,505.7894736842105,0.014626635873749037,0.9237875288683604,1,19,19.0
552823014866563072,2015-01-07T13:44:12+00:00,2015-01-10T19:57:49+00:00,281617.0,32,1,31,325.0,50658.32258064516,0.00011007858190379132,0.006817770234041269,11,18,2.8181818181818183
552823029680852992,2015-01-07T13:44:15+00:00,2015-01-07T14:17:16+00:00,1981.0,2,1,1,1981.0,1981.0,0.0005047955577990914,0.06057546693589096,1,1,1.0
552823108537954306,2015-01-07T13:44:34+00:00,2015-01-07T18:38:59+00:00,17665.0,59,1,58,219.0,8195.586206896553,0.003283328615907161,0.20039626379847153,3,1,1.0
552823186966855680,2015-01-07T13:44:53+00:00,2015-01-07T17:36:16+00:00,13883.0,10,1,9,187.0,3935.4444444444443,0.0006482748685442628,0.04321832456961752,1,9,9.0
552823198484819969,2015-01-07T13:44:56+00:00,2015-01-08T23:39:34+00:00,122078.0,13,1,12,56.0,11998.0,9.829780959714281e-05,0.006389357623814282,2,11,6.0
552823301899575296,2015-01-07T13:45:20+00:00,2015-01-09T06:28:36+00:00,146596.0,18,1,17,90.0,12989.176470588236,0.00011596496493765177,0.00736718600780376,2,16,8.5
552823427862908928,2015-01-07T13:45:50+00:00,2015-01-07T15:19:53+00:00,5643.0,18,1,17,190.0,1356.6470588235295,0.003012581959950381,0.19138755980861244,4,11,2.4285714285714284
552823691500072960,2015-01-07T13:46:53+00:00,2015-01-07T13:46:53+00:00,0.0,1,1,0,0.0,0.0,0.0,0.0,0,0,0.0
552823829333291010,2015-01-07T13:47:26+00:00,2015-01-11T01:11:00+00:00,300214.0,10,1,9,201801.0,213640.22222222222,2.9978615254451824e-05,0.0019985743502967885,3,5,3.0
552823933381394432,2015-01-07T13:47:51+00:00,2015-01-08T09:23:55+00:00,70564.0,53,1,52,44.0,9288.826923076924,0.0007369196757553427,0.04506547247888442,19,5,1.4054054054054055
552823940440403968,2015-01-07T13:47:53+00:00,2015-01-08T07:00:25+00:00,61952.0,14,1,13,37.0,6023.692307692308,0.00020983987603305786,0.013558884297520661,2,11,6.0
552823949311369216,2015-01-07T13:47:55+00:00,2015-01-07T19:16:41+00:00,19726.0,4,1,3,1676.0,7911.333333333333,0.00015208354456047857,0.012166683564838285,1,3,3.0
552823984358977536,2015-01-07T13:48:03+00:00,2015-01-07T13:48:03+00:00,0.0,1,1,0,0.0,0.0,0.0,0.0,0,0,0.0
552824126659104771,2015-01-07T13:48:37+00:00,2015-01-09T11:03:00+00:00,162863.0,3,1,2,114758.0,138810.5,1.2280260095908831e-05,0.0011052234086317949,1,2,2.0
552824162969210880,2015-01-07T13:48:46+00:00,2015-01-07T18:52:43+00:00,18237.0,15,1,14,40.0,2389.5714285714284,0.000767670121182212,0.049350222075999345,2,12,4.666666666666667
552824163841638400,2015-01-07T13:48:46+00:00,2015-01-07T16:24:14+00:00,9328.0,22,1,21,51.0,2874.6666666666665,0.002251286449399657,0.14150943396226415,8,10,1.9090909090909092
552824320389435392,2015-01-07T13:49:23+00:00,2015-01-08T13:27:00+00:00,85057.0,23,1,22,42.0,10619.40909090909,0.0002586500817099122,0.01622441421634904,4,19,5.5
552824383816073216,2015-01-07T13:49:38+00:00,2015-01-07T16:25:10+00:00,9332.0,16,1,15,377.0,2446.6666666666665,0.0016073724817831118,0.10287183883411916,1,15,15.0
552824456557887488,2015-01-07T13:49:56+00:00,2015-01-09T23:53:47+00:00,209031.0,18,1,17,307.0,16785.176470588234,8.132764996579455e-05,0.00516669776253283,5,11,2.8333333333333335
552824462958395392,2015-01-07T13:49:57+00:00,2015-01-08T00:08:35+00:00,37118.0,20,1,19,231.0,5053.0,0.0005118810280726332,0.03232932808879789,1,19,19.0
552824705703763969,2015-01-07T13:50:55+00:00,2015-01-07T14:24:03+00:00,1988.0,3,1,2,360.0,1174.0,0.001006036217303823,0.09054325955734406,1,2,2.0
552824742097719296,2015-01-07T13:51:04+00:00,2015-01-07T17:48:09+00:00,14225.0,32,1,31,442.0,7489.741935483871,0.002179261862917399,0.13497363796133566,3,15,3.875
552824769754976257,2015-01-07T13:51:10+00:00,2015-01-07T15:17:27+00:00,5177.0,6,1,5,147.0,2395.2,0.0009658103148541626,0.06953834266949971,2,4,2.5
552824885484224513,2015-01-07T13:51:38+00:00,2015-01-07T14:13:47+00:00,1329.0,7,1,6,305.0,581.3333333333334,0.004514672686230248,0.3160270880361174,2,4,3.0
552825083941879808,2015-01-07T13:52:25+00:00,2015-01-07T16:17:32+00:00,8707.0,34,1,33,16.0,1788.7272727272727,0.0037900539795566787,0.2342942460089583,11,12,1.8333333333333333
552825211654246401,2015-01-07T13:52:56+00:00,2015-01-07T15:07:42+00:00,4486.0,15,1,14,72.0,995.5714285714286,0.003120820329915292,0.20062416406598307,2,13,7.0
552825236715208707,2015-01-07T13:53:02+00:00,2015-01-07T22:33:10+00:00,31208.0,46,1,45,58.0,3842.9777777777776,0.0014419379646244553,0.08843886183029992,9,13,1.8
552825257707335680,2015-01-07T13:53:07+00:00,2015-01-07T20:21:49+00:00,23322.0,6,1,5,490.0,9320.6,0.0002143898464968699,0.015436068947774634,1,5,5.0
552825303341740032,2015-01-07T13:53:17+00:00,2015-01-08T01:58:29+00:00,43512.0,32,1,31,208.0,23934.58064516129,0.0007124471410185696,0.0441257584114727,14,10,1.7058823529411764
552825402872590336,2015-01-07T13:53:41+00:00,2015-01-08T16:21:10+00:00,95249.0,18,1,17,1416.0,11671.29411764706,0.0001784795640899117,0.011338701718653215,3,7,3.5
552825459546030080,2015-01-07T13:53:55+00:00,2015-01-12T19:57:13+00:00,453798.0,35,1,34,443.0,42834.64705882353,7.49232037161909e-05,0.004627609641294144,8,5,1.4782608695652173
552825473160736768,2015-01-07T13:53:58+00:00,2015-01-07T17:51:11+00:00,14233.0,2,1,1,14233.0,14233.0,7.025925665706457e-05,0.008431110798847749,1,1,1.0
552825512708808704,2015-01-07T13:54:07+00:00,2015-01-07T14:56:32+00:00,3745.0,20,1,19,31.0,1052.842105263158,0.005073431241655541,0.3204272363150868,1,19,19.0
552825664307744769,2015-01-07T13:54:44+00:00,2015-01-09T16:29:54+00:00,182110.0,28,1,27,109.0,14016.666666666666,0.0001482620394267201,0.009225193564329251,6,11,2.25
552825739075022848,2015-01-07T13:55:01+00:00,2015-01-09T23:03:37+00:00,205716.0,5,1,4,30678.0,75496.5,1.9444282408757704e-05,0.0014583211806568279,1,4,4.0
552825753264717824,2015-01-07T13:55:05+00:00,2015-01-07T17:25:08+00:00,12603.0,11,1,10,77.0,1953.2,0.0007934618741569468,0.05236848369435848,2,9,5.0
552825783337897984,2015-01-07T13:55:12+00:00,2015-01-07T18:09:43+00:00,15271.0,15,1,14,599.0,13114.285714285714,0.0009167703490275686,0.058935236723200835,2,2,1.5
552825844755083265,2015-01-07T13:55:27+00:00,2015-01-08T13:54:51+00:00,86364.0,28,1,27,158.0,4824.148148148148,0.0003126302626094206,0.019452549673475057,3,17,8.0
552826060455550976,2015-01-07T13:56:18+00:00,2015-01-07T16:34:08+00:00,9470.0,7,1,6,1249.0,3508.6666666666665,0.0006335797254487857,0.04435058078141499,2,5,3.0
552826150141960192,2015-01-07T13:56:39+00:00,2015-01-09T11:31:14+00:00,164075.0,8,1,7,499.0,65431.42857142857,4.266341612067652e-05,0.0029254913911321043,2,5,3.0
552826238407294977,2015-01-07T13:57:00+00:00,2015-01-07T18:21:13+00:00,15853.0,8,1,7,483.0,4849.571428571428,0.0004415568031287453,0.030278180785971113,1,7,7.0
552826270866616320,2015-01-07T13:57:08+00:00,2015-01-07T15:23:05+00:00,5157.0,23,1,22,752.0,3080.818181818182,0.0042660461508629045,0.2675974403723095,4,13,3.142857142857143
552826443965927425,2015-01-07T13:57:49+00:00,2015-01-07T23:57:24+00:00,35975.0,23,1,22,51.0,4741.727272727273,0.0006115357887421821,0.03835997220291869,4,15,3.142857142857143
552826524467216385,2015-01-07T13:58:09+00:00,2015-01-07T13:58:09+00:00,0.0,1,1,0,0.0,0.0,0.0,0.0,0,0,0.0
552826580741795840,2015-01-07T13:58:22+00:00,2015-01-07T17:36:45+00:00,13103.0,25,1,24,61.0,1862.5,0.0018316416087918797,0.11447760054949249,4,12,4.75
552826581916594178,2015-01-07T13:58:22+00:00,2015-01-09T21:56:02+00:00,201460.0,14,1,13,212.0,82229.76923076923,6.452893874714583e-05,0.004169562195969424,1,5,5.0
552826724774592512,2015-01-07T13:58:56+00:00,2015-01-09T01:38:39+00:00,128383.0,3,1,2,2820.0,65601.5,1.5578386546505378e-05,0.0014020547891854841,2,1,1.0
552826876398292992,2015-01-07T13:59:33+00:00,2015-01-08T15:35:20+00:00,92147.0,10,1,9,470.0,22673.555555555555,9.767002723908537e-05,0.006511335149272358,2,8,4.5
552826992509599744,2015-01-07T14:00:00+00:00,2015-01-07T18:44:50+00:00,17090.0,12,1,11,103.0,4312.727272727273,0.0006436512580456407,0.042129900526623756,3,9,3.6666666666666665
552827008800280576,2015-01-07T14:00:04+00:00,2015-01-09T13:50:14+00:00,172210.0,13,1,12,70.0,38359.916666666664,6.96823645549039e-05,0.004529353696068754,1,12,12.0
552827029692104706,2015-01-07T14:00:09+00:00,2015-01-07T14:18:10+00:00,1081.0,2,1,1,1081.0,1081.0,0.0009250693802035153,0.11100832562442184,1,1,1.0
552827117663436801,2015-01-07T14:00:30+00:00,2015-01-07T14:21:03+00:00,1233.0,22,1,21,316.0,752.1428571428571,0.0170316301703163,1.0705596107055961,3,16,3.5
552827123963281408,2015-01-07T14:00:32+00:00,2015-01-07T19:58:45+00:00,21493.0,22,1,21,313.0,2143.1428571428573,0.0009770622993532777,0.06141534453077747,5,5,2.0
552827133500719104,2015-01-07T14:00:34+00:00,2015-01-07T14:48:58+00:00,2904.0,22,1,21,28.0,670.1428571428571,0.007231404958677686,0.4545454545454546,3,19,7.0
552827164677373952,2015-01-07T14:00:41+00:00,2015-01-07T19:59:09+00:00,21508.0,21,1,20,171.0,8529.75,0.0009298865538404315,0.05858285289194719,3,16,4.0
552827349667176448,2015-01-07T14:01:25+00:00,2015-01-07T16:29:31+00:00,8886.0,22,1,21,49.0,2493.5714285714284,0.002363268062120189,0.1485482781904119,4,14,3.8
552827553493565441,2015-01-07T14:02:14+00:00,2015-01-12T04:24:22+00:00,397328.0,17,1,16,789.0,31419.6875,4.0268996899287236e-05,0.0025671485523295614,2,14,5.333333333333333
552827606715076608,2015-01-07T14:02:27+00:00,2015-01-08T02:19:48+00:00,44241.0,12,1,11,402.0,5240.818181818182,0.00024863814109084335,0.016274496507764292,2,9,3.6666666666666665
552827757164371968,2015-01-07T14:03:03+00:00,2015-01-07T14:03:03+00:00,0.0,1,1,0,0.0,0.0,0.0,0.0,0,0,0.0
552827819521085441,2015-01-07T14:03:17+00:00,2015-01-08T04:48:11+00:00,53094.0,17,1,16,19117.0,29628.75,0.0003013523185294007,0.019211210306249293,5,12,3.2
552827825603219456,2015-01-07T14:03:19+00:00,2015-01-07T15:35:31+00:00,5532.0,8,1,7,751.0,3245.1428571428573,0.0012653651482284888,0.08676789587852494,4,4,1.75
552827848734830592,2015-01-07T14:03:24+00:00,2015-01-07T18:25:49+00:00,15745.0,12,1,11,68.0,3422.0,0.0006986344871387743,0.04572880279453795,1,11,11.0
552827966950866945,2015-01-07T14:03:53+00:00,2015-01-07T15:51:28+00:00,6455.0,9,1,8,183.0,2172.0,0.0012393493415956622,0.08365608055770721,4,3,1.6
552827979093385216,2015-01-07T14:03:55+00:00,2015-01-08T11:36:45+00:00,77570.0,7,1,6,635.0,17421.0,7.734949078251902e-05,0.0054144643547763315,1,6,6.0
552827981069291520,2015-01-07T14:03:56+00:00,2015-01-09T02:54:19+00:00,132623.0,13,1,12,1079.0,15120.416666666666,9.048204308453285e-05,0.005881332800494635,2,10,4.0
552828280806850561,2015-01-07T14:05:07+00:00,2015-01-07T15:08:21+00:00,3794.0,12,1,11,59.0,1269.4545454545455,0.0028993147074327886,0.18977332630469163,2,10,5.5
552828308744699904,2015-01-07T14:05:14+00:00,2015-01-07T15:15:58+00:00,4244.0,4,1,3,266.0,1861.6666666666667,0.000706880301602262,0.05655042412818096,1,3,3.0
552828400843620353,2015-01-07T14:05:36+00:00,2015-01-07T16:26:51+00:00,8475.0,6,1,5,175.0,2093.8,0.0005899705014749262,0.04247787610619469,1,5,5.0
552828474814398464,2015-01-07T14:05:54+00:00,2015-01-07T15:26:23+00:00,4829.0,13,1,12,135.0,1434.9166666666667,0.0024849865396562435,0.16152412507765582,2,8,4.0
552828504060874752,2015-01-07T14:06:01+00:00,2015-01-10T10:19:02+00:00,245581.0,19,1,18,236.0,56274.5,7.329557254022094e-05,0.004642052927547326,2,17,9.0
552828573896413185,2015-01-07T14:06:17+00:00,2015-01-07T20:06:42+00:00,21625.0,30,1,29,152.0,8612.379310344828,0.0013410404624277456,0.08323699421965318,5,14,2.6363636363636362
552828658747187201,2015-01-07T14:06:37+00:00,2015-01-07T14:23:57+00:00,1040.0,6,1,5,37.0,567.8,0.004807692307692308,0.3461538461538462,1,5,5.0
552828811344359425,2015-01-07T14:07:14+00:00,2015-01-08T08:04:41+00:00,64647.0,42,1,41,422.0,5286.365853658536,0.0006342134979194703,0.03898092718919671,8,9,2.1052631578947367
552828872379875328,2015-01-07T14:07:28+00:00,2015-01-07T15:10:12+00:00,3764.0,28,1,27,231.0,2299.222222222222,0.0071732199787460146,0.4463336875664187,11,4,1.4210526315789473
552829011983089664,2015-01-07T14:08:02+00:00,2015-01-13T07:13:08+00:00,493506.0,21,1,20,243.0,29514.85,4.052635631583e-05,0.00255316044789729,3,17,5.0
552829031075553281,2015-01-07T14:08:06+00:00,2015-01-08T22:43:32+00:00,117326.0,19,1,18,236.0,15405.444444444445,0.00015341867957656446,0.009716516373182415,2,15,4.5
552829046485434368,2015-01-07T14:08:10+00:00,2015-01-07T14:29:42+00:00,1292.0,20,1,19,22.0,618.1578947368421,0.014705882352941176,0.9287925696594427,2,17,6.333333333333333
552829082388660224,2015-01-07T14:08:18+00:00,2015-01-07T21:14:26+00:00,25568.0,11,1,10,298.0,9317.4,0.0003911138923654568,0.025813516896120152,2,8,3.3333333333333335
552829096816693248,2015-01-07T14:08:22+00:00,2015-01-07T16:39:34+00:00,9072.0,91,1,90,47.0,2228.8555555555554,0.00992063492063492,0.6018518518518519,14,7,1.836734693877551
552829129356496896,2015-01-07T14:08:30+00:00,2015-01-07T19:03:19+00:00,17689.0,22,1,21,76.0,2533.9523809523807,0.001187178472497032,0.07462264684267059,3,15,4.2
552829176018112513,2015-01-07T14:08:41+00:00,2015-01-07T16:30:23+00:00,8502.0,37,1,36,82.0,3600.4166666666665,0.004234297812279464,0.2611150317572336,12,16,1.894736842105263
552829217134505985,2015-01-07T14:08:51+00:00,2015-01-08T17:11:43+00:00,97372.0,24,1,23,89.0,17740.608695652172,0.00023620753399334512,0.014788645606539868,12,5,1.3529411764705883
552829306439598080,2015-01-07T14:09:12+00:00,2015-01-07T17:25:34+00:00,11782.0,9,1,8,135.0,3185.0,0.0006790018672551349,0.04583262603972161,1,8,8.0
552829386773516290,2015-01-07T14:09:31+00:00,2015-01-07T18:31:15+00:00,15704.0,16,1,15,167.0,2341.4666666666667,0.0009551706571574121,0.06113092205807437,2,13,5.0
552829395690201088,2015-01-07T14:09:33+00:00,2015-01-08T01:47:31+00:00,41878.0,22,1,21,1312.0,12443.857142857143,0.0005014566120636134,0.03152012990114141,2,17,4.2
552829396265230336,2015-01-07T14:09:33+00:00,2015-01-09T18:13:22+00:00,187429.0,42,1,41,7716.0,72697.39024390244,0.00021874949981059495,0.013445091207870715,8,13,1.8636363636363635
552829481962835969,2015-01-07T14:09:54+00:00,2015-01-07T17:26:16+00:00,11782.0,20,1,19,127.0,2370.684210526316,0.0016126294347309454,0.10185028008827024,2,17,6.333333333333333
552829571750715392,2015-01-07T14:10:15+00:00,2015-01-07T17:44:31+00:00,12856.0,23,1,22,56.0,1612.409090909091,0.0017112632233976354,0.1073428749222153,4,17,3.6666666666666665
552829580579323904,2015-01-07T14:10:17+00:00,2015-01-17T13:04:20+00:00,860043.0,13,1,12,199.0,94585.33333333333,1.3952790732556396e-05,0.0009069313976161657,4,9,3.0
552829622128500736,2015-01-07T14:10:27+00:00,2015-01-07T15:23:11+00:00,4364.0,4,1,3,103.0,2766.6666666666665,0.000687442713107241,0.054995417048579284,1,3,3.0
552829637215408128,2015-01-07T14:10:31+00:00,2015-01-08T04:12:21+00:00,50510.0,34,1,33,326.0,16090.515151515152,0.0006533359730746387,0.04038804197188675,10,15,2.5833333333333335
552829734502297600,2015-01-07T14:10:54+00:00,2015-01-07T20:32:57+00:00,22923.0,76,1,75,453.0,7529.466666666666,0.0032718230598089257,0.19892684203638267,19,5,1.271186440677966
552829904396775425,2015-01-07T14:11:34+00:00,2015-01-07T15:49:59+00:00,5905.0,7,1,6,413.0,2426.6666666666665,0.0010160880609652837,0.07112616426756985,1,6,6.0
552829971631472640,2015-01-07T14:11:50+00:00,2015-01-08T17:50:11+00:00,99501.0,24,1,23,113.0,23791.217391304348,0.00023115345574416338,0.014472216359634577,6,15,3.8333333333333335
552830151650967552,2015-01-07T14:12:33+00:00,2015-01-08T02:12:37+00:00,43204.0,20,1,19,206.0,10966.526315789473,0.0004397740949912045,0.027775205999444493,4,16,4.75
552830433688571904,2015-01-07T14:13:41+00:00,2015-01-07T15:49:24+00:00,5743.0,15,1,14,68.0,1066.2142857142858,0.002437750304718788,0.15671251958906496,4,11,3.5
552830459273809920,2015-01-07T14:13:47+00:00,2015-01-07T17:41:54+00:00,12487.0,5,1,4,1032.0,4092.75,0.00032033314647233124,0.02402498598542484,3,2,1.3333333333333333
552830521340723200,2015-01-07T14:14:02+00:00,2015-01-08T01:09:35+00:00,39333.0,15,1,14,272.0,6737.428571428572,0.0003559352197899982,0.022881549843642743,2,13,7.0
552830599002857472,2015-01-07T14:14:20+00:00,2015-01-11T21:06:19+00:00,370319.0,10,1,9,195.0,118390.11111111111,2.4303370877540716e-05,0.001620224725169381,2,8,4.5
552830668607348736,2015-01-07T14:14:37+00:00,2015-01-08T09:39:04+00:00,69867.0,10,1,9,261.0,15975.333333333334,0.0001288161793121216,0.008587745287474774,2,7,4.5
552830674357334016,2015-01-07T14:14:38+00:00,2015-01-07T14:34:32+00:00,1194.0,5,1,4,227.0,713.0,0.0033500837520938024,0.2512562814070352,1,4,4.0
552830684021424128,2015-01-07T14:14:40+00:00,2015-01-12T19:52:59+00:00,452299.0,14,1,13,203.0,78845.38461538461,2.874204895434215e-05,0.0018571785478190312,3,5,3.25
552830781656428544,2015-01-07T14:15:04+00:00,2015-01-08T11:22:47+00:00,76063.0,42,1,41,234.0,5052.512195121952,0.0005390268593139897,0.033130431352957415,5,12,4.1
552830850279424001,2015-01-07T14:15:20+00:00,2015-01-08T00:02:12+00:00,35212.0,15,1,14,48.0,3962.714285714286,0.00039759173009201406,0.025559468363058047,1,14,14.0
552830862585503746,2015-01-07T14:15:23+00:00,2015-01-09T01:13:28+00:00,125885.0,16,1,15,1100.0,16493.066666666666,0.00011915637288000954,0.00762600786432061,5,10,2.5
552830864187727876,2015-01-07T14:15:23+00:00,2015-01-07T18:27:45+00:00,15142.0,10,1,9,27.0,3462.3333333333335,0.0005943732664113062,0.03962488442742042,2,7,4.0
552830966411321344,2015-01-07T14:15:48+00:00,2015-01-09T14:15:09+00:00,172761.0,9,1,8,1883.0,28395.75,4.6306747471941005e-05,0.003125705454356018,1,8,8.0
552831101312303104,2015-01-07T14:16:20+00:00,2015-01-07T14:35:14+00:00,1134.0,4,1,3,674.0,843.0,0.0026455026455026454,0.21164021164021166,1,3,3.0
552831107985858560,2015-01-07T14:16:21+00:00,2015-01-08T11:52:33+00:00,77772.0,47,1,46,1808.0,22729.695652173912,0.0005914725093864115,0.03625983644499305,14,9,2.090909090909091
552831197420994560,2015-01-07T14:16:43+00:00,2015-01-08T15:13:14+00:00,89791.0,14,1,13,233.0,28802.30769230769,0.00014478065730418415,0.009355057856578053,3,10,4.333333333333333
552831230735962113,2015-01-07T14:16:51+00:00,2015-01-07T16:46:07+00:00,8956.0,7,1,6,46.0,3613.0,0.0006699419383653417,0.04689593568557391,1,6,6.0
552831266945794048,2015-01-07T14:16:59+00:00,2015-01-07T19:06:40+00:00,17381.0,15,1,14,54.0,4277.142857142857,0.0008054772452678212,0.05178068005293136,4,9,2.8
552831420197261314,2015-01-07T14:17:36+00:00,2015-01-07T14:30:04+00:00,748.0,2,1,1,748.0,748.0,0.001336898395721925,0.16042780748663102,1,1,1.0
552831460236099586,2015-01-07T14:17:45+00:00,2015-01-07T15:28:21+00:00,4236.0,28,1,27,26.0,720.074074074074,0.006373937677053824,0.39660056657223797,4,6,1.7
552831506041683970,2015-01-07T14:17:56+00:00,2015-01-08T05:12:06+00:00,53650.0,3,1,2,1852.0,27751.0,3.727865796831314e-05,0.0033550792171481826,1,2,2.0
552831515940634624,2015-01-07T14:17:59+00:00,2015-01-07T17:20:31+00:00,10952.0,52,1,51,314.0,6248.882352941177,0.004656683710737765,0.28487947406866326,19,8,1.7
552831524002103297,2015-01-07T14:18:01+00:00,2015-01-07T17:43:20+00:00,12319.0,15,1,14,1890.0,5419.571428571428,0.001136455881159185,0.07305787807451904,4,11,3.5
552831624283693056,2015-01-07T14:18:25+00:00,2015-01-07T14:31:35+00:00,790.0,4,1,3,125.0,372.3333333333333,0.0037974683544303796,0.3037974683544304,1,3,3.0
552831705351225344,2015-01-07T14:18:44+00:00,2015-01-07T15:30:44+00:00,4320.0,7,1,6,216.0,2382.5,0.001388888888888889,0.09722222222222222,1,6,6.0
552831761957523456,2015-01-07T14:18:57+00:00,2015-01-09T02:26:19+00:00,130042.0,12,1,11,2828.0,15746.454545454546,8.45880561664693e-05,0.005536672767259808,1,11,11.0
552831842232324097,2015-01-07T14:19:16+00:00,2015-01-07T18:07:48+00:00,13712.0,30,1,29,190.0,1767.2068965517242,0.002114935822637106,0.13127187864644108,11,5,1.7058823529411764
552831881847533568,2015-01-07T14:19:26+00:00,2015-01-07T14:30:14+00:00,648.0,20,1,19,48.0,329.1578947368421,0.029320987654320986,1.8518518518518516,3,16,6.0
552831974784905216,2015-01-07T14:19:48+00:00,2015-01-08T12:00:24+00:00,78036.0,10,1,9,1360.0,16352.333333333334,0.00011533138551437797,0.007688759034291866,1,9,9.0
552831978522021890,2015-01-07T14:19:49+00:00,2015-01-07T16:11:37+00:00,6708.0,5,1,4,1387.0,3217.25,0.0005963029218843172,0.044722719141323794,2,3,2.0
552832019940376576,2015-01-07T14:19:59+00:00,2015-01-07T17:39:23+00:00,11964.0,9,1,8,204.0,4582.875,0.0006686726847208291,0.045135406218655964,2,7,4.0
552832142397296641,2015-01-07T14:20:28+00:00,2015-01-07T14:54:21+00:00,2033.0,20,1,19,99.0,1126.3157894736842,0.009345794392523364,0.5902606984751598,4,10,2.5714285714285716
552832169496694786,2015-01-07T14:20:34+00:00,2015-01-08T07:40:28+00:00,62394.0,27,1,26,84.0,24522.80769230769,0.0004167067346219188,0.025964035003365707,5,12,2.6666666666666665
552832177138696192,2015-01-07T14:20:36+00:00,2015-01-09T17:39:45+00:00,184749.0,26,1,25,43.0,30944.56,0.00013531872973602022,0.008443888735527661,4,16,3.5714285714285716
552832232197746688,2015-01-07T14:20:49+00:00,2015-01-13T16:14:54+00:00,525245.0,10,1,9,214.0,85560.77777777778,1.7134860874449067e-05,0.0011423240582966044,3,4,1.8
552832291601674240,2015-01-07T14:21:04+00:00,2015-01-07T16:52:11+00:00,9067.0,15,1,14,61.0,2214.714285714286,0.0015440608801147017,0.09926105657880224,3,12,4.666666666666667
552832584045330432,2015-01-07T14:22:13+00:00,2015-01-07T21:24:02+00:00,25309.0,20,1,19,67.0,3785.3684210526317,0.0007507210873602275,0.0474139634122249,5,14,3.1666666666666665
552832721945628672,2015-01-07T14:22:46+00:00,2015-01-07T14:29:01+00:00,375.0,4,1,3,86.0,240.66666666666666,0.008,0.64,1,3,3.0
552832738542514176,2015-01-07T14:22:50+00:00,2015-01-07T21:28:16+00:00,25526.0,19,1,18,25.0,3765.3333333333335,0.0007051633628457259,0.044660346313562645,2,16,9.0
552832784046108672,2015-01-07T14:23:01+00:00,2015-01-08T07:07:39+00:00,60278.0,10,1,9,322.0,39123.11111111111,0.0001493082053153721,0.00995388035435814,2,8,4.5
552832817089236992,2015-01-07T14:23:09+00:00,2015-01-07T15:40:18+00:00,4629.0,13,1,12,1090.0,2145.5833333333335,0.002592352559948153,0.16850291639662993,2,8,3.6666666666666665
552832996676730881,2015-01-07T14:23:52+00:00,2015-01-07T14:23:52+00:00,0.0,1,1,0,0.0,0.0,0.0,0.0,0,0,0.0
552833028201144320,2015-01-07T14:23:59+00:00,2015-01-07T17:19:32+00:00,10533.0,19,1,18,59.0,2030.4444444444443,0.001708914839077186,0.1082312731415551,2,17,9.0
552833148128862208,2015-01-07T14:24:28+00:00,2015-01-07T18:05:29+00:00,13261.0,25,1,24,80.0,1554.6666666666667,0.0018098182640826485,0.11311364150516552,3,17,3.4285714285714284
552833197084778496,2015-01-07T14:24:39+00:00,2015-01-07T15:21:16+00:00,3397.0,20,1,19,70.0,1720.7894736842106,0.005593170444509862,0.3532528701795702,5,12,3.1666666666666665
552833236389199874,2015-01-07T14:24:49+00:00,2015-01-09T07:15:23+00:00,147034.0,19,1,18,154.0,23072.055555555555,0.00012242066460818585,0.007753308758518438,3,10,2.5714285714285716
552833268362772481,2015-01-07T14:24:56+00:00,2015-01-07T22:15:25+00:00,28229.0,23,1,22,23.0,3469.681818181818,0.0007793403946296362,0.04888589748131354,6,11,2.2
552833393734721537,2015-01-07T14:25:26+00:00,2015-01-07T15:30:11+00:00,3885.0,21,1,20,175.0,876.15,0.005148005148005148,0.32432432432432434,7,8,2.0
552833432540430337,2015-01-07T14:25:36+00:00,2015-01-07T19:32:56+00:00,18440.0,10,1,9,320.0,5656.888888888889,0.00048806941431670285,0.03253796095444686,1,9,9.0
552833483325059072,2015-01-07T14:25:48+00:00,2015-01-07T15:48:34+00:00,4966.0,20,1,19,159.0,2223.2105263157896,0.0038260169150221507,0.24164317358034637,2,13,4.0
552833527444566016,2015-01-07T14:25:58+00:00,2015-01-07T19:18:32+00:00,17554.0,21,1,20,106.0,9972.45,0.0011393414606357525,0.0717785120200524,3,16,4.0
552833658017824768,2015-01-07T14:26:29+00:00,2015-01-07T17:53:34+00:00,12425.0,13,1,12,1018.0,7485.083333333333,0.00096579476861167,0.06277665995975855,1,12,12.0
552833662593400833,2015-01-07T14:26:30+00:00,2015-01-07T14:50:23+00:00,1433.0,20,1,19,34.0,612.6842105263158,0.013258897418004187,0.8374040474528961,2,18,9.5
552833681111658496,2015-01-07T14:26:35+00:00,2015-01-08T00:42:35+00:00,36960.0,51,1,50,218.0,2148.64,0.0013528138528138528,0.08279220779220779,14,7,1.5
552833795142209536,2015-01-07T14:27:02+00:00,2015-01-08T14:14:23+00:00,85641.0,21,1,20,1390.0,32346.6,0.00023353300405179762,0.014712579255263251,3,10,3.4
552833941930274816,2015-01-07T14:27:37+00:00,2015-01-08T14:44:48+00:00,87431.0,10,1,9,621.0,21309.11111111111,0.00010293831707289177,0.0068625544715261175,2,7,3.0
552833942777511937,2015-01-07T14:27:37+00:00,2015-01-07T18:19:51+00:00,13934.0,5,1,4,228.0,4130.25,0.00028706760442084113,0.021530070331563084,2,3,2.0
552834033600966657,2015-01-07T14:27:59+00:00,2015-01-07T19:24:00+00:00,17761.0,8,1,7,8678.0,13723.714285714286,0.00039412195259275944,0.027025505320646362,2,6,3.5
552834182905221121,2015-01-07T14:28:35+00:00,2015-01-07T17:55:13+00:00,12398.0,20,1,19,38.0,2293.8947368421054,0.0015325052427810938,0.09678980480722697,1,19,19.0
552834229722038273,2015-01-07T14:28:46+00:00,2015-01-09T04:43:32+00:00,137686.0,85,1,84,124.0,13117.333333333334,0.0006100838138953852,0.03704080298650552,18,6,1.5
552834411553886209,2015-01-07T14:29:29+00:00,2015-01-07T16:20:32+00:00,6663.0,8,1,7,273.0,2188.5714285714284,0.00105057781779979,0.0720396217919856,2,6,3.5
552834445301256192,2015-01-07T14:29:37+00:00,2015-01-08T05:32:24+00:00,54167.0,5,1,4,10500.0,27935.5,7.384569941108055e-05,0.005538427455831042,1,4,4.0
552834461478715392,2015-01-07T14:29:41+00:00,2015-01-07T15:00:10+00:00,1829.0,22,1,21,71.0,742.047619047619,0.011481683980317113,0.7217058501913614,3,16,3.5
552834481183539201,2015-01-07T14:29:46+00:00,2015-01-07T20:24:08+00:00,21262.0,20,1,19,50.0,2360.2105263157896,0.000893613018530712,0.05643871695983445,4,6,2.375
552834501383290880,2015-01-07T14:29:50+00:00,2015-01-07T16:06:57+00:00,5827.0,22,1,21,52.0,2204.6190476190477,0.003603912819632744,0.22653166294834393,2,19,10.5
552834558706847745,2015-01-07T14:30:04+00:00,2015-01-07T14:55:34+00:00,1530.0,20,1,19,496.0,1012.0526315789474,0.01241830065359477,0.7843137254901961,4,8,2.7142857142857144
552834559297867778,2015-01-07T14:30:04+00:00,2015-01-09T01:42:41+00:00,126757.0,29,1,28,137.0,22963.89285714286,0.0002208950984955466,0.01372705254936611,5,15,2.3333333333333335
552834623944671232,2015-01-07T14:30:20+00:00,2015-01-07T14:37:34+00:00,434.0,4,1,3,57.0,232.33333333333334,0.0069124423963133645,0.5529953917050692,1,3,3.0
552834640692912128,2015-01-07T14:30:24+00:00,2015-01-09T15:46:29+00:00,177365.0,40,1,39,222.0,16390.897435897437,0.00021988554675386913,0.013531418261776562,11,4,1.625
552834732325879809,2015-01-07T14:30:46+00:00,2015-01-07T15:49:13+00:00,4707.0,22,1,21,127.0,1487.2380952380952,0.004461440407903123,0.2804333970681963,8,10,1.9090909090909092
552834754056556544,2015-01-07T14:30:51+00:00,2015-01-07T15:55:24+00:00,5073.0,3,1,2,4959.0,5016.0,0.0003942440370589395,0.03548196333530455,2,1,1.0
552834808121163776,2015-01-07T14:31:04+00:00,2015-01-08T02:36:46+00:00,43542.0,12,1,11,82.0,6427.727272727273,0.0002526296449405172,0.01653575857792476,4,6,1.8333333333333333
552834842837409793,2015-01-07T14:31:12+00:00,2015-01-11T05:47:45+00:00,314193.0,68,1,67,62.0,54085.58208955224,0.00021324472537580404,0.012985648948257917,10,16,2.09375
552834961762709505,2015-01-07T14:31:40+00:00,2015-01-07T16:14:52+00:00,6192.0,18,1,17,31.0,1443.5882352941176,0.0027454780361757104,0.1744186046511628,4,12,4.25
552834996265054208,2015-01-07T14:31:48+00:00,2015-01-09T18:04:07+00:00,185539.0,11,1,10,533.0,29710.6,5.3897024345285894e-05,0.0035572036067888693,1,10,10.0
552835109372825601,2015-01-07T14:32:15+00:00,2015-01-07T15:08:18+00:00,2163.0,5,1,4,978.0,1304.25,0.0018492834026814608,0.1386962552011096,1,4,4.0
552835209285337089,2015-01-07T14:32:39+00:00,2015-01-07T20:02:30+00:00,19791.0,20,1,19,517.0,5043.421052631579,0.000960032337931383,0.06063362134303471,1,19,19.0
552835221859483649,2015-01-07T14:32:42+00:00,2015-01-07T17:59:45+00:00,12423.0,24,1,23,316.0,3791.9565217391305,0.001851404652660388,0.11591403042743298,12,12,1.9166666666666667
552835288725061635,2015-01-07T14:32:58+00:00,2015-01-13T19:02:13+00:00,534555.0,6,1,5,639.0,120726.8,9.35357446848313e-06,0.0006734573617307854,1,5,5.0
552835301547442176,2015-01-07T14:33:01+00:00,2015-01-08T01:35:28+00:00,39747.0,3,1,2,9533.0,24640.0,5.0318263013560775e-05,0.0045286436712204696,1,2,2.0
552835339325558785,2015-01-07T14:33:10+00:00,2015-01-09T11:37:38+00:00,162268.0,17,1,16,139.0,13823.625,9.860231222422166e-05,0.006285897404294131,5,10,2.2857142857142856
552835385043062784,2015-01-07T14:33:21+00:00,2015-01-07T14:42:50+00:00,569.0,2,1,1,569.0,569.0,0.0017574692442882249,0.210896309314587,1,1,1.0
552835794646212608,2015-01-07T14:34:59+00:00,2015-01-07T15:22:46+00:00,2867.0,5,1,4,188.0,962.75,0.0013951866062085804,0.10463899546564354,1,4,4.0
552835854750605313,2015-01-07T14:35:13+00:00,2015-01-07T15:06:23+00:00,1870.0,20,1,19,58.0,601.0,0.010160427807486631,0.6417112299465241,2,18,9.5
552835988540895232,2015-01-07T14:35:45+00:00,2015-01-07T14:52:35+00:00,1010.0,20,1,19,29.0,409.3157894736842,0.01881188118811881,1.1881188118811883,3,10,3.1666666666666665
552836095332081664,2015-01-07T14:36:10+00:00,2015-01-08T04:56:44+00:00,51634.0,7,1,6,26096.0,32925.0,0.00011620250222721463,0.008134175155905024,1,6,6.0
552836100814032896,2015-01-07T14:36:12+00:00,2015-01-08T04:31:20+00:00,50108.0,20,1,19,989.0,15824.894736842105,0.00037918096910672945,0.023948271733056598,4,15,3.8
552836167029514240,2015-01-07T14:36:28+00:00,2015-01-07T21:02:03+00:00,23135.0,2,1,1,23135.0,23135.0,4.3224551545277716e-05,0.005186946185433326,1,1,1.0
552836204283326465,2015-01-07T14:36:36+00:00,2015-01-08T18:02:12+00:00,98736.0,15,1,14,3738.0,12988.357142857143,0.00014179225409171933,0.009115216334467671,2,10,5.5
552836392678465537,2015-01-07T14:37:21+00:00,2015-01-07T16:05:42+00:00,5301.0,19,1,18,170.0,1363.5,0.003395585738539898,0.21505376344086022,3,16,6.0
552836444835037184,2015-01-07T14:37:34+00:00,2015-01-07T20:14:56+00:00,20242.0,3,1,2,3144.0,11693.0,9.880446596186147e-05,0.008892401936567533,1,2,2.0
552836516775354368,2015-01-07T14:37:51+00:00,2015-01-09T20:49:39+00:00,195108.0,9,1,8,122.0,27367.25,4.100293170961724e-05,0.002767697890399163,1,8,8.0
552836586191474689,2015-01-07T14:38:08+00:00,2015-01-07T17:13:57+00:00,9349.0,32,1,31,156.0,3277.548387096774,0.003315862659107926,0.20536955824152317,9,14,2.3846153846153846
552836695754678273,2015-01-07T14:38:34+00:00,2015-01-11T00:49:18+00:00,295844.0,37,1,36,77.0,41855.555555555555,0.00012168575330241614,0.0075039547869823284,8,11,1.894736842105263
552836775191019520,2015-01-07T14:38:53+00:00,2015-01-07T16:57:30+00:00,8317.0,20,1,19,98.0,3581.4210526315787,0.002284477576049056,0.14428279427678248,4,13,3.0
552836829234614272,2015-01-07T14:39:05+00:00,2015-01-07T15:57:00+00:00,4675.0,20,1,19,63.0,1439.2105263157894,0.004064171122994653,0.2566844919786096,5,11,3.8
552836844560609281,2015-01-07T14:39:09+00:00,2015-01-08T01:10:02+00:00,37853.0,18,1,17,35.0,4619.64705882353,0.00044910575119541386,0.028531424193590997,2,16,8.5
552836854085459968,2015-01-07T14:39:11+00:00,2015-01-07T19:02:49+00:00,15818.0,20,1,19,53.0,7232.789473684211,0.0012011632317612845,0.0758629409533443,8,12,2.375
552836898562265088,2015-01-07T14:39:22+00:00,2015-01-08T16:26:20+00:00,92818.0,19,1,18,228.0,9172.277777777777,0.00019392790191557672,0.012282100454653192,1,18,18.0
552836913091330051,2015-01-07T14:39:25+00:00,2015-01-07T16:22:47+00:00,6202.0,11,1,10,174.0,2524.2,0.0016123831022250886,0.10641728474685586,3,5,2.3333333333333335
552836968410021888,2015-01-07T14:39:39+00:00,2015-01-07T16:19:46+00:00,6007.0,9,1,8,47.0,2105.125,0.001331779590477776,0.08989512235724988,3,6,2.6666666666666665
552836975741632514,2015-01-07T14:39:40+00:00,2015-01-08T16:52:43+00:00,94383.0,10,1,9,26421.0,39649.11111111111,9.535615523982073e-05,0.006357077015988049,4,6,2.25
552836985493409792,2015-01-07T14:39:43+00:00,2015-01-08T06:06:23+00:00,55600.0,21,1,20,89.0,11582.3,0.00035971223021582735,0.022661870503597123,2,15,8.0
552837012689264640,2015-01-07T14:39:49+00:00,2015-01-07T19:43:47+00:00,18238.0,24,1,23,66.0,1191.0434782608695,0.0012611031911393792,0.07895602588003071,5,17,4.6
552837016350912512,2015-01-07T14:39:50+00:00,2015-01-07T14:39:50+00:00,0.0,1,1,0,0.0,0.0,0.0,0.0,0,0,0.0
552837027616804864,2015-01-07T14:39:53+00:00,2015-01-09T03:53:22+00:00,134009.0,26,1,25,138.0,10015.64,0.00018655463439022751,0.011641009185950199,6,17,4.0
552837035732381696,2015-01-07T14:39:55+00:00,2015-01-07T18:29:11+00:00,13756.0,20,1,19,404.0,5837.9473684210525,0.0013812154696132596,0.08723466123873218,2,17,6.333333333333333
552837078854410241,2015-01-07T14:40:05+00:00,2015-01-07T15:59:31+00:00,4766.0,19,1,18,30.0,1348.7777777777778,0.0037767519932857744,0.23919429290809902,1,18,18.0
552837086425128961,2015-01-07T14:40:07+00:00,2015-01-07T15:51:41+00:00,4294.0,10,1,9,175.0,1200.888888888889,0.002095947834187238,0.13972985561248255,2,7,4.5
552837132491186179,2015-01-07T14:40:18+00:00,2015-01-07T15:24:44+00:00,2666.0,32,1,31,2458.0,2546.032258064516,0.011627906976744186,0.7201800450112529,3,19,2.3846153846153846
552837147305455616,2015-01-07T14:40:21+00:00,2015-01-14T13:26:57+00:00,600396.0,18,1,17,111.0,62119.05882352941,2.8314645667192987e-05,0.0017988127835628484,4,14,4.25
552837168482492416,2015-01-07T14:40:26+00:00,2015-01-07T14:40:26+00:00,0.0,1,1,0,0.0,0.0,0.0,0.0,0,0,0.0
552837190360006657,2015-01-07T14:40:32+00:00,2015-01-11T18:32:51+00:00,359539.0,13,1,12,251.0,70544.66666666667,3.337607324935543e-05,0.0021694447612081026,3,10,4.0
552837268160135169,2015-01-07T14:40:50+00:00,2015-01-07T15:11:06+00:00,1816.0,22,1,21,93.0,705.9047619047619,0.011563876651982379,0.7268722466960352,3,17,7.0
552837310707171328,2015-01-07T14:41:00+00:00,2015-01-07T17:45:39+00:00,11079.0,20,1,19,136.0,1302.7894736842106,0.0017149562234858742,0.1083130246412131,3,17,6.333333333333333
552837484221300736,2015-01-07T14:41:42+00:00,2015-01-10T23:30:08+00:00,290906.0,9,1,8,906.0,46110.125,2.7500292190604524e-05,0.0018562697228658054,1,8,8.0
552837499937378305,2015-01-07T14:41:45+00:00,2015-01-08T13:32:31+00:00,82246.0,42,1,41,55.0,14839.609756097561,0.0004985044865403788,0.03063978795321353,7,9,2.2777777777777777
552837527640363010,2015-01-07T14:41:52+00:00,2015-01-07T14:51:14+00:00,562.0,3,1,2,519.0,540.5,0.0035587188612099642,0.32028469750889677,1,2,2.0
552837561119686656,2015-01-07T14:42:00+00:00,2015-01-08T14:54:57+00:00,87177.0,9,1,8,462.0,12516.75,9.176732395012446e-05,0.006194294366633401,1,8,8.0
552837599304622080,2015-01-07T14:42:09+00:00,2015-01-08T00:38:40+00:00,35791.0,21,1,20,123.0,9013.65,0.000558799698248163,0.035204380989634264,2,15,6.666666666666667
552837610897694720,2015-01-07T14:42:12+00:00,2015-01-08T18:47:18+00:00,101106.0,6,1,5,2627.0,33894.6,4.94530492750183e-05,0.0035606195478013174,2,4,2.5
552837644959621120,2015-01-07T14:42:20+00:00,2015-01-08T00:11:08+00:00,34128.0,30,1,29,1002.0,10849.51724137931,0.0008497421472105016,0.052742616033755275,7,7,1.8125
552837655105658880,2015-01-07T14:42:22+00:00,2015-01-07T21:13:19+00:00,23457.0,15,1,14,91.0,7454.071428571428,0.000596836765144733,0.03836807775930426,2,12,4.666666666666667
552837775498964992,2015-01-07T14:42:51+00:00,2015-01-13T18:00:04+00:00,530233.0,20,1,19,126.0,70365.1052631579,3.583330347224711e-05,0.002263156008773501,5,14,3.8
552837814946394112,2015-01-07T14:43:00+00:00,2015-01-07T16:57:59+00:00,8099.0,8,1,7,49.0,1903.7142857142858,0.000864304235090752,0.05926657612050871,1,7,7.0
552837907174948864,2015-01-07T14:43:22+00:00,2015-01-07T21:46:51+00:00,25409.0,98,1,97,226.0,9497.783505154639,0.003817544964382699,0.23141406588216773,19,4,1.564516129032258
552838074636718080,2015-01-07T14:44:02+00:00,2015-01-08T08:30:04+00:00,63962.0,7,1,6,572.0,16457.166666666668,9.380569713267253e-05,0.006566398799287077,1,6,6.0
552838105422913538,2015-01-07T14:44:10+00:00,2015-01-07T14:44:10+00:00,0.0,1,1,0,0.0,0.0,0.0,0.0,0,0,0.0
552838134627860480,2015-01-07T14:44:17+00:00,2015-01-09T10:47:36+00:00,158599.0,23,1,22,628.0,58370.13636363636,0.00013871461989041546,0.00870118979312606,6,9,2.75
552838171323817984,2015-01-07T14:44:25+00:00,2015-01-07T15:59:45+00:00,4520.0,26,1,25,269.0,2823.72,0.0055309734513274336,0.3451327433628319,4,16,3.5714285714285716
552838203078873089,2015-01-07T14:44:33+00:00,2015-01-07T18:14:39+00:00,12606.0,18,1,17,70.0,2786.5882352941176,0.0013485641757893067,0.08567348881485007,1,17,17.0
552838203276021760,2015-01-07T14:44:33+00:00,2015-01-07T14:54:07+00:00,574.0,3,1,2,561.0,567.5,0.003484320557491289,0.31358885017421606,1,2,2.0
552838287929663489,2015-01-07T14:44:53+00:00,2015-01-07T23:48:38+00:00,32625.0,57,1,56,194.0,7453.535714285715,0.0017164750957854406,0.10482758620689656,17,10,1.4
552838324977545216,2015-01-07T14:45:02+00:00,2015-01-08T11:17:51+00:00,73969.0,33,1,32,178.0,14677.59375,0.0004326136624802282,0.026767970365964122,7,12,2.066666666666667
552838341843226624,2015-01-07T14:45:06+00:00,2015-01-07T15:00:51+00:00,945.0,20,1,19,23.0,416.42105263157896,0.020105820105820106,1.2698412698412698,2,16,9.5
552838440103198720,2015-01-07T14:45:30+00:00,2015-01-07T18:18:24+00:00,12774.0,3,1,2,271.0,6522.5,0.0001565680288085173,0.014091122592766557,1,2,2.0
552838479844216833,2015-01-07T14:45:39+00:00,2015-01-07T20:50:07+00:00,21868.0,33,1,32,440.0,11534.65625,0.0014633254069873788,0.09054325955734407,14,12,1.7777777777777777
552838551071911936,2015-01-07T14:45:56+00:00,2015-01-07T15:30:25+00:00,2669.0,21,1,20,43.0,697.65,0.007493443237167478,0.4720869239415511,3,15,4.0
552838559393013760,2015-01-07T14:45:58+00:00,2015-01-07T18:33:20+00:00,13642.0,21,1,20,42.0,5718.4,0.0014660606949127694,0.09236182377950447,3,15,3.3333333333333335
552838568717344769,2015-01-07T14:46:00+00:00,2015-01-09T06:02:06+00:00,141366.0,12,1,11,129.0,14529.09090909091,7.781220378308788e-05,0.005093162429438479,2,10,5.5
552838613877411840,2015-01-07T14:46:11+00:00,2015-01-07T15:45:32+00:00,3561.0,8,1,7,404.0,2215.4285714285716,0.001965739960685201,0.13479359730412804,2,6,3.5
552838710296080384,2015-01-07T14:46:34+00:00,2015-01-07T14:54:42+00:00,488.0,3,1,2,309.0,398.5,0.004098360655737705,0.36885245901639346,1,2,2.0
552839028350136320,2015-01-07T14:47:50+00:00,2015-01-07T22:23:17+00:00,27327.0,7,1,6,178.0,8996.5,0.0002195630694917115,0.015369414864419804,2,5,3.0
552839103214288896,2015-01-07T14:48:08+00:00,2015-01-07T16:34:10+00:00,6362.0,12,1,11,179.0,3368.7272727272725,0.0017290160326941214,0.11317195850361522,4,3,1.5714285714285714
552839167575883776,2015-01-07T14:48:23+00:00,2015-01-09T05:39:44+00:00,139881.0,10,1,9,749.0,50632.0,6.434040362879877e-05,0.004289360241919918,2,8,4.5
552839190921351168,2015-01-07T14:48:29+00:00,2015-01-08T03:07:57+00:00,44368.0,17,1,16,94.0,7847.9375,0.0003606202668589975,0.02298954201226109,2,13,7.5
552839270395035649,2015-01-07T14:48:47+00:00,2015-01-07T17:26:46+00:00,9479.0,7,1,6,520.0,4814.333333333333,0.0006329781622534023,0.04430847135773816,2,5,3.0
552839289919533056,2015-01-07T14:48:52+00:00,2015-01-07T14:48:52+00:00,0.0,1,1,0,0.0,0.0,0.0,0.0,0,0,0.0
552839385209917440,2015-01-07T14:49:15+00:00,2015-01-07T22:56:52+00:00,29257.0,7,1,6,51.0,6278.166666666667,0.0002050791263629217,0.014355538845404518,1,6,6.0
552839416620658688,2015-01-07T14:49:22+00:00,2015-01-07T22:04:21+00:00,26099.0,13,1,12,153.0,6328.916666666667,0.00045978773133070234,0.02988620253649565,1,12,12.0
552839518974660608,2015-01-07T14:49:47+00:00,2015-01-08T18:21:23+00:00,99096.0,28,1,27,83.0,41358.0,0.00027246306611770405,0.01695325744732381,7,11,2.3
552839800433410049,2015-01-07T14:50:54+00:00,2015-01-07T18:42:40+00:00,13906.0,20,1,19,243.0,5991.421052631579,0.0013663166978282756,0.08629368617862793,4,12,3.8
552839843999645697,2015-01-07T14:51:04+00:00,2015-01-07T15:25:35+00:00,2071.0,21,1,20,215.0,808.5,0.009657170449058426,0.6084017382906809,2,17,6.666666666666667
552839869387399168,2015-01-07T14:51:10+00:00,2015-01-08T10:37:18+00:00,71168.0,22,1,21,120.0,11896.285714285714,0.00029507643884892087,0.018547661870503596,5,10,2.1
552839936521830401,2015-01-07T14:51:26+00:00,2015-01-07T14:51:26+00:00,0.0,1,1,0,0.0,0.0,0.0,0.0,0,0,0.0
552839972911611904,2015-01-07T14:51:35+00:00,2015-01-16T11:23:58+00:00,765143.0,13,1,12,361.0,112120.83333333333,1.568334285225115e-05,0.0010194172853963245,8,4,1.5
552839975843016706,2015-01-07T14:51:36+00:00,2015-01-08T02:29:48+00:00,41892.0,8,1,7,9185.0,15862.42857142857,0.0001670963429771794,0.011458034947006588,3,4,1.75
552840037642297345,2015-01-07T14:51:50+00:00,2015-01-08T01:14:49+00:00,37379.0,15,1,14,145.0,5456.5,0.0003745418550523021,0.024077690681933706,3,12,4.666666666666667
552840067199533057,2015-01-07T14:51:57+00:00,2015-01-14T17:01:44+00:00,612587.0,8,1,7,301.0,90702.42857142857,1.1426948335501733e-05,0.0007835621715772617,2,6,3.5
552840155728736256,2015-01-07T14:52:19+00:00,2015-01-07T19:10:02+00:00,15463.0,20,1,19,161.0,3239.157894736842,0.001228739571881265,0.07760460453986938,2,16,4.75
552840606074953728,2015-01-07T14:54:06+00:00,2015-01-07T16:26:46+00:00,5560.0,20,1,19,51.0,1784.0,0.0034172661870503595,0.2158273381294964,2,17,9.5
552840728116994049,2015-01-07T14:54:35+00:00,2015-01-07T14:54:35+00:00,0.0,1,1,0,0.0,0.0,0.0,0.0,0,0,0.0
552840740007866368,2015-01-07T14:54:38+00:00,2015-01-07T18:22:31+00:00,12473.0,13,1,12,33.0,2243.0833333333335,0.0009620780886715305,0.06253507576364949,2,11,6.0
552840805678084096,2015-01-07T14:54:54+00:00,2015-01-08T09:07:31+00:00,65557.0,28,1,27,77.0,17492.074074074073,0.0004118553320011593,0.025626553991183246,6,17,3.857142857142857
552840905213083648,2015-01-07T14:55:17+00:00,2015-01-08T23:32:18+00:00,117421.0,9,1,8,198.0,17519.75,6.813091355038707e-05,0.004598836664651127,1,8,8.0
552840964025626624,2015-01-07T14:55:31+00:00,2015-01-07T18:34:54+00:00,13163.0,21,1,20,229.0,2833.1,0.0015194104687381296,0.09572285953050216,2,18,6.666666666666667
552841006799159296,2015-01-07T14:55:41+00:00,2015-01-08T23:41:20+00:00,117939.0,13,1,12,119.0,17069.833333333332,0.00010174751354513774,0.006613588380433953,3,8,3.0
552841043423805440,2015-01-07T14:55:50+00:00,2015-01-07T20:15:18+00:00,19168.0,23,1,22,34.0,1234.0454545454545,0.001147746243739566,0.0719949916527546,3,17,4.4
552841049467400192,2015-01-07T14:55:52+00:00,2015-01-07T17:28:20+00:00,9148.0,20,1,19,41.0,1481.7894736842106,0.0020769567118495845,0.13117621337997376,4,16,4.75
552841157785694208,2015-01-07T14:56:17+00:00,2015-01-07T17:03:42+00:00,7645.0,5,1,4,126.0,2601.0,0.0005232177894048398,0.03924133420536298,1,4,4.0
552841185199263745,2015-01-07T14:56:24+00:00,2015-01-08T13:09:56+00:00,80012.0,37,1,36,127.0,8418.555555555555,0.0004499325101234815,0.027745838124281358,5,8,2.0
552841287670308865,2015-01-07T14:56:48+00:00,2015-01-09T16:23:30+00:00,178002.0,16,1,15,83.0,13706.133333333333,8.426871608184177e-05,0.005393197829237874,4,9,3.25
552841460681572352,2015-01-07T14:57:30+00:00,2015-01-08T13:52:03+00:00,82473.0,23,1,22,36.0,25080.545454545456,0.00026675396796527347,0.016732748899639882,5,9,2.2
552841477819473920,2015-01-07T14:57:34+00:00,2015-01-07T17:15:49+00:00,8295.0,29,1,28,435.0,2077.464285714286,0.0033755274261603376,0.20976491862567812,5,12,2.5454545454545454
552841562963464195,2015-01-07T14:57:54+00:00,2015-01-07T17:35:08+00:00,9434.0,43,1,42,511.0,5910.071428571428,0.0044519821920712315,0.2734789060843757,13,7,1.9090909090909092
552841583251701761,2015-01-07T14:57:59+00:00,2015-01-07T15:52:07+00:00,3248.0,4,1,3,2873.0,3099.6666666666665,0.0009236453201970443,0.07389162561576355,1,3,3.0
552841650582847488,2015-01-07T14:58:15+00:00,2015-01-07T20:22:47+00:00,19472.0,7,1,6,58.0,7523.0,0.00030813475760065734,0.021569433032046014,1,6,6.0
552841684485414914,2015-01-07T14:58:23+00:00,2015-01-07T17:11:44+00:00,8001.0,13,1,12,188.0,2620.75,0.0014998125234345708,0.0974878140232471,1,11,11.0
552842042242789377,2015-01-07T14:59:48+00:00,2015-01-09T20:34:16+00:00,192868.0,10,1,9,63.0,24161.666666666668,4.666403965406392e-05,0.0031109359769375946,2,8,4.5
552842140188147712,2015-01-07T15:00:12+00:00,2015-01-10T12:45:01+00:00,251089.0,5,1,4,18432.0,85687.75,1.5930606279048465e-05,0.0011947954709286349,2,3,2.0
552842236883652609,2015-01-07T15:00:35+00:00,2015-01-07T15:25:39+00:00,1504.0,25,1,24,96.0,694.25,0.015957446808510637,0.9973404255319149,8,17,3.0
552842342143905794,2015-01-07T15:01:00+00:00,2015-01-07T15:54:33+00:00,3213.0,23,1,22,81.0,1373.3636363636363,0.006847183317771553,0.42950513538748836,7,11,1.8333333333333333
552842580929826816,2015-01-07T15:01:57+00:00,2015-01-11T03:30:20+00:00,304103.0,16,1,15,334.0,23900.266666666666,4.932539304117355e-05,0.003156825154635107,3,9,2.8
552842614555545600,2015-01-07T15:02:05+00:00,2015-01-07T15:59:38+00:00,3453.0,17,1,16,17.0,1499.625,0.004633651896901245,0.29539530842745443,2,14,5.333333333333333
552842642216988672,2015-01-07T15:02:11+00:00,2015-01-08T20:00:26+00:00,104295.0,40,1,39,3380.0,83868.76923076923,0.00037393930677405435,0.023011649647634115,17,5,1.625
552842755454799872,2015-01-07T15:02:38+00:00,2015-01-07T16:26:05+00:00,5007.0,5,1,4,130.0,1918.25,0.000798881565807869,0.05991611743559017,1,4,4.0
552842761565904896,2015-01-07T15:02:40+00:00,2015-01-08T02:34:10+00:00,41490.0,20,1,19,127.0,14920.578947368422,0.000457941672692215,0.028922631959508314,3,15,3.8
552842762505428992,2015-01-07T15:02:40+00:00,2015-01-07T15:35:18+00:00,1958.0,6,1,5,60.0,1020.2,0.002553626149131767,0.18386108273748725,1,5,5.0
552842814061424640,2015-01-07T15:02:52+00:00,2015-01-12T13:24:42+00:00,426110.0,43,1,42,56.0,15691.261904761905,9.856609795592688e-05,0.0060547745887212226,5,17,3.230769230769231
552842837516386304,2015-01-07T15:02:58+00:00,2015-01-15T19:05:52+00:00,705774.0,10,1,9,498.0,239844.77777777778,1.2751957425464809e-05,0.0008501304950309873,1,9,9.0
552842983247466497,2015-01-07T15:03:33+00:00,2015-01-07T23:22:45+00:00,29952.0,21,1,20,332.0,4390.15,0.0006677350427350427,0.042067307692307696,2,18,6.666666666666667
552843136238899200,2015-01-07T15:04:09+00:00,2015-01-08T10:46:34+00:00,70945.0,6,1,5,945.0,16892.8,7.047713017125943e-05,0.005074353372330679,1,5,5.0
552843174218321921,2015-01-07T15:04:18+00:00,2015-01-08T11:35:03+00:00,73845.0,68,1,67,88.0,21751.805970149253,0.0009073058433204685,0.05525086329473898,5,8,2.25
552843236797349889,2015-01-07T15:04:33+00:00,2015-01-07T15:04:33+00:00,0.0,1,1,0,0.0,0.0,0.0,0.0,0,0,0.0
552843285468020736,2015-01-07T15:04:45+00:00,2015-01-11T08:13:29+00:00,320924.0,22,1,21,300.0,49169.0,6.543605339581957e-05,0.004113123356308659,5,13,3.6
552843349246619648,2015-01-07T15:05:00+00:00,2015-01-07T19:00:10+00:00,14110.0,5,1,4,268.0,5130.25,0.00028348688873139615,0.021261516654854713,1,4,4.0
552844023996907520,2015-01-07T15:07:41+00:00,2015-01-11T18:07:09+00:00,356368.0,27,1,26,191.0,95429.73076923077,7.29582903066493e-05,0.004545862703721996,9,5,1.625
552844100224172034,2015-01-07T15:07:59+00:00,2015-01-07T18:46:17+00:00,13098.0,20,1,19,55.0,7558.368421052632,0.0014506031455183998,0.09161704076958314,7,11,2.375
552844104418091008,2015-01-07T15:08:00+00:00,2015-01-09T17:27:18+00:00,181158.0,47,1,46,132.0,32734.17391304348,0.00025392199074840747,0.015566522041532804,18,15,1.7692307692307692
552844167681159169,2015-01-07T15:08:15+00:00,2015-01-07T19:37:15+00:00,16140.0,9,1,8,177.0,4146.875,0.0004956629491945477,0.03345724907063197,1,8,8.0
552844311096983552,2015-01-07T15:08:49+00:00,2015-01-07T16:44:09+00:00,5720.0,20,1,19,33.0,1342.3684210526317,0.003321678321678322,0.2097902097902098,2,18,9.5
552844436460560384,2015-01-07T15:09:19+00:00,2015-01-08T00:46:27+00:00,34628.0,28,1,27,339.0,11936.296296296296,0.0007797158368949982,0.04851565207346656,4,14,2.25
552844593046097920,2015-01-07T15:09:56+00:00,2015-01-08T02:15:14+00:00,39918.0,21,1,20,173.0,2527.2,0.0005010271055664111,0.03156470765068391,2,15,5.666666666666667
552844643097120768,2015-01-07T15:10:08+00:00,2015-01-08T02:28:35+00:00,40707.0,23,1,22,303.0,7371.818181818182,0.0005404475888667797,0.033900803301643447,5,5,2.0
552844767281688577,2015-01-07T15:10:38+00:00,2015-01-07T15:12:26+00:00,108.0,2,1,1,108.0,108.0,0.009259259259259259,1.1111111111111112,1,1,1.0
552844893148938240,2015-01-07T15:11:08+00:00,2015-01-08T04:47:13+00:00,48965.0,12,1,11,476.0,9619.0,0.00022465026039007453,0.014704380680077607,3,8,2.75
552845017208061953,2015-01-07T15:11:38+00:00,2015-01-07T17:14:43+00:00,7385.0,10,1,9,131.0,1521.6666666666667,0.0012186865267433988,0.08124576844955993,4,4,1.8
552845028130037760,2015-01-07T15:11:40+00:00,2015-01-07T16:53:41+00:00,6121.0,20,1,19,156.0,2766.6315789473683,0.0031040679627511846,0.19604639764744322,2,17,9.5
552845136414380032,2015-01-07T15:12:06+00:00,2015-01-07T17:57:36+00:00,9930.0,55,1,54,184.0,6019.833333333333,0.005438066465256798,0.3323262839879154,2,1,1.0
552845191003250688,2015-01-07T15:12:19+00:00,2015-01-07T15:45:59+00:00,2020.0,25,1,24,81.0,533.7083333333334,0.011881188118811881,0.7425742574257427,5,14,2.4
552845250268766209,2015-01-07T15:12:33+00:00,2015-01-07T16:54:56+00:00,6143.0,14,1,13,139.0,1923.6923076923076,0.0021162298551196486,0.13674100602311573,2,10,6.5
552845255796461569,2015-01-07T15:12:35+00:00,2015-01-07T15:21:21+00:00,526.0,4,1,3,154.0,313.3333333333333,0.005703422053231939,0.4562737642585551,2,2,1.5
552845267289247744,2015-01-07T15:12:37+00:00,2015-01-07T19:29:48+00:00,15431.0,16,1,15,92.0,1987.7333333333333,0.0009720692113278465,0.062212429524982175,5,10,2.5
552845393541988352,2015-01-07T15:13:07+00:00,2015-01-07T20:33:56+00:00,19249.0,24,1,23,68.0,2562.391304347826,0.0011948672658319912,0.07480908099122033,3,16,3.2857142857142856
552845542536261634,2015-01-07T15:13:43+00:00,2015-01-07T18:21:07+00:00,11244.0,22,1,21,71.0,2426.4761904761904,0.0018676627534685165,0.11739594450373532,4,18,5.25
552845654637436928,2015-01-07T15:14:10+00:00,2015-01-07T23:25:30+00:00,29480.0,21,1,20,65.0,3863.0,0.0006784260515603799,0.042740841248303935,3,15,4.0
552845671477153793,2015-01-07T15:14:14+00:00,2015-01-07T16:04:29+00:00,3015.0,24,1,23,75.0,792.7391304347826,0.0076285240464344945,0.47761194029850745,4,15,2.875
552845711289909248,2015-01-07T15:14:23+00:00,2015-01-07T22:23:21+00:00,25738.0,56,1,55,137.0,17283.763636363637,0.0021369181754604086,0.13054627399176316,13,6,1.9642857142857142
552845840247971842,2015-01-07T15:14:54+00:00,2015-01-08T03:57:58+00:00,45784.0,23,1,22,38.0,5138.863636363636,0.0004805172112528394,0.03014153416040538,3,17,4.4
552845868932800512,2015-01-07T15:15:01+00:00,2015-01-07T19:28:44+00:00,15223.0,50,1,49,415.0,8081.408163265306,0.0032188136372594102,0.19707022268935165,18,13,1.75
552846287314640897,2015-01-07T15:16:40+00:00,2015-01-07T20:53:03+00:00,20183.0,7,1,6,1226.0,6806.333333333333,0.0002972798890155081,0.02080959223108557,1,6,6.0
552846337746952194,2015-01-07T15:16:52+00:00,2015-01-11T05:44:14+00:00,311242.0,28,1,27,236.0,29484.51851851852,8.674921765057415e-05,0.005397729098257947,9,8,1.8
552846353416867841,2015-01-07T15:16:56+00:00,2015-01-07T19:24:28+00:00,14852.0,2,1,1,14852.0,14852.0,6.733099919202801e-05,0.008079719903043361,1,1,1.0
552846463467024384,2015-01-07T15:17:22+00:00,2015-01-08T09:15:46+00:00,64704.0,11,1,10,363.0,18548.3,0.0001545499505440158,0.010200296735905043,3,7,3.3333333333333335
552846544320618496,2015-01-07T15:17:42+00:00,2015-01-07T21:15:28+00:00,21466.0,20,1,19,250.0,5452.0526315789475,0.0008851206559209913,0.05590235721606261,5,14,3.8
552846565950627840,2015-01-07T15:17:47+00:00,2015-01-07T15:17:47+00:00,0.0,1,1,0,0.0,0.0,0.0,0.0,0,0,0.0
552846625467817984,2015-01-07T15:18:01+00:00,2015-01-07T15:43:29+00:00,1528.0,5,1,4,21.0,957.0,0.002617801047120419,0.19633507853403143,1,4,4.0
552846698524184576,2015-01-07T15:18:18+00:00,2015-01-07T15:18:18+00:00,0.0,1,1,0,0.0,0.0,0.0,0.0,0,0,0.0
552846811359350788,2015-01-07T15:18:45+00:00,2015-01-16T12:19:55+00:00,766870.0,108,1,107,36.0,19164.383177570093,0.00013952821208288235,0.008449932843897922,19,10,1.5671641791044777
552846874432909312,2015-01-07T15:19:00+00:00,2015-01-07T17:25:23+00:00,7583.0,20,1,19,100.0,2394.2105263157896,0.002505604641962284,0.15824871422919687,3,17,6.333333333333333
552846886626164736,2015-01-07T15:19:03+00:00,2015-01-07T15:31:16+00:00,733.0,20,1,19,27.0,352.3157894736842,0.02592087312414734,1.6371077762619373,1,19,19.0
552846893588709376,2015-01-07T15:19:05+00:00,2015-01-07T15:54:17+00:00,2112.0,8,1,7,226.0,1178.5714285714287,0.0033143939393939395,0.22727272727272727,1,7,7.0
552846905819291649,2015-01-07T15:19:08+00:00,2015-01-07T15:19:08+00:00,0.0,1,1,0,0.0,0.0,0.0,0.0,0,0,0.0
552846938677059586,2015-01-07T15:19:16+00:00,2015-01-07T16:09:08+00:00,2992.0,4,1,3,154.0,1386.3333333333333,0.001002673796791444,0.08021390374331551,1,3,3.0
552847035108323329,2015-01-07T15:19:39+00:00,2015-01-07T17:23:39+00:00,7440.0,6,1,5,302.0,4241.0,0.0006720430107526882,0.04838709677419355,1,5,5.0
552847218403581953,2015-01-07T15:20:22+00:00,2015-01-07T17:47:37+00:00,8835.0,31,1,30,72.0,4331.933333333333,0.003395585738539898,0.21052631578947367,7,13,3.0
552847230693310466,2015-01-07T15:20:25+00:00,2015-01-07T17:09:52+00:00,6567.0,33,1,32,160.0,2637.75,0.004872849093954621,0.3015075376884422,6,10,2.25
552847251207241728,2015-01-07T15:20:30+00:00,2015-01-08T01:08:58+00:00,35308.0,5,1,4,107.0,10461.75,0.00011328877308258752,0.008496657981194063,1,4,4.0
552847370489430017,2015-01-07T15:20:59+00:00,2015-01-07T18:10:57+00:00,10198.0,23,1,22,151.0,3151.181818181818,0.0021572857423024124,0.1353206511080604,5,7,1.9090909090909092
552847427410341890,2015-01-07T15:21:12+00:00,2015-01-07T18:36:01+00:00,11689.0,16,1,15,3948.0,6566.8,0.0012832577637094703,0.08212849687740612,2,14,7.5
552847488571678720,2015-01-07T15:21:27+00:00,2015-01-08T02:17:50+00:00,39383.0,25,1,24,65.0,15178.458333333334,0.0006093999949216667,0.03808749968260417,3,15,4.0
552847505763737600,2015-01-07T15:21:31+00:00,2015-01-09T20:29:53+00:00,191302.0,10,1,9,230.0,25351.11111111111,4.7046031928573666e-05,0.003136402128571578,2,8,4.5
552847548776742914,2015-01-07T15:21:41+00:00,2015-01-08T08:34:03+00:00,61942.0,31,1,30,46.0,15874.433333333332,0.00048432404507442445,0.03002809079461432,5,17,2.5
552847627319259137,2015-01-07T15:22:00+00:00,2015-01-08T03:01:25+00:00,41965.0,18,1,17,41.0,3644.0,0.00040509948766829503,0.025735732157750508,3,13,3.4
552847905498103808,2015-01-07T15:23:06+00:00,2015-01-07T18:53:06+00:00,12600.0,29,1,28,35.0,3138.464285714286,0.0022222222222222222,0.1380952380952381,5,18,3.5
552847959864274944,2015-01-07T15:23:19+00:00,2015-01-07T15:23:19+00:00,0.0,1,1,0,0.0,0.0,0.0,0.0,0,0,0.0
552848013778251777,2015-01-07T15:23:32+00:00,2015-01-07T15:27:41+00:00,249.0,2,1,1,249.0,249.0,0.004016064257028112,0.48192771084337344,1,1,1.0
552848426812313600,2015-01-07T15:25:11+00:00,2015-01-07T22:14:28+00:00,24557.0,9,1,8,326.0,4718.875,0.0003257726921040844,0.021989656717025696,1,8,8.0
552848478196736000,2015-01-07T15:25:23+00:00,2015-01-07T22:54:27+00:00,26944.0,66,1,65,998.0,17534.015384615384,0.0024124109263657955,0.14697149643705462,19,17,1.7105263157894737
552848590373392384,2015-01-07T15:25:50+00:00,2015-01-08T20:18:01+00:00,103931.0,134,1,133,31.0,12113.631578947368,0.001279695182380618,0.07735901704015163,19,15,1.4651162790697674
552848620375261184,2015-01-07T15:25:57+00:00,2015-01-07T17:10:46+00:00,6289.0,16,1,15,24.0,1431.2,0.0023851168707266657,0.1526474797265066,2,14,7.5
552848653132767232,2015-01-07T15:26:04+00:00,2015-01-07T19:32:51+00:00,14807.0,16,1,15,49.0,3124.0666666666666,0.0010130343756331464,0.06483420004052137,2,13,5.0
552848653980033025,2015-01-07T15:26:05+00:00,2015-01-08T02:52:50+00:00,41205.0,40,1,39,69.0,2952.076923076923,0.0009464870768110666,0.058245358572988716,14,14,1.7727272727272727
552848701312737280,2015-01-07T15:26:16+00:00,2015-01-07T18:53:23+00:00,12427.0,8,1,7,25.0,5527.428571428572,0.0005632896113301681,0.03862557334835439,3,4,1.75
552848704819183616,2015-01-07T15:26:17+00:00,2015-01-07T16:07:32+00:00,2475.0,3,1,2,276.0,1375.5,0.0008080808080808081,0.07272727272727272,1,2,2.0
552848726197559296,2015-01-07T15:26:22+00:00,2015-01-07T15:39:14+00:00,772.0,3,1,2,554.0,663.0,0.0025906735751295338,0.23316062176165803,1,2,2.0
552848961372176384,2015-01-07T15:27:18+00:00,2015-01-07T16:23:24+00:00,3366.0,3,1,2,3226.0,3296.0,0.0005941770647653001,0.053475935828877004,1,2,2.0
552849116280393728,2015-01-07T15:27:55+00:00,2015-01-08T11:25:32+00:00,71857.0,10,1,9,314.0,14404.333333333334,0.000125248757949817,0.008349917196654467,2,8,4.5
552849157694947328,2015-01-07T15:28:05+00:00,2015-01-08T14:32:56+00:00,83091.0,70,1,69,89.0,17945.55072463768,0.0008304148463732534,0.05054699064880673,7,8,2.5789473684210527
552849194944167936,2015-01-07T15:28:14+00:00,2015-01-07T16:15:00+00:00,2806.0,21,1,20,150.0,1464.55,0.007127583749109052,0.4490377761938703,2,3,2.0
552849248182865920,2015-01-07T15:28:26+00:00,2015-01-07T23:20:19+00:00,28313.0,20,1,19,409.0,4070.2105263157896,0.000671069826581429,0.042383357468300784,2,16,4.75
552849316021551105,2015-01-07T15:28:43+00:00,2015-01-07T17:28:05+00:00,7162.0,9,1,8,328.0,4390.375,0.001117006422786931,0.07539793353811784,1,8,8.0
552849515271958528,2015-01-07T15:29:30+00:00,2015-01-07T15:53:52+00:00,1462.0,4,1,3,175.0,752.6666666666666,0.002051983584131327,0.16415868673050615,1,3,3.0
552849585899462659,2015-01-07T15:29:47+00:00,2015-01-07T18:32:47+00:00,10980.0,12,1,11,1611.0,4154.727272727273,0.0010018214936247723,0.06557377049180328,1,11,11.0
552849662991151104,2015-01-07T15:30:05+00:00,2015-01-10T00:17:30+00:00,204445.0,22,1,21,150.0,20380.190476190477,0.00010271711218176038,0.006456504194282081,3,15,3.5
552849797892542464,2015-01-07T15:30:37+00:00,2015-01-07T17:46:19+00:00,8142.0,42,1,41,136.0,2785.4146341463415,0.0050356177843281745,0.30950626381724394,11,9,2.05
552849865680494595,2015-01-07T15:30:54+00:00,2015-01-08T16:41:03+00:00,90609.0,96,1,95,153.0,36120.97894736842,0.0010484609696608505,0.0635698440552263,19,6,1.5423728813559323
552849968546213888,2015-01-07T15:31:18+00:00,2015-01-08T13:28:32+00:00,79034.0,13,1,12,336.0,9358.25,0.00015183338816205684,0.009869170230533695,1,12,12.0
552850022271033344,2015-01-07T15:31:31+00:00,2015-01-11T20:05:04+00:00,362013.0,5,1,4,9033.0,187323.0,1.1049326957871678e-05,0.0008286995218403758,1,4,4.0
552850079074099201,2015-01-07T15:31:44+00:00,2015-01-14T15:24:21+00:00,604357.0,10,1,9,75.0,202185.66666666666,1.4891860274638996e-05,0.000992790684975933,3,6,2.25
552850092806258690,2015-01-07T15:31:48+00:00,2015-01-08T08:19:05+00:00,60437.0,12,1,11,51.0,19226.090909090908,0.00018200771050846335,0.011913231960553966,2,10,5.5
552850116324130816,2015-01-07T15:31:53+00:00,2015-01-07T20:53:03+00:00,19270.0,3,1,2,14395.0,16832.5,0.00010378827192527245,0.009340944473274519,1,2,2.0
552850282410176512,2015-01-07T15:32:33+00:00,2015-01-07T19:54:49+00:00,15736.0,20,1,19,2631.0,12099.368421052632,0.0012074224707676665,0.0762582613116421,11,4,1.5833333333333333
552850379453366272,2015-01-07T15:32:56+00:00,2015-01-12T16:40:51+00:00,436075.0,18,1,17,1074.0,40631.35294117647,3.8984119704179327e-05,0.0024766381929713925,1,17,17.0
552850514132873217,2015-01-07T15:33:28+00:00,2015-01-07T20:33:44+00:00,18016.0,20,1,19,160.0,4889.578947368421,0.0010546181172291296,0.06660746003552398,2,15,8.5
552850533523136513,2015-01-07T15:33:33+00:00,2015-01-08T07:58:46+00:00,59113.0,21,1,20,228.0,6440.1,0.00033833505320318713,0.02131510835180079,3,16,5.0
552850599168196608,2015-01-07T15:33:48+00:00,2015-01-07T15:38:25+00:00,277.0,2,1,1,277.0,277.0,0.0036101083032490976,0.43321299638989175,1,1,1.0
552850603714826241,2015-01-07T15:33:50+00:00,2015-01-07T16:33:04+00:00,3554.0,14,1,13,111.0,1217.0,0.0036578503095104106,0.23635340461451884,3,10,3.25
552850611524599808,2015-01-07T15:33:51+00:00,2015-01-07T15:36:33+00:00,162.0,2,1,1,162.0,162.0,0.006172839506172839,0.7407407407407407,1,1,1.0
552850725467082752,2015-01-07T15:34:19+00:00,2015-01-08T03:02:51+00:00,41312.0,9,1,8,111.0,27983.75,0.00019364833462432224,0.01307126258714175,1,8,8.0
552850925510225920,2015-01-07T15:35:06+00:00,2015-01-07T18:36:21+00:00,10875.0,42,1,41,83.0,4920.536585365854,0.003770114942528736,0.2317241379310345,9,13,1.7083333333333333
552851189675470849,2015-01-07T15:36:09+00:00,2015-01-07T20:22:11+00:00,17162.0,27,1,26,116.0,2514.076923076923,0.0015149749446451463,0.09439459270481294,6,11,2.0
552851305023414272,2015-01-07T15:36:37+00:00,2015-01-09T12:38:05+00:00,162088.0,22,1,21,116.0,29476.0,0.00012955925176447362,0.008143724396624056,4,16,4.75
552851421155299328,2015-01-07T15:37:04+00:00,2015-01-07T17:25:42+00:00,6518.0,22,1,21,121.0,3032.4285714285716,0.0032218471923903037,0.20251610923596194,5,6,1.9090909090909092
552851433247477760,2015-01-07T15:37:07+00:00,2015-01-07T15:45:36+00:00,509.0,3,1,2,103.0,306.0,0.003929273084479371,0.35363457760314343,1,2,2.0
552851546384646145,2015-01-07T15:37:34+00:00,2015-01-07T19:18:53+00:00,13279.0,20,1,19,108.0,3774.2631578947367,0.0014308306348369607,0.09036825062128172,3,14,3.1666666666666665
552851629624803328,2015-01-07T15:37:54+00:00,2015-01-07T16:31:35+00:00,3221.0,34,1,33,148.0,1740.2424242424242,0.010245265445513815,0.6333436820863086,9,12,1.736842105263158
552851679905734657,2015-01-07T15:38:06+00:00,2015-01-08T20:17:28+00:00,103162.0,53,1,52,24.0,32751.134615384617,0.0005040615730598476,0.030825303890967607,10,15,2.08
552851710880653312,2015-01-07T15:38:14+00:00,2015-01-18T13:18:15+00:00,942001.0,21,1,20,13399.0,100902.65,2.1231399966666704e-05,0.0013375781979000022,2,16,4.75
552851772658561028,2015-01-07T15:38:28+00:00,2015-01-07T17:26:56+00:00,6508.0,20,1,19,98.0,2292.4736842105262,0.0029194837123540257,0.18438844499078058,2,18,9.5
552851838928953344,2015-01-07T15:38:44+00:00,2015-01-07T20:11:06+00:00,16342.0,8,1,7,188.0,3018.5714285714284,0.00042834414392363233,0.029372169869049076,3,5,2.3333333333333335
552851847581413377,2015-01-07T15:38:46+00:00,2015-01-08T03:42:53+00:00,43447.0,12,1,11,60.0,7903.818181818182,0.0002531820378852395,0.01657191520703386,4,7,2.75
552956517197303810,2015-01-07T22:34:41+00:00,2015-01-07T22:34:41+00:00,0.0,1,1,0,0.0,0.0,0.0,0.0,0,0,0.0
552978030935941120,2015-01-08T00:00:11+00:00,2015-01-08T03:28:46+00:00,12515.0,11,1,10,25.0,2821.6,0.0007990411506192569,0.052736715940870954,2,9,5.0
552978099357237248,2015-01-08T00:00:27+00:00,2015-01-08T14:39:38+00:00,52751.0,4,1,3,1166.0,18816.666666666668,5.6870959792231426e-05,0.004549676783378515,1,3,3.0
552978184413921281,2015-01-08T00:00:47+00:00,2015-01-08T00:06:08+00:00,321.0,3,1,2,250.0,285.5,0.006230529595015576,0.5607476635514019,1,2,2.0
552978225010184193,2015-01-08T00:00:57+00:00,2015-01-08T03:29:52+00:00,12535.0,13,1,12,573.0,3871.25,0.0009573195053849223,0.062225767850019945,3,8,3.0
552978225094078464,2015-01-08T00:00:57+00:00,2015-01-08T01:05:21+00:00,3864.0,20,1,19,32.0,854.2631578947369,0.004917184265010352,0.3105590062111801,2,18,9.5
552978376424964097,2015-01-08T00:01:33+00:00,2015-01-08T09:37:23+00:00,34550.0,7,1,6,78.0,20142.0,0.00017366136034732273,0.01215629522431259,3,4,2.0
552978385572732928,2015-01-08T00:01:35+00:00,2015-01-08T05:09:42+00:00,18487.0,6,1,5,820.0,4816.0,0.0002704603234705469,0.019473143289879376,1,5,5.0
552978435090681856,2015-01-08T00:01:47+00:00,2015-01-08T19:05:55+00:00,68648.0,22,1,21,44838.0,50736.28571428572,0.0003059084022841161,0.01922852814357301,4,12,4.2
552978476605923328,2015-01-08T00:01:57+00:00,2015-01-08T12:55:55+00:00,46438.0,17,1,16,140.0,14536.625,0.00034454541539256646,0.02196477023127611,3,12,4.0
552978519328686080,2015-01-08T00:02:07+00:00,2015-01-08T01:43:28+00:00,6081.0,2,1,1,6081.0,6081.0,0.000164446637066272,0.01973359644795264,1,1,1.0
552978586559188992,2015-01-08T00:02:23+00:00,2015-01-08T00:51:37+00:00,2954.0,7,1,6,704.0,1496.0,0.002031144211238998,0.14218009478672985,2,5,3.0
552978642968780800,2015-01-08T00:02:36+00:00,2015-01-08T23:41:10+00:00,85114.0,18,1,17,36.0,30603.470588235294,0.00019973212397490425,0.012688864346640976,2,15,5.666666666666667
552978972963643392,2015-01-08T00:03:55+00:00,2015-01-08T12:42:40+00:00,45525.0,10,1,9,1020.0,10329.333333333334,0.00019769357495881383,0.013179571663920923,1,9,9.0
552979275776032768,2015-01-08T00:05:07+00:00,2015-01-08T03:31:08+00:00,12361.0,6,1,5,109.0,3406.2,0.000404498017959712,0.029123857293099263,1,5,5.0
552979279039197186,2015-01-08T00:05:08+00:00,2015-01-08T17:02:05+00:00,61017.0,21,1,20,762.0,26360.4,0.00032777750462985723,0.020649982791681006,4,14,2.857142857142857
552979420227842048,2015-01-08T00:05:42+00:00,2015-01-08T19:11:56+00:00,68774.0,30,1,29,61.0,7694.310344827586,0.0004216709803123273,0.026172681536627215,5,9,2.375
552979466050613248,2015-01-08T00:05:53+00:00,2015-01-18T21:03:37+00:00,939464.0,83,1,82,242.0,40783.76829268293,8.728381289756713e-05,0.005300894978413222,19,11,1.4137931034482758
552979571021447168,2015-01-08T00:06:18+00:00,2015-01-08T09:19:54+00:00,33216.0,20,1,19,133.0,5154.526315789473,0.0005720134874759152,0.0361271676300578,1,19,19.0
552979992603533312,2015-01-08T00:07:58+00:00,2015-01-12T17:07:07+00:00,406749.0,11,1,10,213.0,91343.6,2.4585186441761382e-05,0.0016226223051562512,2,9,5.0
552980261512949760,2015-01-08T00:09:02+00:00,2015-01-08T00:22:56+00:00,834.0,3,1,2,244.0,539.0,0.002398081534772182,0.2158273381294964,1,2,2.0
552980288394231809,2015-01-08T00:09:09+00:00,2015-01-17T19:49:44+00:00,848435.0,4,1,3,408.0,286691.6666666667,3.5359220211330274e-06,0.00028287376169064215,1,3,3.0
552980299769200640,2015-01-08T00:09:11+00:00,2015-01-08T01:13:10+00:00,3839.0,6,1,5,74.0,982.4,0.0013024225058609013,0.09377442042198489,2,4,2.5
552980557836337152,2015-01-08T00:10:13+00:00,2015-01-08T22:03:55+00:00,78822.0,22,1,21,587.0,7592.476190476191,0.00026642307985080306,0.016746593590621906,3,6,2.0
552980632432050177,2015-01-08T00:10:31+00:00,2015-01-08T01:07:51+00:00,3440.0,21,1,20,33.0,792.95,0.005813953488372093,0.36627906976744184,2,18,6.666666666666667
552980714610634753,2015-01-08T00:10:50+00:00,2015-01-10T20:17:58+00:00,245228.0,11,1,10,314.0,32194.0,4.077837767302266e-05,0.0026913729264194954,1,10,10.0
552980760500916225,2015-01-08T00:11:01+00:00,2015-01-08T09:14:41+00:00,32620.0,6,1,5,32056.0,32359.2,0.00015328019619865113,0.011036174126302882,2,3,2.5
552980862774808577,2015-01-08T00:11:26+00:00,2015-01-09T19:12:39+00:00,154873.0,16,1,15,93.0,46698.26666666667,9.685355097402388e-05,0.006198627262337528,6,5,1.6666666666666667
552981008518500353,2015-01-08T00:12:00+00:00,2015-01-08T07:18:01+00:00,25561.0,20,1,19,33.0,5510.473684210527,0.0007433199014123079,0.04694652008919839,1,19,19.0
552981296839131136,2015-01-08T00:13:09+00:00,2015-01-08T18:19:47+00:00,65198.0,21,1,20,288.0,22953.4,0.0003067578760084665,0.019325746188533388,5,9,2.111111111111111
552981531023921153,2015-01-08T00:14:05+00:00,2015-01-08T01:14:00+00:00,3595.0,22,1,21,39.0,735.9047619047619,0.0058414464534075105,0.3671766342141864,3,17,5.25
552981694979248128,2015-01-08T00:14:44+00:00,2015-01-08T01:40:42+00:00,5158.0,20,1,19,179.0,2538.6315789473683,0.003683598293912369,0.23264831329972857,2,15,9.0
552981833189969921,2015-01-08T00:15:17+00:00,2015-01-08T22:50:04+00:00,81287.0,14,1,13,425.0,34874.769230769234,0.00015992717162645933,0.010333755705094295,4,9,2.6
552981889619722241,2015-01-08T00:15:31+00:00,2015-01-08T17:18:35+00:00,61384.0,38,1,37,87.0,44265.24324324324,0.0006027629349667666,0.03714322950606021,14,7,1.4230769230769231
552982124274647042,2015-01-08T00:16:26+00:00,2015-01-08T15:13:53+00:00,53847.0,26,1,25,662.0,8686.52,0.0004642784184819953,0.028970973313276503,3,14,3.125
552982263907241984,2015-01-08T00:17:00+00:00,2015-01-08T04:07:57+00:00,13857.0,4,1,3,581.0,5528.0,0.00021649707728945658,0.01731976618315653,1,3,3.0
552982443511144448,2015-01-08T00:17:43+00:00,2015-01-08T09:51:09+00:00,34406.0,36,1,35,750.0,22477.542857142857,0.0010172644306225657,0.06277974771842121,12,12,2.0588235294117645
552982560146726912,2015-01-08T00:18:10+00:00,2015-01-08T18:11:09+00:00,64379.0,17,1,16,268.0,16922.4375,0.00024852824678854905,0.015843675732770002,2,15,8.0
552982613288157184,2015-01-08T00:18:23+00:00,2015-01-08T01:15:35+00:00,3432.0,5,1,4,263.0,1996.0,0.0011655011655011655,0.08741258741258741,1,4,4.0
552982635178635265,2015-01-08T00:18:28+00:00,2015-01-08T03:43:40+00:00,12312.0,21,1,20,84.0,888.55,0.0016244314489928524,0.10233918128654972,4,13,2.857142857142857
552982669840355329,2015-01-08T00:18:37+00:00,2015-01-11T15:03:22+00:00,312285.0,8,1,7,23404.0,202342.0,2.241542181020542e-05,0.0015370574955569432,3,4,1.75
552982813671043072,2015-01-08T00:19:11+00:00,2015-01-09T03:16:02+00:00,97011.0,18,1,17,229.0,11576.882352941177,0.00017523785962416633,0.011132758140829391,2,15,8.5
552982816045408256,2015-01-08T00:19:11+00:00,2015-01-08T02:17:57+00:00,7126.0,7,1,6,193.0,3331.1666666666665,0.0008419870895312938,0.05893909626719057,2,5,3.0
552982828963856384,2015-01-08T00:19:15+00:00,2015-01-08T17:17:39+00:00,61104.0,4,1,3,57963.0,59019.666666666664,4.909662215239592e-05,0.003927729772191673,1,3,3.0
552982908865368064,2015-01-08T00:19:34+00:00,2015-01-08T20:28:17+00:00,72523.0,25,1,24,76.0,10534.166666666666,0.0003309294982281483,0.02068309363925927,11,7,1.6428571428571428
552983003308515328,2015-01-08T00:19:56+00:00,2015-01-11T03:50:26+00:00,271830.0,4,1,3,945.0,91536.33333333333,1.1036309458117206e-05,0.0008829047566493764,1,3,3.0
552983300730404864,2015-01-08T00:21:07+00:00,2015-01-08T02:09:33+00:00,6506.0,7,1,6,400.0,4021.0,0.0009222256378727329,0.06455579465109129,2,4,3.0
552983615747796994,2015-01-08T00:22:22+00:00,2015-01-08T16:43:51+00:00,58889.0,25,1,24,195.0,18343.5,0.00040754640085584743,0.025471650053490464,4,18,3.8333333333333335
552983656231628800,2015-01-08T00:22:32+00:00,2015-01-08T02:23:48+00:00,7276.0,14,1,13,109.0,1920.0,0.0017866959868059373,0.11544804837822979,2,12,6.5
552983966932688897,2015-01-08T00:23:46+00:00,2015-01-08T03:25:56+00:00,10930.0,14,1,13,391.0,2044.4615384615386,0.0011893870082342176,0.0768526989935956,2,10,4.333333333333333
552984231748829184,2015-01-08T00:24:49+00:00,2015-01-09T08:20:47+00:00,114958.0,22,1,21,325.0,8660.380952380952,0.00018267541188955966,0.011482454461629465,2,15,3.5
552984347754897409,2015-01-08T00:25:17+00:00,2015-01-08T14:09:28+00:00,49451.0,13,1,12,1994.0,29678.5,0.00024266445572384784,0.015773189622050113,2,10,4.0
552984474729062401,2015-01-08T00:25:47+00:00,2015-01-08T05:21:26+00:00,17739.0,4,1,3,294.0,6280.0,0.00016911889058007779,0.013529511246406225,1,3,3.0
552984502063337472,2015-01-08T00:25:53+00:00,2015-01-08T07:32:19+00:00,25586.0,4,1,3,1203.0,10010.666666666666,0.00011725162198077074,0.009380129758461659,1,3,3.0
552984511051751425,2015-01-08T00:25:56+00:00,2015-01-13T05:21:47+00:00,449751.0,16,1,15,78.0,99670.26666666666,3.335178798935411e-05,0.0021345144313186628,2,13,5.0
552984527295873024,2015-01-08T00:25:59+00:00,2015-01-08T19:43:32+00:00,69453.0,8,1,7,312.0,18251.0,0.00010078758296977812,0.0069111485464990715,1,7,7.0
552984798671945728,2015-01-08T00:27:04+00:00,2015-01-08T12:56:48+00:00,44984.0,6,1,5,32735.0,35756.8,0.00011115063133558599,0.008002845456162191,1,5,5.0
552984916070531072,2015-01-08T00:27:32+00:00,2015-01-15T20:42:12+00:00,677680.0,85,1,84,231.0,39534.26190476191,0.0001239523078739228,0.007525675835202456,2,8,4.5
552984940900384769,2015-01-08T00:27:38+00:00,2015-01-08T12:41:41+00:00,44043.0,10,1,9,218.0,12597.666666666666,0.00020434575301409987,0.013623050200939991,2,8,4.5
552985297307598848,2015-01-08T00:29:03+00:00,2015-01-09T04:34:13+00:00,101110.0,26,1,25,188.0,46127.4,0.000247255464345762,0.015428740975175551,1,3,3.0
552985339011153920,2015-01-08T00:29:13+00:00,2015-01-13T00:34:34+00:00,432321.0,17,1,16,207.0,39204.4375,3.700953689503864e-05,0.0023593579770587133,2,15,8.0
552985389523148802,2015-01-08T00:29:25+00:00,2015-01-08T08:11:10+00:00,27705.0,34,1,33,248.0,5059.969696969697,0.0011911207363291825,0.07363291824580401,8,6,1.5
552985611070881792,2015-01-08T00:30:18+00:00,2015-01-08T04:22:29+00:00,13931.0,20,1,19,76.0,3911.0526315789475,0.0013638647620414902,0.08613882707630464,2,18,9.5
552985855854661633,2015-01-08T00:31:16+00:00,2015-01-09T22:03:51+00:00,163955.0,78,1,77,94.0,32437.7012987013,0.0004696410600469641,0.028544417675581715,18,13,1.8333333333333333
552985912901001218,2015-01-08T00:31:30+00:00,2015-01-11T21:34:09+00:00,334959.0,6,1,5,2493.0,83632.0,1.4927200045378687e-05,0.0010747584032672656,1,5,5.0
552985973445783552,2015-01-08T00:31:44+00:00,2015-01-08T14:32:57+00:00,50473.0,8,1,7,83.0,11010.57142857143,0.00013868801141204209,0.009510035068254314,1,7,7.0
552986187364065281,2015-01-08T00:32:35+00:00,2015-01-08T23:45:10+00:00,83555.0,6,1,5,6419.0,41128.0,5.984082340973012e-05,0.004308539285500569,2,3,1.6666666666666667
552986374765563904,2015-01-08T00:33:20+00:00,2015-01-08T03:06:42+00:00,9202.0,5,1,4,155.0,4028.5,0.0004346881112801565,0.03260160834601174,3,2,1.3333333333333333
552991544731774976,2015-01-08T00:53:53+00:00,2015-01-08T13:18:08+00:00,44655.0,38,1,37,963.0,9705.135135135135,0.0008285746277012652,0.05105811219348337,12,14,2.642857142857143
552993818816299008,2015-01-08T01:02:55+00:00,2015-01-09T05:35:27+00:00,102752.0,178,1,177,179.0,7750.819209039548,0.0017225942074120212,0.10393958268452196,19,6,1.824742268041237
552996335319007233,2015-01-08T01:12:55+00:00,2015-01-08T04:17:04+00:00,11049.0,16,1,15,57.0,3596.4666666666667,0.0013575889220743959,0.08688569101276133,9,5,1.6666666666666667
553017543330648064,2015-01-08T02:37:11+00:00,2015-01-12T02:14:53+00:00,344262.0,29,1,28,89.0,40131.17857142857,8.13334030476788e-05,0.005054290046534325,6,12,1.8666666666666667
553096753898323968,2015-01-08T07:51:56+00:00,2015-01-08T09:23:33+00:00,5497.0,6,1,5,121.0,1866.6,0.0009095870474804438,0.06549026741859196,1,5,5.0
553096943455727617,2015-01-08T07:52:42+00:00,2015-01-08T10:52:45+00:00,10803.0,13,1,12,215.0,3487.9166666666665,0.0011108025548458762,0.07220216606498195,1,12,12.0
553096978788515840,2015-01-08T07:52:50+00:00,2015-01-09T00:14:52+00:00,58922.0,22,1,21,144.0,4276.571428571428,0.00035640338074064017,0.022402498217983097,3,13,3.3333333333333335
553097004138913792,2015-01-08T07:52:56+00:00,2015-01-09T03:51:33+00:00,71917.0,11,1,10,63.0,17116.0,0.00013904918169556571,0.009177245991907338,2,9,5.0
553098571323437056,2015-01-08T07:59:10+00:00,2015-01-08T21:05:28+00:00,47178.0,5,1,4,11071.0,25960.0,8.478528127517063e-05,0.006358896095637797,2,3,2.0
553098785132670976,2015-01-08T08:00:01+00:00,2015-01-08T16:34:55+00:00,30894.0,7,1,6,467.0,7200.0,0.0001942124684404739,0.013594872790833172,1,6,6.0
553098796108750848,2015-01-08T08:00:03+00:00,2015-01-11T11:19:09+00:00,271146.0,17,1,16,127.0,27601.5,5.900879968725336e-05,0.0037618109800624014,1,16,16.0
553098799380717568,2015-01-08T08:00:04+00:00,2015-01-08T08:37:32+00:00,2248.0,23,1,22,50.0,1271.7727272727273,0.009786476868327402,0.6138790035587188,11,7,1.8333333333333333
553099050409807872,2015-01-08T08:01:04+00:00,2015-01-08T11:54:30+00:00,14006.0,9,1,8,96.0,3163.375,0.000571183778380694,0.03855490504069684,1,8,8.0
553099479381848064,2015-01-08T08:02:46+00:00,2015-01-09T20:50:21+00:00,132455.0,18,1,17,79.0,25025.0,0.00012834547582197728,0.008153712581631497,2,15,5.666666666666667
553099685888790528,2015-01-08T08:03:35+00:00,2015-01-08T09:39:24+00:00,5749.0,20,1,19,285.0,3993.7368421052633,0.0033049225952339538,0.20873195338319708,9,6,1.5454545454545454
553099800951136256,2015-01-08T08:04:03+00:00,2015-01-08T09:37:36+00:00,5613.0,20,1,19,253.0,1556.8947368421052,0.0033849991092107607,0.21378941742383753,3,12,2.7142857142857144
553100203239428097,2015-01-08T08:05:39+00:00,2015-01-20T23:00:20+00:00,1090481.0,141,1,140,47.0,14818.871428571429,0.0001283837132421381,0.007758044385917774,19,6,1.4285714285714286
553100279089205249,2015-01-08T08:05:57+00:00,2015-01-08T11:52:42+00:00,13605.0,10,1,9,141.0,2364.6666666666665,0.000661521499448732,0.044101433296582136,2,8,4.5
553100922268942336,2015-01-08T08:08:30+00:00,2015-01-10T18:52:12+00:00,211422.0,10,1,9,244.0,35146.77777777778,4.256889065470954e-05,0.0028379260436473025,1,9,9.0
553100996855885824,2015-01-08T08:08:48+00:00,2015-01-08T18:44:40+00:00,38152.0,24,1,23,205.0,6685.304347826087,0.0006028517508911721,0.037743761794925564,7,10,2.090909090909091
553101388926840832,2015-01-08T08:10:21+00:00,2015-01-08T12:01:16+00:00,13855.0,7,1,6,623.0,5530.666666666667,0.00043305665824612056,0.03031396607722844,1,6,6.0
553101451271352320,2015-01-08T08:10:36+00:00,2015-01-08T08:26:28+00:00,952.0,3,1,2,309.0,630.5,0.0021008403361344537,0.18907563025210083,1,2,2.0
553101858013581313,2015-01-08T08:12:13+00:00,2015-01-08T12:27:49+00:00,15336.0,17,1,16,155.0,5092.5,0.0010432968179447052,0.06651017214397496,2,11,5.333333333333333
553102562665050112,2015-01-08T08:15:01+00:00,2015-01-12T16:23:41+00:00,374920.0,16,1,15,490.0,95379.66666666667,4.000853515416622e-05,0.002560546249866638,3,12,3.75
553102828743716864,2015-01-08T08:16:05+00:00,2015-01-08T09:36:31+00:00,4826.0,7,1,6,897.0,2319.8333333333335,0.0012432656444260257,0.08702859510982179,1,6,6.0
553102901619748864,2015-01-08T08:16:22+00:00,2015-01-08T09:16:30+00:00,3608.0,21,1,20,118.0,1388.7,0.005543237250554324,0.3492239467849224,6,6,2.0
553103134210666497,2015-01-08T08:17:18+00:00,2015-01-10T09:37:49+00:00,177631.0,4,1,3,380.0,62867.333333333336,1.6888943934335787e-05,0.0013511155147468627,1,3,3.0
553103334626701312,2015-01-08T08:18:05+00:00,2015-01-08T10:21:05+00:00,7380.0,5,1,4,191.0,3223.5,0.0005420054200542005,0.04065040650406504,1,4,4.0
553103772852191233,2015-01-08T08:19:50+00:00,2015-01-09T19:29:11+00:00,126561.0,4,1,3,6571.0,48234.666666666664,2.3703984639817953e-05,0.0018963187711854364,1,3,3.0
553103832717094912,2015-01-08T08:20:04+00:00,2015-01-08T10:31:58+00:00,7914.0,6,1,5,345.0,2663.8,0.0006317917614354309,0.045489006823351025,1,5,5.0
553104503520890880,2015-01-08T08:22:44+00:00,2015-01-08T09:08:35+00:00,2751.0,15,1,14,93.0,936.7142857142857,0.005089058524173028,0.3271537622682661,6,4,2.0
553104539898089472,2015-01-08T08:22:53+00:00,2015-01-09T07:09:59+00:00,82026.0,4,1,3,492.0,28612.666666666668,3.65737692926633e-05,0.0029259015434130644,1,3,3.0
553104721503088640,2015-01-08T08:23:36+00:00,2015-01-09T00:37:00+00:00,58404.0,8,1,7,188.0,15610.142857142857,0.00011985480446544757,0.008218615163344977,1,7,7.0
553105121526427649,2015-01-08T08:25:11+00:00,2015-01-08T16:33:29+00:00,29298.0,20,1,19,61.0,7384.1578947368425,0.0006485084306095979,0.040958427196395655,3,15,5.666666666666667
553105208008773632,2015-01-08T08:25:32+00:00,2015-01-09T04:13:38+00:00,71286.0,27,1,26,48.0,9015.384615384615,0.000364727997082176,0.02272535981819712,4,12,2.3636363636363638
553105460887572480,2015-01-08T08:26:32+00:00,2015-01-09T18:00:35+00:00,120843.0,49,1,48,216.0,20335.916666666668,0.00039720960254214144,0.024329088155706165,14,7,1.3714285714285714
553105493255000065,2015-01-08T08:26:40+00:00,2015-01-08T12:26:25+00:00,14385.0,4,1,3,1830.0,6653.666666666667,0.00020855057351407716,0.016684045881126174,1,3,3.0
553105942460760064,2015-01-08T08:28:27+00:00,2015-01-08T10:48:25+00:00,8398.0,4,1,3,1168.0,5396.0,0.00035722791140747797,0.02857823291259824,1,2,2.0
553106200242700289,2015-01-08T08:29:29+00:00,2015-01-08T16:00:16+00:00,27047.0,22,1,21,81.0,1980.2380952380952,0.0007764262210226642,0.04880393389285318,3,16,3.5
553106334607228928,2015-01-08T08:30:01+00:00,2015-01-10T10:27:18+00:00,179837.0,26,1,25,548.0,21899.76,0.00013901477449023282,0.008674521928190529,6,13,2.5
553106714682462209,2015-01-08T08:31:31+00:00,2015-01-08T12:47:51+00:00,15380.0,17,1,16,319.0,3121.875,0.0010403120936280884,0.06631989596879065,4,13,4.0
553106869615472640,2015-01-08T08:32:08+00:00,2015-01-08T21:24:04+00:00,46316.0,11,1,10,440.0,8518.2,0.00021590810950859315,0.01424993522756715,1,10,10.0
553107688591089664,2015-01-08T08:35:23+00:00,2015-01-09T15:50:36+00:00,112513.0,6,1,5,1448.0,36646.4,4.443930923537725e-05,0.0031996302649471616,1,5,5.0
553107921081749504,2015-01-08T08:36:19+00:00,2015-01-08T10:15:55+00:00,5976.0,7,1,6,345.0,1909.0,0.001004016064257028,0.07028112449799197,1,6,6.0
553107939926736896,2015-01-08T08:36:23+00:00,2015-01-09T07:08:40+00:00,81137.0,23,1,22,168.0,8465.363636363636,0.0002711463327458496,0.017008269963148748,4,18,4.4
553108153915944961,2015-01-08T08:37:14+00:00,2015-01-08T09:16:11+00:00,2337.0,3,1,2,1035.0,1686.0,0.0008557980316645272,0.07702182284980744,1,2,2.0
553108170726719488,2015-01-08T08:37:18+00:00,2015-01-08T11:25:22+00:00,10084.0,21,1,20,126.0,6959.1,0.0019833399444664813,0.12495041650138834,7,6,2.2222222222222223
553108242856177664,2015-01-08T08:37:36+00:00,2015-01-09T12:55:13+00:00,101857.0,14,1,13,209.0,15567.384615384615,0.00012762991252442148,0.008246855886193389,2,12,6.5
553108804934856704,2015-01-08T08:39:50+00:00,2015-01-08T14:37:54+00:00,21484.0,8,1,7,501.0,6124.571428571428,0.00032582386892571213,0.022342208154905976,1,7,7.0
553109319764291584,2015-01-08T08:41:52+00:00,2015-01-09T22:00:31+00:00,134319.0,21,1,20,1011.0,19776.0,0.00014889926220415577,0.009380653518861814,2,17,5.0
553109369886633984,2015-01-08T08:42:04+00:00,2015-01-08T08:42:04+00:00,0.0,1,1,0,0.0,0.0,0.0,0.0,0,0,0.0
553109813807575040,2015-01-08T08:43:50+00:00,2015-01-16T05:20:55+00:00,679025.0,24,1,23,1616.0,112571.21739130435,3.387209602002872e-05,0.0021206877508191894,6,17,3.8333333333333335
553110339236409346,2015-01-08T08:45:55+00:00,2015-01-08T09:25:48+00:00,2393.0,21,1,20,40.0,908.95,0.008357709987463435,0.5265357292101964,6,11,2.2222222222222223
553110609513177088,2015-01-08T08:47:00+00:00,2015-01-08T16:22:35+00:00,27335.0,8,1,7,96.0,8401.714285714286,0.00025608194622279127,0.017559904883848548,3,5,2.3333333333333335
553110751238701058,2015-01-08T08:47:34+00:00,2015-01-11T18:05:03+00:00,292649.0,5,1,4,33269.0,116243.75,1.366825104476694e-05,0.0010251188283575204,1,4,4.0
553110780745629696,2015-01-08T08:47:41+00:00,2015-01-10T08:46:16+00:00,172715.0,12,1,11,316.0,30974.090909090908,6.36887357785948e-05,0.004168717250962568,3,9,3.6666666666666665
553110783761338368,2015-01-08T08:47:41+00:00,2015-01-08T14:14:53+00:00,19632.0,52,1,51,600.0,9521.098039215687,0.002597799511002445,0.15892420537897312,19,16,1.8214285714285714
553111157738057728,2015-01-08T08:49:10+00:00,2015-01-09T00:08:40+00:00,55170.0,84,1,83,120.0,5255.626506024097,0.0015044408192858437,0.09135399673735727,19,7,1.537037037037037
553111553235361792,2015-01-08T08:50:45+00:00,2015-01-09T04:54:39+00:00,72234.0,54,1,53,612.0,24872.32075471698,0.0007337264999861561,0.044854223772738594,13,4,1.4736842105263157
553111820786204672,2015-01-08T08:51:49+00:00,2015-01-08T16:59:51+00:00,29282.0,24,1,23,326.0,4341.826086956522,0.0007854654736698313,0.04917696878628509,5,16,3.142857142857143
553112060788473856,2015-01-08T08:52:46+00:00,2015-01-11T01:42:35+00:00,233389.0,96,1,95,255.0,38047.757894736846,0.0004070457476573446,0.024679826384276893,12,8,1.7592592592592593
553112230292496384,2015-01-08T08:53:26+00:00,2015-01-08T16:43:15+00:00,28189.0,15,1,14,184.0,12628.0,0.0004966476285075739,0.031927347546915466,3,8,2.8
553113395487330304,2015-01-08T08:58:04+00:00,2015-01-12T23:02:46+00:00,396282.0,16,1,15,177.0,33315.066666666666,3.785183278574348e-05,0.0024225172982875833,1,15,15.0
553113509152952321,2015-01-08T08:58:31+00:00,2015-01-08T21:17:31+00:00,44340.0,36,1,35,72.0,8541.857142857143,0.0007893549842129003,0.04871447902571042,7,8,1.75
553113536625664000,2015-01-08T08:58:38+00:00,2015-01-12T13:17:17+00:00,361119.0,9,1,8,199.0,49630.125,2.2153362188087582e-05,0.001495351947695912,4,5,2.0
553113938091462656,2015-01-08T09:00:13+00:00,2015-01-08T16:20:43+00:00,26430.0,16,1,15,358.0,8737.0,0.0005675368898978433,0.036322360953461974,4,9,3.0
553113944219320320,2015-01-08T09:00:15+00:00,2015-01-08T09:00:15+00:00,0.0,1,1,0,0.0,0.0,0.0,0.0,0,0,0.0
553114158989074432,2015-01-08T09:01:06+00:00,2015-01-08T10:26:04+00:00,5098.0,9,1,8,380.0,1856.875,0.001569242840329541,0.10592389172224402,4,4,2.0
553114307383541761,2015-01-08T09:01:41+00:00,2015-01-09T04:38:19+00:00,70598.0,21,1,20,66.0,9973.75,0.00028329414431003713,0.017847531091532337,3,17,5.0
553115168084074497,2015-01-08T09:05:07+00:00,2015-01-14T01:27:01+00:00,490914.0,20,1,19,77.0,35827.73684210526,3.8703316670537e-05,0.002444420000244442,6,13,3.1666666666666665
553115176057065473,2015-01-08T09:05:09+00:00,2015-01-08T11:03:28+00:00,7099.0,9,1,8,50.0,3153.5,0.0011269192844062545,0.07606705169742217,2,7,4.0
553115236992290816,2015-01-08T09:05:23+00:00,2015-01-08T10:38:53+00:00,5610.0,5,1,4,304.0,2122.25,0.00071301247771836,0.053475935828877004,1,4,4.0
553115341338198016,2015-01-08T09:05:48+00:00,2015-01-08T13:32:01+00:00,15973.0,22,1,21,155.0,2907.4285714285716,0.001314718587616603,0.08263945407875792,3,14,4.75
553115396006764544,2015-01-08T09:06:01+00:00,2015-01-09T01:07:19+00:00,57678.0,21,1,20,169.0,4015.4,0.0003467526613266757,0.021845417663580568,3,16,5.0
553115926531674112,2015-01-08T09:08:07+00:00,2015-01-08T11:36:23+00:00,8896.0,10,1,9,51.0,2289.5555555555557,0.0010116906474820144,0.06744604316546762,1,9,9.0
553116149333114880,2015-01-08T09:09:01+00:00,2015-01-08T12:57:21+00:00,13700.0,21,1,20,1005.0,6229.6,0.00145985401459854,0.09197080291970802,2,18,6.666666666666667
553116528074575872,2015-01-08T09:10:31+00:00,2015-01-08T14:45:59+00:00,20128.0,11,1,10,111.0,4511.3,0.0004968203497615262,0.03279014308426073,1,10,10.0
553116915325870083,2015-01-08T09:12:03+00:00,2015-01-08T14:47:01+00:00,20098.0,4,1,3,3054.0,9596.0,0.00014926858393870038,0.01194148671509603,1,3,3.0
553117423906590720,2015-01-08T09:14:04+00:00,2015-01-08T11:12:55+00:00,7131.0,47,1,46,86.0,4649.847826086957,0.006450708175571448,0.3954564577198149,13,7,1.6538461538461537
553117500410716160,2015-01-08T09:14:23+00:00,2015-01-08T10:03:36+00:00,2953.0,8,1,7,218.0,1656.4285714285713,0.0023704707077548256,0.16254656281747376,1,7,7.0
553117623568068608,2015-01-08T09:14:52+00:00,2015-01-09T00:06:13+00:00,53481.0,26,1,25,328.0,10469.36,0.00046745573194218506,0.029169237673192346,6,9,2.0833333333333335
553117778870169600,2015-01-08T09:15:29+00:00,2015-01-08T21:29:30+00:00,44041.0,2,1,1,44041.0,44041.0,2.270611475670398e-05,0.0027247337708044776,1,1,1.0
553117857609809920,2015-01-08T09:15:48+00:00,2015-01-09T21:57:51+00:00,132123.0,12,1,11,242.0,25548.272727272728,8.32557541079146e-05,0.005449467541608955,1,11,11.0
553118198741356544,2015-01-08T09:17:09+00:00,2015-01-09T17:00:11+00:00,114182.0,16,1,15,459.0,30080.066666666666,0.00013136921756494018,0.008407629924156172,3,9,3.0
553118212813246464,2015-01-08T09:17:13+00:00,2015-01-08T12:19:27+00:00,10934.0,17,1,16,125.0,4805.375,0.0014633254069873788,0.09328699469544541,2,15,8.0
553118384540643328,2015-01-08T09:17:53+00:00,2015-01-09T16:59:45+00:00,114112.0,10,1,9,452.0,18692.666666666668,7.886988222097589e-05,0.005257992148065059,1,9,9.0
553118438332571648,2015-01-08T09:18:06+00:00,2015-01-08T11:22:57+00:00,7491.0,9,1,8,356.0,2329.375,0.001067948204512081,0.07208650380456548,1,8,8.0
553119235904643072,2015-01-08T09:21:16+00:00,2015-01-08T22:08:30+00:00,46034.0,27,1,26,5131.0,14310.307692307691,0.0005647999304861623,0.03519138028413781,6,10,2.0
553119505887395840,2015-01-08T09:22:21+00:00,2015-01-08T18:33:34+00:00,33073.0,7,1,6,382.0,11116.333333333334,0.00018141686572128323,0.012699180600489825,2,5,3.0
553120696910364673,2015-01-08T09:27:05+00:00,2015-01-08T13:53:38+00:00,15993.0,14,1,13,2403.0,5478.538461538462,0.0008128556243356469,0.05252297880322641,1,13,13.0
553120849231089664,2015-01-08T09:27:41+00:00,2015-01-09T12:48:31+00:00,98450.0,23,1,22,46.0,6685.545454545455,0.000223463687150838,0.014017267648552566,4,17,4.4
553121522769219584,2015-01-08T09:30:22+00:00,2015-01-08T11:17:39+00:00,6437.0,4,1,3,424.0,3570.3333333333335,0.00046605561597017243,0.0372844492776138,1,3,3.0
553121581187485696,2015-01-08T09:30:36+00:00,2015-01-08T10:01:31+00:00,1855.0,20,1,19,78.0,703.1578947368421,0.010242587601078167,0.6469002695417789,1,19,19.0
553121732387946496,2015-01-08T09:31:12+00:00,2015-01-08T11:23:52+00:00,6760.0,15,1,14,273.0,2436.5714285714284,0.0020710059171597634,0.1331360946745562,2,12,4.666666666666667
553122276913471488,2015-01-08T09:33:21+00:00,2015-01-08T12:50:18+00:00,11817.0,12,1,11,54.0,4087.0,0.0009308623170009309,0.060929169840060936,2,7,2.75
553122359398260736,2015-01-08T09:33:41+00:00,2015-01-10T03:45:09+00:00,151888.0,21,1,20,122.0,8757.7,0.00013167597176867165,0.008295586221426314,2,17,5.0
553123078541434880,2015-01-08T09:36:33+00:00,2015-01-08T19:14:55+00:00,34702.0,8,1,7,470.0,6364.142857142857,0.00020171748026050372,0.013832055789291683,3,4,1.75
553123329561743361,2015-01-08T09:37:32+00:00,2015-01-14T17:32:35+00:00,546903.0,7,1,6,1657.0,176070.83333333334,1.0970866863045184e-05,0.0007679606804131629,1,6,6.0
553123958602862593,2015-01-08T09:40:02+00:00,2015-01-15T07:00:14+00:00,595212.0,16,1,15,164.0,124225.4,2.5201104816435152e-05,0.0016128707082518497,1,15,15.0
553124268196642816,2015-01-08T09:41:16+00:00,2015-01-08T13:41:11+00:00,14395.0,8,1,7,8.0,9841.714285714286,0.00048627995831886073,0.03334491142757902,3,4,1.75
553124563266306048,2015-01-08T09:42:27+00:00,2015-01-08T15:14:26+00:00,19919.0,6,1,5,101.0,7247.6,0.00025101661730006524,0.0180731964456047,1,5,5.0
553124783043649537,2015-01-08T09:43:19+00:00,2015-01-08T09:43:19+00:00,0.0,1,1,0,0.0,0.0,0.0,0.0,0,0,0.0
553124985137815552,2015-01-08T09:44:07+00:00,2015-01-08T12:27:15+00:00,9788.0,20,1,19,61.0,2508.8947368421054,0.0019411524315488353,0.12259910093992644,1,19,19.0
553124985900785666,2015-01-08T09:44:07+00:00,2015-01-08T16:47:57+00:00,25430.0,5,1,4,398.0,9620.5,0.00015729453401494299,0.011797090051120724,1,4,4.0
553125301090525185,2015-01-08T09:45:23+00:00,2015-01-08T13:21:39+00:00,12976.0,37,1,36,147.0,3384.3055555555557,0.0027743526510480886,0.17108508014796547,9,9,1.7142857142857142
553125364520992768,2015-01-08T09:45:38+00:00,2015-01-15T06:48:50+00:00,594192.0,10,1,9,2067.0,98291.55555555556,1.5146619274577914e-05,0.0010097746183051941,2,8,4.5
553125384246804480,2015-01-08T09:45:42+00:00,2015-01-09T22:32:23+00:00,132401.0,2,1,1,132401.0,132401.0,7.552813045218692e-06,0.0009063375654262429,1,1,1.0
553126044375732224,2015-01-08T09:48:20+00:00,2015-01-10T17:37:48+00:00,200968.0,20,1,19,282.0,37324.63157894737,9.45424147127901e-05,0.005971099876597269,2,16,9.5
553126072905383936,2015-01-08T09:48:27+00:00,2015-01-08T14:49:01+00:00,18034.0,15,1,14,25.0,3309.9285714285716,0.0007763114117777532,0.04990573361428413,1,12,12.0
553126492579053568,2015-01-08T09:50:07+00:00,2015-01-08T15:01:37+00:00,18690.0,7,1,6,213.0,6173.666666666667,0.00032102728731942215,0.02247191011235955,1,6,6.0
553126517027262465,2015-01-08T09:50:12+00:00,2015-01-08T09:50:12+00:00,0.0,1,1,0,0.0,0.0,0.0,0.0,0,0,0.0
553126517187047424,2015-01-08T09:50:12+00:00,2015-01-08T20:24:41+00:00,38069.0,20,1,19,44.0,7073.631578947368,0.0004990937508208778,0.03152171057816071,2,17,6.333333333333333
553126953268834304,2015-01-08T09:51:56+00:00,2015-01-08T14:31:47+00:00,16791.0,7,1,6,1944.0,7094.333333333333,0.00035733428622476324,0.025013400035733428,2,3,3.0
553127086706397185,2015-01-08T09:52:28+00:00,2015-01-09T00:18:00+00:00,51932.0,21,1,20,84.0,15331.4,0.0003851190017715474,0.024262497111607488,4,12,2.5
553127274829328385,2015-01-08T09:53:13+00:00,2015-01-08T10:45:07+00:00,3114.0,11,1,10,275.0,1176.7,0.0032113037893384713,0.21194605009633913,4,6,2.0
553127508150071297,2015-01-08T09:54:09+00:00,2015-01-08T11:44:33+00:00,6624.0,20,1,19,119.0,1328.4736842105262,0.0028683574879227055,0.18115942028985507,2,17,6.333333333333333
553127546129117184,2015-01-08T09:54:18+00:00,2015-01-08T22:10:21+00:00,44163.0,22,1,21,1254.0,8022.142857142857,0.00047551117451260106,0.029889273826506354,8,10,2.1
553127632947396609,2015-01-08T09:54:38+00:00,2015-01-08T10:40:55+00:00,2777.0,21,1,20,73.0,1025.5,0.007202016564638099,0.45372704357220023,2,11,6.5
553127899033640960,2015-01-08T09:55:42+00:00,2015-01-09T03:40:00+00:00,63858.0,11,1,10,374.0,10094.3,0.00015659745059350434,0.010335431739171288,1,10,10.0
553128245420257280,2015-01-08T09:57:04+00:00,2015-01-09T20:41:32+00:00,125068.0,74,1,73,951.0,67875.19178082192,0.0005836824767326574,0.03550068762593149,18,12,1.6590909090909092
553128325217275905,2015-01-08T09:57:24+00:00,2015-01-08T10:55:39+00:00,3495.0,26,1,25,521.0,2032.44,0.00715307582260372,0.44635193133047213,8,7,2.272727272727273
553128548526227456,2015-01-08T09:58:17+00:00,2015-01-08T10:23:06+00:00,1489.0,3,1,2,521.0,1005.0,0.001343183344526528,0.12088650100738751,1,2,2.0
553129117215100928,2015-01-08T10:00:32+00:00,2015-01-09T23:56:01+00:00,136529.0,2,1,1,136529.0,136529.0,7.324451215492679e-06,0.0008789341458591216,1,1,1.0
553129378969047043,2015-01-08T10:01:35+00:00,2015-01-09T05:31:05+00:00,70170.0,9,1,8,445.0,25053.625,0.00011400883568476557,0.007695596408721676,2,6,2.6666666666666665
553129478008758272,2015-01-08T10:01:58+00:00,2015-01-08T12:22:21+00:00,8423.0,3,1,2,3103.0,5763.0,0.00023744509082274725,0.021370058174047253,1,2,2.0
553129559173115904,2015-01-08T10:02:18+00:00,2015-01-08T17:26:07+00:00,26629.0,12,1,11,380.0,5150.0,0.00041308348041608773,0.02703819144541665,5,7,2.2
553129811850559488,2015-01-08T10:03:18+00:00,2015-01-08T11:26:18+00:00,4980.0,22,1,21,204.0,1887.1904761904761,0.004216867469879518,0.26506024096385544,4,15,3.0
553130148107943937,2015-01-08T10:04:38+00:00,2015-01-08T13:00:34+00:00,10556.0,4,1,3,1188.0,5433.666666666667,0.00028419856006062905,0.022735884804850323,1,3,3.0
553130475032563712,2015-01-08T10:05:56+00:00,2015-01-08T10:55:36+00:00,2980.0,2,1,1,2980.0,2980.0,0.0003355704697986577,0.04026845637583893,1,1,1.0
553131554743287808,2015-01-08T10:10:13+00:00,2015-01-20T05:53:55+00:00,1021422.0,24,1,23,205.0,197509.30434782608,2.2517627386134233e-05,0.0014097992798275344,4,15,3.8333333333333335
553131557892804609,2015-01-08T10:10:14+00:00,2015-01-08T10:15:57+00:00,343.0,3,1,2,279.0,311.0,0.0058309037900874635,0.5247813411078717,2,1,1.0
553131566172737536,2015-01-08T10:10:16+00:00,2015-01-08T12:18:08+00:00,7672.0,15,1,14,130.0,1233.5714285714287,0.0018248175182481751,0.11730969760166841,3,10,2.8
553131713376047104,2015-01-08T10:10:51+00:00,2015-01-08T20:38:46+00:00,37675.0,9,1,8,1113.0,12490.875,0.00021234240212342402,0.014333112143331122,1,8,8.0
553131763468603392,2015-01-08T10:11:03+00:00,2015-01-08T17:25:16+00:00,26053.0,22,1,21,134.0,3395.6666666666665,0.0008060492073849461,0.05066595017848233,3,17,4.2
553131791553667072,2015-01-08T10:11:10+00:00,2015-01-08T12:49:14+00:00,9484.0,20,1,19,290.0,2951.4210526315787,0.0020033741037536906,0.12652889076339097,2,17,6.333333333333333
553131797379551232,2015-01-08T10:11:11+00:00,2015-01-14T22:21:09+00:00,562198.0,5,1,4,7846.0,160752.25,7.114931038530909e-06,0.0005336198278898182,1,4,4.0
553132534771744768,2015-01-08T10:14:07+00:00,2015-01-08T12:15:23+00:00,7276.0,11,1,10,404.0,2013.1,0.0013743815283122594,0.09070918086860913,3,6,2.0
553132714446950400,2015-01-08T10:14:50+00:00,2015-01-09T02:13:11+00:00,57501.0,30,1,29,25.0,7562.206896551724,0.000504339054972957,0.03130380341211457,9,15,2.6363636363636362
553132819237462016,2015-01-08T10:15:15+00:00,2015-01-08T12:21:50+00:00,7595.0,9,1,8,450.0,2575.5,0.001053324555628703,0.07109940750493746,2,7,4.0
553133048611753984,2015-01-08T10:16:10+00:00,2015-01-08T16:30:47+00:00,22477.0,27,1,26,62.0,6147.538461538462,0.001156737998843262,0.0720736753125417,6,18,3.7142857142857144
553133340795363328,2015-01-08T10:17:19+00:00,2015-01-08T15:33:52+00:00,18993.0,20,1,19,78.0,4546.526315789473,0.0010003685568367292,0.06318117201074079,10,4,1.4615384615384615
553133704881917952,2015-01-08T10:18:46+00:00,2015-01-17T10:19:34+00:00,777648.0,52,1,51,52.0,52843.25490196078,6.558237145855194e-05,0.0040120980186408245,16,19,1.8214285714285714
553134790925619201,2015-01-08T10:23:05+00:00,2015-01-08T11:10:59+00:00,2874.0,10,1,9,61.0,895.2222222222222,0.003131524008350731,0.20876826722338204,1,9,9.0
553135106609922049,2015-01-08T10:24:20+00:00,2015-01-08T10:46:10+00:00,1310.0,21,1,20,44.0,588.1,0.015267175572519083,0.9618320610687023,2,19,10.0
553135255583219712,2015-01-08T10:24:56+00:00,2015-01-09T19:43:44+00:00,119928.0,13,1,12,271.0,12781.666666666666,0.00010006003602161297,0.006503902341404843,3,6,4.0
553135802495270913,2015-01-08T10:27:06+00:00,2015-01-09T07:32:39+00:00,75933.0,23,1,22,79.0,6405.454545454545,0.0002897291032884253,0.018173916479001226,4,19,5.5
553135886859534336,2015-01-08T10:27:26+00:00,2015-01-08T16:15:17+00:00,20871.0,10,1,9,138.0,9071.111111111111,0.00043122035360068997,0.028748023573379328,2,7,4.5
553135991083769856,2015-01-08T10:27:51+00:00,2015-01-08T14:45:05+00:00,15434.0,7,1,6,344.0,5302.5,0.0003887521057405728,0.027212647401840092,2,5,3.0
553136053112950785,2015-01-08T10:28:06+00:00,2015-01-08T10:28:06+00:00,0.0,1,1,0,0.0,0.0,0.0,0.0,0,0,0.0
553136237083889664,2015-01-08T10:28:50+00:00,2015-01-08T21:46:36+00:00,40666.0,25,1,24,69.0,5914.791666666667,0.0005901736094034328,0.036885850587714555,3,13,4.0
553136565296582657,2015-01-08T10:30:08+00:00,2015-01-08T12:49:39+00:00,8371.0,22,1,21,45.0,2131.1428571428573,0.00250866085294469,0.1576872536136662,2,11,3.0
553136604882014208,2015-01-08T10:30:18+00:00,2015-01-08T13:18:58+00:00,10120.0,13,1,12,46.0,3088.1666666666665,0.0011857707509881424,0.07707509881422925,1,12,12.0
553136845589319680,2015-01-08T10:31:15+00:00,2015-01-08T13:15:16+00:00,9841.0,38,1,37,30.0,2116.2972972972975,0.0037597805101107613,0.23168377197439283,17,11,2.0
553136990787342336,2015-01-08T10:31:50+00:00,2015-01-09T14:12:24+00:00,99634.0,46,1,45,140.0,68847.2,0.00045165305016359875,0.027701387076700727,19,6,1.4516129032258065
553137068688543744,2015-01-08T10:32:08+00:00,2015-01-08T10:32:08+00:00,0.0,1,1,0,0.0,0.0,0.0,0.0,0,0,0.0
553137476135432194,2015-01-08T10:33:45+00:00,2015-01-08T18:16:03+00:00,27738.0,20,1,19,49.0,9374.157894736842,0.000684980892638258,0.04326195111399524,2,15,4.75
553137557601812480,2015-01-08T10:34:05+00:00,2015-01-14T13:00:18+00:00,527173.0,22,1,21,59.0,28236.04761904762,3.983512053917784e-05,0.002503921862462607,10,10,2.0
553137601457426433,2015-01-08T10:34:15+00:00,2015-01-08T12:11:51+00:00,5856.0,19,1,18,721.0,2331.0,0.0030737704918032786,0.194672131147541,5,4,1.8
553137713163943936,2015-01-08T10:34:42+00:00,2015-01-13T15:17:32+00:00,448970.0,9,1,8,288.0,58224.25,1.7818562487471322e-05,0.0012027529679043143,1,8,8.0
553137849663361024,2015-01-08T10:35:14+00:00,2015-01-08T10:56:19+00:00,1265.0,20,1,19,61.0,502.4736842105263,0.015019762845849802,0.9486166007905139,2,17,6.333333333333333
553137946740932608,2015-01-08T10:35:37+00:00,2015-01-08T11:05:53+00:00,1816.0,2,1,1,1816.0,1816.0,0.0005506607929515419,0.06607929515418502,1,1,1.0
553138330557108224,2015-01-08T10:37:09+00:00,2015-01-12T21:32:13+00:00,384904.0,9,1,8,571.0,76066.5,2.0784403383700872e-05,0.0014029472283998087,2,4,2.0
553138598980370433,2015-01-08T10:38:13+00:00,2015-01-08T10:47:19+00:00,546.0,2,1,1,546.0,546.0,0.0018315018315018315,0.21978021978021978,1,1,1.0
553139058827096064,2015-01-08T10:40:03+00:00,2015-01-08T15:05:36+00:00,15933.0,11,1,10,91.0,4122.4,0.0006276281930584322,0.04142346074185652,1,10,10.0
553139203320860672,2015-01-08T10:40:37+00:00,2015-01-08T15:56:49+00:00,18972.0,23,1,22,221.0,5541.090909090909,0.0011596036263967953,0.07273877292852625,6,11,2.1
553139285717950465,2015-01-08T10:40:57+00:00,2015-01-12T09:11:06+00:00,340209.0,12,1,11,126.0,62743.72727272727,3.233306585069766e-05,0.0021163461284093013,1,11,11.0
553139515171557376,2015-01-08T10:41:51+00:00,2015-01-08T10:41:51+00:00,0.0,1,1,0,0.0,0.0,0.0,0.0,0,0,0.0
553139573019406336,2015-01-08T10:42:05+00:00,2015-01-08T11:31:45+00:00,2980.0,2,1,1,2980.0,2980.0,0.0003355704697986577,0.04026845637583893,1,1,1.0
553139825008599041,2015-01-08T10:43:05+00:00,2015-01-08T15:15:14+00:00,16329.0,9,1,8,230.0,2509.375,0.0004899258987078204,0.033069998162777885,2,7,4.0
553140194606469121,2015-01-08T10:44:33+00:00,2015-01-08T12:20:30+00:00,5757.0,9,1,8,260.0,1403.375,0.001389612645475074,0.09379885356956748,1,8,8.0
553140461540343808,2015-01-08T10:45:37+00:00,2015-01-09T11:32:00+00:00,89183.0,19,1,18,749.0,8658.722222222223,0.0002018321877487862,0.012782705224089792,4,9,2.25
553140613051215873,2015-01-08T10:46:13+00:00,2015-01-15T15:50:39+00:00,623066.0,16,1,15,174.0,133565.33333333334,2.4074496120796192e-05,0.0015407677517309563,1,15,15.0
553141087725170688,2015-01-08T10:48:06+00:00,2015-01-09T22:00:26+00:00,126740.0,45,1,44,22.0,25312.659090909092,0.0003471674293829888,0.02130345589395613,8,5,1.76
553141732452626432,2015-01-08T10:50:40+00:00,2015-01-08T13:58:41+00:00,11281.0,12,1,11,25.0,1531.909090909091,0.0009750908607392962,0.0638241290665721,2,9,3.6666666666666665
553141935482093568,2015-01-08T10:51:28+00:00,2015-01-08T11:36:24+00:00,2696.0,24,1,23,54.0,1355.0434782608695,0.008531157270029673,0.5341246290801187,6,15,3.2857142857142856
553142344166301696,2015-01-08T10:53:06+00:00,2015-01-08T23:39:50+00:00,46004.0,24,1,23,116.0,5237.95652173913,0.00049995652551952,0.03130162594556995,5,9,2.090909090909091
553143017922912256,2015-01-08T10:55:47+00:00,2015-01-08T11:55:51+00:00,3604.0,9,1,8,263.0,1944.5,0.0022197558268590455,0.14983351831298555,1,8,8.0
553143179038715904,2015-01-08T10:56:25+00:00,2015-01-08T15:13:58+00:00,15453.0,21,1,20,1931.0,6226.0,0.0012942470717660001,0.081537565521258,5,8,2.0
553143415899451393,2015-01-08T10:57:21+00:00,2015-01-08T14:36:44+00:00,13163.0,6,1,5,39.0,5816.0,0.0003798526171845324,0.027349388437286334,1,5,5.0
553143519536500738,2015-01-08T10:57:46+00:00,2015-01-08T11:28:43+00:00,1857.0,5,1,4,94.0,791.75,0.002154011847065159,0.16155088852988692,1,4,4.0
553143905039159297,2015-01-08T10:59:18+00:00,2015-01-09T08:34:48+00:00,77730.0,99,1,98,1538.0,12189.69387755102,0.001260774475749389,0.07641837128521806,12,5,1.5593220338983051
553143987377561600,2015-01-08T10:59:38+00:00,2015-01-09T04:54:57+00:00,64519.0,9,1,8,129.0,16569.625,0.00012399448224554007,0.008369627551573956,1,8,8.0
553144384737525762,2015-01-08T11:01:12+00:00,2015-01-08T12:21:04+00:00,4792.0,5,1,4,1289.0,2452.25,0.0008347245409015025,0.06260434056761269,1,4,4.0
553144428584398850,2015-01-08T11:01:23+00:00,2015-01-09T12:35:53+00:00,92070.0,20,1,19,68.0,31508.0,0.00020636472249375474,0.013033561420658195,3,12,3.1666666666666665
553144448452792321,2015-01-08T11:01:28+00:00,2015-01-08T11:38:51+00:00,2243.0,6,1,5,141.0,913.2,0.002229157378510923,0.16049933125278645,1,5,5.0
553144712920834048,2015-01-08T11:02:31+00:00,2015-01-08T13:20:23+00:00,8272.0,13,1,12,277.0,1978.0,0.0014506769825918763,0.09429400386847195,3,7,2.0
553144889811402752,2015-01-08T11:03:13+00:00,2015-01-08T17:48:29+00:00,24316.0,13,1,12,63.0,2935.1666666666665,0.0004935022207599934,0.032077644349399574,2,8,6.0
553144928721973248,2015-01-08T11:03:22+00:00,2015-01-08T11:20:25+00:00,1023.0,3,1,2,208.0,615.5,0.0019550342130987292,0.1759530791788856,1,2,2.0
553144964168036352,2015-01-08T11:03:31+00:00,2015-01-08T14:40:25+00:00,13014.0,25,1,24,132.0,3690.2083333333335,0.0018441678192715537,0.1152604887044721,6,16,3.4285714285714284
553145034720030720,2015-01-08T11:03:47+00:00,2015-01-08T11:04:43+00:00,56.0,2,1,1,56.0,56.0,0.017857142857142856,2.142857142857143,1,1,1.0
553145130354765824,2015-01-08T11:04:10+00:00,2015-01-08T16:24:03+00:00,19193.0,15,1,14,331.0,7571.714285714285,0.0007294326056374719,0.04689209607669463,1,14,14.0
553145137086607360,2015-01-08T11:04:12+00:00,2015-01-08T23:05:14+00:00,43262.0,14,1,13,198.0,10104.076923076924,0.0003004946604410337,0.019416578059266793,2,12,6.5
553145236268916736,2015-01-08T11:04:35+00:00,2015-01-09T07:06:46+00:00,72131.0,10,1,9,157.0,38598.88888888889,0.00012477298249019146,0.00831819883267943,3,7,3.0
553145422097969152,2015-01-08T11:05:20+00:00,2015-01-08T16:50:38+00:00,20718.0,25,1,24,94.0,4151.916666666667,0.0011584129742253113,0.07240081088908196,4,12,4.8
553145603665186816,2015-01-08T11:06:03+00:00,2015-01-08T14:26:56+00:00,12053.0,14,1,13,128.0,2748.153846153846,0.001078569650709367,0.06969219281506679,2,11,4.333333333333333
553145690424344576,2015-01-08T11:06:24+00:00,2015-01-08T17:28:41+00:00,22937.0,2,1,1,22937.0,22937.0,4.35976806033919e-05,0.005231721672407028,1,1,1.0
553145736045801472,2015-01-08T11:06:35+00:00,2015-01-08T13:14:07+00:00,7652.0,6,1,5,108.0,1767.4,0.0006534239414532148,0.04704652378463147,1,5,5.0
553145755079569408,2015-01-08T11:06:39+00:00,2015-01-17T18:13:52+00:00,803233.0,26,1,25,86.0,35846.68,3.112421924896014e-05,0.0019421512811351126,5,13,2.5
553145759961714688,2015-01-08T11:06:40+00:00,2015-01-14T04:04:33+00:00,493073.0,29,1,28,365.0,50366.71428571428,5.6786723264100854e-05,0.0035288892314119815,5,10,2.3333333333333335
553145830761594880,2015-01-08T11:06:57+00:00,2015-01-08T12:18:51+00:00,4314.0,8,1,7,77.0,2227.714285714286,0.0016226240148354196,0.11126564673157162,2,6,3.5
553145859089920000,2015-01-08T11:07:04+00:00,2015-01-12T08:49:18+00:00,337334.0,16,1,15,135.0,27086.733333333334,4.446631528396189e-05,0.0028458441781735607,8,5,1.875
553146117685522433,2015-01-08T11:08:06+00:00,2015-01-08T11:08:06+00:00,0.0,1,1,0,0.0,0.0,0.0,0.0,0,0,0.0
553146248652681217,2015-01-08T11:08:37+00:00,2015-01-08T16:24:27+00:00,18950.0,20,1,19,247.0,5051.473684210527,0.0010026385224274406,0.0633245382585752,3,14,3.1666666666666665
553146494271094784,2015-01-08T11:09:35+00:00,2015-01-08T15:12:47+00:00,14592.0,7,1,6,354.0,6221.666666666667,0.00041118421052631577,0.028782894736842108,1,6,6.0
553146691344695297,2015-01-08T11:10:22+00:00,2015-01-08T17:58:50+00:00,24508.0,6,1,5,828.0,7736.6,0.0002040150155051412,0.014689081116370167,2,4,2.5
553147034707165185,2015-01-08T11:11:44+00:00,2015-01-08T11:58:51+00:00,2827.0,20,1,19,42.0,1254.421052631579,0.0067209055535903785,0.42447824548991864,2,16,4.75
553147120942084096,2015-01-08T11:12:05+00:00,2015-01-08T13:22:45+00:00,7840.0,8,1,7,165.0,1797.2857142857142,0.0008928571428571428,0.06122448979591837,1,7,7.0
553147341470203906,2015-01-08T11:12:57+00:00,2015-01-08T11:53:36+00:00,2439.0,16,1,15,108.0,995.6666666666666,0.006150061500615006,0.3936039360393604,3,12,3.75
553147368913506304,2015-01-08T11:13:04+00:00,2015-01-08T23:54:39+00:00,45695.0,23,1,22,136.0,5680.5,0.0004814531130320604,0.030200240726556516,4,14,3.6666666666666665
553148339160907776,2015-01-08T11:16:55+00:00,2015-01-08T12:24:42+00:00,4067.0,3,1,2,279.0,2173.0,0.0004917629702483403,0.04425866732235063,1,2,2.0
553148844574511104,2015-01-08T11:18:56+00:00,2015-01-08T19:52:22+00:00,30806.0,25,1,24,36.0,8027.333333333333,0.0007790690125300266,0.04869181328312667,5,17,4.0
553148900811759617,2015-01-08T11:19:09+00:00,2015-01-10T20:56:32+00:00,207443.0,37,1,36,153.0,33941.38888888889,0.00017354164758511976,0.01070173493441572,11,17,2.25
553148926459920386,2015-01-08T11:19:15+00:00,2015-01-08T14:24:59+00:00,11144.0,23,1,22,208.0,4130.636363636364,0.001974156496769562,0.12383345297918164,6,9,2.0
553148970651107329,2015-01-08T11:19:26+00:00,2015-01-09T14:19:28+00:00,97202.0,31,1,30,222.0,24087.366666666665,0.0003086356247813831,0.01913540873644575,9,12,2.5
553148984509100032,2015-01-08T11:19:29+00:00,2015-01-13T09:48:46+00:00,426557.0,19,1,18,158.0,65877.88888888889,4.2198346293695804e-05,0.002672561931934067,4,11,2.25
553149163181838336,2015-01-08T11:20:12+00:00,2015-01-08T11:23:38+00:00,206.0,2,1,1,206.0,206.0,0.0048543689320388345,0.5825242718446603,1,1,1.0
553149253363576832,2015-01-08T11:20:33+00:00,2015-01-10T08:37:54+00:00,163041.0,10,1,9,263.0,49358.88888888889,5.52008390527536e-05,0.0036800559368502404,1,9,9.0
553149347777753088,2015-01-08T11:20:56+00:00,2015-01-14T19:18:22+00:00,547046.0,18,1,17,218.0,73311.05882352941,3.107599726531224e-05,0.0019742398262668956,2,16,8.5
553149508637708288,2015-01-08T11:21:34+00:00,2015-01-09T01:50:03+00:00,52109.0,12,1,11,362.0,15207.545454545454,0.0002110959719050452,0.01381719088833023,1,11,11.0
553149880693456896,2015-01-08T11:23:03+00:00,2015-01-08T12:47:10+00:00,5047.0,22,1,21,54.0,1069.7142857142858,0.004160887656033287,0.26154150980780666,2,18,5.25
553151132949053440,2015-01-08T11:28:01+00:00,2015-01-08T17:03:40+00:00,20139.0,2,1,1,20139.0,20139.0,4.965489845573266e-05,0.005958587814687919,1,1,1.0
553151201253294080,2015-01-08T11:28:18+00:00,2015-01-08T13:12:47+00:00,6269.0,18,1,17,14.0,1092.2941176470588,0.0027117562609666615,0.17227628010847024,1,17,17.0
553151328009351169,2015-01-08T11:28:48+00:00,2015-01-08T12:48:21+00:00,4773.0,7,1,6,170.0,1543.5,0.001257071024512885,0.08799497171590195,1,6,6.0
553151506556653568,2015-01-08T11:29:30+00:00,2015-01-08T23:39:56+00:00,43826.0,14,1,13,187.0,9498.384615384615,0.0002966275726737553,0.01916670469584265,1,13,13.0
553151670796820480,2015-01-08T11:30:10+00:00,2015-01-08T12:40:48+00:00,4238.0,10,1,9,235.0,1227.2222222222222,0.0021236432279377066,0.1415762151958471,1,9,9.0
553151691512492033,2015-01-08T11:30:14+00:00,2015-01-08T11:30:14+00:00,0.0,1,1,0,0.0,0.0,0.0,0.0,0,0,0.0
553151700950065152,2015-01-08T11:30:17+00:00,2015-01-08T16:56:07+00:00,19550.0,21,1,20,31.0,2679.15,0.0010230179028132991,0.06445012787723786,5,10,2.857142857142857
553151749008424960,2015-01-08T11:30:28+00:00,2015-01-08T17:38:23+00:00,22075.0,16,1,15,15.0,4474.6,0.0006795016987542468,0.0434881087202718,2,14,7.5
553151804046082048,2015-01-08T11:30:41+00:00,2015-01-08T15:27:56+00:00,14235.0,4,1,3,126.0,5031.333333333333,0.00021074815595363542,0.01685985247629083,2,2,1.5
553151980928262144,2015-01-08T11:31:23+00:00,2015-01-09T15:35:08+00:00,101025.0,20,1,19,37.0,15191.368421052632,0.0001880722593417471,0.011878247958426132,2,11,6.333333333333333
553152208691539968,2015-01-08T11:32:18+00:00,2015-01-08T11:32:18+00:00,0.0,1,1,0,0.0,0.0,0.0,0.0,0,0,0.0
553152215050125313,2015-01-08T11:32:19+00:00,2015-01-08T12:40:50+00:00,4111.0,4,1,3,862.0,2010.3333333333333,0.0007297494526879105,0.05837995621503284,1,3,3.0
553152395371630592,2015-01-08T11:33:02+00:00,2015-01-08T18:34:04+00:00,25262.0,22,1,21,382.0,10306.142857142857,0.0008312881007046157,0.05225239490143298,4,18,5.25
553152400832606208,2015-01-08T11:33:04+00:00,2015-01-08T15:39:31+00:00,14787.0,20,1,19,27.0,2927.3684210526317,0.0012849124230743221,0.08115236356258876,3,14,3.8
553152448077258753,2015-01-08T11:33:15+00:00,2015-01-08T12:16:37+00:00,2602.0,4,1,3,1554.0,1950.6666666666667,0.0011529592621060721,0.09223674096848578,1,3,3.0
553152515701612544,2015-01-08T11:33:31+00:00,2015-01-08T17:26:09+00:00,21158.0,22,1,21,291.0,4875.0,0.0009925323754608186,0.062387749314680024,4,16,4.2
553152675014246400,2015-01-08T11:34:09+00:00,2015-01-08T14:35:09+00:00,10860.0,20,1,19,225.0,2406.6315789473683,0.0017495395948434623,0.11049723756906077,4,14,3.8
553152831050362882,2015-01-08T11:34:46+00:00,2015-01-08T14:59:04+00:00,12258.0,11,1,10,70.0,6006.3,0.0008157937673356176,0.05384238864415076,5,5,2.0
553153073481535489,2015-01-08T11:35:44+00:00,2015-01-21T08:37:48+00:00,1112524.0,32,1,31,173.0,640792.2258064516,2.786456741607372e-05,0.0017258054657697272,16,9,1.4761904761904763
553153190859141120,2015-01-08T11:36:12+00:00,2015-01-09T09:34:42+00:00,79110.0,37,1,36,50.0,13242.722222222223,0.0004550625711035267,0.028062191884717484,10,8,2.0
553153731471364096,2015-01-08T11:38:21+00:00,2015-01-11T20:55:52+00:00,292651.0,33,1,32,394.0,164288.9375,0.00010934526107889603,0.006765738029256692,13,9,1.5238095238095237
553153740925304832,2015-01-08T11:38:23+00:00,2015-01-08T13:11:11+00:00,5568.0,8,1,7,756.0,2411.5714285714284,0.001257183908045977,0.08620689655172414,1,7,7.0
553155289235881984,2015-01-08T11:44:32+00:00,2015-01-09T21:37:01+00:00,121949.0,13,1,12,803.0,25334.333333333332,9.840179091259461e-05,0.00639611640931865,1,12,12.0
553155430055440384,2015-01-08T11:45:06+00:00,2015-01-09T11:09:07+00:00,84241.0,6,1,5,1044.0,18060.8,5.9353521444427296e-05,0.004273453543998765,1,5,5.0
553155988917075968,2015-01-08T11:47:19+00:00,2015-01-10T02:24:26+00:00,139027.0,12,1,11,174.0,27072.363636363636,7.91213217576442e-05,0.005178850151409438,1,11,11.0
553156573607251968,2015-01-08T11:49:38+00:00,2015-01-08T13:19:03+00:00,5365.0,21,1,20,37.0,2099.9,0.003727865796831314,0.23485554520037277,10,9,1.6666666666666667
553156988356820992,2015-01-08T11:51:17+00:00,2015-01-09T08:36:07+00:00,74690.0,5,1,4,403.0,36301.0,5.3554692729950465e-05,0.0040166019547462845,1,4,4.0
553157114156560385,2015-01-08T11:51:47+00:00,2015-01-09T15:35:10+00:00,99803.0,22,1,21,27.0,7402.619047619048,0.00021041451659769748,0.013226055328998126,4,17,5.25
553157352091025408,2015-01-08T11:52:44+00:00,2015-01-09T08:01:08+00:00,72504.0,6,1,5,368.0,30746.4,6.896171245724373e-05,0.004965243296921548,1,5,5.0
553157384714342400,2015-01-08T11:52:52+00:00,2015-01-09T12:23:32+00:00,88240.0,21,1,20,94.0,15073.65,0.00022665457842248413,0.0142792384406165,3,14,2.857142857142857
553157600225677312,2015-01-08T11:53:43+00:00,2015-01-09T01:05:09+00:00,47486.0,10,1,9,109.0,6830.777777777777,0.00018952954555026744,0.012635303036684498,2,7,4.5
553157600704204800,2015-01-08T11:53:43+00:00,2015-01-08T22:41:42+00:00,38879.0,25,1,24,51.0,3406.875,0.0006172998276704648,0.03858123922940405,3,18,8.0
553157744061325312,2015-01-08T11:54:18+00:00,2015-01-08T16:33:51+00:00,16773.0,27,1,26,2810.0,8808.884615384615,0.0015501102963095452,0.09658379538544089,8,7,1.5833333333333333
553157857215262721,2015-01-08T11:54:44+00:00,2015-01-08T12:02:58+00:00,494.0,20,1,19,26.0,228.31578947368422,0.038461538461538464,2.4291497975708505,1,19,19.0
553158824979619840,2015-01-08T11:58:35+00:00,2015-01-09T07:11:49+00:00,69194.0,16,1,15,3113.0,12809.266666666666,0.00021678180189033732,0.013874035320981588,1,15,15.0
553158826435018752,2015-01-08T11:58:36+00:00,2015-01-08T12:22:25+00:00,1429.0,6,1,5,248.0,806.2,0.0034989503149055285,0.25192442267319803,1,5,5.0
553159290987364352,2015-01-08T12:00:26+00:00,2015-01-09T04:32:49+00:00,59543.0,7,1,6,135.0,18972.166666666668,0.0001007675125539526,0.007053725878776683,2,4,2.5
553159409476837376,2015-01-08T12:00:55+00:00,2015-01-09T01:53:40+00:00,49965.0,2,1,1,49965.0,49965.0,2.0014009806864805e-05,0.0024016811768237767,1,1,1.0
553159439457341442,2015-01-08T12:01:02+00:00,2015-01-08T14:19:05+00:00,8283.0,11,1,10,34.0,1961.7,0.0012072920439454304,0.0796812749003984,1,10,10.0
553159773555023872,2015-01-08T12:02:21+00:00,2015-01-09T20:37:58+00:00,117337.0,23,1,22,11.0,5384.909090909091,0.00018749414080809974,0.01176099610523535,2,19,7.333333333333333
553159810179661826,2015-01-08T12:02:30+00:00,2015-01-08T16:12:32+00:00,15002.0,25,1,24,77.0,1950.8333333333333,0.001599786695107319,0.09998666844420744,5,15,2.6666666666666665
553160213839486976,2015-01-08T12:04:06+00:00,2015-01-08T21:38:14+00:00,34448.0,4,1,3,15195.0,24265.333333333332,8.708778448676266e-05,0.006967022758941012,1,3,3.0
553160244847984640,2015-01-08T12:04:14+00:00,2015-01-10T01:48:13+00:00,135839.0,34,1,33,96.0,9215.181818181818,0.00024293465057899426,0.015017778399428737,8,8,2.2
553160652567498752,2015-01-08T12:05:51+00:00,2015-01-08T17:12:28+00:00,18397.0,12,1,11,70.0,5413.090909090909,0.0005979235744958417,0.03913681578518237,1,11,11.0
553160898399834112,2015-01-08T12:06:50+00:00,2015-01-08T13:21:32+00:00,4482.0,10,1,9,244.0,1280.3333333333333,0.002008032128514056,0.13386880856760375,1,9,9.0
553160909208559616,2015-01-08T12:06:52+00:00,2015-01-08T12:53:13+00:00,2781.0,6,1,5,39.0,966.8,0.0017979144192736426,0.12944983818770225,1,5,5.0
553161360503500801,2015-01-08T12:08:40+00:00,2015-01-08T12:38:56+00:00,1816.0,7,1,6,237.0,664.1666666666666,0.003303964757709251,0.2312775330396476,1,4,4.0
553161401733496832,2015-01-08T12:08:50+00:00,2015-01-08T13:36:18+00:00,5248.0,6,1,5,355.0,2418.2,0.0009527439024390244,0.06859756097560976,1,5,5.0
553161458931236864,2015-01-08T12:09:03+00:00,2015-01-08T23:27:49+00:00,40726.0,15,1,14,3289.0,19135.214285714286,0.00034376074252320387,0.022098904876491677,4,7,2.8
553161476928978944,2015-01-08T12:09:08+00:00,2015-01-10T09:49:41+00:00,164433.0,12,1,11,263.0,71079.45454545454,6.689654752999701e-05,0.00437868311105435,2,10,5.5
553161912968417280,2015-01-08T12:10:51+00:00,2015-01-10T22:21:27+00:00,209436.0,26,1,25,66.0,12326.2,0.00011936820794896771,0.007448576176015585,5,12,5.0
553162401940770816,2015-01-08T12:12:48+00:00,2015-01-08T18:26:59+00:00,22451.0,54,1,53,423.0,11691.452830188678,0.0023606966282125517,0.14431428444167296,15,8,1.962962962962963
553162459885096962,2015-01-08T12:13:02+00:00,2015-01-09T02:19:00+00:00,50758.0,35,1,34,75.0,7811.205882352941,0.0006698451475629458,0.04137278852594665,7,12,2.125
553162589744926720,2015-01-08T12:13:33+00:00,2015-01-08T18:20:01+00:00,21988.0,20,1,19,205.0,5082.473684210527,0.0008641076951064217,0.054575222848826634,2,17,6.333333333333333
553162815402672128,2015-01-08T12:14:27+00:00,2015-01-08T18:04:45+00:00,21018.0,19,1,18,1506.0,8840.277777777777,0.0008564087924636027,0.05423922352269483,3,14,4.5
553163190138580992,2015-01-08T12:15:56+00:00,2015-01-09T20:38:30+00:00,116554.0,18,1,17,1057.0,13898.64705882353,0.00014585514010673166,0.009266091253839422,2,15,8.5
553163210715844608,2015-01-08T12:16:01+00:00,2015-01-09T16:18:46+00:00,100965.0,26,1,25,437.0,20510.68,0.000247610558114198,0.015450898826325955,6,15,3.5714285714285716
553163344577064960,2015-01-08T12:16:33+00:00,2015-01-08T17:39:51+00:00,19398.0,16,1,15,55.0,4264.6,0.0007732755954222085,0.04948963810702134,3,13,5.0
553163722378977282,2015-01-08T12:18:03+00:00,2015-01-09T01:56:04+00:00,49081.0,18,1,17,50.0,4857.705882352941,0.000346366210957397,0.022004441637293454,2,16,8.5
553163862707818496,2015-01-08T12:18:36+00:00,2015-01-08T19:08:42+00:00,24606.0,11,1,10,377.0,4814.7,0.0004064049418840933,0.026822726164350157,1,10,10.0
553164185006534656,2015-01-08T12:19:53+00:00,2015-01-09T02:24:43+00:00,50690.0,42,1,41,147.0,8972.414634146342,0.0008088380351154074,0.0497139475241665,9,7,1.64
553164303650799616,2015-01-08T12:20:21+00:00,2015-01-08T13:03:05+00:00,2564.0,20,1,19,173.0,992.1052631578947,0.0074102964118564745,0.46801872074882994,2,18,9.5
553164381673259008,2015-01-08T12:20:40+00:00,2015-01-09T18:49:45+00:00,109745.0,11,1,10,293.0,39019.6,9.112032438835482e-05,0.006013941409631418,3,4,1.5
553164722380742656,2015-01-08T12:22:01+00:00,2015-01-08T13:19:19+00:00,3438.0,17,1,16,119.0,899.375,0.004653868528214078,0.29668411867364747,1,15,15.0
553164985460068352,2015-01-08T12:23:04+00:00,2015-01-08T21:25:39+00:00,32555.0,15,1,14,35.0,4167.142857142857,0.0004300414682844417,0.027645522961142678,1,14,14.0
553165231275663361,2015-01-08T12:24:03+00:00,2015-01-08T13:17:31+00:00,3208.0,13,1,12,144.0,901.5833333333334,0.003740648379052369,0.24314214463840397,3,5,2.4
553165418639413248,2015-01-08T12:24:47+00:00,2015-01-08T15:08:35+00:00,9828.0,10,1,9,40.0,2473.5555555555557,0.0009157509157509158,0.06105006105006105,1,9,9.0
553165538499641344,2015-01-08T12:25:16+00:00,2015-01-08T13:42:46+00:00,4650.0,43,1,42,105.0,2190.190476190476,0.00903225806451613,0.5548387096774193,19,10,1.68
553165824979386368,2015-01-08T12:26:24+00:00,2015-01-08T20:24:44+00:00,28700.0,7,1,6,242.0,11405.5,0.00020905923344947735,0.014634146341463415,1,2,2.0
553166152344829952,2015-01-08T12:27:42+00:00,2015-01-09T06:18:45+00:00,64263.0,31,1,30,114.0,9688.033333333333,0.00046683161383688905,0.028943560057887122,6,16,2.727272727272727
553166766977740801,2015-01-08T12:30:09+00:00,2015-01-09T11:27:34+00:00,82645.0,38,1,37,181.0,9416.648648648648,0.0004476979853590659,0.027587875854558654,5,9,1.5416666666666667
553166907596365824,2015-01-08T12:30:42+00:00,2015-01-12T08:56:49+00:00,332767.0,14,1,13,478.0,34878.07692307692,3.906637376903359e-05,0.002524288766614478,5,7,2.6
553167429665587200,2015-01-08T12:32:47+00:00,2015-01-12T08:56:49+00:00,332642.0,9,1,8,321.0,49831.375,2.4049879449979258e-05,0.0016233668628735996,2,7,4.0
553167814941761538,2015-01-08T12:34:19+00:00,2015-01-08T13:23:46+00:00,2967.0,4,1,3,105.0,1219.0,0.0010111223458038423,0.08088978766430738,1,3,3.0
553168646051475456,2015-01-08T12:37:37+00:00,2015-01-09T15:47:26+00:00,97789.0,9,1,8,541.0,52764.125,8.180879239996319e-05,0.005522093486997515,5,4,1.6
553168698677030913,2015-01-08T12:37:49+00:00,2015-01-08T19:01:57+00:00,23048.0,24,1,23,305.0,6034.782608695652,0.00099791738979521,0.062478306143700105,4,19,5.75
553168792017457154,2015-01-08T12:38:12+00:00,2015-01-09T21:29:33+00:00,118281.0,11,1,10,800.0,15671.6,8.454443232640914e-05,0.005579932533543004,2,9,5.0
553169114102247424,2015-01-08T12:39:28+00:00,2015-01-08T13:51:09+00:00,4301.0,2,1,1,4301.0,4301.0,0.00023250406882120437,0.027900488258544524,1,1,1.0
553169307824177152,2015-01-08T12:40:15+00:00,2015-01-08T13:31:35+00:00,3080.0,6,1,5,60.0,1276.4,0.0016233766233766235,0.11688311688311688,1,5,5.0
553169577228926976,2015-01-08T12:41:19+00:00,2015-01-16T08:09:17+00:00,674878.0,8,1,7,184.0,145033.0,1.037224505762523e-05,0.0007112396610943015,2,6,3.5
553169622762262529,2015-01-08T12:41:30+00:00,2015-01-08T13:30:00+00:00,2910.0,21,1,20,89.0,978.95,0.006872852233676976,0.4329896907216495,3,14,4.0
553170912129056770,2015-01-08T12:46:37+00:00,2015-01-08T16:13:18+00:00,12401.0,25,1,24,76.0,3699.5833333333335,0.0019353277961454722,0.120957987259092,8,16,2.6666666666666665
553170984824733698,2015-01-08T12:46:54+00:00,2015-01-08T17:13:06+00:00,15972.0,23,1,22,36.0,1906.2272727272727,0.0013774104683195593,0.08640120210368145,4,16,3.142857142857143
553171056589279233,2015-01-08T12:47:11+00:00,2015-01-13T23:27:31+00:00,470420.0,17,1,16,95.0,64042.25,3.401215934696654e-05,0.002168275158369117,1,16,16.0
553171741804359680,2015-01-08T12:49:55+00:00,2015-01-09T12:22:34+00:00,84759.0,19,1,18,79.0,7178.277777777777,0.0002123668283014193,0.013449899125756556,1,18,18.0
553171841913602048,2015-01-08T12:50:19+00:00,2015-01-08T13:54:21+00:00,3842.0,23,1,22,185.0,2027.9545454545455,0.005726184279021343,0.35918792295679336,8,13,2.3333333333333335
553171877464920064,2015-01-08T12:50:27+00:00,2015-01-08T20:00:50+00:00,25823.0,14,1,13,83.0,5223.538461538462,0.0005034271773225419,0.03252914068853348,2,10,5.5
553171989385728000,2015-01-08T12:50:54+00:00,2015-01-08T13:38:36+00:00,2862.0,3,1,2,761.0,1811.5,0.0006988120195667365,0.06289308176100629,1,2,2.0
553172148085620738,2015-01-08T12:51:32+00:00,2015-01-08T15:36:20+00:00,9888.0,22,1,21,123.0,1546.5238095238096,0.00212378640776699,0.13349514563106796,4,15,3.5
553172543470043136,2015-01-08T12:53:06+00:00,2015-01-09T03:42:28+00:00,53362.0,4,1,3,913.0,20717.333333333332,5.621978186724635e-05,0.004497582549379708,1,3,3.0
553172609211596800,2015-01-08T12:53:22+00:00,2015-01-09T04:43:52+00:00,57030.0,16,1,15,452.0,8600.6,0.0002630194634402946,0.016833245660178853,2,14,7.5
553172769819852800,2015-01-08T12:54:00+00:00,2015-01-09T14:52:06+00:00,93486.0,10,1,9,176.0,50881.77777777778,9.627109941595533e-05,0.006418073294397022,2,8,4.5
553172900270727169,2015-01-08T12:54:31+00:00,2015-01-08T13:13:41+00:00,1150.0,4,1,3,184.0,584.0,0.0026086956521739132,0.20869565217391303,1,3,3.0
553173371043995648,2015-01-08T12:56:23+00:00,2015-01-09T09:04:37+00:00,72494.0,12,1,11,1850.0,23891.909090909092,0.000151736695450658,0.009931856429497614,2,10,5.5
553173501369389056,2015-01-08T12:56:54+00:00,2015-01-09T08:50:26+00:00,71612.0,29,1,28,69.0,7758.178571428572,0.00039099592247109424,0.024297603753560857,5,17,2.5454545454545454
553173654121742336,2015-01-08T12:57:31+00:00,2015-01-08T13:32:05+00:00,2074.0,20,1,19,32.0,457.7894736842105,0.009161041465766635,0.5785920925747348,3,13,4.75
553174247506706432,2015-01-08T12:59:52+00:00,2015-01-16T08:05:03+00:00,673511.0,11,1,10,1398.0,70346.8,1.4847567448787029e-05,0.000979939451619944,1,10,10.0
553174338380517376,2015-01-08T13:00:14+00:00,2015-01-16T14:42:57+00:00,697363.0,205,1,204,45.0,41256.76960784314,0.0002925305758980617,0.017637872958559602,19,16,1.6451612903225807
553174353735872512,2015-01-08T13:00:18+00:00,2015-01-08T20:17:50+00:00,26252.0,23,1,22,227.0,2245.181818181818,0.0008380313880847174,0.05256742343440499,2,17,9.0
553174536028303360,2015-01-08T13:01:01+00:00,2015-01-08T14:53:29+00:00,6748.0,13,1,12,50.0,1458.8333333333333,0.0017783046828689982,0.11558980438648488,2,11,6.0
553174607604482048,2015-01-08T13:01:18+00:00,2015-01-08T16:30:01+00:00,12523.0,12,1,11,198.0,2547.5454545454545,0.0008783837738561048,0.05749421065239958,2,10,5.5
553174639158231041,2015-01-08T13:01:26+00:00,2015-01-08T18:16:03+00:00,18877.0,7,1,6,2808.0,10670.0,0.0003178471155374265,0.022249298087619853,3,4,2.0
553174713061892097,2015-01-08T13:01:43+00:00,2015-01-08T21:57:48+00:00,32165.0,14,1,13,79.0,3392.5384615384614,0.0004041660189647132,0.026115342763873773,2,11,6.0
553174789561389056,2015-01-08T13:02:01+00:00,2015-01-08T14:57:19+00:00,6918.0,20,1,19,142.0,1807.2631578947369,0.0027464585140213934,0.17346053772766695,1,19,19.0
553175336926449664,2015-01-08T13:04:12+00:00,2015-01-08T23:45:27+00:00,38475.0,20,1,19,103.0,7761.894736842105,0.0004938271604938272,0.031189083820662766,1,18,18.0
553175451506855936,2015-01-08T13:04:39+00:00,2015-01-08T14:19:26+00:00,4487.0,21,1,20,400.0,1780.3,0.004457321149988857,0.28081123244929795,3,15,3.3333333333333335
553175550231986177,2015-01-08T13:05:03+00:00,2015-01-08T19:36:38+00:00,23495.0,11,1,10,26.0,4725.5,0.00042562247286656737,0.028091083209193447,1,10,10.0
553175714128990208,2015-01-08T13:05:42+00:00,2015-01-08T23:11:05+00:00,36323.0,18,1,17,65.0,3270.235294117647,0.00046802301572006715,0.029733226881039562,2,16,8.5
553176411541098499,2015-01-08T13:08:28+00:00,2015-01-08T13:08:28+00:00,0.0,1,1,0,0.0,0.0,0.0,0.0,0,0,0.0
553176753297162240,2015-01-08T13:09:50+00:00,2015-01-08T15:56:41+00:00,10011.0,6,1,5,81.0,4276.4,0.0004994506043352313,0.035960443512136654,1,5,5.0
553176929411825664,2015-01-08T13:10:32+00:00,2015-01-08T15:19:43+00:00,7751.0,20,1,19,65.0,2822.3684210526317,0.0024512966068894336,0.15481873306670108,2,15,9.0
553176976698376192,2015-01-08T13:10:43+00:00,2015-01-08T14:02:42+00:00,3119.0,8,1,7,69.0,1049.857142857143,0.0022443090734209684,0.15389547932029496,1,7,7.0
553177082566836225,2015-01-08T13:11:08+00:00,2015-01-08T17:59:04+00:00,17276.0,26,1,25,190.0,2556.0,0.0014470942347765687,0.09029868025005788,2,10,5.5
553177099843149824,2015-01-08T13:11:12+00:00,2015-01-10T15:31:43+00:00,181231.0,70,1,69,81.0,18787.08695652174,0.0003807295661338292,0.02317484315597221,12,7,1.864864864864865
553177321218514944,2015-01-08T13:12:05+00:00,2015-01-08T20:22:23+00:00,25818.0,15,1,14,99.0,3079.0,0.0005422573398404214,0.03485940041831281,1,14,14.0
553177465883873280,2015-01-08T13:12:40+00:00,2015-01-08T13:12:40+00:00,0.0,1,1,0,0.0,0.0,0.0,0.0,0,0,0.0
553177822312013825,2015-01-08T13:14:05+00:00,2015-01-12T15:24:32+00:00,353427.0,17,1,16,38.0,33034.8125,4.5271017777362794e-05,0.002886027383306878,2,13,5.0
553177833686589440,2015-01-08T13:14:07+00:00,2015-01-08T17:32:08+00:00,15481.0,12,1,11,14.0,2225.909090909091,0.0007105484141851302,0.04650862347393579,1,11,11.0
553178273895956480,2015-01-08T13:15:52+00:00,2015-01-09T03:15:20+00:00,50368.0,23,1,22,262.0,3104.7272727272725,0.00043678526048284626,0.027398348157560353,5,12,2.75
553178341596233728,2015-01-08T13:16:08+00:00,2015-01-08T14:40:16+00:00,5048.0,17,1,16,30.0,1160.125,0.003169572107765452,0.20206022187004752,9,8,1.7777777777777777
553180005514366976,2015-01-08T13:22:45+00:00,2015-01-09T10:49:07+00:00,77182.0,30,1,29,54.0,10587.965517241379,0.0003757352750641341,0.023321499831566946,6,8,2.0
553180071775993857,2015-01-08T13:23:01+00:00,2015-01-08T15:22:08+00:00,7147.0,6,1,5,822.0,3233.4,0.0006995942353435008,0.05037078494473206,1,5,5.0
553180236591169536,2015-01-08T13:23:40+00:00,2015-01-12T06:18:36+00:00,320096.0,59,1,58,53.0,149907.55172413794,0.00018119564130760773,0.011059182245326402,19,8,1.4871794871794872
553180503969644544,2015-01-08T13:24:44+00:00,2015-01-08T16:30:37+00:00,11153.0,9,1,8,129.0,3946.75,0.0007172957948534027,0.048417466152604685,1,8,8.0
553180729254113280,2015-01-08T13:25:38+00:00,2015-01-08T16:15:44+00:00,10206.0,6,1,5,1079.0,5787.6,0.0004899078973153047,0.03527336860670194,2,4,2.5
553181386069143552,2015-01-08T13:28:14+00:00,2015-01-20T21:01:07+00:00,1063973.0,41,1,40,1847.0,72749.025,3.759493896931595e-05,0.0023120887466129307,10,13,1.7391304347826086
553181500104269824,2015-01-08T13:28:41+00:00,2015-01-08T14:52:34+00:00,5033.0,6,1,5,801.0,2709.0,0.0009934432743890324,0.07152791575601032,2,4,2.5
553181586829484034,2015-01-08T13:29:02+00:00,2015-01-08T13:41:15+00:00,733.0,5,1,4,42.0,246.75,0.005457025920873124,0.4092769440654843,1,4,4.0
553181899662049281,2015-01-08T13:30:17+00:00,2015-01-08T18:56:58+00:00,19601.0,47,1,46,697.0,4078.021739130435,0.002346819039844906,0.14387021070353553,10,5,1.7037037037037037
553181902543126529,2015-01-08T13:30:17+00:00,2015-01-10T11:04:46+00:00,164069.0,20,1,19,119203.0,142321.36842105264,0.00011580493572826067,0.007313995940732254,10,6,1.5833333333333333
553181997041217537,2015-01-08T13:30:40+00:00,2015-01-08T15:33:19+00:00,7359.0,32,1,31,140.0,3892.3870967741937,0.004212528876206006,0.260905014268243,19,5,1.4090909090909092
553182566564757504,2015-01-08T13:32:56+00:00,2015-01-17T02:23:44+00:00,737448.0,15,1,14,140.0,62076.92857142857,1.8984389407795533e-05,0.0012204250333582843,6,9,2.3333333333333335
553182889379397632,2015-01-08T13:34:13+00:00,2015-01-08T22:57:02+00:00,33769.0,20,1,19,1250.0,16465.263157894737,0.0005626462139832391,0.03553555035683615,3,14,3.6
553183067670843392,2015-01-08T13:34:55+00:00,2015-01-08T18:43:29+00:00,18514.0,20,1,19,22.0,3967.7368421052633,0.001026250405098844,0.06481581505887436,1,19,19.0
553183099610095616,2015-01-08T13:35:03+00:00,2015-01-09T00:47:11+00:00,40328.0,10,1,9,624.0,11332.666666666666,0.00022317000595120016,0.014878000396746678,2,8,4.5
553183420499894272,2015-01-08T13:36:19+00:00,2015-01-08T18:15:59+00:00,16780.0,10,1,9,38.0,3671.6666666666665,0.0005363528009535161,0.03575685339690107,2,8,4.5
553184082277187585,2015-01-08T13:38:57+00:00,2015-01-08T15:27:32+00:00,6515.0,20,1,19,140.0,2376.1052631578946,0.0029163468917881813,0.1841903300076746,2,16,6.0
553184390260338688,2015-01-08T13:40:10+00:00,2015-01-08T15:56:11+00:00,8161.0,14,1,13,559.0,3121.5384615384614,0.001592942041416493,0.10292856267614262,6,5,1.8571428571428572
553184451774402560,2015-01-08T13:40:25+00:00,2015-01-08T14:23:39+00:00,2594.0,13,1,12,135.0,534.4166666666666,0.004626060138781804,0.3006939090208173,4,6,1.7142857142857142
553184482241814530,2015-01-08T13:40:32+00:00,2015-01-09T13:51:45+00:00,87073.0,29,1,28,53.0,10229.357142857143,0.0003215692579789372,0.019983232460119668,4,19,3.111111111111111
553184643055644674,2015-01-08T13:41:11+00:00,2015-01-08T14:15:41+00:00,2070.0,26,1,25,1.0,983.48,0.012077294685990338,0.7536231884057971,11,12,1.7857142857142858
553184958958022657,2015-01-08T13:42:26+00:00,2015-01-08T16:39:45+00:00,10639.0,10,1,9,52.0,1944.888888888889,0.0008459441676849328,0.05639627784566219,1,9,9.0
553185062829948928,2015-01-08T13:42:51+00:00,2015-01-09T21:40:16+00:00,115045.0,2,1,1,115045.0,115045.0,8.692250858359773e-06,0.0010430701030031727,1,1,1.0
553185370108878849,2015-01-08T13:44:04+00:00,2015-01-10T19:25:43+00:00,193299.0,25,1,24,327.0,46405.416666666664,0.00012415998013440318,0.007759998758400198,5,9,2.625
553185404657352704,2015-01-08T13:44:12+00:00,2015-01-09T08:13:25+00:00,66553.0,57,1,56,76.0,11724.517857142857,0.000841434646071552,0.051387615885084066,19,11,1.8666666666666667
553185716218650624,2015-01-08T13:45:27+00:00,2015-01-08T15:37:45+00:00,6738.0,20,1,19,112.0,2080.3684210526317,0.0028198278420896407,0.17809439002671415,3,16,4.75
553185825065009153,2015-01-08T13:45:53+00:00,2015-01-08T20:29:01+00:00,24188.0,20,1,19,153.0,3239.1052631578946,0.0007855134777575658,0.0496113775425831,4,14,3.8
553185854165114882,2015-01-08T13:45:59+00:00,2015-01-08T14:23:04+00:00,2225.0,5,1,4,292.0,789.5,0.0017977528089887641,0.1348314606741573,1,4,4.0
553186026811039745,2015-01-08T13:46:41+00:00,2015-01-12T23:43:53+00:00,381432.0,30,1,29,927.0,90066.0,7.60292791375658e-05,0.004719058705090292,7,12,2.230769230769231
553186457121472512,2015-01-08T13:48:23+00:00,2015-01-08T14:42:38+00:00,3255.0,18,1,17,33.0,970.2352941176471,0.0052227342549923195,0.3317972350230415,2,16,8.5
553186515359379457,2015-01-08T13:48:37+00:00,2015-01-09T10:06:48+00:00,73091.0,8,1,7,315.0,13292.857142857143,9.577102516041646e-05,0.006567156010999986,1,6,6.0
553186555150749696,2015-01-08T13:48:47+00:00,2015-01-09T08:47:30+00:00,68323.0,25,1,24,14.0,13228.416666666666,0.00035127263147110053,0.02195453946694378,6,12,2.0
553186577850335232,2015-01-08T13:48:52+00:00,2015-01-08T15:38:19+00:00,6567.0,10,1,9,22.0,2184.222222222222,0.0013704888076747374,0.09136592051164916,1,9,9.0
553186670871597056,2015-01-08T13:49:14+00:00,2015-01-11T17:34:35+00:00,272721.0,17,1,16,569.0,113806.0,5.866801603103538e-05,0.003740086021978505,1,16,16.0
553186739326812161,2015-01-08T13:49:31+00:00,2015-01-08T16:28:43+00:00,9552.0,8,1,7,823.0,3386.714285714286,0.0007328308207705192,0.05025125628140704,1,7,7.0
553187282295877632,2015-01-08T13:51:40+00:00,2015-01-08T15:38:09+00:00,6389.0,21,1,20,56.0,1192.0,0.0031303803412114574,0.1972139614963218,4,8,2.2222222222222223
553187649943384064,2015-01-08T13:53:08+00:00,2015-01-12T08:16:47+00:00,325419.0,11,1,10,270.0,65832.1,3.072961320635857e-05,0.002028154471619666,1,10,10.0
553187683510812672,2015-01-08T13:53:16+00:00,2015-01-08T15:41:53+00:00,6517.0,10,1,9,98.0,1549.2222222222222,0.0013810035292312413,0.09206690194874943,1,9,9.0
553187959835725824,2015-01-08T13:54:22+00:00,2015-01-14T16:22:42+00:00,527300.0,22,1,21,440.0,210688.04761904763,3.98255262658828e-05,0.00250331879385549,8,4,1.5
553187990953295872,2015-01-08T13:54:29+00:00,2015-01-08T13:54:29+00:00,0.0,1,1,0,0.0,0.0,0.0,0.0,0,0,0.0
553188115033387008,2015-01-08T13:54:59+00:00,2015-01-08T14:31:27+00:00,2188.0,4,1,3,82.0,833.0,0.0013711151736745886,0.10968921389396709,1,3,3.0
553188214522249217,2015-01-08T13:55:22+00:00,2015-01-08T14:54:56+00:00,3574.0,23,1,22,79.0,930.7727272727273,0.006155567991046447,0.3861219921656407,4,19,5.5
553188225691684864,2015-01-08T13:55:25+00:00,2015-01-08T16:13:30+00:00,8285.0,6,1,5,407.0,2894.8,0.0006035003017501509,0.04345202172601086,1,5,5.0
553188382403477505,2015-01-08T13:56:02+00:00,2015-01-08T14:39:36+00:00,2614.0,4,1,3,548.0,1910.3333333333333,0.0011476664116296864,0.0918133129303749,3,1,1.0
553188974811185152,2015-01-08T13:58:24+00:00,2015-01-09T07:14:46+00:00,62182.0,30,1,29,514.0,15933.241379310344,0.00046637290534238206,0.02894728377987199,8,10,1.8666666666666667
553189024941481985,2015-01-08T13:58:35+00:00,2015-01-08T15:32:27+00:00,5632.0,6,1,5,123.0,1464.0,0.0008877840909090909,0.06392045454545454,1,5,5.0
553189165509394432,2015-01-08T13:59:09+00:00,2015-01-08T15:31:33+00:00,5544.0,20,1,19,130.0,1752.2631578947369,0.003427128427128427,0.21645021645021645,3,14,4.75
553189490521812992,2015-01-08T14:00:26+00:00,2015-01-09T07:42:03+00:00,63697.0,14,1,13,2821.0,18096.615384615383,0.00020409124448561157,0.013187434259070287,5,7,2.6
553189526177579008,2015-01-08T14:00:35+00:00,2015-01-14T00:03:05+00:00,468150.0,57,1,56,87.0,51035.16071428572,0.00011961977998504753,0.007305350849086831,18,17,1.9310344827586208
553189840913989633,2015-01-08T14:01:50+00:00,2015-01-11T13:12:56+00:00,256266.0,82,1,81,58.0,56785.53086419753,0.0003160778253845614,0.019198801245580762,17,11,1.4727272727272727
553190393370923008,2015-01-08T14:04:02+00:00,2015-01-09T04:00:45+00:00,50203.0,2,1,1,50203.0,50203.0,1.9919128338943887e-05,0.0023902954006732664,1,1,1.0
553190655011205120,2015-01-08T14:05:04+00:00,2015-01-08T22:54:18+00:00,31754.0,25,1,24,151.0,24596.541666666668,0.0007558102916168042,0.04723814322605026,14,7,1.5
553190729447919616,2015-01-08T14:05:22+00:00,2015-01-08T20:32:26+00:00,23224.0,25,1,24,41.0,1740.25,0.0010334137099552187,0.06458835687220117,5,16,2.6666666666666665
553191800408911872,2015-01-08T14:09:37+00:00,2015-01-14T08:37:27+00:00,498470.0,23,1,22,16.0,23846.954545454544,4.413505326298473e-05,0.0027684715228599513,2,19,7.333333333333333
553192366098898945,2015-01-08T14:11:52+00:00,2015-01-08T15:08:12+00:00,3380.0,5,1,4,289.0,1488.0,0.001183431952662722,0.08875739644970414,1,4,4.0
553192373728342016,2015-01-08T14:11:54+00:00,2015-01-09T21:26:38+00:00,112484.0,27,1,26,93.0,5448.846153846154,0.00023114398492230006,0.014402048291312542,7,10,1.625
553192641328734208,2015-01-08T14:12:58+00:00,2015-01-08T16:19:12+00:00,7574.0,22,1,21,64.0,2337.7619047619046,0.0027726432532347504,0.17428043306047003,4,13,2.625
553193210269298688,2015-01-08T14:15:13+00:00,2015-01-08T16:10:50+00:00,6937.0,22,1,21,15.0,2712.4285714285716,0.0030272452068617556,0.19028398443131037,2,17,5.25
553193480319942656,2015-01-08T14:16:18+00:00,2015-01-08T21:39:07+00:00,26569.0,33,1,32,239.0,2863.71875,0.001204411155858331,0.07452294026873424,11,9,1.7777777777777777
553193866057506817,2015-01-08T14:17:50+00:00,2015-01-08T17:08:22+00:00,10232.0,21,1,20,49.0,1262.85,0.001954652071931196,0.12314308053166537,3,18,6.666666666666667
553194417239363584,2015-01-08T14:20:01+00:00,2015-01-15T09:39:00+00:00,587939.0,18,1,17,62.0,73874.35294117648,2.8914564266020795e-05,0.0018369252592530857,3,15,5.666666666666667
553194557316542465,2015-01-08T14:20:34+00:00,2015-01-09T18:35:55+00:00,101721.0,15,1,14,128.0,36669.42857142857,0.00013763136422174379,0.008847730557112101,4,10,2.8
553194632520421376,2015-01-08T14:20:52+00:00,2015-01-09T03:37:37+00:00,47805.0,29,1,28,749.0,12092.214285714286,0.0005857127915490011,0.036397866331973644,9,18,2.5454545454545454
553195138156343296,2015-01-08T14:22:53+00:00,2015-01-12T13:34:32+00:00,342699.0,10,1,9,2376.0,46003.555555555555,2.626211339980566e-05,0.0017508075599870442,2,5,2.25
553195806899970048,2015-01-08T14:25:32+00:00,2015-01-09T03:13:07+00:00,46055.0,20,1,19,32.0,5208.526315789473,0.0004125502117033981,0.026055802844425144,3,17,6.333333333333333
553195808930410496,2015-01-08T14:25:33+00:00,2015-01-12T23:00:30+00:00,376497.0,19,1,18,276.0,115304.44444444444,4.7809145889608685e-05,0.00302791257300855,7,6,1.6363636363636365
553195827397926912,2015-01-08T14:25:37+00:00,2015-01-08T19:39:49+00:00,18852.0,6,1,5,409.0,6668.0,0.0002652238489284957,0.019096117122851686,1,5,5.0
553195852643442688,2015-01-08T14:25:43+00:00,2015-01-09T16:28:42+00:00,93779.0,7,1,6,149.0,16982.333333333332,6.398020878874802e-05,0.004478614615212361,2,5,3.0
553195969282867202,2015-01-08T14:26:11+00:00,2015-01-08T14:26:11+00:00,0.0,1,1,0,0.0,0.0,0.0,0.0,0,0,0.0
553196035133440000,2015-01-08T14:26:27+00:00,2015-01-08T16:13:28+00:00,6421.0,44,1,43,163.0,1570.5348837209303,0.006696776203083632,0.4111509110730416,7,10,2.125
553196263064498176,2015-01-08T14:27:21+00:00,2015-01-08T19:21:26+00:00,17645.0,19,1,18,38.0,3546.8333333333335,0.0010201190138849532,0.06460753754604705,3,13,6.0
553196453938855937,2015-01-08T14:28:07+00:00,2015-01-08T16:58:54+00:00,9047.0,23,1,22,40.0,2590.909090909091,0.002431745329943628,0.15253675251464574,2,17,4.4
553196571194851328,2015-01-08T14:28:35+00:00,2015-01-13T01:00:32+00:00,383517.0,17,1,16,220.0,35254.25,4.1719141524365284e-05,0.0026595952721782867,2,14,5.333333333333333
553196930768330753,2015-01-08T14:30:00+00:00,2015-01-11T23:02:52+00:00,289972.0,24,1,23,265.0,29003.260869565216,7.931800311754239e-05,0.0049659967169243925,4,15,3.2857142857142856
553196953480495105,2015-01-08T14:30:06+00:00,2015-01-18T00:07:03+00:00,812217.0,17,1,16,90.0,120389.0,1.96991690644249e-05,0.0012558220278570875,4,11,2.6666666666666665
553197181151481857,2015-01-08T14:31:00+00:00,2015-01-09T16:43:14+00:00,94334.0,8,1,7,1967.0,54324.71428571428,7.420442258358599e-05,0.005088303262874468,3,5,2.3333333333333335
553197197618339841,2015-01-08T14:31:04+00:00,2015-01-08T20:01:07+00:00,19803.0,21,1,20,476.0,2653.4,0.0010099479876786346,0.06362672322375397,10,9,1.8181818181818181
553197212726218752,2015-01-08T14:31:08+00:00,2015-01-08T16:35:59+00:00,7491.0,20,1,19,138.0,3849.315789473684,0.0025363769857161926,0.16019223067681218,1,19,19.0
553197863971610624,2015-01-08T14:33:43+00:00,2015-01-10T12:31:00+00:00,165437.0,24,1,23,89.0,8813.347826086956,0.00013902573184958625,0.008704219733191488,4,15,3.8333333333333335
553198107278987264,2015-01-08T14:34:41+00:00,2015-01-09T20:57:35+00:00,109374.0,22,1,21,3286.0,29236.14285714286,0.0001920017554446212,0.012068681770804762,5,13,3.0
553198268436344832,2015-01-08T14:35:19+00:00,2015-01-12T08:16:37+00:00,322878.0,20,1,19,10693.0,67724.05263157895,5.8845755982135666e-05,0.003716574062029621,3,16,4.75
553198344034865152,2015-01-08T14:35:37+00:00,2015-01-08T14:46:15+00:00,638.0,3,1,2,343.0,490.5,0.003134796238244514,0.2821316614420063,1,2,2.0
553198853487611907,2015-01-08T14:37:39+00:00,2015-01-12T08:44:36+00:00,324417.0,5,1,4,1129.0,83162.0,1.2329810090100088e-05,0.0009247357567575066,1,4,4.0
553198972287082497,2015-01-08T14:38:07+00:00,2015-01-08T16:05:23+00:00,5236.0,21,1,20,78.0,650.25,0.0038197097020626434,0.24064171122994651,2,18,6.666666666666667
553199320053592067,2015-01-08T14:39:30+00:00,2015-01-08T16:17:33+00:00,5883.0,7,1,6,207.0,1880.8333333333333,0.0010198878123406426,0.07139214686384499,1,6,6.0
553199664720543744,2015-01-08T14:40:52+00:00,2015-01-08T20:28:00+00:00,20828.0,40,1,39,69.0,3605.2051282051284,0.001872479354714807,0.11522949875168043,11,12,1.6666666666666667
553200047417196544,2015-01-08T14:42:23+00:00,2015-01-08T14:42:23+00:00,0.0,1,1,0,0.0,0.0,0.0,0.0,0,0,0.0
553200085132009475,2015-01-08T14:42:32+00:00,2015-01-14T00:28:01+00:00,467129.0,58,1,57,109.0,24777.929824561405,0.000122021968235755,0.007449762271235568,10,16,2.1538461538461537
553200115079712768,2015-01-08T14:42:40+00:00,2015-01-08T18:33:58+00:00,13878.0,11,1,10,284.0,5325.1,0.0007205649228995533,0.04755728491137051,2,9,5.0
553200552142983168,2015-01-08T14:44:24+00:00,2015-01-08T15:13:11+00:00,1727.0,3,1,2,230.0,978.5,0.0011580775911986102,0.10422698320787492,1,2,2.0
553200573387124736,2015-01-08T14:44:29+00:00,2015-01-08T23:49:24+00:00,32695.0,20,1,19,48.0,5334.631578947368,0.000581128612937758,0.03670285976448998,2,17,6.333333333333333
553200726403710976,2015-01-08T14:45:05+00:00,2015-01-08T15:16:38+00:00,1893.0,22,1,21,46.0,653.6190476190476,0.011093502377179081,0.6973058637083993,3,17,7.0
553200769671761920,2015-01-08T14:45:16+00:00,2015-01-15T16:41:19+00:00,611763.0,79,1,78,257.0,384776.641025641,0.00012750035552983754,0.007748098528351666,19,8,1.368421052631579
553201523577331712,2015-01-08T14:48:15+00:00,2015-01-10T01:10:49+00:00,123754.0,12,1,11,142.0,36498.454545454544,8.888601580554972e-05,0.0058179937618178,1,11,11.0
553201539737976833,2015-01-08T14:48:19+00:00,2015-01-08T16:30:45+00:00,6146.0,4,1,3,1728.0,3236.3333333333335,0.00048812235600390497,0.039049788480312396,1,3,3.0
553201549997277185,2015-01-08T14:48:22+00:00,2015-01-08T18:40:31+00:00,13929.0,32,1,31,137.0,4902.935483870968,0.0022255725464857493,0.13784191255653672,14,5,1.55
553201965002653696,2015-01-08T14:50:01+00:00,2015-01-08T17:32:03+00:00,9722.0,5,1,4,295.0,3790.75,0.0004114379757251594,0.030857848179386957,1,4,4.0
553202028575731713,2015-01-08T14:50:16+00:00,2015-01-08T17:25:25+00:00,9309.0,6,1,5,537.0,4810.4,0.0005371146202599635,0.03867225265871737,1,5,5.0
553203041705664513,2015-01-08T14:54:17+00:00,2015-01-18T10:36:35+00:00,848538.0,10,1,9,164.0,137295.22222222222,1.0606478437029338e-05,0.0007070985624686225,2,8,4.5
553203538579701760,2015-01-08T14:56:16+00:00,2015-01-11T12:49:16+00:00,251580.0,14,1,13,164.0,55882.92307692308,5.1673423960569205e-05,0.00333889816360601,1,13,13.0
553204017552457728,2015-01-08T14:58:10+00:00,2015-01-08T20:08:06+00:00,18596.0,9,1,8,893.0,3906.0,0.00043020004302000433,0.02903850290385029,3,3,2.0
553204399439642624,2015-01-08T14:59:41+00:00,2015-01-09T22:26:17+00:00,113196.0,28,1,27,1024.0,19140.25925925926,0.0002385243294816071,0.01484151383441111,6,15,2.7
553204986474422273,2015-01-08T15:02:01+00:00,2015-01-10T22:01:13+00:00,197952.0,74,1,73,267.0,118883.0,0.0003687762689945037,0.022429679922405434,19,10,1.489795918367347
553205115830951936,2015-01-08T15:02:32+00:00,2015-01-10T09:22:03+00:00,152371.0,20,1,19,407.0,15783.368421052632,0.00012469564418426078,0.007875514369532259,2,18,9.5
553205261847236608,2015-01-08T15:03:07+00:00,2015-01-10T16:58:21+00:00,179714.0,42,1,41,33.0,10670.048780487805,0.00022814026731362053,0.014022279844642044,15,5,1.7083333333333333
553205372719472640,2015-01-08T15:03:33+00:00,2015-01-08T16:16:34+00:00,4381.0,20,1,19,119.0,1396.0,0.004336909381419767,0.2739100661949327,3,16,4.75
553205427253829632,2015-01-08T15:03:46+00:00,2015-01-08T17:20:27+00:00,8201.0,22,1,21,77.0,984.8571428571429,0.002560663333739788,0.1609559809779295,2,17,4.2
553205492458475520,2015-01-08T15:04:02+00:00,2015-01-08T17:59:42+00:00,10540.0,54,1,53,46.0,4591.566037735849,0.005028462998102467,0.3074003795066414,10,16,1.6451612903225807
553205691742425088,2015-01-08T15:04:49+00:00,2015-01-08T21:06:04+00:00,21675.0,5,1,4,3953.0,11462.25,0.0001845444059976932,0.01384083044982699,1,4,4.0
553206096131670016,2015-01-08T15:06:26+00:00,2015-01-08T16:00:59+00:00,3273.0,23,1,22,467.0,1408.0454545454545,0.006721662083715246,0.4216315307057745,4,10,1.6923076923076923
553206304396038145,2015-01-08T15:07:15+00:00,2015-01-09T19:37:10+00:00,102595.0,11,1,10,565.0,15954.6,9.747063697061261e-05,0.006433062040060431,2,9,5.0
553206989925658624,2015-01-08T15:09:59+00:00,2015-01-10T23:19:17+00:00,202158.0,17,1,16,84.0,13693.625,7.914601450350716e-05,0.0050455584245985815,5,8,2.2857142857142856
553207216774590464,2015-01-08T15:10:53+00:00,2015-01-08T15:26:27+00:00,934.0,9,1,8,201.0,451.375,0.008565310492505354,0.5781584582441114,1,7,7.0
553207267685060608,2015-01-08T15:11:05+00:00,2015-01-08T20:53:13+00:00,20528.0,6,1,5,970.0,5442.0,0.00024356975837879969,0.017537022603273576,1,5,5.0
553207514222063618,2015-01-08T15:12:04+00:00,2015-01-08T16:26:56+00:00,4492.0,8,1,7,420.0,2102.285714285714,0.001558325912733749,0.1068566340160285,1,5,5.0
553208300607922177,2015-01-08T15:15:11+00:00,2015-01-08T16:54:50+00:00,5979.0,11,1,10,505.0,1602.9,0.0016725204883759827,0.11038635223281484,2,6,3.3333333333333335
553208762291339265,2015-01-08T15:17:01+00:00,2015-01-10T16:39:34+00:00,177753.0,15,1,14,166.0,26469.85714285714,7.876097731121275e-05,0.005063205684292248,5,9,2.3333333333333335
553208946350362625,2015-01-08T15:17:45+00:00,2015-01-08T21:09:57+00:00,21132.0,2,1,1,21132.0,21132.0,4.73215975771342e-05,0.0056785917092561046,1,1,1.0
553209232712294401,2015-01-08T15:18:53+00:00,2015-01-09T06:00:37+00:00,52904.0,10,1,9,176.0,7153.777777777777,0.00017011946166641464,0.011341297444427642,1,9,9.0
553209341520535552,2015-01-08T15:19:19+00:00,2015-01-12T12:26:52+00:00,335253.0,18,1,17,314.0,66931.5294117647,5.0707972784732725e-05,0.003221447682794785,2,16,8.5
553209843939831809,2015-01-08T15:21:19+00:00,2015-01-09T14:12:05+00:00,82246.0,21,1,20,249.0,35649.9,0.00024317292026359945,0.015319893976606765,7,10,1.8181818181818181
553209912550240256,2015-01-08T15:21:35+00:00,2015-01-08T18:45:04+00:00,12209.0,84,1,83,55.0,2450.9397590361446,0.0067982635760504544,0.41281022196740114,19,5,1.3793103448275863
553209917944131585,2015-01-08T15:21:37+00:00,2015-01-08T16:12:36+00:00,3059.0,36,1,35,120.0,1438.5428571428572,0.011441647597254004,0.7061131088591043,14,4,1.2962962962962963
553209983845023745,2015-01-08T15:21:52+00:00,2015-01-08T19:21:00+00:00,14348.0,23,1,22,84.0,2277.0,0.0015333147477000278,0.09618065235572902,3,18,4.4
553210080829906945,2015-01-08T15:22:16+00:00,2015-01-12T01:47:27+00:00,296711.0,15,1,14,235.0,88072.42857142857,4.718396014977537e-05,0.003033254581056988,4,10,3.25
553210306877739008,2015-01-08T15:23:09+00:00,2015-01-08T18:06:58+00:00,9829.0,100,1,99,191.0,3830.6161616161617,0.010072235222301353,0.6104384983212942,19,6,1.4558823529411764
553210869010935808,2015-01-08T15:25:23+00:00,2015-01-08T17:22:45+00:00,7042.0,21,1,20,112.0,1957.2,0.0028401022436807723,0.17892644135188868,3,11,2.7142857142857144
553211397782654976,2015-01-08T15:27:30+00:00,2015-01-08T19:19:23+00:00,13913.0,19,1,18,133.0,4218.444444444444,0.0012937540429813843,0.08193775605548767,5,6,2.0
553212333867012096,2015-01-08T15:31:13+00:00,2015-01-08T16:36:36+00:00,3923.0,31,1,30,76.0,1988.0,0.007647208768799388,0.474126943665562,8,15,2.3076923076923075
553212338728603648,2015-01-08T15:31:14+00:00,2015-01-08T16:06:42+00:00,2128.0,9,1,8,149.0,925.25,0.0037593984962406013,0.2537593984962406,1,8,8.0
553212702714499074,2015-01-08T15:32:41+00:00,2015-01-08T16:41:44+00:00,4143.0,6,1,5,258.0,1786.8,0.0012068549360366883,0.08689355539464157,1,5,5.0
553212962044149761,2015-01-08T15:33:43+00:00,2015-01-08T16:49:53+00:00,4570.0,9,1,8,27.0,870.75,0.00175054704595186,0.11816192560175054,2,6,4.0
553213326277500929,2015-01-08T15:35:09+00:00,2015-01-08T17:58:22+00:00,8593.0,21,1,20,40.0,834.9,0.002327475852438031,0.14663097870359595,2,19,10.0
553213361350262784,2015-01-08T15:35:18+00:00,2015-01-08T20:20:41+00:00,17123.0,25,1,24,9273.0,10764.416666666666,0.0014016235472755943,0.08760147170472464,5,14,2.6666666666666665
553213362713399297,2015-01-08T15:35:18+00:00,2015-01-08T17:07:52+00:00,5554.0,7,1,6,101.0,1893.3333333333333,0.0010803024846957148,0.07562117392870003,2,5,3.0
553213740137467907,2015-01-08T15:36:48+00:00,2015-01-09T07:05:54+00:00,55746.0,37,1,36,24664.0,32724.833333333332,0.0006457862447529867,0.03982348509310085,8,11,2.076923076923077
553214219899117568,2015-01-08T15:38:42+00:00,2015-01-10T12:39:21+00:00,162039.0,50,1,49,47.0,33770.36734693877,0.0003023963366843784,0.018514061429655823,11,8,1.8846153846153846
553214358948683776,2015-01-08T15:39:16+00:00,2015-01-08T16:44:21+00:00,3905.0,7,1,6,62.0,1214.8333333333333,0.0015364916773367477,0.10755441741357236,1,6,6.0
553214576956043264,2015-01-08T15:40:08+00:00,2015-01-08T15:40:08+00:00,0.0,1,1,0,0.0,0.0,0.0,0.0,0,0,0.0
553214597055135744,2015-01-08T15:40:12+00:00,2015-01-08T21:57:43+00:00,22651.0,6,1,5,311.0,5540.8,0.00022074080614542405,0.01589333804247053,1,5,5.0
553214612569456640,2015-01-08T15:40:16+00:00,2015-01-08T18:50:25+00:00,11409.0,8,1,7,1679.0,5524.142857142857,0.0006135507055833114,0.04207204838285564,2,6,3.5
553214700155330560,2015-01-08T15:40:37+00:00,2015-01-09T09:47:57+00:00,65240.0,51,1,50,76.0,29073.84,0.0007664009809932557,0.04690374003678725,14,15,1.8518518518518519
553214726629781505,2015-01-08T15:40:43+00:00,2015-01-08T17:48:01+00:00,7638.0,22,1,21,95.0,2111.5238095238096,0.0027494108405341712,0.17282010997643363,5,16,3.5
553214783647145984,2015-01-08T15:40:57+00:00,2015-01-09T13:46:40+00:00,79543.0,22,1,21,170.0,9113.238095238095,0.00026400814653709315,0.01659479778233157,3,19,7.0
553214939838836736,2015-01-08T15:41:34+00:00,2015-01-09T10:43:22+00:00,68508.0,3,1,2,3542.0,36025.0,2.9193670812167922e-05,0.002627430373095113,1,2,2.0
553215305917665280,2015-01-08T15:43:01+00:00,2015-01-09T03:25:43+00:00,42162.0,20,1,19,122.0,5355.105263157895,0.000450642758882406,0.02846164792941511,1,19,19.0
553215313807163392,2015-01-08T15:43:03+00:00,2015-01-08T16:34:17+00:00,3074.0,8,1,7,36.0,1125.4285714285713,0.002277163305139883,0.1561483409238777,1,7,7.0
553215362058440704,2015-01-08T15:43:15+00:00,2015-01-09T04:46:05+00:00,46970.0,19,1,18,68.0,4629.833333333333,0.0003832233340430062,0.024270811156057056,4,10,2.8333333333333335
553215383256432640,2015-01-08T15:43:20+00:00,2015-01-08T16:24:46+00:00,2486.0,49,1,48,38.0,1142.9375,0.019308125502815767,1.1826226870474659,10,12,1.7407407407407407
553215523602046976,2015-01-08T15:43:53+00:00,2015-01-09T17:21:10+00:00,92237.0,47,1,46,287.0,34879.15217391304,0.000498715266107961,0.03057341413966196,10,16,2.090909090909091
553215634864345088,2015-01-08T15:44:20+00:00,2015-01-12T13:09:09+00:00,336289.0,24,1,23,264.0,132832.1739130435,6.83935543535471e-05,0.0042820312290916445,5,15,3.8333333333333335
553215658784456705,2015-01-08T15:44:25+00:00,2015-01-08T20:23:35+00:00,16750.0,20,1,19,347.0,5833.315789473684,0.0011343283582089553,0.07164179104477611,2,18,9.5
553215879979085829,2015-01-08T15:45:18+00:00,2015-01-08T16:52:21+00:00,4023.0,22,1,21,488.0,1753.5238095238096,0.005219985085756898,0.32811334824757643,6,8,2.1
553215929107382275,2015-01-08T15:45:30+00:00,2015-01-08T16:42:40+00:00,3430.0,24,1,23,71.0,1047.0869565217392,0.006705539358600583,0.4198250728862974,10,7,1.6428571428571428
553216451780554752,2015-01-08T15:47:35+00:00,2015-01-08T21:08:41+00:00,19266.0,55,1,54,132.0,4162.981481481482,0.002802865151043289,0.17128620367486763,12,8,1.7666666666666666
553216460164968449,2015-01-08T15:47:37+00:00,2015-01-09T12:40:32+00:00,75175.0,14,1,13,239.0,10324.538461538461,0.00017292983039574327,0.01117392750249418,1,13,13.0
553216874130206721,2015-01-08T15:49:15+00:00,2015-01-13T17:45:31+00:00,438976.0,21,1,20,327.0,157350.0,4.55605773436361e-05,0.0028703163726490743,2,19,10.0
553216909022605312,2015-01-08T15:49:24+00:00,2015-01-15T09:32:12+00:00,582168.0,11,1,10,250.0,58980.3,1.7177172225199598e-05,0.0011336933668631736,3,8,3.3333333333333335
553218001181605889,2015-01-08T15:53:44+00:00,2015-01-09T13:49:48+00:00,78964.0,16,1,15,64.0,34537.066666666666,0.00018995998176384176,0.012157438832885873,2,11,3.75
553218083410952192,2015-01-08T15:54:04+00:00,2015-01-09T00:31:13+00:00,31029.0,6,1,5,673.0,18189.0,0.00016113957910341938,0.011602049695446197,3,3,1.6666666666666667
553218279557582849,2015-01-08T15:54:50+00:00,2015-01-08T21:18:19+00:00,19409.0,4,1,3,3686.0,10869.666666666666,0.0001545674687000876,0.012365397496007006,1,3,3.0
553218281705066496,2015-01-08T15:54:51+00:00,2015-01-09T07:13:29+00:00,55118.0,16,1,15,94.0,11070.066666666668,0.00027214340142966,0.01741717769149824,2,14,7.5
553218599390040065,2015-01-08T15:56:07+00:00,2015-01-08T16:58:55+00:00,3768.0,27,1,26,59.0,1172.3076923076924,0.006900212314225053,0.4299363057324841,8,14,2.1666666666666665
553219047048105985,2015-01-08T15:57:53+00:00,2015-01-11T00:13:14+00:00,202521.0,21,1,20,503.0,14328.25,9.875519081971746e-05,0.0062215770216422,7,9,1.8
553219195056693249,2015-01-08T15:58:29+00:00,2015-01-08T19:07:08+00:00,11319.0,22,1,21,2473.0,8432.47619047619,0.0018552875695732839,0.11661807580174927,9,6,1.75
553219651594125312,2015-01-08T16:00:17+00:00,2015-01-08T21:42:35+00:00,20538.0,38,1,37,53.0,3522.027027027027,0.0018015386113545623,0.11101373064563248,9,12,1.9444444444444444
553219770053443585,2015-01-08T16:00:46+00:00,2015-01-09T22:12:39+00:00,108713.0,5,1,4,351.0,28006.0,3.679412765722591e-05,0.002759559574291943,1,4,4.0
553220054184382465,2015-01-08T16:01:53+00:00,2015-01-09T00:46:11+00:00,31458.0,21,1,20,14.0,4926.85,0.0006357683260219976,0.04005340453938585,3,14,2.857142857142857
553220172925132800,2015-01-08T16:02:22+00:00,2015-01-12T17:46:11+00:00,351829.0,20,1,19,43.0,58074.57894736842,5.400350738569021e-05,0.0034107478348856975,3,16,4.75
553220369721483266,2015-01-08T16:03:09+00:00,2015-01-08T20:26:37+00:00,15808.0,23,1,22,24.0,5132.681818181818,0.0013917004048582995,0.08729757085020244,4,19,5.5
553221281181859841,2015-01-08T16:06:46+00:00,2015-01-09T03:40:45+00:00,41639.0,35,1,34,206.0,11217.088235294117,0.0008165421840101828,0.05043348783592305,11,12,1.7894736842105263
553221293298819074,2015-01-08T16:06:49+00:00,2015-01-09T07:29:57+00:00,55388.0,20,1,19,44.0,19277.157894736843,0.0003430345923304687,0.021665342673503285,2,18,9.5
553221319345844225,2015-01-08T16:06:55+00:00,2015-01-12T16:27:31+00:00,346836.0,5,1,4,3863.0,149927.0,1.1532828195458373e-05,0.0008649621146593778,1,4,4.0
553221600955621376,2015-01-08T16:08:02+00:00,2015-01-08T18:48:47+00:00,9645.0,3,1,2,1625.0,5635.0,0.00020736132711249351,0.01866251944012442,1,2,2.0
553222038379180032,2015-01-08T16:09:46+00:00,2015-01-09T08:19:01+00:00,58155.0,16,1,15,98.0,7687.266666666666,0.00025793139025019347,0.016507608976012382,6,10,2.5
553222048924049408,2015-01-08T16:09:49+00:00,2015-01-09T07:52:04+00:00,56535.0,7,1,6,87.0,19561.333333333332,0.0001061289466702043,0.007429026266914301,1,6,6.0
553222727700865025,2015-01-08T16:12:31+00:00,2015-01-17T17:28:31+00:00,782160.0,25,1,24,64.0,84305.45833333333,3.068425897514575e-05,0.0019177661859466095,6,16,2.6666666666666665
553223681409703937,2015-01-08T16:16:18+00:00,2015-01-09T07:15:11+00:00,53933.0,33,1,32,340.0,3815.125,0.0005933287597574768,0.03671221700999388,6,8,1.631578947368421
553223882128490496,2015-01-08T16:17:06+00:00,2015-01-09T21:42:03+00:00,105897.0,81,1,80,114.0,41809.85,0.0007554510514934323,0.045893651378226014,19,4,1.1940298507462686
553223992300285952,2015-01-08T16:17:32+00:00,2015-01-10T12:27:47+00:00,159015.0,12,1,11,84.0,45354.63636363636,6.917586391220954e-05,0.00452787472879917,3,8,2.75
553224082213601280,2015-01-08T16:17:54+00:00,2015-01-08T18:10:55+00:00,6781.0,22,1,21,44.0,1048.5238095238096,0.003096888364548002,0.19466155434301727,2,17,5.0
553224215676354560,2015-01-08T16:18:26+00:00,2015-01-08T19:10:48+00:00,10342.0,14,1,13,92.0,2063.846153846154,0.0012570102494681879,0.08122220073486752,2,12,6.5
553224402012078081,2015-01-08T16:19:10+00:00,2015-01-09T13:43:16+00:00,77046.0,78,1,77,183.0,46815.753246753244,0.0009994029540793812,0.060742932793396154,13,10,2.111111111111111
553224764924243969,2015-01-08T16:20:37+00:00,2015-01-08T17:28:34+00:00,4077.0,6,1,5,101.0,2283.0,0.0012263919548687761,0.08830022075055187,1,5,5.0
553225359928213505,2015-01-08T16:22:58+00:00,2015-01-08T20:42:19+00:00,15561.0,11,1,10,98.0,4025.6,0.00064263222157959,0.04241372662425293,3,7,2.5
553225402282692608,2015-01-08T16:23:08+00:00,2015-01-08T17:01:48+00:00,2320.0,10,1,9,240.0,998.2222222222222,0.003879310344827586,0.25862068965517243,3,7,3.0
553225701701066752,2015-01-08T16:24:20+00:00,2015-01-11T19:25:59+00:00,270099.0,6,1,5,131.0,60359.0,1.8511730883861103e-05,0.0013328446236379994,2,4,2.5
553225809444749313,2015-01-08T16:24:46+00:00,2015-01-08T17:19:53+00:00,3307.0,5,1,4,1281.0,2093.5,0.0012095554883580285,0.09071666162685213,1,4,4.0
553225828625297408,2015-01-08T16:24:50+00:00,2015-01-08T17:10:36+00:00,2746.0,7,1,6,1474.0,2400.6666666666665,0.0021849963583394027,0.1529497450837582,3,3,2.0
553226059836297216,2015-01-08T16:25:45+00:00,2015-01-08T20:51:13+00:00,15928.0,12,1,11,1136.0,4968.636363636364,0.0006906077348066298,0.04520341536916123,2,9,3.6666666666666665
553226143307161600,2015-01-08T16:26:05+00:00,2015-01-08T20:01:13+00:00,12908.0,20,1,19,468.0,10606.421052631578,0.001471955376510691,0.09296560272699102,10,5,1.9
553226479904231424,2015-01-08T16:27:25+00:00,2015-01-12T08:33:53+00:00,317188.0,13,1,12,143.0,55256.833333333336,3.783245267790711e-05,0.0024591094240639625,1,12,12.0
553226624976420864,2015-01-08T16:28:00+00:00,2015-01-09T21:00:26+00:00,102746.0,41,1,40,597.0,34907.1,0.0003893095594962334,0.023942537909018353,14,12,2.0
553227220765130752,2015-01-08T16:30:22+00:00,2015-01-08T17:17:22+00:00,2820.0,23,1,22,61.0,813.5,0.007801418439716312,0.48936170212765956,5,17,4.4
553227238829981698,2015-01-08T16:30:26+00:00,2015-01-08T21:19:48+00:00,17362.0,22,1,21,94.0,4546.952380952381,0.0012095380716507314,0.07602810736090312,2,17,5.25
553227258782306304,2015-01-08T16:30:31+00:00,2015-01-12T08:33:28+00:00,316977.0,15,1,14,14.0,25094.14285714286,4.416724241821962e-05,0.002839322726885547,2,12,4.666666666666667
553227288859664384,2015-01-08T16:30:38+00:00,2015-01-09T21:07:40+00:00,103022.0,34,1,33,200.0,4413.454545454545,0.00032031993166508124,0.01980159577565957,8,16,2.2
553227389061582848,2015-01-08T16:31:02+00:00,2015-01-08T20:57:31+00:00,15989.0,17,1,16,161.0,4078.8125,0.0010006879729814247,0.06379385827756583,2,14,5.333333333333333
553227441712668672,2015-01-08T16:31:15+00:00,2015-01-09T08:09:17+00:00,56282.0,5,1,4,6895.0,23415.25,7.107067979105221e-05,0.005330300984328915,2,3,2.0
553227856046596097,2015-01-08T16:32:54+00:00,2015-01-08T17:53:01+00:00,4807.0,6,1,5,141.0,2307.6,0.001040149781568546,0.07489078427293532,2,4,2.5
553227906449960961,2015-01-08T16:33:06+00:00,2015-01-08T20:02:38+00:00,12572.0,20,1,19,53.0,2541.9473684210525,0.0015112949411390391,0.09545020680878143,1,18,18.0
553228482927263744,2015-01-08T16:35:23+00:00,2015-01-17T19:42:00+00:00,788797.0,6,1,5,669.0,187887.8,6.338766501393895e-06,0.00045639118810036043,1,5,5.0
553228535511650305,2015-01-08T16:35:36+00:00,2015-01-09T00:22:15+00:00,27999.0,23,1,22,119.0,2120.590909090909,0.0007857423479409979,0.049287474552662594,7,13,2.4444444444444446
553228537084116993,2015-01-08T16:35:36+00:00,2015-01-11T07:27:51+00:00,226335.0,23,1,22,88.0,17119.81818181818,9.720105153864846e-05,0.006097156869242494,5,14,3.142857142857143
553229177055219713,2015-01-08T16:38:08+00:00,2015-01-11T21:23:36+00:00,276328.0,36,1,35,101.0,8945.457142857143,0.00012666106945369271,0.007816797429142179,5,10,1.75
553229592480481281,2015-01-08T16:39:48+00:00,2015-01-08T19:30:38+00:00,10250.0,21,1,20,63.0,1706.35,0.001951219512195122,0.12292682926829268,2,17,5.0
553229626756329472,2015-01-08T16:39:56+00:00,2015-01-08T20:25:13+00:00,13517.0,8,1,7,2101.0,7212.0,0.0005178663904712584,0.035510838203743435,3,5,2.3333333333333335
553229808260632578,2015-01-08T16:40:39+00:00,2015-01-09T20:14:17+00:00,99218.0,24,1,23,456.0,11949.565217391304,0.00023181277590759742,0.014513495535084358,3,17,3.8333333333333335
553229948153262081,2015-01-08T16:41:12+00:00,2015-01-08T19:44:23+00:00,10991.0,20,1,19,54.0,2989.1052631578946,0.0017286871076335184,0.10918023837685378,3,16,4.75
553229956830875650,2015-01-08T16:41:14+00:00,2015-01-09T13:08:42+00:00,73648.0,21,1,20,672.0,18432.95,0.00027156202476645667,0.017108407560286767,5,15,4.0
553230256992423936,2015-01-08T16:42:26+00:00,2015-01-09T09:11:59+00:00,59373.0,23,1,22,104.0,11102.40909090909,0.00037053879709632325,0.02324288818149664,6,8,2.2222222222222223
553230614712033283,2015-01-08T16:43:51+00:00,2015-01-09T00:43:17+00:00,28766.0,12,1,11,259.0,7438.545454545455,0.00038239588402975733,0.025029548772856843,1,11,11.0
553230661012975618,2015-01-08T16:44:02+00:00,2015-01-08T16:44:02+00:00,0.0,1,1,0,0.0,0.0,0.0,0.0,0,0,0.0
553231516290269184,2015-01-08T16:47:26+00:00,2015-01-09T04:45:03+00:00,43057.0,11,1,10,201.0,5004.5,0.00023225027289407066,0.015328518011008662,3,6,2.0
553231607449276416,2015-01-08T16:47:48+00:00,2015-01-08T16:47:48+00:00,0.0,1,1,0,0.0,0.0,0.0,0.0,0,0,0.0
553231667523883009,2015-01-08T16:48:02+00:00,2015-01-08T20:25:31+00:00,13049.0,24,1,23,393.0,6234.130434782609,0.001762587171430761,0.11035328377653461,5,11,2.25
553232137931849728,2015-01-08T16:49:54+00:00,2015-01-08T16:49:54+00:00,0.0,1,1,0,0.0,0.0,0.0,0.0,0,0,0.0
553232531827740672,2015-01-08T16:51:28+00:00,2015-01-09T05:30:35+00:00,45547.0,14,1,13,50.0,12502.461538461539,0.00028541945682481834,0.0184424879794498,3,11,4.333333333333333
553232704708546561,2015-01-08T16:52:10+00:00,2015-01-08T21:49:46+00:00,17856.0,20,1,19,76.0,2847.3684210526317,0.001064068100358423,0.06720430107526881,2,18,9.5
553233130275221504,2015-01-08T16:53:51+00:00,2015-01-09T03:16:41+00:00,37370.0,16,1,15,812.0,8669.733333333334,0.0004013914905004014,0.02568905539202569,3,12,3.75
553233414145310720,2015-01-08T16:54:59+00:00,2015-01-08T19:36:12+00:00,9673.0,19,1,18,1301.0,4718.333333333333,0.0018608497880698853,0.11785381991109273,7,10,2.5714285714285716
553233728030650368,2015-01-08T16:56:14+00:00,2015-01-13T07:21:48+00:00,397534.0,20,1,19,148.0,113384.73684210527,4.7794654042169975e-05,0.0030186097289791563,3,15,4.75
553234456522522624,2015-01-08T16:59:07+00:00,2015-01-08T21:11:10+00:00,15123.0,17,1,16,131.0,5038.6875,0.001057991139324208,0.06744693513191827,7,7,2.0
553234578086055937,2015-01-08T16:59:36+00:00,2015-01-09T19:28:44+00:00,95348.0,56,1,55,124.0,65785.36363636363,0.0005768343331795108,0.03523933380878466,18,7,1.4594594594594594
553235271169638400,2015-01-08T17:02:21+00:00,2015-01-08T17:02:21+00:00,0.0,1,1,0,0.0,0.0,0.0,0.0,0,0,0.0
553235360722214912,2015-01-08T17:02:43+00:00,2015-01-09T19:20:04+00:00,94641.0,10,1,9,70.0,46681.444444444445,9.509620566139411e-05,0.006339747044092941,4,6,2.25
553236009081921536,2015-01-08T17:05:17+00:00,2015-01-08T20:37:18+00:00,12721.0,6,1,5,687.0,5102.8,0.0003930508607813851,0.028299661976259726,1,5,5.0
553461741917863936,2015-01-09T08:02:16+00:00,2015-01-11T22:59:49+00:00,226653.0,20,1,19,96.0,25791.894736842107,8.382858378225746e-05,0.0052944368704583656,3,17,6.333333333333333
553462249562832897,2015-01-09T08:04:17+00:00,2015-01-12T20:03:20+00:00,302343.0,20,1,19,68.0,67566.05263157895,6.284253314943624e-05,0.003969002093648605,1,19,19.0
553463773844238337,2015-01-09T08:10:21+00:00,2015-01-09T13:40:56+00:00,19835.0,33,1,32,52.0,5524.75,0.001613309805898664,0.09982354423997984,7,17,2.4615384615384617
553464709899616257,2015-01-09T08:14:04+00:00,2015-01-09T08:14:04+00:00,0.0,1,1,0,0.0,0.0,0.0,0.0,0,0,0.0
553465105028222976,2015-01-09T08:15:38+00:00,2015-01-16T14:01:32+00:00,625554.0,30,1,29,253.0,92282.8275862069,4.635890746442354e-05,0.0028774494288262885,6,14,2.5555555555555554
553466230989144064,2015-01-09T08:20:07+00:00,2015-01-09T08:24:58+00:00,291.0,3,1,2,119.0,205.0,0.006872852233676976,0.6185567010309279,1,2,2.0
553466755411369985,2015-01-09T08:22:12+00:00,2015-01-09T08:57:43+00:00,2131.0,6,1,5,57.0,907.8,0.002346316283435007,0.16893477240732052,1,3,3.0
553467311261503488,2015-01-09T08:24:24+00:00,2015-01-09T09:18:48+00:00,3264.0,3,1,2,295.0,1779.5,0.0006127450980392157,0.05514705882352941,1,2,2.0
553468492700454912,2015-01-09T08:29:06+00:00,2015-01-09T08:40:31+00:00,685.0,6,1,5,252.0,388.6,0.0072992700729927005,0.5255474452554745,3,3,1.6666666666666667
553468593141469184,2015-01-09T08:29:30+00:00,2015-01-09T18:20:00+00:00,35430.0,30,1,29,2307.0,11008.379310344828,0.0008185153824442563,0.05080440304826418,6,13,2.230769230769231
553469263650906112,2015-01-09T08:32:10+00:00,2015-01-09T13:06:34+00:00,16464.0,33,1,32,225.0,5782.40625,0.001943634596695821,0.12026239067055394,9,14,2.2857142857142856
553469523945590784,2015-01-09T08:33:12+00:00,2015-01-09T21:02:02+00:00,44930.0,30,1,29,59.0,4146.310344827586,0.0006454484754061874,0.040062319163142665,11,8,1.8125
553469733656203264,2015-01-09T08:34:02+00:00,2015-01-09T08:49:45+00:00,943.0,21,1,20,83.0,432.8,0.021208907741251327,1.3361611876988335,2,19,10.0
553470140042735616,2015-01-09T08:35:39+00:00,2015-01-09T15:59:23+00:00,26624.0,9,1,8,39.0,3690.0,0.00030048076923076925,0.020282451923076924,1,8,8.0
553470382129565696,2015-01-09T08:36:36+00:00,2015-01-09T10:10:34+00:00,5638.0,18,1,17,45.0,998.3529411764706,0.0030152536360411493,0.1915572898190848,2,15,8.0
553470492565602305,2015-01-09T08:37:03+00:00,2015-01-09T09:32:30+00:00,3327.0,9,1,8,185.0,1141.875,0.0024045686804929365,0.1623083859332732,1,6,6.0
553470733180223489,2015-01-09T08:38:00+00:00,2015-01-09T08:56:42+00:00,1122.0,8,1,7,72.0,295.14285714285717,0.006238859180035651,0.42780748663101603,1,7,7.0
553470907629707266,2015-01-09T08:38:42+00:00,2015-01-12T14:36:27+00:00,280665.0,37,1,36,82.0,173297.72222222222,0.0001282667949334616,0.007909785687563465,10,8,1.7142857142857142
553470977972375553,2015-01-09T08:38:58+00:00,2015-01-09T09:44:39+00:00,3941.0,7,1,6,172.0,1119.1666666666667,0.0015224562293834052,0.10657193605683836,1,6,6.0
553471193110421504,2015-01-09T08:39:50+00:00,2015-01-09T08:44:41+00:00,291.0,3,1,2,192.0,241.5,0.006872852233676976,0.6185567010309279,1,2,2.0
553471987411324929,2015-01-09T08:42:59+00:00,2015-01-09T10:23:33+00:00,6034.0,10,1,9,57.0,880.0,0.0014915478952601923,0.09943652635067948,1,9,9.0
553472225798795264,2015-01-09T08:43:56+00:00,2015-01-09T08:49:08+00:00,312.0,4,1,3,35.0,149.33333333333334,0.009615384615384616,0.7692307692307692,2,2,1.5
553472437644320769,2015-01-09T08:44:46+00:00,2015-01-09T10:17:30+00:00,5564.0,5,1,4,1129.0,2498.75,0.0007189072609633358,0.053918044572250176,1,4,4.0
553472488462901248,2015-01-09T08:44:58+00:00,2015-01-09T09:46:33+00:00,3695.0,5,1,4,223.0,1221.75,0.0010825439783491205,0.08119079837618402,2,3,2.0
553472557978902529,2015-01-09T08:45:15+00:00,2015-01-17T08:06:03+00:00,688848.0,4,1,3,4182.0,232711.66666666666,4.355097205769633e-06,0.0003484077764615706,1,3,3.0
553473369539366912,2015-01-09T08:48:28+00:00,2015-01-09T09:10:26+00:00,1318.0,14,1,13,79.0,566.7692307692307,0.009863429438543247,0.6373292867981791,1,12,12.0
553473416905629696,2015-01-09T08:48:40+00:00,2015-01-10T00:00:48+00:00,54728.0,23,1,22,124.0,8505.09090909091,0.00040198801344832626,0.02521561175266774,8,6,1.8333333333333333
553473550523580416,2015-01-09T08:49:12+00:00,2015-01-09T08:49:12+00:00,0.0,1,1,0,0.0,0.0,0.0,0.0,0,0,0.0
553473559352606720,2015-01-09T08:49:14+00:00,2015-01-09T11:20:16+00:00,9062.0,14,1,13,209.0,6396.384615384615,0.0014345619068638269,0.09269476936658574,3,8,2.6
553473629854646272,2015-01-09T08:49:31+00:00,2015-01-12T11:44:06+00:00,269675.0,12,1,11,625.0,43135.454545454544,4.078983962176694e-05,0.002669880411606564,2,9,3.6666666666666665
553473704060284928,2015-01-09T08:49:48+00:00,2015-01-09T09:36:20+00:00,2792.0,3,1,2,30.0,1411.0,0.0007163323782234957,0.06446991404011461,1,2,2.0
553474012446478336,2015-01-09T08:51:02+00:00,2015-01-09T12:31:41+00:00,13239.0,6,1,5,52.0,3145.4,0.00037767202960948713,0.027192386131883073,1,5,5.0
553474188259102720,2015-01-09T08:51:44+00:00,2015-01-09T13:00:35+00:00,14931.0,13,1,12,279.0,4866.75,0.0008036970062286518,0.05224030540486237,1,12,12.0
553474232596701184,2015-01-09T08:51:54+00:00,2015-01-09T10:30:22+00:00,5908.0,11,1,10,66.0,1614.0,0.0016926201760324984,0.11171293161814488,2,7,3.0
553474514496278528,2015-01-09T08:53:01+00:00,2015-01-09T23:30:54+00:00,52673.0,42,1,41,13.0,25218.146341463416,0.0007783874091090312,0.04784234807206728,7,6,1.8095238095238095
553474965278691330,2015-01-09T08:54:49+00:00,2015-01-09T23:13:03+00:00,51494.0,6,1,5,34.0,11193.4,9.709869110964384e-05,0.006991105759894357,1,5,5.0
553475269873643520,2015-01-09T08:56:02+00:00,2015-01-09T17:40:01+00:00,31439.0,9,1,8,36.0,4492.25,0.00025446101975253667,0.017176118833296224,1,8,8.0
553475430897156096,2015-01-09T08:56:40+00:00,2015-01-09T14:35:29+00:00,20329.0,13,1,12,64.0,2941.5,0.0005902897338777117,0.038368832702051256,1,12,12.0
553475729187680258,2015-01-09T08:57:51+00:00,2015-01-09T11:52:30+00:00,10479.0,12,1,11,141.0,5579.818181818182,0.001049718484588224,0.06870884626395649,2,9,5.0
553475824369012736,2015-01-09T08:58:14+00:00,2015-01-09T11:52:12+00:00,10438.0,21,1,20,165.0,1728.05,0.0019160758766047135,0.12071278022609695,10,4,1.5384615384615385
553476073703620609,2015-01-09T08:59:13+00:00,2015-01-09T11:46:40+00:00,10047.0,7,1,6,51.0,2305.8333333333335,0.0005971931919976113,0.04180352343983279,1,6,6.0
553476288103477249,2015-01-09T09:00:04+00:00,2015-01-09T16:08:38+00:00,25714.0,22,1,21,67.0,8897.809523809523,0.000816675740841565,0.05133390371004122,3,15,3.0
553476471470432256,2015-01-09T09:00:48+00:00,2015-01-09T13:09:23+00:00,14915.0,17,1,16,85.0,1540.5625,0.0010727455581629232,0.06838752933288636,2,15,8.0
553476490315431937,2015-01-09T09:00:53+00:00,2015-01-09T09:18:02+00:00,1029.0,5,1,4,85.0,575.0,0.003887269193391642,0.2915451895043732,1,4,4.0
553476600985948160,2015-01-09T09:01:19+00:00,2015-01-09T09:07:53+00:00,394.0,5,1,4,212.0,297.5,0.01015228426395939,0.7614213197969544,1,4,4.0
553476880339599360,2015-01-09T09:02:26+00:00,2015-01-15T07:43:33+00:00,513667.0,15,1,14,212.0,39717.357142857145,2.7255011515242365e-05,0.0017521078831227235,7,4,1.75
553477352542707712,2015-01-09T09:04:18+00:00,2015-01-09T12:19:41+00:00,11723.0,9,1,8,16.0,3406.125,0.000682419175978845,0.04606329437857204,1,8,8.0
553477554041257985,2015-01-09T09:05:06+00:00,2015-01-09T12:08:20+00:00,10994.0,9,1,8,78.0,2160.25,0.0007276696379843551,0.049117700563943975,1,8,8.0
553477692591726592,2015-01-09T09:05:39+00:00,2015-01-09T11:10:17+00:00,7478.0,8,1,7,128.0,1746.5714285714287,0.0009360791655522868,0.06418828563787109,1,7,7.0
553477943616634880,2015-01-09T09:06:39+00:00,2015-01-09T10:11:06+00:00,3867.0,7,1,6,153.0,1160.0,0.0015515903801396431,0.10861132660977502,2,5,3.0
553478014785187840,2015-01-09T09:06:56+00:00,2015-01-10T02:27:04+00:00,62408.0,36,1,35,425.0,30188.257142857143,0.0005608255351877965,0.03461094731444686,8,15,2.3333333333333335
553478142791548928,2015-01-09T09:07:27+00:00,2015-01-09T10:39:58+00:00,5551.0,11,1,10,24.0,1177.5,0.0018014772113132769,0.11889749594667627,1,10,10.0
553478289474740224,2015-01-09T09:08:01+00:00,2015-01-11T09:44:09+00:00,174968.0,7,1,6,695.0,29961.5,3.429198482008139e-05,0.0024004389374056973,2,5,3.0
553478677359775744,2015-01-09T09:09:34+00:00,2015-01-09T18:12:41+00:00,32587.0,23,1,22,49.0,2062.318181818182,0.0006751158437413693,0.042348175652867706,2,16,4.2
553479222434729984,2015-01-09T09:11:44+00:00,2015-01-09T10:24:49+00:00,4385.0,9,1,8,50.0,774.25,0.0018244013683010262,0.12314709236031927,1,8,8.0
553479280014151681,2015-01-09T09:11:58+00:00,2015-01-10T17:42:41+00:00,117043.0,110,1,109,108.0,22703.0,0.0009312816657126013,0.05638953205232265,19,8,1.3466666666666667
553479315711864832,2015-01-09T09:12:06+00:00,2015-01-09T09:12:06+00:00,0.0,1,1,0,0.0,0.0,0.0,0.0,0,0,0.0
553479401296625664,2015-01-09T09:12:27+00:00,2015-01-09T16:00:01+00:00,24454.0,44,1,43,80.0,15128.860465116279,0.0017584035331643085,0.10795779831520405,19,11,1.8695652173913044
553480082996879360,2015-01-09T09:15:09+00:00,2015-01-09T19:58:53+00:00,38624.0,22,1,21,219.0,9954.047619047618,0.0005437033968516984,0.03417564208782104,3,3,1.6
553480257747963905,2015-01-09T09:15:51+00:00,2015-01-10T02:52:15+00:00,63384.0,25,1,24,399.0,8076.083333333333,0.0003786444528587656,0.02366527830367285,6,16,3.4285714285714284
553480287045554176,2015-01-09T09:15:58+00:00,2015-01-09T10:18:14+00:00,3736.0,5,1,4,377.0,2111.75,0.0010706638115631692,0.08029978586723768,1,4,4.0
553480292498153472,2015-01-09T09:15:59+00:00,2015-01-09T09:22:33+00:00,394.0,2,1,1,394.0,394.0,0.0025380710659898475,0.30456852791878175,1,1,1.0
553480333954678784,2015-01-09T09:16:09+00:00,2015-01-09T15:24:58+00:00,22129.0,20,1,19,1422.0,6017.105263157895,0.0008586018346965521,0.05422748429662434,5,9,2.111111111111111
553480702067736578,2015-01-09T09:17:37+00:00,2015-01-09T17:23:56+00:00,29179.0,7,1,6,229.0,8780.0,0.0002056273347270297,0.01439391343089208,1,6,6.0
553480876315901953,2015-01-09T09:18:18+00:00,2015-01-17T15:04:31+00:00,711973.0,147,1,146,49.0,45461.58904109589,0.00020506395607698607,0.012388110223280938,19,15,1.553191489361702
553480900869361664,2015-01-09T09:18:24+00:00,2015-01-12T07:23:46+00:00,252322.0,23,1,22,187.0,27144.727272727272,8.719017763017097e-05,0.005469202051347088,4,16,3.6666666666666665
553481076916883456,2015-01-09T09:19:06+00:00,2015-01-09T09:51:04+00:00,1918.0,6,1,5,122.0,749.6,0.0026068821689259644,0.18769551616266947,1,5,5.0
553481335948709888,2015-01-09T09:20:08+00:00,2015-01-09T10:49:10+00:00,5342.0,3,1,2,4491.0,4916.5,0.00037439161362785476,0.03369524522650693,1,2,2.0
553481963864993792,2015-01-09T09:22:38+00:00,2015-01-17T10:05:19+00:00,693761.0,21,1,20,80.0,78790.05,2.8828371730322114e-05,0.0018161874190102934,4,14,2.857142857142857
553483415954411520,2015-01-09T09:28:24+00:00,2015-01-09T10:42:44+00:00,4460.0,4,1,3,49.0,1684.0,0.0006726457399103139,0.053811659192825115,1,3,3.0
553483707122995201,2015-01-09T09:29:33+00:00,2015-01-12T08:11:02+00:00,254489.0,8,1,7,21.0,37858.57142857143,2.7506100460137768e-05,0.0018861326029808753,3,5,2.3333333333333335
553483906096185345,2015-01-09T09:30:21+00:00,2015-01-09T09:30:21+00:00,0.0,1,1,0,0.0,0.0,0.0,0.0,0,0,0.0
553484365012148225,2015-01-09T09:32:10+00:00,2015-01-09T14:24:16+00:00,17526.0,28,1,27,32.0,3601.1481481481483,0.0015405682985279014,0.09585758301951386,11,15,2.076923076923077
553484530804613120,2015-01-09T09:32:50+00:00,2015-01-09T18:35:11+00:00,32541.0,7,1,6,44.0,10524.666666666666,0.00018438277864847423,0.012906794505393195,2,5,3.0
553484619426062336,2015-01-09T09:33:11+00:00,2015-01-09T10:33:25+00:00,3614.0,27,1,26,39.0,1779.1538461538462,0.007194244604316547,0.448256779192031,6,10,2.0
553484760233017344,2015-01-09T09:33:44+00:00,2015-01-09T09:42:05+00:00,501.0,11,1,10,16.0,384.0,0.01996007984031936,1.3173652694610778,1,10,10.0
553484780093050880,2015-01-09T09:33:49+00:00,2015-01-09T12:08:59+00:00,9310.0,16,1,15,58.0,1822.2666666666667,0.001611170784103115,0.10311493018259936,6,9,2.142857142857143
553485452943302656,2015-01-09T09:36:29+00:00,2015-01-09T10:25:37+00:00,2948.0,17,1,16,23.0,727.0625,0.005427408412483039,0.34599728629579374,1,16,16.0
553485654030446592,2015-01-09T09:37:17+00:00,2015-01-13T23:31:47+00:00,395670.0,45,1,44,217.0,31150.636363636364,0.00011120378092855157,0.0068238683751611195,12,9,2.0952380952380953
553485866346483713,2015-01-09T09:38:08+00:00,2015-01-10T07:43:17+00:00,79509.0,3,1,2,156.0,39832.5,2.515438503817178e-05,0.00226389465343546,1,2,2.0
553486439129038848,2015-01-09T09:40:25+00:00,2015-01-09T13:26:44+00:00,13579.0,10,1,9,37.0,2444.222222222222,0.0006627881287281833,0.04418587524854555,1,8,8.0
553486529231089664,2015-01-09T09:40:46+00:00,2015-01-09T12:30:32+00:00,10186.0,12,1,11,70.0,2550.090909090909,0.0010799136069114472,0.07068525427056745,1,11,11.0
553486601146617856,2015-01-09T09:41:03+00:00,2015-01-12T10:19:27+00:00,261504.0,58,1,57,207.0,47854.80701754386,0.00021796989720998533,0.013307635829662262,10,9,1.7272727272727273
553486796534054912,2015-01-09T09:41:50+00:00,2015-01-09T20:34:08+00:00,39138.0,15,1,14,20.0,3559.5,0.0003577086207777607,0.02299555419285605,1,14,14.0
553487356733313024,2015-01-09T09:44:03+00:00,2015-01-09T19:30:42+00:00,35199.0,12,1,11,104.0,6822.909090909091,0.00031250887809312764,0.02045512656609563,2,10,5.5
553487544508493825,2015-01-09T09:44:48+00:00,2015-01-09T10:03:02+00:00,1094.0,5,1,4,130.0,646.5,0.003656307129798903,0.2742230347349177,1,4,4.0
553487579077550082,2015-01-09T09:44:56+00:00,2015-01-14T17:32:48+00:00,460072.0,19,1,18,11.0,73014.5,3.912431097741223e-05,0.0024778730285694413,3,15,4.5
553487625815064576,2015-01-09T09:45:07+00:00,2015-01-10T01:49:51+00:00,57884.0,27,1,26,719.0,14525.0,0.0004491742104899454,0.027987008499758135,5,11,2.6
553487971497041920,2015-01-09T09:46:30+00:00,2015-01-09T10:55:21+00:00,4131.0,25,1,24,28.0,833.2083333333334,0.005809731299927378,0.3631082062454612,4,16,2.6666666666666665
553488054640340992,2015-01-09T09:46:50+00:00,2015-01-09T15:19:34+00:00,19964.0,10,1,9,20.0,2443.0,0.00045081146062913246,0.030054097375275493,1,9,9.0
553488824656203776,2015-01-09T09:49:53+00:00,2015-01-09T14:46:21+00:00,17788.0,4,1,3,169.0,8074.333333333333,0.00016865302451090622,0.0134922419608725,1,3,3.0
553488850363101184,2015-01-09T09:49:59+00:00,2015-01-09T10:29:19+00:00,2360.0,20,1,19,119.0,823.6315789473684,0.008050847457627118,0.5084745762711864,1,17,17.0
553489393202499584,2015-01-09T09:52:09+00:00,2015-01-09T10:49:12+00:00,3423.0,9,1,8,18.0,596.125,0.0023371311714869996,0.1577563540753725,1,8,8.0
553489837542899712,2015-01-09T09:53:55+00:00,2015-01-12T19:57:42+00:00,295427.0,30,1,29,113.0,54362.379310344826,9.81629979656565e-05,0.006092875735799368,9,8,1.9333333333333333
553489907524829184,2015-01-09T09:54:11+00:00,2015-01-09T09:54:11+00:00,0.0,1,1,0,0.0,0.0,0.0,0.0,0,0,0.0
553490160344502273,2015-01-09T09:55:12+00:00,2015-01-10T21:16:08+00:00,127256.0,18,1,17,241.0,21327.58823529412,0.00013358898598101466,0.008486829697617401,3,13,3.4
553490238979727360,2015-01-09T09:55:30+00:00,2015-01-14T01:48:57+00:00,402807.0,3,1,2,623.0,201715.0,4.9651570106775705e-06,0.0004468641309609813,1,2,2.0
553490241445965824,2015-01-09T09:55:31+00:00,2015-01-10T13:02:53+00:00,97642.0,20,1,19,111.0,6829.8421052631575,0.00019458839433850186,0.012289793326642224,1,19,19.0
553490358748061696,2015-01-09T09:55:59+00:00,2015-01-09T10:25:37+00:00,1778.0,5,1,4,264.0,1178.25,0.0022497187851518562,0.1687289088863892,1,4,4.0
553491005971132416,2015-01-09T09:58:33+00:00,2015-01-09T15:36:23+00:00,20270.0,16,1,15,26.0,2945.266666666667,0.0007400098667982239,0.04736063147508634,3,13,5.0
553491517462315008,2015-01-09T10:00:35+00:00,2015-01-10T13:16:10+00:00,98135.0,38,1,37,378.0,11198.837837837838,0.0003770316400876344,0.023233301064859633,13,4,1.7619047619047619
553491540535156736,2015-01-09T10:00:41+00:00,2015-01-09T10:17:58+00:00,1037.0,20,1,19,50.0,480.89473684210526,0.01832208293153327,1.1571841851494695,2,17,6.333333333333333
553491604917334016,2015-01-09T10:00:56+00:00,2015-01-09T14:57:26+00:00,17790.0,20,1,19,91.0,4666.631578947368,0.0010680157391793142,0.06745362563237774,2,18,9.5
553491924015783936,2015-01-09T10:02:12+00:00,2015-01-09T23:00:19+00:00,46687.0,12,1,11,1600.0,11413.0,0.00023561162636279908,0.015421851907383212,1,11,11.0
553492305521672192,2015-01-09T10:03:43+00:00,2015-01-10T19:28:06+00:00,120263.0,39,1,38,117.0,22866.605263157893,0.0003159741566400306,0.019457355961517674,9,12,2.0
553492417023057920,2015-01-09T10:04:10+00:00,2015-01-09T13:00:15+00:00,10565.0,9,1,8,73.0,1588.25,0.0007572172266919072,0.051112162801703734,3,5,2.6666666666666665
553493222052605952,2015-01-09T10:07:22+00:00,2015-01-09T10:22:02+00:00,880.0,8,1,7,43.0,309.42857142857144,0.007954545454545454,0.5454545454545455,2,6,3.5
553493300242432000,2015-01-09T10:07:40+00:00,2015-01-09T15:23:57+00:00,18977.0,20,1,19,153.0,6584.631578947368,0.0010012119934657744,0.06323444169257522,3,15,4.75
553493510306152448,2015-01-09T10:08:30+00:00,2015-01-09T14:12:09+00:00,14619.0,6,1,5,140.0,7049.6,0.0003420206580477461,0.02462548737943772,1,5,5.0
553493707472011264,2015-01-09T10:09:17+00:00,2015-01-11T14:40:06+00:00,189049.0,36,1,35,73.0,19450.6,0.00018513718665531158,0.011425609233584945,7,19,2.5
553493785523400704,2015-01-09T10:09:36+00:00,2015-01-09T17:56:36+00:00,28020.0,25,1,24,21.0,2797.5416666666665,0.0008565310492505353,0.05353319057815846,3,18,4.0
553495137314435072,2015-01-09T10:14:58+00:00,2015-01-09T23:19:15+00:00,47057.0,23,1,22,46.0,2634.3636363636365,0.0004675181163270077,0.02932613638778503,4,15,2.75
553495922639122432,2015-01-09T10:18:06+00:00,2015-01-09T13:08:15+00:00,10209.0,20,1,19,30.0,3373.1052631578946,0.0018611029483788814,0.11754334410813987,3,16,4.75
553496228055777280,2015-01-09T10:19:18+00:00,2015-01-14T10:22:16+00:00,432178.0,4,1,3,4550.0,150840.33333333334,6.9415842546358215e-06,0.0005553267403708657,1,3,3.0
553496489641902080,2015-01-09T10:20:21+00:00,2015-01-10T06:49:02+00:00,73721.0,51,1,50,79.0,13416.84,0.0006782327966251136,0.04150784715345695,17,18,1.9230769230769231
553496697918468096,2015-01-09T10:21:10+00:00,2015-01-10T23:39:33+00:00,134303.0,35,1,34,4000.0,14812.0,0.0002531589018860338,0.015636285116490324,7,13,3.2222222222222223
553497508970631168,2015-01-09T10:24:24+00:00,2015-01-09T12:17:31+00:00,6787.0,6,1,5,3357.0,4685.4,0.0007367025195226168,0.05304258140562841,1,5,5.0
553497730476015617,2015-01-09T10:25:17+00:00,2015-01-09T12:26:47+00:00,7290.0,21,1,20,96.0,2022.95,0.0027434842249657062,0.1728395061728395,2,19,10.0
553497835371757568,2015-01-09T10:25:42+00:00,2015-01-09T10:25:42+00:00,0.0,1,1,0,0.0,0.0,0.0,0.0,0,0,0.0
553498106588049408,2015-01-09T10:26:46+00:00,2015-01-09T10:37:25+00:00,639.0,20,1,19,68.0,317.05263157894734,0.0297339593114241,1.8779342723004695,3,15,3.8
553499806883381249,2015-01-09T10:33:32+00:00,2015-01-09T11:28:47+00:00,3315.0,11,1,10,39.0,1092.3,0.0030165912518853697,0.19909502262443438,1,10,10.0
553500238246608896,2015-01-09T10:35:14+00:00,2015-01-09T14:49:52+00:00,15278.0,20,1,19,193.0,5546.894736842105,0.001243618274643278,0.07854431208273334,2,17,9.0
553500932521336832,2015-01-09T10:38:00+00:00,2015-01-10T04:12:50+00:00,63290.0,20,1,19,49.0,5227.789473684211,0.00030020540369726654,0.018960341286143153,2,14,4.75
553501357156876290,2015-01-09T10:39:41+00:00,2015-01-09T11:17:46+00:00,2285.0,25,1,24,75.0,508.8333333333333,0.01050328227571116,0.6564551422319475,3,14,2.857142857142857
553501469388058626,2015-01-09T10:40:08+00:00,2015-01-11T13:16:30+00:00,182182.0,14,1,13,185.0,33349.692307692305,7.135721421435707e-05,0.0046107738415430725,2,11,4.333333333333333
553501773517033472,2015-01-09T10:41:21+00:00,2015-01-09T15:53:46+00:00,18745.0,36,1,35,84.0,3318.9714285714285,0.0018671645772205922,0.1152307281941851,6,13,1.8421052631578947
553502180666531840,2015-01-09T10:42:58+00:00,2015-01-09T14:23:27+00:00,13229.0,16,1,15,60.0,2317.866666666667,0.0011338725527250738,0.07256784337440472,5,9,3.0
553502311872733184,2015-01-09T10:43:29+00:00,2015-01-09T11:39:40+00:00,3371.0,10,1,9,274.0,1324.111111111111,0.0026698309107089885,0.17798872738059923,1,9,9.0
553502446769942528,2015-01-09T10:44:01+00:00,2015-01-09T12:13:27+00:00,5366.0,20,1,19,43.0,1273.6842105263158,0.0035408125232948193,0.22363026462914648,1,19,19.0
553502749498036224,2015-01-09T10:45:13+00:00,2015-01-09T11:45:40+00:00,3627.0,14,1,13,36.0,1082.8461538461538,0.0035842293906810036,0.23159636062861869,3,10,3.25
553503184174710784,2015-01-09T10:46:57+00:00,2015-01-09T12:54:28+00:00,7651.0,24,1,23,54.0,1284.0434782608695,0.003006142987844726,0.1882106914128872,3,18,4.6
553503546382249984,2015-01-09T10:48:23+00:00,2015-01-09T17:56:44+00:00,25701.0,22,1,21,90.0,3176.3809523809523,0.0008170888292284347,0.05135986926578732,3,19,7.0
553503846258196480,2015-01-09T10:49:35+00:00,2015-01-09T12:35:32+00:00,6357.0,20,1,19,57.0,3446.684210526316,0.0029888312096901055,0.18876828692779613,4,15,3.8
553503909692841984,2015-01-09T10:49:50+00:00,2015-01-09T14:47:06+00:00,14236.0,22,1,21,84.0,6325.761904761905,0.001475133464456308,0.0927226749086822,6,9,1.75
553503995872808961,2015-01-09T10:50:10+00:00,2015-01-09T10:50:10+00:00,0.0,1,1,0,0.0,0.0,0.0,0.0,0,0,0.0
553505242554175489,2015-01-09T10:55:08+00:00,2015-01-10T08:02:59+00:00,76071.0,16,1,15,32.0,16635.8,0.00019718420948850417,0.012619789407264267,2,13,7.0
553505371290357761,2015-01-09T10:55:38+00:00,2015-01-09T23:30:40+00:00,45302.0,19,1,18,52.0,5008.333333333333,0.0003973334510617633,0.025164451900578342,3,12,2.5714285714285716
553505458162782208,2015-01-09T10:55:59+00:00,2015-01-09T10:55:59+00:00,0.0,1,1,0,0.0,0.0,0.0,0.0,0,0,0.0
553505858811080704,2015-01-09T10:57:35+00:00,2015-01-09T16:32:31+00:00,20096.0,9,1,8,122.0,2922.125,0.0003980891719745223,0.026871019108280256,1,8,8.0
553506091389440000,2015-01-09T10:58:30+00:00,2015-01-09T10:58:30+00:00,0.0,1,1,0,0.0,0.0,0.0,0.0,0,0,0.0
553506337121107968,2015-01-09T10:59:29+00:00,2015-01-10T16:50:20+00:00,107451.0,72,1,71,1217.0,51381.957746478874,0.0006607663027798717,0.040204372225479526,19,11,1.6829268292682926
553506608203169792,2015-01-09T11:00:33+00:00,2015-01-10T14:12:24+00:00,97911.0,25,1,24,125.0,5262.083333333333,0.00024512056867971935,0.01532003554248246,2,18,5.5
553506946054369280,2015-01-09T11:01:54+00:00,2015-01-10T12:50:21+00:00,92907.0,24,1,23,1317.0,32959.782608695656,0.0002475593873443336,0.015499370338080016,5,17,3.2857142857142856
553506985413713920,2015-01-09T11:02:03+00:00,2015-01-09T11:47:21+00:00,2718.0,8,1,7,143.0,1367.142857142857,0.0025754231052244297,0.17660044150110377,1,7,7.0
553508098825261056,2015-01-09T11:06:29+00:00,2015-01-09T15:28:03+00:00,15694.0,20,1,19,239.0,5900.263157894737,0.0012106537530266344,0.07646234229641902,7,10,1.9
553508524320653312,2015-01-09T11:08:10+00:00,2015-01-11T14:55:46+00:00,186456.0,23,1,22,128.0,12292.318181818182,0.0001179903033423435,0.00740120993692882,3,12,2.857142857142857
553509146730176513,2015-01-09T11:10:38+00:00,2015-01-09T11:56:46+00:00,2768.0,22,1,21,47.0,839.9047619047619,0.007586705202312138,0.476878612716763,5,16,3.5
553509181446443008,2015-01-09T11:10:47+00:00,2015-01-11T09:56:16+00:00,168329.0,8,1,7,285.0,44916.71428571428,4.158522892668524e-05,0.0028515585549727025,1,7,7.0
553509591888441344,2015-01-09T11:12:25+00:00,2015-01-10T15:51:29+00:00,103144.0,9,1,8,211.0,43206.75,7.75614674629644e-05,0.005235399053750097,1,8,8.0
553511279235964928,2015-01-09T11:19:07+00:00,2015-01-09T18:32:54+00:00,26027.0,20,1,19,197.0,5194.315789473684,0.0007300111422753295,0.04610596688054712,3,15,3.8
553511977478537216,2015-01-09T11:21:53+00:00,2015-01-09T16:10:09+00:00,17296.0,7,1,6,86.0,4365.0,0.0003469010175763182,0.024283071230342276,2,5,3.0
553512076304728064,2015-01-09T11:22:17+00:00,2015-01-09T16:48:51+00:00,19594.0,23,1,22,76.0,11898.5,0.001122792691640298,0.07042972338470961,5,7,1.75
553512735192141826,2015-01-09T11:24:54+00:00,2015-01-10T07:48:22+00:00,73408.0,6,1,5,216.0,15055.0,6.811246730601569e-05,0.004904097646033129,1,5,5.0
553513403512532992,2015-01-09T11:27:33+00:00,2015-01-09T14:09:32+00:00,9719.0,26,1,25,46.0,1872.36,0.0025722810988784853,0.1605103405700175,3,18,3.5714285714285716
553514329166061568,2015-01-09T11:31:14+00:00,2015-01-16T22:36:32+00:00,644718.0,176,1,175,110.0,29241.04,0.00027143650402191346,0.016379254185550893,15,10,1.8571428571428572
553514505633017856,2015-01-09T11:31:56+00:00,2015-01-09T12:48:20+00:00,4584.0,25,1,24,98.0,1890.3333333333333,0.005235602094240838,0.32722513089005234,11,4,1.3333333333333333
553515054503821312,2015-01-09T11:34:07+00:00,2015-01-09T12:05:25+00:00,1878.0,7,1,6,391.0,1173.1666666666667,0.003194888178913738,0.22364217252396165,1,6,6.0
553515399438811136,2015-01-09T11:35:29+00:00,2015-01-10T18:19:43+00:00,110654.0,10,1,9,249.0,24601.555555555555,8.133461058795886e-05,0.005422307372530591,2,7,4.0
553515827073261568,2015-01-09T11:37:11+00:00,2015-01-09T15:52:55+00:00,15344.0,20,1,19,2583.0,5054.9473684210525,0.0012382690302398332,0.07820646506777894,3,17,6.333333333333333
553516197283893248,2015-01-09T11:38:39+00:00,2015-01-10T20:03:29+00:00,116690.0,4,1,3,714.0,49849.666666666664,2.570914388550861e-05,0.002056731510840689,1,3,3.0
553516364879904768,2015-01-09T11:39:19+00:00,2015-01-10T08:48:41+00:00,76162.0,23,1,22,200.0,14030.863636363636,0.00028885796066279774,0.01811927207793913,3,17,5.5
553517053110657024,2015-01-09T11:42:03+00:00,2015-01-09T13:45:10+00:00,7387.0,12,1,11,41.0,1389.2727272727273,0.0014891024773250304,0.09746852578854745,2,10,5.5
553517080637489154,2015-01-09T11:42:10+00:00,2015-01-11T09:47:30+00:00,165920.0,6,1,5,255.0,37288.8,3.0135004821600772e-05,0.0021697203471552555,2,4,2.5
553517380995792896,2015-01-09T11:43:22+00:00,2015-01-10T13:12:59+00:00,91777.0,21,1,20,2405.0,47774.4,0.00021791952232040707,0.013728929906185646,11,6,1.8181818181818181
553517548734791680,2015-01-09T11:44:02+00:00,2015-01-09T19:10:58+00:00,26816.0,9,1,8,3805.0,8636.125,0.0002983293556085919,0.02013723150357995,1,8,8.0
553517713147301888,2015-01-09T11:44:41+00:00,2015-01-09T13:41:40+00:00,7019.0,6,1,5,169.0,1971.0,0.0007123521869212138,0.0512893574583274,1,5,5.0
553518024272379905,2015-01-09T11:45:55+00:00,2015-01-09T12:26:30+00:00,2435.0,12,1,11,441.0,997.7272727272727,0.004517453798767967,0.29568788501026694,4,5,2.2
553518053838061568,2015-01-09T11:46:02+00:00,2015-01-09T12:06:19+00:00,1217.0,2,1,1,1217.0,1217.0,0.0008216926869350862,0.09860312243221034,1,1,1.0
553518472798683136,2015-01-09T11:47:42+00:00,2015-01-09T12:11:48+00:00,1446.0,21,1,20,56.0,529.85,0.013831258644536652,0.871369294605809,2,19,10.0
553519375521951744,2015-01-09T11:51:17+00:00,2015-01-09T16:36:55+00:00,17138.0,9,1,8,19.0,3810.25,0.00046679892636246936,0.031508927529466685,3,6,2.6666666666666665
553519997956669440,2015-01-09T11:53:46+00:00,2015-01-11T18:02:40+00:00,194934.0,15,1,14,123.0,20889.85714285714,7.18191798249664e-05,0.0046169472744621255,5,6,2.0
553520399300833280,2015-01-09T11:55:21+00:00,2015-01-09T12:41:32+00:00,2771.0,14,1,13,193.0,867.3846153846154,0.004691447130999639,0.3031396607722844,6,7,2.1666666666666665
553521417598550016,2015-01-09T11:59:24+00:00,2015-01-09T12:39:05+00:00,2381.0,14,1,13,31.0,478.38461538461536,0.005459890802183957,0.3527929441411172,2,11,4.333333333333333
553521697350234112,2015-01-09T12:00:31+00:00,2015-01-09T14:05:23+00:00,7492.0,3,1,2,4200.0,5846.0,0.00026695141484249865,0.024025627335824883,1,2,2.0
553522808417157120,2015-01-09T12:04:56+00:00,2015-01-09T21:10:50+00:00,32754.0,24,1,23,564.0,4791.478260869565,0.0007022043109238566,0.04396409598827624,5,9,2.2
553523303453696001,2015-01-09T12:06:54+00:00,2015-01-09T13:39:43+00:00,5569.0,13,1,12,52.0,1408.1666666666667,0.0021547854192853293,0.14006105225354643,1,12,12.0
553524086417424384,2015-01-09T12:10:00+00:00,2015-01-09T12:14:43+00:00,283.0,3,1,2,1.0,142.0,0.007067137809187279,0.6360424028268551,1,2,2.0
553524183594844160,2015-01-09T12:10:24+00:00,2015-01-09T13:21:29+00:00,4265.0,5,1,4,793.0,2453.0,0.0009378663540445487,0.07033997655334115,1,4,4.0
553525290908262400,2015-01-09T12:14:48+00:00,2015-01-11T14:54:53+00:00,182405.0,8,1,7,136.0,28211.85714285714,3.8376141004906664e-05,0.002631506811765028,1,7,7.0
553525347266740226,2015-01-09T12:15:01+00:00,2015-01-10T03:23:56+00:00,54535.0,14,1,13,1449.0,14030.846153846154,0.00023837902264600716,0.015402952232511232,3,11,4.333333333333333
553526191399776257,2015-01-09T12:18:22+00:00,2015-01-09T12:18:22+00:00,0.0,1,1,0,0.0,0.0,0.0,0.0,0,0,0.0
553526283033133056,2015-01-09T12:18:44+00:00,2015-01-09T14:10:50+00:00,6726.0,25,1,24,142.0,3987.5416666666665,0.003568242640499554,0.22301516503122212,19,2,1.2
553526776878469121,2015-01-09T12:20:42+00:00,2015-01-10T11:55:02+00:00,84860.0,20,1,19,431.0,47583.26315789474,0.000223898185246288,0.014140938015555033,4,12,2.7142857142857144
553527807771308034,2015-01-09T12:24:48+00:00,2015-01-10T09:43:31+00:00,76723.0,30,1,29,66.0,13943.275862068966,0.000377983134131877,0.023461022118530298,5,14,2.6363636363636362
553527964856352769,2015-01-09T12:25:25+00:00,2015-01-09T20:48:22+00:00,30177.0,6,1,5,119.0,14241.8,0.00016568910097093813,0.011929615269907545,1,5,5.0
553528503573184514,2015-01-09T12:27:33+00:00,2015-01-10T14:59:40+00:00,95527.0,8,1,7,37.0,16317.142857142857,7.327771206046458e-05,0.005024757398431857,2,6,3.5
553528740618436610,2015-01-09T12:28:30+00:00,2015-01-09T13:49:49+00:00,4879.0,23,1,22,75.0,1447.2727272727273,0.004509120721459315,0.2828448452551753,4,19,5.5
553528788383191040,2015-01-09T12:28:41+00:00,2015-01-09T12:42:51+00:00,850.0,21,1,20,21.0,192.4,0.023529411764705882,1.4823529411764707,2,18,6.666666666666667
553529101659566080,2015-01-09T12:29:56+00:00,2015-01-09T13:45:29+00:00,4533.0,19,1,18,41.0,2886.1666666666665,0.003970880211780278,0.2514890800794176,1,18,18.0
553529196216344576,2015-01-09T12:30:19+00:00,2015-01-09T13:43:24+00:00,4385.0,48,1,47,42.0,2558.8936170212764,0.010718358038768529,0.6567844925883695,14,8,1.46875
553529334892609536,2015-01-09T12:30:52+00:00,2015-01-09T13:19:56+00:00,2944.0,10,1,9,114.0,819.7777777777778,0.0030570652173913045,0.20380434782608695,3,6,3.0
553529789794250753,2015-01-09T12:32:40+00:00,2015-01-13T10:21:50+00:00,337750.0,12,1,11,347.0,49296.27272727273,3.2568467801628425e-05,0.002131754256106588,1,11,11.0
553529796601585664,2015-01-09T12:32:42+00:00,2015-01-09T13:05:32+00:00,1970.0,21,1,20,64.0,558.35,0.01015228426395939,0.6395939086294415,8,12,2.5
553529935789559808,2015-01-09T12:33:15+00:00,2015-01-09T12:52:31+00:00,1156.0,7,1,6,73.0,529.5,0.005190311418685121,0.3633217993079585,1,6,6.0
553529941938425857,2015-01-09T12:33:16+00:00,2015-01-09T12:57:11+00:00,1435.0,8,1,7,180.0,712.5714285714286,0.004878048780487805,0.33449477351916374,2,6,3.5
553530513580118016,2015-01-09T12:35:33+00:00,2015-01-11T07:12:42+00:00,153429.0,24,1,23,61.0,21041.304347826088,0.0001499064713971935,0.009385448643998201,5,10,1.7692307692307692
553530524183326720,2015-01-09T12:35:35+00:00,2015-01-09T13:27:15+00:00,3100.0,4,1,3,66.0,1087.3333333333333,0.000967741935483871,0.07741935483870968,1,3,3.0
553530558614351873,2015-01-09T12:35:43+00:00,2015-01-09T12:43:54+00:00,491.0,5,1,4,117.0,251.0,0.008146639511201629,0.6109979633401221,1,4,4.0
553530667821457408,2015-01-09T12:36:09+00:00,2015-01-09T12:40:15+00:00,246.0,3,1,2,18.0,132.0,0.008130081300813009,0.7317073170731708,1,2,2.0
553531130163773440,2015-01-09T12:38:00+00:00,2015-01-09T13:51:22+00:00,4402.0,4,1,3,62.0,1529.6666666666667,0.0006815084052703317,0.05452067242162654,1,2,2.0
553531316797718528,2015-01-09T12:38:44+00:00,2015-01-09T13:09:18+00:00,1834.0,7,1,6,44.0,482.3333333333333,0.003271537622682661,0.22900763358778625,1,6,6.0
553531343834202112,2015-01-09T12:38:51+00:00,2015-01-09T14:11:28+00:00,5557.0,24,1,23,34.0,804.0,0.004138923879791255,0.2591326255173655,4,18,3.8333333333333335
553531413459660800,2015-01-09T12:39:07+00:00,2015-01-11T12:03:48+00:00,170681.0,15,1,14,45.0,12866.714285714286,8.202436123528688e-05,0.005272994650839871,2,12,6.5
553531695480463360,2015-01-09T12:40:14+00:00,2015-01-09T18:28:09+00:00,20875.0,19,1,18,15.0,1713.0555555555557,0.0008622754491017964,0.05461077844311377,2,17,9.0
553531781690163201,2015-01-09T12:40:35+00:00,2015-01-09T16:14:16+00:00,12821.0,8,1,7,56.0,2077.8571428571427,0.000545979252788394,0.03743857733406131,1,7,7.0
553531783992868864,2015-01-09T12:40:36+00:00,2015-01-21T00:12:42+00:00,991926.0,61,1,60,13.0,22367.05,6.0488383206005286e-05,0.003689791375566323,9,10,1.8181818181818181
553531802347122689,2015-01-09T12:40:40+00:00,2015-01-10T08:57:53+00:00,73033.0,24,1,23,33336.0,52992.82608695652,0.0003149261292840223,0.019717114181260525,4,15,2.5555555555555554
553531971457265664,2015-01-09T12:41:20+00:00,2015-01-10T10:13:38+00:00,77538.0,15,1,14,77.0,11304.57142857143,0.00018055663029740255,0.011607211947690165,2,10,4.0
553532452472238080,2015-01-09T12:43:15+00:00,2015-01-10T02:11:56+00:00,48521.0,31,1,30,217.0,5930.633333333333,0.0006182889882731189,0.03833391727293337,5,14,2.142857142857143
553532507623546881,2015-01-09T12:43:28+00:00,2015-01-14T09:37:35+00:00,420847.0,37,1,36,1513.0,29520.416666666668,8.554177646508113e-05,0.00527507621534667,8,17,2.5
553532736187924480,2015-01-09T12:44:23+00:00,2015-01-09T18:53:25+00:00,22142.0,19,1,18,105.0,5359.055555555556,0.0008129346942462289,0.05148586396892783,1,18,18.0
553532980871053312,2015-01-09T12:45:21+00:00,2015-01-09T16:06:48+00:00,12087.0,4,1,3,120.0,4121.0,0.0002482005460412013,0.019856043683296104,1,3,3.0
553532980896231424,2015-01-09T12:45:21+00:00,2015-01-09T14:13:07+00:00,5266.0,4,1,3,295.0,2002.3333333333333,0.000569692366122294,0.04557538928978352,1,3,3.0
553533193899368448,2015-01-09T12:46:12+00:00,2015-01-11T03:13:40+00:00,138448.0,21,1,20,83.0,9980.35,0.00014445856928232983,0.00910088986478678,2,18,6.666666666666667
553533499643547648,2015-01-09T12:47:25+00:00,2015-01-09T14:04:26+00:00,4621.0,10,1,9,237.0,2230.1111111111113,0.0019476303830339753,0.12984202553559834,5,4,1.8
553533607126388737,2015-01-09T12:47:50+00:00,2015-01-09T12:47:50+00:00,0.0,1,1,0,0.0,0.0,0.0,0.0,0,0,0.0
553533859032477696,2015-01-09T12:48:50+00:00,2015-01-09T13:25:26+00:00,2196.0,6,1,5,120.0,977.6,0.002276867030965392,0.16393442622950818,1,5,5.0
553534707108155392,2015-01-09T12:52:13+00:00,2015-01-09T16:07:35+00:00,11722.0,14,1,13,99.0,6020.923076923077,0.0011090257635215834,0.07166012625831769,7,7,1.8571428571428572
553534768537939968,2015-01-09T12:52:27+00:00,2015-01-09T14:19:53+00:00,5246.0,5,1,4,317.0,2559.0,0.0007624857033930614,0.0571864277544796,1,4,4.0
553534838880608256,2015-01-09T12:52:44+00:00,2015-01-09T13:09:41+00:00,1017.0,8,1,7,123.0,296.14285714285717,0.00688298918387414,0.471976401179941,1,7,7.0
553534934447824896,2015-01-09T12:53:07+00:00,2015-01-12T13:07:07+00:00,260040.0,39,1,38,46.0,63001.21052631579,0.0001461313644054761,0.00899861559760037,5,12,3.1666666666666665
553535221828964352,2015-01-09T12:54:15+00:00,2015-01-09T14:53:03+00:00,7128.0,9,1,8,91.0,2033.875,0.001122334455667789,0.07575757575757576,1,8,8.0
553535227214438400,2015-01-09T12:54:17+00:00,2015-01-10T19:34:29+00:00,110412.0,14,1,13,109.0,19964.923076923078,0.0001177408252726153,0.007607868709922834,2,12,6.5
553535430788780032,2015-01-09T12:55:05+00:00,2015-01-09T14:04:38+00:00,4173.0,19,1,18,38.0,1287.888888888889,0.004313443565780014,0.2731847591660676,2,14,6.0
553535441828605953,2015-01-09T12:55:08+00:00,2015-01-09T14:49:59+00:00,6891.0,21,1,20,13.0,515.5,0.002902336380786533,0.1828471919895516,2,19,10.0
553535467065712640,2015-01-09T12:55:14+00:00,2015-01-09T20:16:54+00:00,26500.0,25,1,24,40.0,2512.5416666666665,0.0009056603773584906,0.056603773584905655,3,17,4.8
553535468290453504,2015-01-09T12:55:14+00:00,2015-01-11T06:38:18+00:00,150184.0,23,1,22,157.0,8175.863636363636,0.00014648697597613593,0.009188728493048528,3,12,5.25
553535642848989184,2015-01-09T12:55:56+00:00,2015-01-09T17:48:20+00:00,17544.0,18,1,17,81.0,2880.3529411764707,0.0009689922480620155,0.061559507523939815,3,14,5.666666666666667
553535765997969408,2015-01-09T12:56:25+00:00,2015-01-09T21:22:05+00:00,30340.0,20,1,19,68.0,4859.0526315789475,0.0006262359920896506,0.039551746868820035,2,18,9.5
553535829017370625,2015-01-09T12:56:40+00:00,2015-01-09T13:59:30+00:00,3770.0,6,1,5,29.0,1096.6,0.001326259946949602,0.09549071618037135,1,5,5.0
553535829529100288,2015-01-09T12:56:40+00:00,2015-01-09T13:02:07+00:00,327.0,3,1,2,180.0,253.5,0.0061162079510703364,0.5504587155963303,1,2,2.0
553535862911541248,2015-01-09T12:56:48+00:00,2015-01-09T13:37:06+00:00,2418.0,12,1,11,683.0,1092.2727272727273,0.004549214226633582,0.29776674937965264,2,9,3.6666666666666665
553535971959275520,2015-01-09T12:57:14+00:00,2015-01-09T12:58:56+00:00,102.0,2,1,1,102.0,102.0,0.00980392156862745,1.1764705882352942,1,1,1.0
553536236493615104,2015-01-09T12:58:17+00:00,2015-01-10T00:41:23+00:00,42186.0,20,1,19,17.0,4815.210526315789,0.000450386384108472,0.02844545583842981,8,11,2.111111111111111
553536269972942849,2015-01-09T12:58:25+00:00,2015-01-09T13:21:51+00:00,1406.0,16,1,15,46.0,455.46666666666664,0.010668563300142247,0.6827880512091038,3,10,3.0
553536358950916096,2015-01-09T12:58:46+00:00,2015-01-09T13:30:48+00:00,1922.0,13,1,12,64.0,760.5833333333334,0.006243496357960458,0.4058272632674298,2,10,4.0
553536397731442688,2015-01-09T12:58:56+00:00,2015-01-09T16:15:01+00:00,11765.0,7,1,6,52.0,3042.6666666666665,0.000509987250318742,0.03569910752231194,1,6,6.0
553536532960010240,2015-01-09T12:59:28+00:00,2015-01-09T13:55:47+00:00,3379.0,10,1,9,147.0,1195.7777777777778,0.0026635099141757916,0.17756732761171942,1,9,9.0
553536603998945280,2015-01-09T12:59:45+00:00,2015-01-09T18:05:10+00:00,18325.0,20,1,19,53.0,2192.315789473684,0.0010368349249658935,0.06548431105047749,3,17,6.333333333333333
553536887349325825,2015-01-09T13:00:52+00:00,2015-01-09T13:37:23+00:00,2191.0,20,1,19,55.0,743.3157894736842,0.00867183934276586,0.5476951163852123,3,17,6.333333333333333
553537235463979008,2015-01-09T13:02:15+00:00,2015-01-09T13:26:17+00:00,1442.0,4,1,3,256.0,987.6666666666666,0.0020804438280166435,0.16643550624133147,1,3,3.0
553537280343031808,2015-01-09T13:02:26+00:00,2015-01-09T19:40:23+00:00,23877.0,20,1,19,14.0,8970.315789473685,0.0007957448590693974,0.05025757004648825,1,19,19.0
553537322218553344,2015-01-09T13:02:36+00:00,2015-01-10T11:13:41+00:00,79865.0,19,1,18,88.0,6839.333333333333,0.00022538032930570338,0.014274087522694549,3,11,3.0
553537380209401856,2015-01-09T13:02:50+00:00,2015-01-09T13:11:11+00:00,501.0,4,1,3,36.0,268.0,0.005988023952095809,0.47904191616766467,1,3,3.0
553537460920389633,2015-01-09T13:03:09+00:00,2015-01-09T16:02:41+00:00,10772.0,20,1,19,29.0,3412.1052631578946,0.0017638321574452284,0.11139992573338285,4,11,2.6666666666666665
553537537126694912,2015-01-09T13:03:27+00:00,2015-01-09T13:14:31+00:00,664.0,5,1,4,136.0,441.5,0.006024096385542169,0.45180722891566266,2,3,2.0
553537551114706945,2015-01-09T13:03:31+00:00,2015-01-11T00:05:07+00:00,126096.0,22,1,21,266.0,10568.57142857143,0.00016653977921583555,0.010468214693566806,2,17,4.2
553537648938086403,2015-01-09T13:03:54+00:00,2015-01-10T13:06:18+00:00,86544.0,28,1,27,4899.0,64372.11111111111,0.0003119800332778702,0.019412090959511925,16,3,1.173913043478261
553537740588220416,2015-01-09T13:04:16+00:00,2015-01-09T14:43:17+00:00,5941.0,5,1,4,135.0,1977.25,0.0006732873253661,0.0504965494024575,1,4,4.0
553537870431268864,2015-01-09T13:04:47+00:00,2015-01-09T13:27:04+00:00,1337.0,7,1,6,42.0,401.1666666666667,0.004487658937920718,0.31413612565445026,1,6,6.0
553537939041701888,2015-01-09T13:05:03+00:00,2015-01-09T13:25:15+00:00,1212.0,5,1,4,67.0,627.75,0.0033003300330033004,0.24752475247524752,1,4,4.0
553538058440941568,2015-01-09T13:05:32+00:00,2015-01-09T13:19:53+00:00,861.0,20,1,19,52.0,378.10526315789474,0.022067363530778164,1.3937282229965158,2,17,9.5
553538304332017665,2015-01-09T13:06:30+00:00,2015-01-10T16:58:51+00:00,100341.0,25,1,24,23.0,4804.916666666667,0.00023918438125990373,0.014949023828743984,5,18,4.0
553538456207777792,2015-01-09T13:07:06+00:00,2015-01-09T13:38:55+00:00,1909.0,6,1,5,129.0,562.4,0.0026191723415400735,0.1885804085908853,2,4,2.5
553538483474534400,2015-01-09T13:07:13+00:00,2015-01-09T18:19:11+00:00,18718.0,7,1,6,101.0,3802.8333333333335,0.000320547066994337,0.02243829468960359,1,6,6.0
553538523266318336,2015-01-09T13:07:22+00:00,2015-01-09T13:39:47+00:00,1945.0,9,1,8,199.0,746.0,0.004113110539845758,0.2776349614395887,1,8,8.0
553538559609942017,2015-01-09T13:07:31+00:00,2015-01-10T08:45:33+00:00,70682.0,38,1,37,393.0,8514.0,0.0005234713222602643,0.03225715175009196,6,8,1.875
553538939076624384,2015-01-09T13:09:01+00:00,2015-01-09T15:38:34+00:00,8973.0,20,1,19,82.0,1605.8947368421052,0.002117463501615959,0.13373453694416582,2,18,9.5
553538939454509056,2015-01-09T13:09:02+00:00,2015-01-09T13:17:56+00:00,534.0,6,1,5,50.0,259.2,0.009363295880149813,0.6741573033707865,1,5,5.0
553539252374757376,2015-01-09T13:10:16+00:00,2015-01-09T13:10:16+00:00,0.0,1,1,0,0.0,0.0,0.0,0.0,0,0,0.0
553539373707186176,2015-01-09T13:10:45+00:00,2015-01-12T03:59:13+00:00,226108.0,33,1,32,220.0,64888.21875,0.00014152528880004246,0.008756877244502626,8,6,1.6
553539504146231298,2015-01-09T13:11:16+00:00,2015-01-09T17:56:00+00:00,17084.0,23,1,22,16.0,2322.181818181818,0.0012877546242097868,0.08077733551861391,3,17,4.4
553539631149756416,2015-01-09T13:11:46+00:00,2015-01-09T16:17:41+00:00,11155.0,21,1,20,51.0,2325.45,0.0017929179740026895,0.11295383236216944,2,18,6.666666666666667
553539778088816641,2015-01-09T13:12:22+00:00,2015-01-09T13:50:39+00:00,2297.0,18,1,17,55.0,700.4705882352941,0.007400957771005659,0.4701784936874184,1,17,17.0
553540131756732416,2015-01-09T13:13:46+00:00,2015-01-16T03:52:34+00:00,571128.0,13,1,12,82.0,59727.416666666664,2.101105181325377e-05,0.0013657183678614953,2,9,3.0
553540355317334016,2015-01-09T13:14:39+00:00,2015-01-11T01:06:04+00:00,129085.0,6,1,5,273.0,26758.4,3.873416740907154e-05,0.0027888600534531514,1,5,5.0
553540381187780609,2015-01-09T13:14:45+00:00,2015-01-15T07:43:37+00:00,498532.0,9,1,8,431.0,73613.125,1.6047114327666028e-05,0.0010831802171174568,3,6,2.6666666666666665
553540478403366912,2015-01-09T13:15:08+00:00,2015-01-09T14:05:40+00:00,3032.0,9,1,8,263.0,1087.125,0.002638522427440633,0.17810026385224276,1,8,8.0
553540580912156672,2015-01-09T13:15:33+00:00,2015-01-11T08:03:05+00:00,154052.0,22,1,21,644.0,51361.0,0.0001363176070417781,0.00856853529976891,3,14,4.25
553540617540624385,2015-01-09T13:15:42+00:00,2015-01-10T19:35:29+00:00,109187.0,31,1,30,589.0,22645.6,0.00027475798400908535,0.01703499500856329,9,7,1.7647058823529411
553540719714271233,2015-01-09T13:16:06+00:00,2015-01-09T14:59:48+00:00,6222.0,21,1,20,24.0,1414.25,0.0032144005143040825,0.20250723240115717,5,14,2.857142857142857
553540739058376704,2015-01-09T13:16:11+00:00,2015-01-09T15:54:06+00:00,9475.0,17,1,16,62.0,3063.5625,0.0016886543535620053,0.10765171503957784,5,12,3.2
553540824768991233,2015-01-09T13:16:31+00:00,2015-01-09T13:17:03+00:00,32.0,2,1,1,32.0,32.0,0.03125,3.75,1,1,1.0
553540872986705920,2015-01-09T13:16:43+00:00,2015-01-09T14:12:41+00:00,3358.0,18,1,17,74.0,948.0588235294117,0.005062537224538415,0.3216200119118523,1,17,17.0
553540934118694912,2015-01-09T13:16:57+00:00,2015-01-09T13:41:22+00:00,1465.0,21,1,20,33.0,323.45,0.013651877133105802,0.8600682593856654,3,17,6.333333333333333
553541197491634176,2015-01-09T13:18:00+00:00,2015-01-09T13:18:00+00:00,0.0,1,1,0,0.0,0.0,0.0,0.0,0,0,0.0
553541601482784768,2015-01-09T13:19:36+00:00,2015-01-10T21:59:38+00:00,117602.0,12,1,11,64.0,37509.36363636364,9.353582422067652e-05,0.006122344858080645,1,11,11.0
553541676229472256,2015-01-09T13:19:54+00:00,2015-01-09T13:29:11+00:00,557.0,20,1,19,16.0,292.4736842105263,0.03411131059245961,2.154398563734291,1,18,18.0
553541776854634496,2015-01-09T13:20:18+00:00,2015-01-10T08:00:39+00:00,67221.0,18,1,17,41.0,4423.882352941177,0.00025289716011365495,0.01606640781898514,2,14,4.25
553541834975498240,2015-01-09T13:20:32+00:00,2015-01-09T13:52:52+00:00,1940.0,2,1,1,1940.0,1940.0,0.0005154639175257732,0.06185567010309278,1,1,1.0
553541838494515200,2015-01-09T13:20:33+00:00,2015-01-11T11:22:26+00:00,165713.0,21,1,20,32.0,11911.55,0.00012069059156493455,0.007603507268590878,5,12,2.5
553541988490825728,2015-01-09T13:21:09+00:00,2015-01-09T14:14:17+00:00,3188.0,14,1,13,59.0,685.9230769230769,0.0040777917189460475,0.26348808030112925,1,13,13.0
553542093683974144,2015-01-09T13:21:34+00:00,2015-01-09T13:21:34+00:00,0.0,1,1,0,0.0,0.0,0.0,0.0,0,0,0.0
553542208214036480,2015-01-09T13:22:01+00:00,2015-01-09T13:59:01+00:00,2220.0,8,1,7,199.0,605.8571428571429,0.003153153153153153,0.21621621621621623,1,7,7.0
553542235661553665,2015-01-09T13:22:07+00:00,2015-01-09T13:42:39+00:00,1232.0,7,1,6,146.0,464.0,0.00487012987012987,0.3409090909090909,2,5,3.0
553542245966958592,2015-01-09T13:22:10+00:00,2015-01-09T16:01:11+00:00,9541.0,17,1,16,268.0,3090.625,0.0016769730636201656,0.10690703280578555,2,13,5.0
553542282100871168,2015-01-09T13:22:19+00:00,2015-01-09T13:55:59+00:00,2020.0,14,1,13,37.0,460.38461538461536,0.006435643564356435,0.4158415841584159,1,13,13.0
553542337553764352,2015-01-09T13:22:32+00:00,2015-01-10T01:18:32+00:00,42960.0,19,1,18,77.0,3611.8333333333335,0.0004189944134078212,0.02653631284916201,6,13,3.0
553542417673367552,2015-01-09T13:22:51+00:00,2015-01-09T14:06:22+00:00,2611.0,8,1,7,68.0,720.5714285714286,0.002680965147453083,0.18383761011106856,1,7,7.0
553542442373619712,2015-01-09T13:22:57+00:00,2015-01-10T08:57:11+00:00,70454.0,14,1,13,24.0,18042.0,0.00018451755755528429,0.011922672949726062,1,9,9.0
553542516772175873,2015-01-09T13:23:14+00:00,2015-01-09T14:46:39+00:00,5005.0,20,1,19,180.0,1310.8947368421052,0.003796203796203796,0.23976023976023975,2,17,6.333333333333333
553542565593878528,2015-01-09T13:23:26+00:00,2015-01-09T17:54:48+00:00,16282.0,58,1,57,72.0,2353.3333333333335,0.0035007984277115834,0.2137329566392335,12,11,1.71875
553542628097019904,2015-01-09T13:23:41+00:00,2015-01-09T16:41:41+00:00,11880.0,19,1,18,4530.0,7281.777777777777,0.0015151515151515152,0.09595959595959595,11,7,1.6363636363636365
553542784800792577,2015-01-09T13:24:18+00:00,2015-01-11T14:32:39+00:00,176901.0,94,1,93,73.0,12276.376344086022,0.0005257177743483644,0.031882239218545966,14,13,1.690909090909091
553543032642220033,2015-01-09T13:25:17+00:00,2015-01-10T21:09:19+00:00,114242.0,8,1,7,206.0,49533.0,6.12734370896868e-05,0.004201607114721381,2,6,3.5
553543144172969984,2015-01-09T13:25:44+00:00,2015-01-09T20:48:53+00:00,26589.0,21,1,20,1316.0,6976.85,0.0007521907555756139,0.04738801760126368,4,10,2.5
553543319423553537,2015-01-09T13:26:26+00:00,2015-01-09T16:11:36+00:00,9910.0,39,1,38,74.0,6331.078947368421,0.003834510595358224,0.23612512613521697,8,15,2.235294117647059
553543369604210689,2015-01-09T13:26:38+00:00,2015-01-09T14:05:18+00:00,2320.0,23,1,22,67.0,1021.4545454545455,0.009482758620689655,0.5948275862068966,4,7,2.4285714285714284
553543395017510912,2015-01-09T13:26:44+00:00,2015-01-09T21:43:21+00:00,29797.0,12,1,11,104.0,5678.818181818182,0.0003691646810081552,0.024163506393261067,3,7,2.2
553543467427577858,2015-01-09T13:27:01+00:00,2015-01-17T13:26:10+00:00,691149.0,4,1,3,17869.0,275771.6666666667,4.340598047598998e-06,0.0003472478438079199,1,3,3.0
553543939517874176,2015-01-09T13:28:54+00:00,2015-01-09T16:30:16+00:00,10882.0,20,1,19,427.0,3894.1052631578946,0.0017460025730564235,0.11027384671935306,4,15,3.8
553544039241224194,2015-01-09T13:29:17+00:00,2015-01-11T21:08:55+00:00,200378.0,18,1,17,44.0,12604.588235294117,8.483965305572468e-05,0.005389813252951921,1,17,17.0
553544078768766977,2015-01-09T13:29:27+00:00,2015-01-09T15:27:20+00:00,7073.0,8,1,7,85.0,1368.857142857143,0.0009896790612187191,0.06786370705499788,1,7,7.0
553544252563935234,2015-01-09T13:30:08+00:00,2015-01-11T15:54:07+00:00,181439.0,15,1,14,76.0,14066.357142857143,7.716091909677633e-05,0.004960344799078479,1,14,14.0
553544266526760960,2015-01-09T13:30:12+00:00,2015-01-09T15:54:45+00:00,8673.0,8,1,7,95.0,2193.714285714286,0.0008071025020177562,0.05534417156693185,1,7,7.0
553544336475168769,2015-01-09T13:30:28+00:00,2015-01-09T21:21:54+00:00,28286.0,4,1,3,7497.0,14954.333333333334,0.00010605953475217422,0.008484762780173937,1,3,3.0
553544419602104320,2015-01-09T13:30:48+00:00,2015-01-09T13:49:30+00:00,1122.0,20,1,19,31.0,416.8421052631579,0.01693404634581105,1.0695187165775402,2,17,6.333333333333333
553544566042009600,2015-01-09T13:31:23+00:00,2015-01-09T15:23:35+00:00,6732.0,32,1,31,35.0,2025.5483870967741,0.004604872251931075,0.28520499108734404,1,2,2.0
553544694765215745,2015-01-09T13:31:54+00:00,2015-01-09T14:06:23+00:00,2069.0,15,1,14,136.0,417.92857142857144,0.006766553890768487,0.43499275012083133,1,14,14.0
553545000110538753,2015-01-09T13:33:07+00:00,2015-01-15T01:49:40+00:00,476193.0,24,1,23,368.0,139911.60869565216,4.829974401135674e-05,0.0030239839728849437,7,6,2.3
553545384069328896,2015-01-09T13:34:38+00:00,2015-01-09T19:51:04+00:00,22586.0,22,1,21,5554.0,21288.904761904763,0.0009297795094306208,0.058443283449924735,9,7,1.75
553545386082979841,2015-01-09T13:34:39+00:00,2015-01-09T15:30:01+00:00,6922.0,21,1,20,70.0,750.6,0.002889338341519792,0.1820283155157469,3,16,4.0
553545782050045952,2015-01-09T13:36:13+00:00,2015-01-09T18:07:00+00:00,16247.0,13,1,12,280.0,3220.25,0.0007385978949959993,0.04800886317473995,4,9,3.0
553545857304629248,2015-01-09T13:36:31+00:00,2015-01-09T14:35:51+00:00,3560.0,5,1,4,65.0,1814.75,0.0011235955056179776,0.08426966292134831,1,4,4.0
553545906155712512,2015-01-09T13:36:43+00:00,2015-01-09T17:35:30+00:00,14327.0,17,1,16,97.0,2296.75,0.001116772527395826,0.07119424862148391,2,14,5.333333333333333
553546029212389376,2015-01-09T13:37:12+00:00,2015-01-09T23:04:29+00:00,34037.0,12,1,11,60.0,3430.4545454545455,0.00032317771836530833,0.021153450656638366,3,9,3.6666666666666665
553546063752478722,2015-01-09T13:37:20+00:00,2015-01-09T16:32:00+00:00,10480.0,24,1,23,110.0,2196.608695652174,0.0021946564885496184,0.13740458015267176,5,18,4.6
553546292748898304,2015-01-09T13:38:15+00:00,2015-01-13T23:33:23+00:00,381308.0,20,1,19,37.0,102655.68421052632,4.982848510915061e-05,0.0031470622174200385,1,19,19.0
553546551709409280,2015-01-09T13:39:16+00:00,2015-01-12T10:02:15+00:00,246179.0,21,1,20,134.0,16048.45,8.124169811397398e-05,0.00511822698118036,4,14,3.3333333333333335
553546679161745408,2015-01-09T13:39:47+00:00,2015-01-09T16:10:23+00:00,9036.0,9,1,8,247.0,2139.875,0.0008853474988933156,0.05976095617529881,3,6,2.6666666666666665
553546878902861825,2015-01-09T13:40:34+00:00,2015-01-09T18:05:26+00:00,15892.0,11,1,10,230.0,5756.8,0.0006292474200855776,0.04153032972564812,2,8,3.3333333333333335
553546967281061888,2015-01-09T13:40:56+00:00,2015-01-09T23:35:59+00:00,35703.0,14,1,13,43.0,7790.7692307692305,0.00036411506035907346,0.02352743466935552,2,8,3.3333333333333335
553547270264979456,2015-01-09T13:42:08+00:00,2015-01-09T14:07:32+00:00,1524.0,20,1,19,49.0,602.3157894736842,0.012467191601049869,0.7874015748031497,2,18,9.5
553547629963911170,2015-01-09T13:43:34+00:00,2015-01-09T13:43:34+00:00,0.0,1,1,0,0.0,0.0,0.0,0.0,0,0,0.0
553547637832843264,2015-01-09T13:43:35+00:00,2015-01-11T12:11:45+00:00,167290.0,31,1,30,49.0,17883.8,0.00017932930838663398,0.011118417119971307,5,16,3.0
553547659404148736,2015-01-09T13:43:41+00:00,2015-01-09T23:37:22+00:00,35621.0,23,1,22,20.0,7263.863636363636,0.0006176132056932708,0.03874119199348699,4,14,3.142857142857143
553547836517007360,2015-01-09T13:44:23+00:00,2015-01-09T18:41:30+00:00,17827.0,17,1,16,12.0,1360.6875,0.0008975150053289954,0.05721658158972345,2,15,8.0
553548404102414337,2015-01-09T13:46:38+00:00,2015-01-11T11:20:59+00:00,164061.0,5,1,4,76.0,59175.0,2.4381175294555075e-05,0.0018285881470916307,2,3,2.0
553548440563908611,2015-01-09T13:46:47+00:00,2015-01-09T16:22:37+00:00,9350.0,20,1,19,48.0,3853.2105263157896,0.0020320855614973264,0.1283422459893048,2,17,6.333333333333333
553548487225532416,2015-01-09T13:46:58+00:00,2015-01-09T19:58:25+00:00,22287.0,20,1,19,755.0,12716.105263157895,0.0008525149190110827,0.05384304751648943,4,15,4.75
553548567420628992,2015-01-09T13:47:17+00:00,2015-01-09T14:53:11+00:00,3954.0,23,1,22,139.0,1555.090909090909,0.00556398583712696,0.3490136570561456,9,9,1.6923076923076923
553549680538578944,2015-01-09T13:51:42+00:00,2015-01-09T21:19:42+00:00,26880.0,14,1,13,83.0,6872.7692307692305,0.0004836309523809524,0.03125,3,11,4.333333333333333
553549686129561600,2015-01-09T13:51:44+00:00,2015-01-09T16:09:57+00:00,8293.0,24,1,23,62.0,2794.304347826087,0.0027734233691064755,0.1736404196310141,4,9,3.2857142857142856
553550030553243650,2015-01-09T13:53:06+00:00,2015-01-09T14:40:00+00:00,2814.0,21,1,20,88.0,790.6,0.007107320540156361,0.44776119402985076,6,11,2.2222222222222223
553550301886955520,2015-01-09T13:54:11+00:00,2015-01-09T14:02:43+00:00,512.0,20,1,19,27.0,188.47368421052633,0.037109375,2.34375,2,18,9.5
553550448154910720,2015-01-09T13:54:45+00:00,2015-01-09T17:59:53+00:00,14708.0,4,1,3,247.0,5514.333333333333,0.00020397062822953495,0.016317650258362796,1,3,3.0
553550888770740224,2015-01-09T13:56:31+00:00,2015-01-09T15:19:34+00:00,4983.0,23,1,22,44.0,1144.7272727272727,0.004415011037527594,0.2769416014449127,3,18,5.5
553551148280729602,2015-01-09T13:57:32+00:00,2015-01-09T17:32:07+00:00,12875.0,14,1,13,164.0,2568.3846153846152,0.0010097087378640776,0.06524271844660194,1,13,13.0
553551225560764416,2015-01-09T13:57:51+00:00,2015-01-09T20:15:27+00:00,22656.0,20,1,19,63.0,3844.3684210526317,0.0008386299435028248,0.05296610169491525,2,16,8.5
553551279620755458,2015-01-09T13:58:04+00:00,2015-01-09T16:02:52+00:00,7488.0,22,1,21,140.0,4122.047619047619,0.0028044871794871795,0.1762820512820513,11,5,1.5
553551282967830528,2015-01-09T13:58:05+00:00,2015-01-09T13:58:05+00:00,0.0,1,1,0,0.0,0.0,0.0,0.0,0,0,0.0
553551286793416704,2015-01-09T13:58:05+00:00,2015-01-12T04:46:12+00:00,226087.0,9,1,8,99.0,29607.25,3.5384608579882966e-05,0.0023884610791421,1,8,8.0
553551435762503681,2015-01-09T13:58:41+00:00,2015-01-11T06:05:43+00:00,144422.0,22,1,21,71.0,9122.857142857143,0.00014540720942792648,0.009139881735469665,3,14,3.5
553551598954491904,2015-01-09T13:59:20+00:00,2015-01-09T14:19:48+00:00,1228.0,9,1,8,75.0,477.0,0.006514657980456026,0.4397394136807818,1,8,8.0
553551934251343872,2015-01-09T14:00:40+00:00,2015-01-09T16:03:27+00:00,7367.0,11,1,10,782.0,3734.0,0.0013574046423238768,0.08958870639337586,4,6,2.0
553552293371871233,2015-01-09T14:02:05+00:00,2015-01-09T19:01:40+00:00,17975.0,13,1,12,97.0,3352.5,0.0006675938803894297,0.04339360222531294,3,10,4.0
553552493561798656,2015-01-09T14:02:53+00:00,2015-01-09T15:00:54+00:00,3481.0,11,1,10,47.0,1349.4,0.002872737719046251,0.18960068945705258,3,8,3.3333333333333335
553552772277481472,2015-01-09T14:04:00+00:00,2015-01-09T19:30:53+00:00,19613.0,13,1,12,210.0,4407.583333333333,0.0006118390863202978,0.03976954061081935,5,7,2.0
553552825431883776,2015-01-09T14:04:12+00:00,2015-01-09T15:10:00+00:00,3948.0,9,1,8,110.0,925.5,0.002026342451874367,0.13677811550151978,1,8,8.0
553553112456499200,2015-01-09T14:05:21+00:00,2015-01-09T18:29:17+00:00,15836.0,13,1,12,91.0,3133.5833333333335,0.0007577671129072998,0.04925486233897449,2,11,6.0
553553173743677440,2015-01-09T14:05:35+00:00,2015-01-09T18:14:48+00:00,14953.0,4,1,3,207.0,5131.0,0.00020062863639403464,0.016050290911522772,1,3,3.0
553553202197827584,2015-01-09T14:05:42+00:00,2015-01-09T15:46:22+00:00,6040.0,10,1,9,657.0,2138.6666666666665,0.001490066225165563,0.09933774834437085,2,8,4.5
553553244845522945,2015-01-09T14:05:52+00:00,2015-01-09T14:14:17+00:00,505.0,4,1,3,57.0,259.0,0.005940594059405941,0.4752475247524753,1,3,3.0
553553288625672192,2015-01-09T14:06:03+00:00,2015-01-09T14:50:14+00:00,2651.0,24,1,23,66.0,1382.9565217391305,0.00867597133157299,0.5431912485854395,11,7,1.6153846153846154
553553331671408641,2015-01-09T14:06:13+00:00,2015-01-09T14:35:49+00:00,1776.0,24,1,23,15.0,483.5217391304348,0.01295045045045045,0.8108108108108107,6,8,1.5333333333333334
553553724548059137,2015-01-09T14:07:47+00:00,2015-01-09T19:13:00+00:00,18313.0,12,1,11,179.0,7046.909090909091,0.0006006661934145142,0.03931633265985912,3,9,3.6666666666666665
553553813542797312,2015-01-09T14:08:08+00:00,2015-01-09T14:23:41+00:00,933.0,5,1,4,53.0,473.5,0.004287245444801715,0.3215434083601286,1,4,4.0
553553966970044416,2015-01-09T14:08:44+00:00,2015-01-09T17:03:45+00:00,10501.0,20,1,19,28.0,3355.315789473684,0.001809351490334254,0.11427483096847918,1,19,19.0
553554032745525249,2015-01-09T14:09:00+00:00,2015-01-11T10:47:31+00:00,160711.0,39,1,38,88.0,26979.157894736843,0.00023644927851858305,0.014560297677196955,15,11,1.608695652173913
553554351633858560,2015-01-09T14:10:16+00:00,2015-01-09T14:50:30+00:00,2414.0,8,1,7,91.0,1309.5714285714287,0.002899751449875725,0.1988400994200497,4,4,1.75
553554585634496512,2015-01-09T14:11:12+00:00,2015-01-09T14:25:57+00:00,885.0,21,1,20,130.0,503.3,0.022598870056497175,1.423728813559322,4,6,1.875
553554835203956736,2015-01-09T14:12:11+00:00,2015-01-09T14:40:27+00:00,1696.0,20,1,19,26.0,357.8421052631579,0.011202830188679245,0.7075471698113208,4,16,4.75
553555156391186432,2015-01-09T14:13:28+00:00,2015-01-10T16:21:02+00:00,94054.0,53,1,52,1074.0,21777.05769230769,0.0005528738809620006,0.033810364258830036,10,10,1.625
553555207410700289,2015-01-09T14:13:40+00:00,2015-01-09T15:44:18+00:00,5438.0,22,1,21,48.0,1029.3333333333333,0.003861713865391688,0.24273630011033467,2,16,7.0
553555293645590528,2015-01-09T14:14:01+00:00,2015-01-09T15:50:08+00:00,5767.0,20,1,19,1731.0,5554.473684210527,0.003294607248135946,0.20808045777700712,1,19,19.0
553555389611274240,2015-01-09T14:14:24+00:00,2015-01-10T10:22:45+00:00,72501.0,21,1,20,6223.0,51026.95,0.0002758582640239445,0.017379070633508506,5,9,2.2222222222222223
553555432577708032,2015-01-09T14:14:34+00:00,2015-01-09T14:50:03+00:00,2129.0,10,1,9,99.0,482.6666666666667,0.004227336777829967,0.2818224518553311,2,7,3.0
553555593034596352,2015-01-09T14:15:12+00:00,2015-01-09T15:10:37+00:00,3325.0,23,1,22,24.0,690.4545454545455,0.006616541353383459,0.4150375939849624,2,16,6.0
553555600911925249,2015-01-09T14:15:14+00:00,2015-01-09T19:00:51+00:00,17137.0,23,1,22,169.0,1558.8636363636363,0.0012837719554181011,0.08052751356713543,3,11,3.0
553555705945288704,2015-01-09T14:15:39+00:00,2015-01-09T14:35:18+00:00,1179.0,20,1,19,48.0,631.1578947368421,0.016115351993214587,1.0178117048346056,3,14,3.8
553555848794877952,2015-01-09T14:16:13+00:00,2015-01-12T20:25:27+00:00,281354.0,30,1,29,35.0,171980.89655172414,0.00010307299700732885,0.006397634297006617,8,6,1.6666666666666667
553555948883959809,2015-01-09T14:16:37+00:00,2015-01-12T17:11:48+00:00,269711.0,45,1,44,163.0,16656.43181818182,0.00016313758059552632,0.010010715172907298,15,5,1.6923076923076923
553555979238129664,2015-01-09T14:16:44+00:00,2015-01-09T14:45:42+00:00,1738.0,21,1,20,51.0,767.3,0.011507479861910242,0.7249712313003452,3,12,5.0
553556060569862145,2015-01-09T14:17:04+00:00,2015-01-09T14:24:55+00:00,471.0,7,1,6,28.0,205.16666666666666,0.012738853503184714,0.89171974522293,2,5,3.0
553556643456507904,2015-01-09T14:19:23+00:00,2015-01-09T14:42:16+00:00,1373.0,20,1,19,38.0,578.8947368421053,0.013838310269482883,0.8739985433357611,7,12,2.375
553556728651210753,2015-01-09T14:19:43+00:00,2015-01-09T15:06:26+00:00,2803.0,28,1,27,12.0,1006.3703703703703,0.009632536567962896,0.5993578308954691,7,16,2.3636363636363638
553556844665659392,2015-01-09T14:20:11+00:00,2015-01-09T15:21:19+00:00,3668.0,20,1,19,53.0,1264.8947368421052,0.005179934569247546,0.3271537622682661,2,18,9.5
553556984273072128,2015-01-09T14:20:44+00:00,2015-01-09T14:24:34+00:00,230.0,6,1,5,42.0,133.0,0.021739130434782608,1.5652173913043477,1,5,5.0
553557308937363458,2015-01-09T14:22:01+00:00,2015-01-09T15:31:11+00:00,4150.0,33,1,32,10.0,270.875,0.0077108433734939755,0.4771084337349397,8,18,2.4615384615384617
553557753558757376,2015-01-09T14:23:47+00:00,2015-01-09T14:41:39+00:00,1072.0,21,1,20,55.0,362.25,0.018656716417910446,1.1753731343283582,3,15,4.0
553558108866637824,2015-01-09T14:25:12+00:00,2015-01-15T06:07:07+00:00,488515.0,9,1,8,72.0,67792.25,1.6376160404491163e-05,0.0011053908273031534,1,8,8.0
553558126147149825,2015-01-09T14:25:16+00:00,2015-01-09T18:14:49+00:00,13773.0,8,1,7,578.0,4265.428571428572,0.0005082407609090249,0.034850795033761706,1,7,7.0
553558131369062400,2015-01-09T14:25:17+00:00,2015-01-09T15:45:03+00:00,4786.0,11,1,10,61.0,1518.7,0.002089427496865859,0.13790221479314668,3,6,2.5
553558385048944640,2015-01-09T14:26:18+00:00,2015-01-09T14:52:46+00:00,1588.0,23,1,22,61.0,421.8636363636364,0.013853904282115869,0.8690176322418136,6,16,3.142857142857143
553558513210105856,2015-01-09T14:26:48+00:00,2015-01-09T14:37:28+00:00,640.0,8,1,7,47.0,375.57142857142856,0.0109375,0.75,4,4,1.75
553558611306090496,2015-01-09T14:27:12+00:00,2015-01-09T17:17:13+00:00,10201.0,12,1,11,566.0,2523.090909090909,0.001078325654347613,0.0705813155572983,3,7,2.5
553558824720666628,2015-01-09T14:28:03+00:00,2015-01-09T21:39:00+00:00,25857.0,30,1,29,148.0,8335.51724137931,0.0011215531577522528,0.06961364427427776,9,16,2.230769230769231
553558982476828674,2015-01-09T14:28:40+00:00,2015-01-10T04:51:22+00:00,51762.0,14,1,13,30.0,4886.692307692308,0.0002511494919052587,0.016228121015416715,3,8,2.1666666666666665
553559095798931456,2015-01-09T14:29:07+00:00,2015-01-10T00:25:24+00:00,35777.0,19,1,18,68.0,4126.833333333333,0.0005031165273779244,0.03186404673393521,3,15,6.0
553559793940447234,2015-01-09T14:31:54+00:00,2015-01-10T16:13:51+00:00,92517.0,29,1,28,446.0,5162.142857142857,0.0003026470810769913,0.018807354324070172,12,6,1.6470588235294117
553559880599359488,2015-01-09T14:32:14+00:00,2015-01-09T14:35:54+00:00,220.0,2,1,1,220.0,220.0,0.004545454545454545,0.5454545454545455,1,1,1.0
553560219981459457,2015-01-09T14:33:35+00:00,2015-01-14T13:35:54+00:00,428539.0,5,1,4,994.0,110821.0,9.334039608997081e-06,0.0007000529706747811,1,4,4.0
553560429910568960,2015-01-09T14:34:25+00:00,2015-01-09T14:57:31+00:00,1386.0,3,1,2,1070.0,1228.0,0.001443001443001443,0.12987012987012986,2,1,1.0
553560480586166272,2015-01-09T14:34:37+00:00,2015-01-09T15:35:26+00:00,3649.0,11,1,10,119.0,939.6,0.0027404768429706767,0.18087147163606468,3,7,2.5
553560488056225792,2015-01-09T14:34:39+00:00,2015-01-10T20:00:22+00:00,105943.0,26,1,25,371.0,44402.84,0.00023597594933124415,0.014724899238269635,6,3,1.5833333333333333
553560769246539776,2015-01-09T14:35:46+00:00,2015-01-09T15:29:58+00:00,3252.0,20,1,19,120.0,815.8421052631579,0.005842558425584256,0.36900369003690037,2,17,9.0
553561169923829760,2015-01-09T14:37:22+00:00,2015-01-09T15:40:47+00:00,3805.0,21,1,20,85.0,1281.35,0.005256241787122208,0.3311432325886991,3,14,3.3333333333333335
553561170637238272,2015-01-09T14:37:22+00:00,2015-01-10T13:21:54+00:00,81872.0,32,1,31,54.0,10090.516129032258,0.00037863982802423295,0.02345124096150088,7,17,2.5833333333333335
553561452318322688,2015-01-09T14:38:29+00:00,2015-01-09T17:58:43+00:00,12014.0,9,1,8,112.0,3312.75,0.000665889795238888,0.04494756117862494,3,6,2.6666666666666665
553561762466115584,2015-01-09T14:39:43+00:00,2015-01-09T14:57:35+00:00,1072.0,6,1,5,36.0,381.4,0.0046641791044776115,0.33582089552238803,1,5,5.0
553562348376850433,2015-01-09T14:42:03+00:00,2015-01-09T16:19:35+00:00,5852.0,20,1,19,81.0,1825.6315789473683,0.003246753246753247,0.2050580997949419,1,19,19.0
553562446456422402,2015-01-09T14:42:26+00:00,2015-01-10T13:42:05+00:00,82779.0,39,1,38,310.0,24408.605263157893,0.0004590536247115814,0.02826803899539738,13,9,2.0
553562569169199104,2015-01-09T14:42:55+00:00,2015-01-09T16:19:27+00:00,5792.0,12,1,11,16.0,1537.090909090909,0.001899171270718232,0.12430939226519337,1,11,11.0
553562832001048576,2015-01-09T14:43:58+00:00,2015-01-10T03:58:27+00:00,47669.0,20,1,19,143.0,11086.263157894737,0.0003985818875999077,0.0251735929010468,2,18,9.5
553563356339384322,2015-01-09T14:46:03+00:00,2015-01-09T17:29:21+00:00,9798.0,28,1,27,227.0,2797.8888888888887,0.0027556644213104714,0.17146356399265156,4,17,2.4545454545454546
553563668169125889,2015-01-09T14:47:17+00:00,2015-01-09T15:45:18+00:00,3481.0,20,1,19,58.0,947.1052631578947,0.005458201666187877,0.3447285262855501,3,13,3.8
553563750230683650,2015-01-09T14:47:37+00:00,2015-01-09T16:31:58+00:00,6261.0,21,1,20,77.0,567.8,0.0031943778949049674,0.20124580737901296,3,15,3.8
553563780928770048,2015-01-09T14:47:44+00:00,2015-01-10T15:49:52+00:00,90128.0,29,1,28,26.0,42030.5,0.0003106692703710279,0.019305876087342445,15,5,1.3333333333333333
553563889104093184,2015-01-09T14:48:10+00:00,2015-01-09T15:21:14+00:00,1984.0,9,1,8,12.0,536.875,0.004032258064516129,0.2721774193548387,1,8,8.0
553566026030272512,2015-01-09T14:56:40+00:00,2015-01-09T15:13:04+00:00,984.0,12,1,11,21.0,334.8181818181818,0.011178861788617886,0.7317073170731708,3,9,3.6666666666666665
553566200098488320,2015-01-09T14:57:21+00:00,2015-01-13T04:42:17+00:00,308696.0,27,1,26,345.0,26869.19230769231,8.422525721097779e-05,0.005247881410837847,8,5,1.625
553566279953842176,2015-01-09T14:57:40+00:00,2015-01-09T15:45:26+00:00,2866.0,13,1,12,153.0,1030.6666666666667,0.00418702023726448,0.2721563154221912,3,9,3.0
553566644006817792,2015-01-09T14:59:07+00:00,2015-01-09T15:13:13+00:00,846.0,21,1,20,42.0,431.45,0.02364066193853428,1.4893617021276595,5,13,2.7142857142857144
553566829273423872,2015-01-09T14:59:51+00:00,2015-01-09T18:28:52+00:00,12541.0,23,1,22,173.0,3181.9545454545455,0.0017542460728809505,0.11003907184435052,9,10,1.8333333333333333
553566870750908418,2015-01-09T15:00:01+00:00,2015-01-09T22:35:23+00:00,27322.0,25,1,24,23.0,13324.416666666666,0.0008784130005124076,0.05490081253202547,8,14,2.6666666666666665
553566877956734976,2015-01-09T15:00:03+00:00,2015-01-09T15:36:41+00:00,2198.0,9,1,8,35.0,707.5,0.003639672429481347,0.2456778889899909,1,8,8.0
553567076728963073,2015-01-09T15:00:50+00:00,2015-01-16T03:42:41+00:00,564111.0,37,1,36,61.0,74647.83333333333,6.381722746055297e-05,0.003935395693400767,5,17,3.6
553567184002502656,2015-01-09T15:01:16+00:00,2015-01-09T19:36:37+00:00,16521.0,11,1,10,80.0,9017.3,0.0006052902366684825,0.039949155620119844,3,7,2.5
553567716414484481,2015-01-09T15:03:23+00:00,2015-01-11T00:47:29+00:00,121446.0,26,1,25,117.0,25510.24,0.00020585280700887638,0.012845215157353887,4,15,3.125
553567732126736385,2015-01-09T15:03:26+00:00,2015-01-09T17:31:19+00:00,8873.0,3,1,2,1656.0,5264.5,0.00022540290769750929,0.020286261692775837,1,2,2.0
553567850301231106,2015-01-09T15:03:54+00:00,2015-01-09T18:11:56+00:00,11282.0,12,1,11,143.0,1634.7272727272727,0.0009750044318383265,0.06381847190214501,1,11,11.0
553568095978401793,2015-01-09T15:04:53+00:00,2015-01-10T02:57:49+00:00,42776.0,16,1,15,139.0,6503.333333333333,0.0003506639236955302,0.022442491116513936,3,12,3.75
553569060882235392,2015-01-09T15:08:43+00:00,2015-01-09T15:08:43+00:00,0.0,1,1,0,0.0,0.0,0.0,0.0,0,0,0.0
553569333150896129,2015-01-09T15:09:48+00:00,2015-01-10T01:25:59+00:00,36971.0,19,1,18,333.0,17188.166666666668,0.000486868085796976,0.030834978767141818,2,11,3.4
553569379674521600,2015-01-09T15:09:59+00:00,2015-01-09T15:55:33+00:00,2734.0,8,1,7,65.0,1122.2857142857142,0.002560351133869788,0.1755669348939283,2,5,2.3333333333333335
553569512269021184,2015-01-09T15:10:31+00:00,2015-01-09T20:33:44+00:00,19393.0,9,1,8,88.0,5078.25,0.00041251998143660085,0.027845098746970557,2,7,4.0
553570203678683136,2015-01-09T15:13:16+00:00,2015-01-09T15:42:03+00:00,1727.0,3,1,2,158.0,942.5,0.0011580775911986102,0.10422698320787492,1,2,2.0
553570370192949248,2015-01-09T15:13:55+00:00,2015-01-11T09:39:46+00:00,152751.0,20,1,19,67.0,40313.68421052631,0.0001243854377385418,0.007855922383486851,3,15,3.8
553570659805454336,2015-01-09T15:15:04+00:00,2015-01-09T21:02:52+00:00,20868.0,10,1,9,142.0,3895.4444444444443,0.0004312823461759632,0.02875215641173088,1,9,9.0
553570681619640320,2015-01-09T15:15:10+00:00,2015-01-09T21:02:30+00:00,20840.0,37,1,36,82.0,5530.361111111111,0.001727447216890595,0.10652591170825336,7,15,1.8888888888888888
553570818031374336,2015-01-09T15:15:42+00:00,2015-01-09T16:02:28+00:00,2806.0,10,1,9,85.0,884.8888888888889,0.0032074126870990736,0.21382751247327156,1,9,9.0
553570914143854592,2015-01-09T15:16:05+00:00,2015-01-09T15:35:16+00:00,1151.0,6,1,5,30.0,492.6,0.004344048653344918,0.31277150304083406,1,5,5.0
553570916907511809,2015-01-09T15:16:06+00:00,2015-01-13T02:07:03+00:00,298257.0,20,1,19,45.0,48017.21052631579,6.370345038004138e-05,0.004023375813476298,2,16,4.75
553571432475951105,2015-01-09T15:18:09+00:00,2015-01-09T16:42:31+00:00,5062.0,12,1,11,34.0,797.2727272727273,0.002173054128802845,0.14223627024891347,3,9,3.6666666666666665
553571541578174465,2015-01-09T15:18:35+00:00,2015-01-09T15:46:30+00:00,1675.0,16,1,15,93.0,1202.3333333333333,0.008955223880597015,0.5731343283582089,10,6,1.5
553572111441465344,2015-01-09T15:20:50+00:00,2015-01-09T18:28:16+00:00,11246.0,20,1,19,55.0,2387.2631578947367,0.001689489596300907,0.10670460608216255,4,15,3.8
553572740125712385,2015-01-09T15:23:20+00:00,2015-01-09T16:09:01+00:00,2741.0,9,1,8,121.0,1231.25,0.002918642831083546,0.1970083910981394,1,8,8.0
553572754746638337,2015-01-09T15:23:24+00:00,2015-01-09T20:07:47+00:00,17063.0,12,1,11,1149.0,4325.727272727273,0.0006446697532673035,0.04219656566840532,1,11,11.0
553572914923323392,2015-01-09T15:24:02+00:00,2015-01-09T22:41:12+00:00,26230.0,8,1,7,2934.0,6882.714285714285,0.0002668699961875715,0.018299656881433472,2,6,3.5
553573066455134208,2015-01-09T15:24:38+00:00,2015-01-09T15:24:38+00:00,0.0,1,1,0,0.0,0.0,0.0,0.0,0,0,0.0
553573166116012032,2015-01-09T15:25:02+00:00,2015-01-09T19:27:28+00:00,14546.0,25,1,24,154.0,5209.0,0.0016499381273202254,0.10312113295751409,5,10,2.1818181818181817
553573365798416385,2015-01-09T15:25:49+00:00,2015-01-09T15:32:58+00:00,429.0,21,1,20,38.0,157.8,0.046620046620046623,2.937062937062937,2,18,9.5
553573432554979328,2015-01-09T15:26:05+00:00,2015-01-09T16:38:33+00:00,4348.0,22,1,21,153.0,2148.285714285714,0.004829806807727691,0.30358785648574055,6,10,1.75
553573633395015680,2015-01-09T15:26:53+00:00,2015-01-09T15:26:53+00:00,0.0,1,1,0,0.0,0.0,0.0,0.0,0,0,0.0
553573875528007680,2015-01-09T15:27:51+00:00,2015-01-09T16:36:24+00:00,4113.0,24,1,23,62.0,1381.1739130434783,0.0055920252856795525,0.350109409190372,4,16,3.2857142857142856
553574345235103746,2015-01-09T15:29:43+00:00,2015-01-09T18:48:21+00:00,11918.0,12,1,11,91.0,3155.6363636363635,0.0009229736532975332,0.06041282094311126,1,11,11.0
553574501964079104,2015-01-09T15:30:20+00:00,2015-01-09T16:11:40+00:00,2480.0,20,1,19,53.0,691.5263157894736,0.007661290322580645,0.48387096774193544,2,18,9.5
553574522972958721,2015-01-09T15:30:25+00:00,2015-01-09T16:43:39+00:00,4394.0,20,1,19,58.0,2192.157894736842,0.00432407828857533,0.27309968138370505,9,8,1.9
553574650450825216,2015-01-09T15:30:56+00:00,2015-01-09T16:13:48+00:00,2572.0,20,1,19,79.0,619.9473684210526,0.007387247278382581,0.4665629860031104,2,18,9.5
553574709669814272,2015-01-09T15:31:10+00:00,2015-01-10T08:05:53+00:00,59683.0,48,1,47,32.0,8462.340425531915,0.0007874939262436539,0.0482549469698239,8,12,1.88
553575232867672064,2015-01-09T15:33:15+00:00,2015-01-09T16:05:38+00:00,1943.0,13,1,12,135.0,948.1666666666666,0.006176016469377252,0.4014410705095214,2,10,4.0
553575302392455169,2015-01-09T15:33:31+00:00,2015-01-12T07:41:56+00:00,230905.0,26,1,25,2198.0,48058.52,0.00010826963469825252,0.006756025205170958,4,13,2.5
553575450329378816,2015-01-09T15:34:06+00:00,2015-01-10T21:05:04+00:00,106258.0,14,1,13,230.0,10409.153846153846,0.00012234372941331476,0.007905287131321877,2,11,4.333333333333333
553575803733426176,2015-01-09T15:35:31+00:00,2015-01-09T16:31:03+00:00,3332.0,11,1,10,248.0,1227.4,0.003001200480192077,0.19807923169267708,2,8,5.0
553575984054951936,2015-01-09T15:36:14+00:00,2015-01-09T16:55:08+00:00,4734.0,10,1,9,190.0,1478.4444444444443,0.0019011406844106464,0.12674271229404308,1,9,9.0
553576010898497536,2015-01-09T15:36:20+00:00,2015-01-09T19:35:15+00:00,14335.0,20,1,19,23.0,2723.7894736842104,0.0013254272758981514,0.08371119637251483,2,12,6.5
553576648973377537,2015-01-09T15:38:52+00:00,2015-01-09T20:16:44+00:00,16672.0,13,1,12,81.0,3106.0833333333335,0.0007197696737044146,0.04678502879078695,1,12,12.0
553576849943826432,2015-01-09T15:39:40+00:00,2015-01-09T16:19:58+00:00,2418.0,24,1,23,52.0,546.1304347826087,0.009511993382961124,0.5955334987593053,3,19,7.666666666666667
553578029751226369,2015-01-09T15:44:21+00:00,2015-01-09T16:19:45+00:00,2124.0,20,1,19,53.0,456.2631578947368,0.008945386064030132,0.5649717514124294,3,16,4.75
553578191391301633,2015-01-09T15:45:00+00:00,2015-01-09T21:47:58+00:00,21778.0,3,1,2,7528.0,14653.0,9.18357975939021e-05,0.008265221783451189,1,2,2.0
553578243173781505,2015-01-09T15:45:12+00:00,2015-01-09T19:32:10+00:00,13618.0,23,1,22,652.0,6390.454545454545,0.0016155088852988692,0.10133646644147452,4,14,3.0
553578250186665984,2015-01-09T15:45:14+00:00,2015-01-10T15:25:42+00:00,85228.0,19,1,18,128.0,6367.222222222223,0.00021119819777537898,0.013375885859107336,3,16,6.0
553578348111085568,2015-01-09T15:45:37+00:00,2015-01-10T06:20:39+00:00,52502.0,7,1,6,504.0,25612.666666666668,0.00011428136071006819,0.007999695249704774,2,4,2.0
553578566563426305,2015-01-09T15:46:29+00:00,2015-01-09T15:46:29+00:00,0.0,1,1,0,0.0,0.0,0.0,0.0,0,0,0.0
553579224402235393,2015-01-09T15:49:06+00:00,2015-01-09T17:08:48+00:00,4782.0,26,1,25,66.0,1222.88,0.0052279381012128815,0.3262233375156838,4,11,2.7777777777777777
553579715014172673,2015-01-09T15:51:03+00:00,2015-01-11T01:57:26+00:00,122783.0,21,1,20,591.0,75730.45,0.00016288899929143286,0.010262006955360269,3,12,2.857142857142857
553579914717577216,2015-01-09T15:51:51+00:00,2015-01-11T00:20:52+00:00,116941.0,4,1,3,9309.0,79928.33333333333,2.5653962254470203e-05,0.002052316980357616,1,3,3.0
553580499395174400,2015-01-09T15:54:10+00:00,2015-01-11T19:20:33+00:00,185183.0,18,1,17,197.0,24437.764705882353,9.180108325278238e-05,0.005832068818412058,2,16,8.5
553580959661309952,2015-01-09T15:56:00+00:00,2015-01-09T16:13:52+00:00,1072.0,21,1,20,49.0,426.3,0.018656716417910446,1.1753731343283582,3,15,3.3333333333333335
553581209193050112,2015-01-09T15:56:59+00:00,2015-01-09T19:18:05+00:00,12066.0,8,1,7,50.0,3494.714285714286,0.0005801425493121167,0.039781203381402286,2,6,3.5
553581227165642752,2015-01-09T15:57:04+00:00,2015-01-09T22:55:59+00:00,25135.0,13,1,12,64.0,3212.6666666666665,0.00047742192162323455,0.031032424905510243,1,12,12.0
553581501422788608,2015-01-09T15:58:09+00:00,2015-01-09T16:05:56+00:00,467.0,11,1,10,15.0,221.8,0.021413276231263382,1.4132762312633833,1,10,10.0
553581612588605440,2015-01-09T15:58:36+00:00,2015-01-11T19:19:42+00:00,184866.0,11,1,10,23.0,18831.3,5.409323510001839e-05,0.003570153516601214,3,6,3.0
553581668142153729,2015-01-09T15:58:49+00:00,2015-01-09T16:04:30+00:00,341.0,4,1,3,82.0,189.33333333333334,0.008797653958944282,0.7038123167155425,1,3,3.0
553581669710831617,2015-01-09T15:58:49+00:00,2015-01-09T16:06:52+00:00,483.0,7,1,6,104.0,234.66666666666666,0.012422360248447204,0.8695652173913043,1,6,6.0
553581897792913408,2015-01-09T15:59:44+00:00,2015-01-09T16:16:02+00:00,978.0,20,1,19,71.0,417.3157894736842,0.019427402862985686,1.2269938650306749,3,17,6.333333333333333
553581958455123968,2015-01-09T15:59:58+00:00,2015-01-09T16:13:08+00:00,790.0,4,1,3,30.0,285.0,0.0037974683544303796,0.3037974683544304,1,3,3.0
553582011324329984,2015-01-09T16:00:11+00:00,2015-01-09T16:32:45+00:00,1954.0,6,1,5,46.0,504.2,0.00255885363357216,0.18423746161719548,1,5,5.0
553582039106990080,2015-01-09T16:00:17+00:00,2015-01-09T17:18:56+00:00,4719.0,24,1,23,27.0,351.04347826086956,0.004873913964823055,0.30514939605848695,4,19,5.75
553582049282768897,2015-01-09T16:00:20+00:00,2015-01-09T16:19:48+00:00,1168.0,3,1,2,334.0,751.0,0.0017123287671232876,0.1541095890410959,1,2,2.0
553582057537146880,2015-01-09T16:00:22+00:00,2015-01-09T18:54:24+00:00,10442.0,4,1,3,91.0,3594.6666666666665,0.0002873012832790653,0.022984102662325225,1,3,3.0
553582206019723264,2015-01-09T16:00:57+00:00,2015-01-09T16:08:42+00:00,465.0,5,1,4,184.0,326.25,0.008602150537634409,0.6451612903225806,1,4,4.0
553582251616010240,2015-01-09T16:01:08+00:00,2015-01-09T16:36:22+00:00,2114.0,18,1,17,36.0,439.1764705882353,0.00804162724692526,0.510879848628193,5,10,2.8333333333333335
553582301003931648,2015-01-09T16:01:20+00:00,2015-01-09T16:19:34+00:00,1094.0,24,1,23,87.0,339.0869565217391,0.02102376599634369,1.3162705667276051,2,17,4.6
553582465734832128,2015-01-09T16:01:59+00:00,2015-01-09T16:31:52+00:00,1793.0,7,1,6,307.0,1013.3333333333334,0.0033463469046291134,0.23424428332403793,2,5,3.0
553582801833185280,2015-01-09T16:03:19+00:00,2015-01-09T17:08:53+00:00,3934.0,3,1,2,139.0,2036.5,0.0005083884087442806,0.04575495678698526,1,2,2.0
553582812964876288,2015-01-09T16:03:22+00:00,2015-01-09T21:43:05+00:00,20383.0,28,1,27,31.0,1046.3333333333333,0.0013246332728253938,0.08242162586469116,2,18,3.5714285714285716
553583035820802048,2015-01-09T16:04:15+00:00,2015-01-09T19:09:29+00:00,11114.0,6,1,5,64.0,2510.6,0.00044988303041209286,0.032391578189670686,1,5,5.0
553583059761897473,2015-01-09T16:04:21+00:00,2015-01-09T16:16:11+00:00,710.0,2,1,1,710.0,710.0,0.0014084507042253522,0.16901408450704225,1,1,1.0
553583108105441281,2015-01-09T16:04:32+00:00,2015-01-17T23:57:40+00:00,719588.0,25,1,24,256.0,40974.375,3.335241832826562e-05,0.002084526145516601,4,12,2.875
553583376398319617,2015-01-09T16:05:36+00:00,2015-01-10T02:48:09+00:00,38553.0,15,1,14,57.0,9447.57142857143,0.00036313646149456594,0.023344486810364953,1,14,14.0
553583670343524352,2015-01-09T16:06:46+00:00,2015-01-09T16:37:55+00:00,1869.0,19,1,18,42.0,435.5,0.009630818619582664,0.6099518459069021,1,18,18.0
553583809602801665,2015-01-09T16:07:19+00:00,2015-01-09T19:36:22+00:00,12543.0,8,1,7,26.0,1848.0,0.0005580802040979033,0.038268356852427646,1,7,7.0
553583847850663936,2015-01-09T16:07:29+00:00,2015-01-09T16:10:54+00:00,205.0,4,1,3,83.0,124.0,0.014634146341463415,1.1707317073170733,1,3,3.0
553583867664535552,2015-01-09T16:07:33+00:00,2015-01-09T16:15:00+00:00,447.0,2,1,1,447.0,447.0,0.0022371364653243847,0.2684563758389262,1,1,1.0
553584173420920833,2015-01-09T16:08:46+00:00,2015-01-09T16:29:00+00:00,1214.0,20,1,19,48.0,332.4736842105263,0.015650741350906095,0.9884678747940692,1,19,19.0
553584292090359808,2015-01-09T16:09:14+00:00,2015-01-09T16:32:22+00:00,1388.0,21,1,20,85.0,626.35,0.01440922190201729,0.9077809798270894,2,15,5.0
553584366803488770,2015-01-09T16:09:32+00:00,2015-01-09T16:50:09+00:00,2437.0,20,1,19,47.0,343.7894736842105,0.007796471070988921,0.4924086992203529,2,18,9.5
553584683892871168,2015-01-09T16:10:48+00:00,2015-01-11T06:42:14+00:00,138686.0,10,1,9,2658.0,24933.444444444445,6.489479832138788e-05,0.004326319888092525,2,8,4.5
553584782987497474,2015-01-09T16:11:12+00:00,2015-01-09T21:07:34+00:00,17782.0,14,1,13,48.0,5424.923076923077,0.0007310763693622764,0.04723878078956248,2,7,4.0
553584868685520897,2015-01-09T16:11:32+00:00,2015-01-10T10:19:03+00:00,65251.0,4,1,3,529.0,22240.333333333332,4.597630687652297e-05,0.003678104550121837,2,2,1.5
553585447235223552,2015-01-09T16:13:50+00:00,2015-01-09T18:35:14+00:00,8484.0,12,1,11,40.0,974.0,0.0012965582272512965,0.08486562942008487,1,11,11.0
553585504093224962,2015-01-09T16:14:03+00:00,2015-01-09T17:00:06+00:00,2763.0,20,1,19,16.0,407.0,0.006876583423814694,0.43431053203040176,4,14,3.8
553585530504749057,2015-01-09T16:14:10+00:00,2015-01-09T16:17:17+00:00,187.0,7,1,6,90.0,151.0,0.03208556149732621,2.2459893048128343,1,6,6.0
553585596959318016,2015-01-09T16:14:26+00:00,2015-01-09T16:23:18+00:00,532.0,5,1,4,169.0,284.5,0.007518796992481203,0.5639097744360902,1,4,4.0
553585838056280064,2015-01-09T16:15:23+00:00,2015-01-09T16:46:53+00:00,1890.0,7,1,6,164.0,635.0,0.0031746031746031746,0.2222222222222222,3,4,2.0
553585840270876672,2015-01-09T16:15:24+00:00,2015-01-09T17:02:36+00:00,2832.0,22,1,21,43.0,432.95238095238096,0.007415254237288136,0.4661016949152542,2,19,7.0
553585862987235328,2015-01-09T16:15:29+00:00,2015-01-10T10:35:35+00:00,66006.0,10,1,9,40.0,7618.555555555556,0.00013635124079629124,0.00909008271975275,1,9,9.0
553586246883475456,2015-01-09T16:17:01+00:00,2015-01-09T23:58:16+00:00,27675.0,9,1,8,701.0,8568.75,0.00028906955736224027,0.01951219512195122,3,6,2.6666666666666665
553586275438301184,2015-01-09T16:17:07+00:00,2015-01-10T11:49:49+00:00,70362.0,42,1,41,6785.0,10454.560975609756,0.000582700889684773,0.03581478639038117,19,5,1.5185185185185186
553586305272389632,2015-01-09T16:17:14+00:00,2015-01-09T16:38:03+00:00,1249.0,44,1,43,76.0,554.8139534883721,0.0344275420336269,2.1136909527622096,12,5,1.2285714285714286
553586393189212161,2015-01-09T16:17:35+00:00,2015-01-09T16:28:01+00:00,626.0,6,1,5,99.0,301.2,0.007987220447284345,0.5750798722044729,1,5,5.0
553586421626568704,2015-01-09T16:17:42+00:00,2015-01-09T17:21:31+00:00,3829.0,36,1,35,40.0,1113.9714285714285,0.009140767824497258,0.5641159571689736,14,15,2.1875
553586510260629505,2015-01-09T16:18:03+00:00,2015-01-09T21:17:08+00:00,17945.0,37,1,36,16.0,4137.916666666667,0.0020061298411813877,0.12371134020618557,5,12,3.2
553586523338440704,2015-01-09T16:18:06+00:00,2015-01-09T17:58:17+00:00,6011.0,14,1,13,34.0,1079.076923076923,0.0021627017135252037,0.1397438030277824,2,12,6.5
553586538928676864,2015-01-09T16:18:10+00:00,2015-01-09T16:33:20+00:00,910.0,7,1,6,32.0,232.33333333333334,0.006593406593406593,0.46153846153846156,1,6,6.0
553586781355278336,2015-01-09T16:19:08+00:00,2015-01-09T16:54:12+00:00,2104.0,12,1,11,118.0,577.1818181818181,0.005228136882129277,0.34220532319391633,2,10,5.5
553586798451257344,2015-01-09T16:19:12+00:00,2015-01-09T18:47:17+00:00,8885.0,4,1,3,79.0,3858.6666666666665,0.0003376477208778841,0.027011817670230726,1,3,3.0
553586860334010368,2015-01-09T16:19:27+00:00,2015-01-09T16:22:28+00:00,181.0,20,1,19,17.0,80.15789473684211,0.10497237569060773,6.629834254143646,1,19,19.0
553586897168392192,2015-01-09T16:19:36+00:00,2015-01-10T03:37:14+00:00,40658.0,13,1,12,84.0,5809.75,0.00029514486693885583,0.019184416351025628,2,10,4.0
553586940856242178,2015-01-09T16:19:46+00:00,2015-01-09T16:54:38+00:00,2092.0,19,1,18,40.0,433.22222222222223,0.008604206500956023,0.5449330783938815,3,15,4.5
553586959596396544,2015-01-09T16:19:50+00:00,2015-01-09T18:39:43+00:00,8393.0,2,1,1,8393.0,8393.0,0.00011914690813773382,0.01429762897652806,1,1,1.0
553586978017775616,2015-01-09T16:19:55+00:00,2015-01-09T16:26:10+00:00,375.0,2,1,1,375.0,375.0,0.0026666666666666666,0.32,1,1,1.0
553587013409325058,2015-01-09T16:20:03+00:00,2015-01-09T20:21:04+00:00,14461.0,35,1,34,22.0,611.2058823529412,0.0023511513726574926,0.14521817301708043,5,19,3.7777777777777777
553587167394791424,2015-01-09T16:20:40+00:00,2015-01-09T17:19:17+00:00,3517.0,25,1,24,29.0,672.9583333333334,0.0068239977253340914,0.42649985783338074,6,16,2.875
553587225901154304,2015-01-09T16:20:54+00:00,2015-01-09T16:42:29+00:00,1295.0,24,1,23,13.0,525.0,0.01776061776061776,1.111969111969112,4,14,2.875
553587278564823041,2015-01-09T16:21:07+00:00,2015-01-09T16:30:03+00:00,536.0,3,1,2,371.0,453.5,0.0037313432835820895,0.33582089552238803,1,2,2.0
553587303172833280,2015-01-09T16:21:12+00:00,2015-01-09T17:06:21+00:00,2709.0,22,1,21,17.0,411.57142857142856,0.007751937984496124,0.48726467331118495,2,17,4.2
553587329626292224,2015-01-09T16:21:19+00:00,2015-01-09T16:38:34+00:00,1035.0,8,1,7,43.0,386.57142857142856,0.00676328502415459,0.463768115942029,1,7,7.0
553587352086384640,2015-01-09T16:21:24+00:00,2015-01-09T16:38:26+00:00,1022.0,19,1,18,21.0,318.1111111111111,0.01761252446183953,1.11545988258317,3,15,4.5
553587511839444994,2015-01-09T16:22:02+00:00,2015-01-09T16:22:02+00:00,0.0,1,1,0,0.0,0.0,0.0,0.0,0,0,0.0
553587511864598529,2015-01-09T16:22:02+00:00,2015-01-09T16:22:02+00:00,0.0,1,1,0,0.0,0.0,0.0,0.0,0,0,0.0
553587542067773440,2015-01-09T16:22:09+00:00,2015-01-11T09:16:55+00:00,147286.0,29,1,28,87.0,36080.57142857143,0.00019010632375106935,0.011813750118816451,10,13,1.8666666666666667
553587546614427649,2015-01-09T16:22:10+00:00,2015-01-10T18:38:54+00:00,94604.0,20,1,19,544.0,41308.84210526316,0.00020083717390385184,0.012684453088664328,2,16,6.333333333333333
553587672137334785,2015-01-09T16:22:40+00:00,2015-01-09T17:03:21+00:00,2441.0,28,1,27,10.0,779.1111111111111,0.01106104055714871,0.6882425235559197,8,18,3.0
553587708367765504,2015-01-09T16:22:49+00:00,2015-01-09T16:44:47+00:00,1318.0,7,1,6,32.0,548.5,0.004552352048558422,0.31866464339908956,1,6,6.0
553587735613952001,2015-01-09T16:22:55+00:00,2015-01-09T23:07:26+00:00,24271.0,8,1,7,101.0,3857.4285714285716,0.0002884100366692761,0.01977668822875036,3,3,1.75
553587816048099328,2015-01-09T16:23:15+00:00,2015-01-09T16:38:47+00:00,932.0,7,1,6,220.0,557.5,0.006437768240343348,0.45064377682403434,1,6,6.0
553587861837328385,2015-01-09T16:23:26+00:00,2015-01-09T16:42:02+00:00,1116.0,5,1,4,121.0,473.0,0.0035842293906810036,0.26881720430107525,1,4,4.0
553587920398221313,2015-01-09T16:23:40+00:00,2015-01-10T16:13:29+00:00,85789.0,9,1,8,21.0,10789.375,9.325204863094336e-05,0.006294513282588677,1,8,8.0
553588012752568321,2015-01-09T16:24:02+00:00,2015-01-09T18:51:21+00:00,8839.0,16,1,15,35.0,1395.3333333333333,0.0016970245502884941,0.10860957121846362,2,14,7.5
553588053348843520,2015-01-09T16:24:11+00:00,2015-01-09T17:41:45+00:00,4654.0,15,1,14,136.0,1426.5714285714287,0.0030081650193382035,0.19338203695745596,4,7,2.4
553588080964558849,2015-01-09T16:24:18+00:00,2015-01-09T19:05:01+00:00,9643.0,6,1,5,99.0,2319.2,0.0005185108368764908,0.037332780255107334,3,3,1.6666666666666667
553588106587545600,2015-01-09T16:24:24+00:00,2015-01-09T16:30:43+00:00,379.0,3,1,2,364.0,371.5,0.005277044854881266,0.474934036939314,1,2,2.0
553588178687655936,2015-01-09T16:24:41+00:00,2015-01-09T16:47:31+00:00,1370.0,13,1,12,43.0,446.4166666666667,0.008759124087591242,0.5693430656934307,1,12,12.0
553588326578417664,2015-01-09T16:25:16+00:00,2015-01-09T16:54:01+00:00,1725.0,18,1,17,39.0,623.1176470588235,0.009855072463768115,0.6260869565217392,5,12,2.8333333333333335
553588340432572416,2015-01-09T16:25:20+00:00,2015-01-09T16:25:20+00:00,0.0,1,1,0,0.0,0.0,0.0,0.0,0,0,0.0
553588374280601600,2015-01-09T16:25:28+00:00,2015-01-09T16:35:23+00:00,595.0,22,1,21,50.0,251.9047619047619,0.03529411764705882,2.2184873949579833,2,19,10.5
553588494661337089,2015-01-09T16:25:56+00:00,2015-01-09T18:33:16+00:00,7640.0,44,1,43,74.0,3561.5581395348836,0.005628272251308901,0.3455497382198953,4,15,4.5
553588704913416192,2015-01-09T16:26:47+00:00,2015-01-09T17:44:50+00:00,4683.0,3,1,2,85.0,2384.0,0.00042707666026051675,0.03843689942344651,1,2,2.0
553588760060125185,2015-01-09T16:27:00+00:00,2015-01-09T16:38:37+00:00,697.0,3,1,2,583.0,640.0,0.0028694404591104736,0.2582496413199426,1,2,2.0
553588889084891136,2015-01-09T16:27:30+00:00,2015-01-11T10:23:03+00:00,150933.0,21,1,20,14.0,8127.5,0.00013250912656609224,0.00834807497366381,2,18,10.0
553588913747808256,2015-01-09T16:27:36+00:00,2015-01-09T16:43:17+00:00,941.0,11,1,10,20.0,242.9,0.010626992561105207,0.7013815090329437,1,10,10.0
553588946039746560,2015-01-09T16:27:44+00:00,2015-01-09T16:40:41+00:00,777.0,18,1,17,20.0,289.0,0.021879021879021878,1.38996138996139,5,11,3.4
553588993993232384,2015-01-09T16:27:56+00:00,2015-01-09T16:35:01+00:00,425.0,21,1,20,30.0,81.7,0.047058823529411764,2.9647058823529413,2,19,10.0
553589051044151296,2015-01-09T16:28:09+00:00,2015-01-09T17:21:58+00:00,3229.0,9,1,8,31.0,787.75,0.0024775472282440383,0.16723443790647258,1,8,8.0
553589055116836864,2015-01-09T16:28:10+00:00,2015-01-10T01:16:23+00:00,31693.0,16,1,15,42.0,2719.0,0.00047329063200075725,0.030290600448048464,1,15,15.0
553589121776898048,2015-01-09T16:28:26+00:00,2015-01-09T16:50:36+00:00,1330.0,27,1,26,22.0,284.0769230769231,0.019548872180451128,1.218045112781955,4,19,4.333333333333333
553589285342175232,2015-01-09T16:29:05+00:00,2015-01-09T16:37:20+00:00,495.0,10,1,9,16.0,261.1111111111111,0.01818181818181818,1.2121212121212122,1,9,9.0
553589295525941248,2015-01-09T16:29:07+00:00,2015-01-09T16:35:02+00:00,355.0,2,1,1,355.0,355.0,0.0028169014084507044,0.3380281690140845,1,1,1.0
553589330846183425,2015-01-09T16:29:16+00:00,2015-01-09T17:09:57+00:00,2441.0,9,1,8,25.0,719.5,0.0032773453502662844,0.2212208111429742,1,8,8.0
553589345186111488,2015-01-09T16:29:19+00:00,2015-01-09T16:29:19+00:00,0.0,1,1,0,0.0,0.0,0.0,0.0,0,0,0.0
553589372084162560,2015-01-09T16:29:26+00:00,2015-01-09T17:08:09+00:00,2323.0,6,1,5,154.0,750.8,0.002152389151958674,0.15497201894102453,2,3,2.5
553589419933196288,2015-01-09T16:29:37+00:00,2015-01-09T16:45:39+00:00,962.0,4,1,3,43.0,447.3333333333333,0.0031185031185031187,0.24948024948024947,1,3,3.0
553589469849583616,2015-01-09T16:29:49+00:00,2015-01-09T16:59:58+00:00,1809.0,11,1,10,83.0,609.1,0.00552791597567717,0.3648424543946932,1,10,10.0
553589606307090432,2015-01-09T16:30:21+00:00,2015-01-09T17:14:27+00:00,2646.0,20,1,19,36.0,642.2631578947369,0.007180650037792895,0.4535147392290249,1,19,19.0
553589610014867456,2015-01-09T16:30:22+00:00,2015-01-09T16:58:30+00:00,1688.0,23,1,22,21.0,448.6818181818182,0.013033175355450236,0.8175355450236967,3,14,3.1666666666666665
553589657695715328,2015-01-09T16:30:34+00:00,2015-01-15T22:14:57+00:00,539063.0,11,1,10,45.0,55721.4,1.855070743122789e-05,0.0012243466904610408,4,7,2.5
553589720480235522,2015-01-09T16:30:49+00:00,2015-01-09T16:30:49+00:00,0.0,1,1,0,0.0,0.0,0.0,0.0,0,0,0.0
553589860880375808,2015-01-09T16:31:22+00:00,2015-01-10T16:47:11+00:00,87349.0,8,1,7,90.0,13205.0,8.013829580189814e-05,0.0054951974264158725,2,6,3.5
553589860892942337,2015-01-09T16:31:22+00:00,2015-01-09T18:20:13+00:00,6531.0,8,1,7,286.0,1813.7142857142858,0.0010718113612004287,0.07349563619660084,1,7,7.0
553589869810028544,2015-01-09T16:31:24+00:00,2015-01-11T03:03:48+00:00,124344.0,12,1,11,348.0,17995.727272727272,8.846426043878273e-05,0.005790387955993051,1,11,11.0
553589880245481472,2015-01-09T16:31:27+00:00,2015-01-09T21:38:54+00:00,18447.0,3,1,2,3504.0,10975.5,0.00010841871306987586,0.009757684176288828,1,2,2.0
553589914684895232,2015-01-09T16:31:35+00:00,2015-01-09T17:15:25+00:00,2630.0,7,1,6,57.0,823.1666666666666,0.0022813688212927757,0.1596958174904943,1,6,6.0
553589970775343104,2015-01-09T16:31:48+00:00,2015-01-09T20:22:04+00:00,13816.0,22,1,21,34.0,1953.7619047619048,0.001519976838448176,0.09554140127388534,4,18,5.25
553590072373968897,2015-01-09T16:32:13+00:00,2015-01-09T20:41:20+00:00,14947.0,24,1,23,59.0,3007.5652173913045,0.0015387703218037064,0.09634040275640597,4,19,5.5
553590273952215040,2015-01-09T16:33:01+00:00,2015-01-09T19:22:52+00:00,10191.0,20,1,19,35.0,2360.2105263157896,0.0018643901481699538,0.1177509567265234,6,9,1.7272727272727273
553590427216248832,2015-01-09T16:33:37+00:00,2015-01-10T05:05:57+00:00,45140.0,24,1,23,29.0,4171.695652173913,0.0005095259193619849,0.03190075321222862,3,17,4.6
553590459688570880,2015-01-09T16:33:45+00:00,2015-01-09T16:39:57+00:00,372.0,20,1,19,90.0,203.68421052631578,0.051075268817204304,3.225806451612903,1,19,19.0
553590463354380288,2015-01-09T16:33:46+00:00,2015-01-09T20:25:19+00:00,13893.0,15,1,14,71.0,1734.5714285714287,0.001007701720290794,0.06478082487583675,1,14,14.0
553590522800275456,2015-01-09T16:34:00+00:00,2015-01-09T19:38:50+00:00,11090.0,7,1,6,283.0,3383.3333333333335,0.0005410279531109107,0.03787195671776375,1,6,6.0
553590529548886016,2015-01-09T16:34:02+00:00,2015-01-09T17:26:51+00:00,3169.0,12,1,11,130.0,1176.6363636363637,0.0034711265383401703,0.22720100978226568,2,10,5.5
553590653784195072,2015-01-09T16:34:31+00:00,2015-01-09T16:54:11+00:00,1180.0,22,1,21,29.0,445.8095238095238,0.017796610169491526,1.11864406779661,4,14,3.1666666666666665
553590721207615488,2015-01-09T16:34:47+00:00,2015-01-09T17:15:16+00:00,2429.0,24,1,23,39.0,493.0869565217391,0.009468917249897077,0.5928365582544257,3,18,3.8333333333333335
553590746637668352,2015-01-09T16:34:53+00:00,2015-01-09T16:34:53+00:00,0.0,1,1,0,0.0,0.0,0.0,0.0,0,0,0.0
553590750701551616,2015-01-09T16:34:54+00:00,2015-01-09T19:28:02+00:00,10388.0,12,1,11,112.0,3371.5454545454545,0.001058914131690412,0.0693107431651906,2,10,5.5
553590751888961536,2015-01-09T16:34:55+00:00,2015-01-09T18:04:22+00:00,5367.0,19,1,18,349.0,1777.7222222222222,0.003353828954723309,0.21240916713247623,2,15,4.5
553590811355795456,2015-01-09T16:35:09+00:00,2015-01-12T03:05:12+00:00,210603.0,6,1,5,2955.0,47174.4,2.3741352212456614e-05,0.001709377359296876,4,2,1.25
553590835850514433,2015-01-09T16:35:15+00:00,2015-01-09T18:14:15+00:00,5940.0,21,1,20,19.0,1827.7,0.003367003367003367,0.21212121212121213,5,16,4.0
553590880352088064,2015-01-09T16:35:25+00:00,2015-01-09T22:05:24+00:00,19799.0,22,1,21,69.0,3831.8571428571427,0.0010606596292742057,0.06667003384009293,3,16,3.5
553590881371320323,2015-01-09T16:35:25+00:00,2015-01-09T19:08:23+00:00,9178.0,23,1,22,94.0,1763.7272727272727,0.002397036391370669,0.1503595554587056,3,16,4.4
553590891852886019,2015-01-09T16:35:28+00:00,2015-01-09T16:50:09+00:00,881.0,4,1,3,85.0,525.3333333333334,0.00340522133938706,0.2724177071509648,1,3,3.0
553590946970206208,2015-01-09T16:35:41+00:00,2015-01-09T16:35:41+00:00,0.0,1,1,0,0.0,0.0,0.0,0.0,0,0,0.0
553590961486696448,2015-01-09T16:35:45+00:00,2015-01-09T19:07:09+00:00,9084.0,39,1,38,13.0,3338.7631578947367,0.004183179216204315,0.2575957727873184,12,17,2.0
553591049541914624,2015-01-09T16:36:06+00:00,2015-01-10T01:46:39+00:00,33033.0,31,1,30,21.0,4575.333333333333,0.0009081827263645446,0.05630732903460177,8,14,2.3076923076923075
553591055833382913,2015-01-09T16:36:07+00:00,2015-01-09T16:53:39+00:00,1052.0,18,1,17,28.0,248.76470588235293,0.016159695817490494,1.026615969581749,2,15,5.666666666666667
553591084409184256,2015-01-09T16:36:14+00:00,2015-01-09T19:24:22+00:00,10088.0,5,1,4,384.0,3737.25,0.0003965107057890563,0.029738302934179225,1,4,4.0
553591093498224640,2015-01-09T16:36:16+00:00,2015-01-09T16:54:13+00:00,1077.0,22,1,21,70.0,407.76190476190476,0.019498607242339833,1.2256267409470754,5,17,4.2
553591259672379392,2015-01-09T16:36:56+00:00,2015-01-09T17:25:32+00:00,2916.0,21,1,20,27.0,548.4,0.006858710562414266,0.43209876543209874,2,19,10.0
553591303582523392,2015-01-09T16:37:06+00:00,2015-01-09T17:34:01+00:00,3415.0,11,1,10,203.0,1280.8,0.0029282576866764276,0.19326500732064422,1,10,10.0
553591315515310081,2015-01-09T16:37:09+00:00,2015-01-09T20:41:21+00:00,14652.0,21,1,20,20.0,4136.6,0.001365001365001365,0.085995085995086,4,12,2.7142857142857144
553591317478264832,2015-01-09T16:37:09+00:00,2015-01-09T17:16:52+00:00,2383.0,10,1,9,21.0,732.7777777777778,0.0037767519932857744,0.2517834662190516,1,9,9.0
553591411602640896,2015-01-09T16:37:32+00:00,2015-01-09T17:13:58+00:00,2186.0,21,1,20,40.0,589.95,0.009149130832570906,0.5763952424519672,4,10,2.857142857142857
553591475830009857,2015-01-09T16:37:47+00:00,2015-01-09T16:58:03+00:00,1216.0,9,1,8,82.0,343.375,0.006578947368421052,0.4440789473684211,1,8,8.0
553591494255210497,2015-01-09T16:37:52+00:00,2015-01-10T12:14:25+00:00,70593.0,21,1,20,35.0,21521.9,0.0002833142096241837,0.017848795206323573,4,15,5.0
553591518619893760,2015-01-09T16:37:57+00:00,2015-01-15T08:21:34+00:00,488617.0,29,1,28,109.0,60087.32142857143,5.7304596442612516e-05,0.0035610713503623492,7,8,1.6470588235294117
553591526937600001,2015-01-09T16:37:59+00:00,2015-01-09T16:59:37+00:00,1298.0,20,1,19,89.0,599.1052631578947,0.014637904468412942,0.9244992295839753,2,18,9.5
553591548613386241,2015-01-09T16:38:05+00:00,2015-01-09T18:15:09+00:00,5824.0,15,1,14,40.0,1328.2142857142858,0.002403846153846154,0.15453296703296704,3,11,3.5
553591653647138816,2015-01-09T16:38:30+00:00,2015-01-12T10:08:41+00:00,235811.0,13,1,12,332.0,33009.5,5.088821132177888e-05,0.0033077337359156272,3,10,4.0
553591679341842432,2015-01-09T16:38:36+00:00,2015-01-09T17:08:56+00:00,1820.0,15,1,14,111.0,719.0714285714286,0.007692307692307693,0.4945054945054945,1,14,14.0
553591736598269952,2015-01-09T16:38:49+00:00,2015-01-09T17:28:49+00:00,3000.0,26,1,25,53.0,742.12,0.008333333333333333,0.52,4,12,2.0833333333333335
553591758899412993,2015-01-09T16:38:55+00:00,2015-01-09T17:05:42+00:00,1607.0,20,1,19,57.0,818.7368421052631,0.011823273179838207,0.7467330429371499,4,16,4.75
553591760668991488,2015-01-09T16:38:55+00:00,2015-01-09T17:01:11+00:00,1336.0,8,1,7,47.0,580.1428571428571,0.005239520958083832,0.3592814371257485,2,6,3.5
553591841996951553,2015-01-09T16:39:15+00:00,2015-01-10T13:11:31+00:00,73936.0,6,1,5,292.0,15526.6,6.762605496645747e-05,0.004869075957584938,1,5,5.0
553591980748734464,2015-01-09T16:39:48+00:00,2015-01-09T17:11:19+00:00,1891.0,22,1,21,71.0,985.0,0.01110523532522475,0.6980433632998414,5,13,4.0
553592023392202752,2015-01-09T16:39:58+00:00,2015-01-09T23:01:35+00:00,22897.0,10,1,9,192.0,5114.555555555556,0.00039306459361488407,0.026204306240992268,2,8,4.5
553592040374947840,2015-01-09T16:40:02+00:00,2015-01-09T18:57:16+00:00,8234.0,27,1,26,70.0,902.6153846153846,0.003157639057566189,0.19674520281758565,9,9,1.75
553592081483321346,2015-01-09T16:40:12+00:00,2015-01-10T15:54:02+00:00,83630.0,13,1,12,272.0,14620.333333333334,0.00014348917852445296,0.009326796604089442,3,9,3.0
553592108699758592,2015-01-09T16:40:18+00:00,2015-01-09T17:25:47+00:00,2729.0,20,1,19,63.0,749.0,0.006962257237083181,0.43972150971051666,2,18,9.5
553592195786506240,2015-01-09T16:40:39+00:00,2015-01-09T17:40:33+00:00,3594.0,8,1,7,123.0,858.8571428571429,0.0019476905954368391,0.1335559265442404,3,5,2.3333333333333335
576171827086520320,2015-03-13T00:04:02+00:00,2015-03-13T14:23:53+00:00,51591.0,2,1,1,51591.0,51591.0,1.9383225756430386e-05,0.002325987090771646,1,1,1.0
576175612336992257,2015-03-13T00:19:05+00:00,2015-03-13T00:19:05+00:00,0.0,1,1,0,0.0,0.0,0.0,0.0,0,0,0.0
576181101577703424,2015-03-13T00:40:54+00:00,2015-03-13T17:55:58+00:00,62104.0,2,1,1,62104.0,62104.0,1.61020224140152e-05,0.001932242689681824,1,1,1.0
576185920094908416,2015-03-13T01:00:03+00:00,2015-03-13T01:00:03+00:00,0.0,1,1,0,0.0,0.0,0.0,0.0,0,0,0.0
576191681827057664,2015-03-13T01:22:56+00:00,2015-03-13T03:08:41+00:00,6345.0,2,1,1,6345.0,6345.0,0.00015760441292356187,0.018912529550827423,1,1,1.0
576192621351145472,2015-03-13T01:26:40+00:00,2015-03-13T01:30:28+00:00,228.0,2,1,1,228.0,228.0,0.0043859649122807015,0.5263157894736842,1,1,1.0
576204915694964737,2015-03-13T02:15:31+00:00,2015-03-13T02:48:11+00:00,1960.0,2,1,1,1960.0,1960.0,0.0005102040816326531,0.06122448979591837,1,1,1.0
576225987119198208,2015-03-13T03:39:15+00:00,2015-03-13T09:55:44+00:00,22589.0,5,1,4,11059.0,16262.75,0.00017707733852760193,0.013280800389570144,1,4,4.0
576231309254721536,2015-03-13T04:00:24+00:00,2015-03-13T04:31:17+00:00,1853.0,2,1,1,1853.0,1853.0,0.0005396654074473826,0.06475984889368591,1,1,1.0
576238005951811584,2015-03-13T04:27:01+00:00,2015-03-13T04:27:01+00:00,0.0,1,1,0,0.0,0.0,0.0,0.0,0,0,0.0
576238790936662017,2015-03-13T04:30:08+00:00,2015-03-13T04:53:14+00:00,1386.0,2,1,1,1386.0,1386.0,0.0007215007215007215,0.08658008658008658,1,1,1.0
576248645365846016,2015-03-13T05:09:17+00:00,2015-03-13T05:09:17+00:00,0.0,1,1,0,0.0,0.0,0.0,0.0,0,0,0.0
576249853979807745,2015-03-13T05:14:06+00:00,2015-03-13T05:14:06+00:00,0.0,1,1,0,0.0,0.0,0.0,0.0,0,0,0.0
576276947648405505,2015-03-13T07:01:45+00:00,2015-03-13T07:19:44+00:00,1079.0,4,1,3,466.0,745.0,0.0027803521779425394,0.22242817423540315,3,1,1.0
576316647880839168,2015-03-13T09:39:30+00:00,2015-03-22T03:06:09+00:00,753999.0,3,1,2,19578.0,386788.5,2.6525234118347636e-06,0.00023872710706512873,1,2,2.0
576319105965359105,2015-03-13T09:49:17+00:00,2015-03-13T13:16:04+00:00,12407.0,6,1,5,50.0,5634.6,0.0004029983074071089,0.02901587813331184,2,4,2.5
576319832800555008,2015-03-13T09:52:10+00:00,2015-03-17T18:09:27+00:00,375437.0,16,1,15,343.0,28513.266666666666,3.995344092351047e-05,0.00255702021910467,2,14,7.5
576320540983582720,2015-03-13T09:54:59+00:00,2015-03-13T10:04:06+00:00,547.0,2,1,1,547.0,547.0,0.0018281535648994515,0.21937842778793418,1,1,1.0
576321776424189954,2015-03-13T09:59:53+00:00,2015-03-13T14:25:43+00:00,15950.0,9,1,8,335.0,10259.625,0.0005015673981191223,0.03385579937304076,3,4,2.6666666666666665
576321889276207105,2015-03-13T10:00:20+00:00,2015-03-13T11:17:31+00:00,4631.0,4,1,3,506.0,1900.0,0.0006478082487583676,0.0518246599006694,2,2,1.5
576321916593659904,2015-03-13T10:00:27+00:00,2015-03-13T17:26:01+00:00,26734.0,13,1,12,47.0,12859.166666666666,0.00044886661180519187,0.029176329767337472,2,8,3.6666666666666665
576323086888361984,2015-03-13T10:05:06+00:00,2015-03-14T21:03:01+00:00,125875.0,7,1,6,216.0,26689.166666666668,4.766633565044687e-05,0.003336643495531281,1,6,6.0
576325381990535169,2015-03-13T10:14:13+00:00,2015-03-13T12:32:37+00:00,8304.0,2,1,1,8304.0,8304.0,0.00012042389210019268,0.014450867052023121,1,1,1.0
576326555246415872,2015-03-13T10:18:53+00:00,2015-03-15T14:39:09+00:00,188416.0,5,1,4,125.0,53929.0,2.122961956521739e-05,0.0015922214673913043,2,3,2.0
576327507093360640,2015-03-13T10:22:39+00:00,2015-03-13T10:22:39+00:00,0.0,1,1,0,0.0,0.0,0.0,0.0,0,0,0.0
576327863802138624,2015-03-13T10:24:05+00:00,2015-03-13T11:20:59+00:00,3414.0,3,1,2,555.0,1984.5,0.0005858230814294083,0.05272407732864675,1,2,2.0
576330947588558849,2015-03-13T10:36:20+00:00,2015-03-13T10:36:20+00:00,0.0,1,1,0,0.0,0.0,0.0,0.0,0,0,0.0
576336032809005056,2015-03-13T10:56:32+00:00,2015-03-13T10:56:32+00:00,0.0,1,1,0,0.0,0.0,0.0,0.0,0,0,0.0
576338374925164544,2015-03-13T11:05:51+00:00,2015-03-13T11:08:11+00:00,140.0,2,1,1,140.0,140.0,0.007142857142857143,0.8571428571428571,1,1,1.0
576338406088687616,2015-03-13T11:05:58+00:00,2015-03-14T01:04:22+00:00,50304.0,2,1,1,50304.0,50304.0,1.9879134860050892e-05,0.002385496183206107,1,1,1.0
576341809812623360,2015-03-13T11:19:30+00:00,2015-03-15T14:03:37+00:00,182647.0,4,1,3,45184.0,91043.66666666667,1.6425126062842534e-05,0.0013140100850274024,2,2,1.5
576344015458570240,2015-03-13T11:28:15+00:00,2015-03-13T11:28:15+00:00,0.0,1,1,0,0.0,0.0,0.0,0.0,0,0,0.0
576344611519614976,2015-03-13T11:30:38+00:00,2015-03-13T18:58:09+00:00,26851.0,10,1,9,149.0,10685.111111111111,0.00033518304718632453,0.022345536479088303,3,5,2.0
576346280336756737,2015-03-13T11:37:15+00:00,2015-03-13T11:37:15+00:00,0.0,1,1,0,0.0,0.0,0.0,0.0,0,0,0.0
576347888168644609,2015-03-13T11:43:39+00:00,2015-03-13T11:43:39+00:00,0.0,1,1,0,0.0,0.0,0.0,0.0,0,0,0.0
576348679231033344,2015-03-13T11:46:47+00:00,2015-03-13T15:44:35+00:00,14268.0,2,1,1,14268.0,14268.0,7.008690776562938e-05,0.008410428931875526,1,1,1.0
576349360767807488,2015-03-13T11:49:30+00:00,2015-03-13T12:33:59+00:00,2669.0,7,1,6,610.0,1770.1666666666667,0.0022480329711502436,0.15736230798051704,3,4,2.0
576350258021675009,2015-03-13T11:53:04+00:00,2015-03-13T12:12:06+00:00,1142.0,3,1,2,121.0,631.5,0.0017513134851138354,0.15761821366024517,1,2,2.0
576356996145917952,2015-03-13T12:19:50+00:00,2015-03-13T12:32:03+00:00,733.0,2,1,1,733.0,733.0,0.001364256480218281,0.1637107776261937,1,1,1.0
576357849204412416,2015-03-13T12:23:14+00:00,2015-03-13T23:47:24+00:00,41050.0,2,1,1,41050.0,41050.0,2.43605359317905e-05,0.00292326431181486,1,1,1.0
576362213134454785,2015-03-13T12:40:34+00:00,2015-03-15T02:14:07+00:00,135213.0,4,1,3,237.0,48714.0,2.218721572629851e-05,0.0017749772581038803,1,3,3.0
576376097824198656,2015-03-13T13:35:44+00:00,2015-03-13T13:35:44+00:00,0.0,1,1,0,0.0,0.0,0.0,0.0,0,0,0.0
576378113711558656,2015-03-13T13:43:45+00:00,2015-03-13T13:43:45+00:00,0.0,1,1,0,0.0,0.0,0.0,0.0,0,0,0.0
576379928914046976,2015-03-13T13:50:58+00:00,2015-03-13T13:50:58+00:00,0.0,1,1,0,0.0,0.0,0.0,0.0,0,0,0.0
576382568586706944,2015-03-13T14:01:27+00:00,2015-03-13T15:14:09+00:00,4362.0,9,1,8,115.0,1109.625,0.0018340210912425492,0.12379642365887207,3,6,2.6666666666666665
576382704700256256,2015-03-13T14:02:00+00:00,2015-03-13T20:34:36+00:00,23556.0,3,1,2,3739.0,13647.5,8.490405841399219e-05,0.007641365257259296,1,2,2.0
576387464924819456,2015-03-13T14:20:55+00:00,2015-03-13T15:03:24+00:00,2549.0,2,1,1,2549.0,2549.0,0.00039231071008238524,0.04707728520988623,1,1,1.0
576388172109750273,2015-03-13T14:23:43+00:00,2015-03-13T16:42:10+00:00,8307.0,3,1,2,842.0,4574.5,0.00024076080414108582,0.021668472372697728,2,1,1.0
576389113319944193,2015-03-13T14:27:28+00:00,2015-03-13T14:54:13+00:00,1605.0,2,1,1,1605.0,1605.0,0.0006230529595015577,0.07476635514018691,1,1,1.0
576389199202496512,2015-03-13T14:27:48+00:00,2015-03-13T14:27:48+00:00,0.0,1,1,0,0.0,0.0,0.0,0.0,0,0,0.0
576393784835072001,2015-03-13T14:46:01+00:00,2015-03-13T15:00:17+00:00,856.0,2,1,1,856.0,856.0,0.0011682242990654205,0.14018691588785046,1,1,1.0
576394422813769728,2015-03-13T14:48:33+00:00,2015-03-13T14:48:33+00:00,0.0,1,1,0,0.0,0.0,0.0,0.0,0,0,0.0
576394839220178946,2015-03-13T14:50:13+00:00,2015-03-13T14:50:13+00:00,0.0,1,1,0,0.0,0.0,0.0,0.0,0,0,0.0
576397815406071808,2015-03-13T15:02:02+00:00,2015-03-13T15:07:24+00:00,322.0,2,1,1,322.0,322.0,0.003105590062111801,0.3726708074534162,1,1,1.0
576402376073965568,2015-03-13T15:20:10+00:00,2015-03-13T15:20:10+00:00,0.0,1,1,0,0.0,0.0,0.0,0.0,0,0,0.0
576406521833086976,2015-03-13T15:36:38+00:00,2015-03-13T19:57:20+00:00,15642.0,12,1,11,361.0,2772.3636363636365,0.0007032348804500703,0.04602991944764097,4,6,2.2
576407819353780224,2015-03-13T15:41:47+00:00,2015-03-14T13:08:52+00:00,77225.0,4,1,3,232.0,27927.333333333332,3.884752347037876e-05,0.003107801877630301,3,1,1.0
576409244968361985,2015-03-13T15:47:27+00:00,2015-03-13T16:22:45+00:00,2118.0,4,1,3,397.0,1028.3333333333333,0.00141643059490085,0.113314447592068,1,3,3.0
576412144759136256,2015-03-13T15:58:59+00:00,2015-03-13T16:02:55+00:00,236.0,2,1,1,236.0,236.0,0.00423728813559322,0.5084745762711864,1,1,1.0
576412997662433280,2015-03-13T16:02:22+00:00,2015-03-13T16:37:56+00:00,2134.0,2,1,1,2134.0,2134.0,0.00046860356138706655,0.05623242736644798,1,1,1.0
576417507277467648,2015-03-13T16:20:17+00:00,2015-03-13T16:20:17+00:00,0.0,1,1,0,0.0,0.0,0.0,0.0,0,0,0.0
576423157587906560,2015-03-13T16:42:44+00:00,2015-03-13T17:48:21+00:00,3937.0,5,1,4,1857.0,2479.75,0.001016002032004064,0.07620015240030481,3,2,1.3333333333333333
576427289111474177,2015-03-13T16:59:09+00:00,2015-03-16T03:41:36+00:00,211347.0,3,1,2,210872.0,211109.5,9.46311042976716e-06,0.0008516799386790445,2,1,1.0
576427952860045313,2015-03-13T17:01:48+00:00,2015-03-14T00:05:07+00:00,25399.0,5,1,4,5225.0,14902.25,0.00015748651521713453,0.01181148864128509,1,4,4.0
576429318701760512,2015-03-13T17:07:13+00:00,2015-03-13T17:11:28+00:00,255.0,2,1,1,255.0,255.0,0.00392156862745098,0.47058823529411764,1,1,1.0
576435578691956736,2015-03-13T17:32:06+00:00,2015-03-13T17:32:06+00:00,0.0,1,1,0,0.0,0.0,0.0,0.0,0,0,0.0
576443643680178176,2015-03-13T18:04:09+00:00,2015-03-13T19:18:41+00:00,4472.0,4,1,3,93.0,1744.6666666666667,0.0006708407871198568,0.053667262969588556,1,3,3.0
576448454005813248,2015-03-13T18:23:15+00:00,2015-03-13T18:23:15+00:00,0.0,1,1,0,0.0,0.0,0.0,0.0,0,0,0.0
576452724281102336,2015-03-13T18:40:14+00:00,2015-03-13T18:40:14+00:00,0.0,1,1,0,0.0,0.0,0.0,0.0,0,0,0.0
576453994484252673,2015-03-13T18:45:16+00:00,2015-03-13T18:59:53+00:00,877.0,5,1,4,479.0,700.75,0.004561003420752566,0.3420752565564424,3,2,1.3333333333333333
576464933648371712,2015-03-13T19:28:45+00:00,2015-03-13T19:28:45+00:00,0.0,1,1,0,0.0,0.0,0.0,0.0,0,0,0.0
576465693798957058,2015-03-13T19:31:46+00:00,2015-03-13T19:31:46+00:00,0.0,1,1,0,0.0,0.0,0.0,0.0,0,0,0.0
576465897637949440,2015-03-13T19:32:34+00:00,2015-03-13T19:32:34+00:00,0.0,1,1,0,0.0,0.0,0.0,0.0,0,0,0.0
576468519598104577,2015-03-13T19:42:59+00:00,2015-03-13T19:42:59+00:00,0.0,1,1,0,0.0,0.0,0.0,0.0,0,0,0.0
576470720328392704,2015-03-13T19:51:44+00:00,2015-03-13T21:22:50+00:00,5466.0,8,1,7,628.0,4517.857142857143,0.0012806439809732895,0.08781558726673985,2,1,1.0
576471501081292800,2015-03-13T19:54:50+00:00,2015-03-13T20:13:39+00:00,1129.0,8,1,7,74.0,552.1428571428571,0.006200177147918512,0.42515500442869797,5,2,1.4
576472861528961024,2015-03-13T20:00:15+00:00,2015-03-13T20:42:17+00:00,2522.0,2,1,1,2522.0,2522.0,0.0003965107057890563,0.04758128469468676,1,1,1.0
576475228928385024,2015-03-13T20:09:39+00:00,2015-03-14T20:54:38+00:00,89099.0,14,1,13,349.0,17217.30769230769,0.00014590511678021077,0.009427715238105927,4,8,3.0
576477089043488769,2015-03-13T20:17:03+00:00,2015-03-14T02:57:39+00:00,24036.0,23,1,22,79.0,3248.1363636363635,0.0009152937260775504,0.05741387918122815,5,10,2.0
576480269835845632,2015-03-13T20:29:41+00:00,2015-03-13T20:29:41+00:00,0.0,1,1,0,0.0,0.0,0.0,0.0,0,0,0.0
576480712699744257,2015-03-13T20:31:27+00:00,2015-03-13T20:31:27+00:00,0.0,1,1,0,0.0,0.0,0.0,0.0,0,0,0.0
576481588004933632,2015-03-13T20:34:55+00:00,2015-03-13T22:41:26+00:00,7591.0,4,1,3,322.0,4895.333333333333,0.0003952048478461336,0.03161638782769069,2,2,1.5
576483978363973632,2015-03-13T20:44:25+00:00,2015-03-13T22:35:27+00:00,6662.0,11,1,10,42.0,1985.2,0.0015010507355148605,0.09906934854398079,1,10,10.0
576485427315535872,2015-03-13T20:50:11+00:00,2015-03-13T20:50:11+00:00,0.0,1,1,0,0.0,0.0,0.0,0.0,0,0,0.0
576486732864098304,2015-03-13T20:55:22+00:00,2015-03-13T20:55:22+00:00,0.0,1,1,0,0.0,0.0,0.0,0.0,0,0,0.0
576494415851626496,2015-03-13T21:25:54+00:00,2015-03-14T12:05:09+00:00,52755.0,4,1,3,46790.0,48868.333333333336,5.686664771111743e-05,0.004549331816889394,1,3,3.0
576494602070441984,2015-03-13T21:26:38+00:00,2015-03-13T21:26:38+00:00,0.0,1,1,0,0.0,0.0,0.0,0.0,0,0,0.0
576497758862987265,2015-03-13T21:39:11+00:00,2015-03-13T21:39:11+00:00,0.0,1,1,0,0.0,0.0,0.0,0.0,0,0,0.0
576499275754041344,2015-03-13T21:45:12+00:00,2015-03-16T04:13:58+00:00,196126.0,5,1,4,201.0,102883.0,2.03950521603459e-05,0.0015296289120259425,1,4,4.0
576504635738951680,2015-03-13T22:06:30+00:00,2015-03-16T01:35:34+00:00,185344.0,18,1,17,296.0,64271.117647058825,9.172133977900552e-05,0.005827002762430939,3,13,3.4
576507292415320064,2015-03-13T22:17:04+00:00,2015-03-13T22:17:04+00:00,0.0,1,1,0,0.0,0.0,0.0,0.0,0,0,0.0
576508971923693568,2015-03-13T22:23:44+00:00,2015-03-13T22:25:55+00:00,131.0,2,1,1,131.0,131.0,0.007633587786259542,0.9160305343511451,1,1,1.0
576509083152457728,2015-03-13T22:24:11+00:00,2015-03-14T01:27:32+00:00,11001.0,6,1,5,127.0,3353.2,0.0004545041359876375,0.0327242977911099,3,3,1.6666666666666667
576509905596727296,2015-03-13T22:27:27+00:00,2015-03-13T23:33:32+00:00,3965.0,3,1,2,1207.0,2586.0,0.0005044136191677175,0.04539722572509458,1,2,2.0
576510163596795906,2015-03-13T22:28:28+00:00,2015-03-13T22:28:28+00:00,0.0,1,1,0,0.0,0.0,0.0,0.0,0,0,0.0
576513091287945216,2015-03-13T22:40:06+00:00,2015-03-13T22:40:06+00:00,0.0,1,1,0,0.0,0.0,0.0,0.0,0,0,0.0
576513463738109954,2015-03-13T22:41:35+00:00,2015-03-14T05:12:08+00:00,23433.0,8,1,7,60.0,4665.142857142857,0.00029872402167882903,0.020483932915119702,1,7,7.0
576515871876767744,2015-03-13T22:51:09+00:00,2015-03-13T22:51:09+00:00,0.0,1,1,0,0.0,0.0,0.0,0.0,0,0,0.0
576516069516525568,2015-03-13T22:51:56+00:00,2015-03-13T23:59:14+00:00,4038.0,5,1,4,179.0,2886.75,0.0009905894006934125,0.07429420505200594,3,2,1.3333333333333333
576524931409772544,2015-03-13T23:27:09+00:00,2015-03-13T23:27:09+00:00,0.0,1,1,0,0.0,0.0,0.0,0.0,0,0,0.0
576526802056814593,2015-03-13T23:34:35+00:00,2015-03-14T03:11:22+00:00,13007.0,5,1,4,124.0,3761.0,0.0003075267163834858,0.023064503728761437,1,4,4.0
576528880208637952,2015-03-13T23:42:51+00:00,2015-03-13T23:45:21+00:00,150.0,3,1,2,57.0,103.5,0.013333333333333334,1.2,2,1,1.0
576530268351246337,2015-03-13T23:48:22+00:00,2015-03-13T23:48:22+00:00,0.0,1,1,0,0.0,0.0,0.0,0.0,0,0,0.0
576530892119793664,2015-03-13T23:50:50+00:00,2015-03-15T21:45:39+00:00,165289.0,2,1,1,165289.0,165289.0,6.050009377514535e-06,0.0007260011253017442,1,1,1.0
576531907606892544,2015-03-13T23:54:52+00:00,2015-03-13T23:54:52+00:00,0.0,1,1,0,0.0,0.0,0.0,0.0,0,0,0.0
576546827643703296,2015-03-14T00:54:10+00:00,2015-03-14T12:48:10+00:00,42840.0,5,1,4,3006.0,25958.0,9.337068160597572e-05,0.0070028011204481795,1,4,4.0
576548875072335872,2015-03-14T01:02:18+00:00,2015-03-14T01:02:18+00:00,0.0,1,1,0,0.0,0.0,0.0,0.0,0,0,0.0
576551024929992705,2015-03-14T01:10:50+00:00,2015-03-14T01:10:50+00:00,0.0,1,1,0,0.0,0.0,0.0,0.0,0,0,0.0
576552070456741888,2015-03-14T01:15:00+00:00,2015-03-14T20:24:53+00:00,68993.0,5,1,4,1081.0,19874.25,5.7976896206861566e-05,0.004348267215514617,1,3,3.0
576565012086579200,2015-03-14T02:06:25+00:00,2015-03-14T02:41:51+00:00,2126.0,8,1,7,249.0,982.8571428571429,0.003292568203198495,0.2257761053621825,6,2,1.1666666666666667
576573355404431360,2015-03-14T02:39:34+00:00,2015-03-14T02:39:34+00:00,0.0,1,1,0,0.0,0.0,0.0,0.0,0,0,0.0
576592351776346112,2015-03-14T03:55:03+00:00,2015-03-14T03:55:03+00:00,0.0,1,1,0,0.0,0.0,0.0,0.0,0,0,0.0
576597020065996800,2015-03-14T04:13:36+00:00,2015-03-14T04:13:36+00:00,0.0,1,1,0,0.0,0.0,0.0,0.0,0,0,0.0
576600087066869760,2015-03-14T04:25:48+00:00,2015-03-15T13:49:30+00:00,120222.0,3,1,2,93262.0,106742.0,1.6635890269667783e-05,0.0014972301242701003,1,2,2.0
576617856919465984,2015-03-14T05:36:24+00:00,2015-03-14T14:22:06+00:00,31542.0,2,1,1,31542.0,31542.0,3.170376006594382e-05,0.003804451207913258,1,1,1.0
576639665786249216,2015-03-14T07:03:04+00:00,2015-03-14T08:38:26+00:00,5722.0,3,1,2,173.0,2947.5,0.0003495281370150297,0.03145753233135268,1,2,2.0
576641067317096448,2015-03-14T07:08:38+00:00,2015-03-14T08:49:54+00:00,6076.0,4,1,3,514.0,2885.0,0.0004937458854509546,0.03949967083607637,1,3,3.0
576643337173749760,2015-03-14T07:17:39+00:00,2015-03-14T07:17:39+00:00,0.0,1,1,0,0.0,0.0,0.0,0.0,0,0,0.0
576655512462344192,2015-03-14T08:06:02+00:00,2015-03-14T08:12:01+00:00,359.0,2,1,1,359.0,359.0,0.002785515320334262,0.3342618384401114,1,1,1.0
576656873681731584,2015-03-14T08:11:27+00:00,2015-03-14T08:11:27+00:00,0.0,1,1,0,0.0,0.0,0.0,0.0,0,0,0.0
576657704933990400,2015-03-14T08:14:45+00:00,2015-03-15T07:14:13+00:00,82768.0,7,1,6,614.0,23523.5,7.249178426445003e-05,0.005074424898511502,1,6,6.0
576671947091779584,2015-03-14T09:11:20+00:00,2015-03-14T10:17:19+00:00,3959.0,4,1,3,560.0,2768.0,0.0007577671129072998,0.060621369032583985,2,2,1.5
576679386616881152,2015-03-14T09:40:54+00:00,2015-03-14T09:40:54+00:00,0.0,1,1,0,0.0,0.0,0.0,0.0,0,0,0.0
576687226979004416,2015-03-14T10:12:03+00:00,2015-03-14T18:55:04+00:00,31381.0,2,1,1,31381.0,31381.0,3.186641598419426e-05,0.0038239699181033112,1,1,1.0
576694748095782912,2015-03-14T10:41:57+00:00,2015-03-15T18:08:16+00:00,113179.0,24,1,23,99.0,54377.52173913043,0.000203217911450004,0.012723208369043728,9,11,1.7692307692307692
576709199146717185,2015-03-14T11:39:22+00:00,2015-03-14T14:16:21+00:00,9419.0,3,1,2,9015.0,9217.0,0.00021233676611105213,0.019110308949994693,2,1,1.0
576713397196210176,2015-03-14T11:56:03+00:00,2015-03-14T12:04:25+00:00,502.0,4,1,3,218.0,356.3333333333333,0.00597609561752988,0.4780876494023904,3,1,1.0
576715243948118016,2015-03-14T12:03:23+00:00,2015-03-14T12:03:23+00:00,0.0,1,1,0,0.0,0.0,0.0,0.0,0,0,0.0
576716016908136448,2015-03-14T12:06:27+00:00,2015-03-14T18:29:20+00:00,22973.0,3,1,2,4526.0,13749.5,8.705872110738693e-05,0.007835284899664825,1,2,2.0
576723588952276992,2015-03-14T12:36:33+00:00,2015-03-14T12:36:33+00:00,0.0,1,1,0,0.0,0.0,0.0,0.0,0,0,0.0
576732099304095744,2015-03-14T13:10:22+00:00,2015-03-14T13:10:22+00:00,0.0,1,1,0,0.0,0.0,0.0,0.0,0,0,0.0
576736349153288192,2015-03-14T13:27:15+00:00,2015-03-14T13:27:15+00:00,0.0,1,1,0,0.0,0.0,0.0,0.0,0,0,0.0
576746408184676352,2015-03-14T14:07:13+00:00,2015-03-14T14:07:13+00:00,0.0,1,1,0,0.0,0.0,0.0,0.0,0,0,0.0
576749539375235072,2015-03-14T14:19:40+00:00,2015-03-14T14:19:40+00:00,0.0,1,1,0,0.0,0.0,0.0,0.0,0,0,0.0
576755174531862529,2015-03-14T14:42:03+00:00,2015-03-14T14:55:56+00:00,833.0,6,1,5,188.0,432.2,0.006002400960384154,0.43217286914765907,2,3,2.5
576757242042703872,2015-03-14T14:50:16+00:00,2015-03-16T06:53:39+00:00,144203.0,3,1,2,5879.0,75041.0,1.3869336976345845e-05,0.0012482403278711262,1,2,2.0
576763653329809408,2015-03-14T15:15:45+00:00,2015-03-14T15:15:45+00:00,0.0,1,1,0,0.0,0.0,0.0,0.0,0,0,0.0
576767713328144384,2015-03-14T15:31:53+00:00,2015-03-15T19:42:45+00:00,101452.0,8,1,7,24.0,30611.285714285714,6.899814690691165e-05,0.004731301502188227,1,7,7.0
576767882945789953,2015-03-14T15:32:33+00:00,2015-03-14T15:32:33+00:00,0.0,1,1,0,0.0,0.0,0.0,0.0,0,0,0.0
576769677592039424,2015-03-14T15:39:41+00:00,2015-03-14T15:42:15+00:00,154.0,2,1,1,154.0,154.0,0.006493506493506494,0.7792207792207791,1,1,1.0
576770693683105792,2015-03-14T15:43:43+00:00,2015-03-14T15:43:43+00:00,0.0,1,1,0,0.0,0.0,0.0,0.0,0,0,0.0
576770854803107841,2015-03-14T15:44:22+00:00,2015-03-14T15:44:22+00:00,0.0,1,1,0,0.0,0.0,0.0,0.0,0,0,0.0
576771847754268672,2015-03-14T15:48:19+00:00,2015-03-14T15:48:19+00:00,0.0,1,1,0,0.0,0.0,0.0,0.0,0,0,0.0
576772668805935104,2015-03-14T15:51:34+00:00,2015-03-14T15:51:34+00:00,0.0,1,1,0,0.0,0.0,0.0,0.0,0,0,0.0
576772770220113920,2015-03-14T15:51:58+00:00,2015-03-14T15:54:49+00:00,171.0,2,1,1,171.0,171.0,0.005847953216374269,0.7017543859649122,1,1,1.0
576773359729426432,2015-03-14T15:54:19+00:00,2015-03-14T15:54:19+00:00,0.0,1,1,0,0.0,0.0,0.0,0.0,0,0,0.0
576775762461745152,2015-03-14T16:03:52+00:00,2015-03-16T22:40:13+00:00,196581.0,6,1,5,24.0,40028.4,2.5434808043503695e-05,0.001831306179132266,4,2,1.25
576777148217843712,2015-03-14T16:09:22+00:00,2015-03-15T21:58:34+00:00,107352.0,3,1,2,102.0,53727.0,1.8630300320441167e-05,0.0016767270288397047,1,2,2.0
576777317474652160,2015-03-14T16:10:03+00:00,2015-03-16T13:00:04+00:00,161401.0,3,1,2,161067.0,161234.0,1.2391496954789623e-05,0.001115234725931066,0,0,0.0
576780691616198656,2015-03-14T16:23:27+00:00,2015-03-14T16:23:27+00:00,0.0,1,1,0,0.0,0.0,0.0,0.0,0,0,0.0
576781604821053440,2015-03-14T16:27:05+00:00,2015-03-14T16:27:05+00:00,0.0,1,1,0,0.0,0.0,0.0,0.0,0,0,0.0
576789978795155457,2015-03-14T17:00:21+00:00,2015-03-14T17:46:20+00:00,2759.0,5,1,4,148.0,1478.25,0.0014498006524102935,0.10873504893077202,2,3,2.0
576790814942236672,2015-03-14T17:03:41+00:00,2015-03-14T17:03:41+00:00,0.0,1,1,0,0.0,0.0,0.0,0.0,0,0,0.0
576794158108581888,2015-03-14T17:16:58+00:00,2015-03-14T17:16:58+00:00,0.0,1,1,0,0.0,0.0,0.0,0.0,0,0,0.0
576794571448909824,2015-03-14T17:18:36+00:00,2015-03-14T18:07:41+00:00,2945.0,2,1,1,2945.0,2945.0,0.00033955857385398983,0.040747028862478774,1,1,1.0
576794571629166592,2015-03-14T17:18:36+00:00,2015-03-14T21:08:17+00:00,13781.0,10,1,9,124.0,6978.0,0.0006530730716203468,0.04353820477468979,2,8,4.5
576795865433706496,2015-03-14T17:23:45+00:00,2015-03-14T17:23:45+00:00,0.0,1,1,0,0.0,0.0,0.0,0.0,0,0,0.0
576796432730071040,2015-03-14T17:26:00+00:00,2015-03-14T18:19:42+00:00,3222.0,15,1,14,215.0,1348.9285714285713,0.004345127250155183,0.27932960893854747,7,4,1.4
576806702454075392,2015-03-14T18:06:49+00:00,2015-03-15T06:09:19+00:00,43350.0,2,1,1,43350.0,43350.0,2.306805074971165e-05,0.002768166089965398,1,1,1.0
576807652145160192,2015-03-14T18:10:35+00:00,2015-03-14T19:01:02+00:00,3027.0,24,1,23,95.0,1385.2608695652175,0.007598282127518996,0.4757185332011893,12,2,1.4375
576811711652450304,2015-03-14T18:26:43+00:00,2015-03-14T22:07:04+00:00,13221.0,5,1,4,214.0,3552.75,0.0003025489751153468,0.02269117313365101,2,3,2.0
576812336952000512,2015-03-14T18:29:12+00:00,2015-03-15T02:28:15+00:00,28743.0,16,1,15,383.0,5043.066666666667,0.0005218661935079845,0.03339943638451101,1,15,15.0
576812998418939904,2015-03-14T18:31:50+00:00,2015-03-14T18:35:40+00:00,230.0,3,1,2,129.0,179.5,0.008695652173913044,0.7826086956521738,2,1,1.0
576813256905486336,2015-03-14T18:32:51+00:00,2015-03-15T10:45:31+00:00,58360.0,10,1,9,430.0,9782.555555555555,0.00015421521590130226,0.01028101439342015,1,9,9.0
576814014438703104,2015-03-14T18:35:52+00:00,2015-03-14T18:49:51+00:00,839.0,2,1,1,839.0,839.0,0.0011918951132300357,0.1430274135876043,1,1,1.0
576814574873235457,2015-03-14T18:38:06+00:00,2015-03-14T18:38:06+00:00,0.0,1,1,0,0.0,0.0,0.0,0.0,0,0,0.0
576815154735775744,2015-03-14T18:40:24+00:00,2015-03-14T18:47:11+00:00,407.0,3,1,2,294.0,350.5,0.004914004914004914,0.44226044226044225,1,2,2.0
576815329172590592,2015-03-14T18:41:05+00:00,2015-03-14T18:49:13+00:00,488.0,4,1,3,205.0,353.0,0.006147540983606557,0.49180327868852464,2,2,1.5
576815428066009089,2015-03-14T18:41:29+00:00,2015-03-14T18:45:33+00:00,244.0,2,1,1,244.0,244.0,0.004098360655737705,0.49180327868852464,1,1,1.0
576816930272776192,2015-03-14T18:47:27+00:00,2015-03-14T18:47:27+00:00,0.0,1,1,0,0.0,0.0,0.0,0.0,0,0,0.0
576819219876225024,2015-03-14T18:56:33+00:00,2015-03-14T19:06:57+00:00,624.0,2,1,1,624.0,624.0,0.0016025641025641025,0.1923076923076923,1,1,1.0
576819222694744064,2015-03-14T18:56:34+00:00,2015-03-14T18:56:34+00:00,0.0,1,1,0,0.0,0.0,0.0,0.0,0,0,0.0
576819925005680640,2015-03-14T18:59:21+00:00,2015-03-15T03:06:02+00:00,29201.0,3,1,2,29079.0,29140.0,6.849080510941406e-05,0.006164172459847265,0,0,0.0
576820722426839040,2015-03-14T19:02:31+00:00,2015-03-15T08:04:20+00:00,46909.0,8,1,7,234.0,18394.14285714286,0.0001492250953974717,0.010232577970112344,3,5,2.3333333333333335
576821399983026177,2015-03-14T19:05:13+00:00,2015-03-15T09:04:36+00:00,50363.0,3,1,2,480.0,25421.5,3.971169310803566e-05,0.0035740523797232093,1,2,2.0
576821651490340864,2015-03-14T19:06:13+00:00,2015-03-14T19:38:35+00:00,1942.0,3,1,2,972.0,1457.0,0.0010298661174047373,0.09268795056642637,1,2,2.0
576821792834232320,2015-03-14T19:06:46+00:00,2015-03-14T19:17:00+00:00,614.0,4,1,3,132.0,303.3333333333333,0.004885993485342019,0.39087947882736157,1,3,3.0
576824525339402240,2015-03-14T19:17:38+00:00,2015-03-14T19:17:38+00:00,0.0,1,1,0,0.0,0.0,0.0,0.0,0,0,0.0
576825885774467072,2015-03-14T19:23:02+00:00,2015-03-14T19:23:02+00:00,0.0,1,1,0,0.0,0.0,0.0,0.0,0,0,0.0
576829262927413248,2015-03-14T19:36:27+00:00,2015-03-14T23:50:28+00:00,15241.0,8,1,7,252.0,4243.285714285715,0.00045928744833016207,0.0314939964569254,3,5,2.3333333333333335
576830057496248320,2015-03-14T19:39:37+00:00,2015-03-14T19:39:37+00:00,0.0,1,1,0,0.0,0.0,0.0,0.0,0,0,0.0
576831447299796994,2015-03-14T19:45:08+00:00,2015-03-15T13:00:21+00:00,62113.0,19,1,18,260.0,15449.277777777777,0.0002897944069679455,0.018353645774636548,5,13,3.6
576832918343032832,2015-03-14T19:50:59+00:00,2015-03-14T20:25:48+00:00,2089.0,2,1,1,2089.0,2089.0,0.0004786979415988511,0.05744375299186213,1,1,1.0
576833011955679232,2015-03-14T19:51:21+00:00,2015-03-14T19:53:52+00:00,151.0,2,1,1,151.0,151.0,0.006622516556291391,0.794701986754967,1,1,1.0
576833878981136384,2015-03-14T19:54:48+00:00,2015-03-14T19:54:48+00:00,0.0,1,1,0,0.0,0.0,0.0,0.0,0,0,0.0
576833924736892928,2015-03-14T19:54:59+00:00,2015-03-14T21:02:05+00:00,4026.0,19,1,18,421.0,1963.5,0.004470938897168405,0.28315946348733234,6,9,2.25
576833924967493633,2015-03-14T19:54:59+00:00,2015-03-14T20:09:15+00:00,856.0,2,1,1,856.0,856.0,0.0011682242990654205,0.14018691588785046,1,1,1.0
576836049151868928,2015-03-14T20:03:25+00:00,2015-03-14T20:03:25+00:00,0.0,1,1,0,0.0,0.0,0.0,0.0,0,0,0.0
576836412051304448,2015-03-14T20:04:52+00:00,2015-03-14T20:04:52+00:00,0.0,1,1,0,0.0,0.0,0.0,0.0,0,0,0.0
576840804834144258,2015-03-14T20:22:19+00:00,2015-03-14T20:22:19+00:00,0.0,1,1,0,0.0,0.0,0.0,0.0,0,0,0.0
576842803013091329,2015-03-14T20:30:16+00:00,2015-03-14T20:30:16+00:00,0.0,1,1,0,0.0,0.0,0.0,0.0,0,0,0.0
576842966964117504,2015-03-14T20:30:55+00:00,2015-03-14T20:30:55+00:00,0.0,1,1,0,0.0,0.0,0.0,0.0,0,0,0.0
576847722055131136,2015-03-14T20:49:48+00:00,2015-03-14T21:34:46+00:00,2698.0,6,1,5,79.0,1172.2,0.0018532246108228317,0.13343217197924387,3,2,1.25
576847727918739457,2015-03-14T20:49:50+00:00,2015-03-14T20:49:50+00:00,0.0,1,1,0,0.0,0.0,0.0,0.0,0,0,0.0
576848770136174594,2015-03-14T20:53:58+00:00,2015-03-15T10:20:52+00:00,48414.0,6,1,5,36.0,12477.4,0.00010327591192630231,0.007435865658693767,1,5,5.0
576850639600357376,2015-03-14T21:01:24+00:00,2015-03-14T23:43:46+00:00,9742.0,4,1,3,455.0,6193.0,0.0003079449804968179,0.024635598439745433,1,3,3.0
576853097445752832,2015-03-14T21:11:10+00:00,2015-03-15T18:42:12+00:00,77462.0,3,1,2,50746.0,64104.0,2.5819111306188843e-05,0.002323720017556996,2,1,1.0
576855819125432321,2015-03-14T21:21:59+00:00,2015-03-14T23:30:41+00:00,7722.0,5,1,4,107.0,3292.0,0.000518000518000518,0.038850038850038855,2,3,2.0
576855835445428225,2015-03-14T21:22:03+00:00,2015-03-14T22:32:44+00:00,4241.0,5,1,4,415.0,2373.5,0.0009431737797689225,0.07073803348266917,3,2,1.3333333333333333
576857359533789184,2015-03-14T21:28:06+00:00,2015-03-14T21:54:07+00:00,1561.0,2,1,1,1561.0,1561.0,0.0006406149903907751,0.07687379884689302,1,1,1.0
576859807388418050,2015-03-14T21:37:50+00:00,2015-03-14T21:38:16+00:00,26.0,2,1,1,26.0,26.0,0.038461538461538464,4.615384615384615,1,1,1.0
576860068316057600,2015-03-14T21:38:52+00:00,2015-03-15T23:43:48+00:00,93896.0,2,1,1,93896.0,93896.0,1.0650080940615148e-05,0.0012780097128738178,1,1,1.0
576860610400501760,2015-03-14T21:41:01+00:00,2015-03-14T21:41:01+00:00,0.0,1,1,0,0.0,0.0,0.0,0.0,0,0,0.0
576860819322880000,2015-03-14T21:41:51+00:00,2015-03-14T21:41:51+00:00,0.0,1,1,0,0.0,0.0,0.0,0.0,0,0,0.0
576863192854462464,2015-03-14T21:51:17+00:00,2015-03-14T21:51:17+00:00,0.0,1,1,0,0.0,0.0,0.0,0.0,0,0,0.0
576866204339609602,2015-03-14T22:03:15+00:00,2015-03-14T23:04:22+00:00,3667.0,3,1,2,1006.0,2336.5,0.000545404963185165,0.04908644668666485,1,2,2.0
576866204360581120,2015-03-14T22:03:15+00:00,2015-03-14T22:03:15+00:00,0.0,1,1,0,0.0,0.0,0.0,0.0,0,0,0.0
576867083331497984,2015-03-14T22:06:44+00:00,2015-03-14T22:06:44+00:00,0.0,1,1,0,0.0,0.0,0.0,0.0,0,0,0.0
576872037089566720,2015-03-14T22:26:26+00:00,2015-03-14T22:26:26+00:00,0.0,1,1,0,0.0,0.0,0.0,0.0,0,0,0.0
576874788683005952,2015-03-14T22:37:22+00:00,2015-03-14T22:37:22+00:00,0.0,1,1,0,0.0,0.0,0.0,0.0,0,0,0.0
576885758537109505,2015-03-14T23:20:57+00:00,2015-03-14T23:25:06+00:00,249.0,2,1,1,249.0,249.0,0.004016064257028112,0.48192771084337344,1,1,1.0
576889130258419712,2015-03-14T23:34:21+00:00,2015-03-15T12:58:25+00:00,48244.0,3,1,2,1115.0,24679.5,4.1455932343918414e-05,0.003731033910952657,1,2,2.0
576889864907427840,2015-03-14T23:37:16+00:00,2015-03-15T00:33:50+00:00,3394.0,5,1,4,29.0,969.5,0.0011785503830288745,0.08839127872716558,1,4,4.0
576890261382520832,2015-03-14T23:38:51+00:00,2015-03-14T23:45:38+00:00,407.0,2,1,1,407.0,407.0,0.002457002457002457,0.29484029484029484,1,1,1.0
576892395930955776,2015-03-14T23:47:19+00:00,2015-03-14T23:47:19+00:00,0.0,1,1,0,0.0,0.0,0.0,0.0,0,0,0.0
577258317942149120,2015-03-16T00:01:22+00:00,2015-03-16T01:55:59+00:00,6877.0,6,1,5,458.0,5054.6,0.0007270612185546024,0.05234840773593137,1,5,5.0
577261281125642241,2015-03-16T00:13:09+00:00,2015-03-16T00:13:09+00:00,0.0,1,1,0,0.0,0.0,0.0,0.0,0,0,0.0
577269239779893248,2015-03-16T00:44:46+00:00,2015-03-16T01:43:16+00:00,3510.0,7,1,6,2822.0,3123.1666666666665,0.0017094017094017094,0.11965811965811966,0,0,0.0
577269846259433472,2015-03-16T00:47:11+00:00,2015-03-16T01:06:29+00:00,1158.0,3,1,2,462.0,810.0,0.0017271157167530224,0.15544041450777202,1,2,2.0
577273752796282881,2015-03-16T01:02:42+00:00,2015-03-16T01:02:42+00:00,0.0,1,1,0,0.0,0.0,0.0,0.0,0,0,0.0
577277669588537344,2015-03-16T01:18:16+00:00,2015-03-16T01:18:16+00:00,0.0,1,1,0,0.0,0.0,0.0,0.0,0,0,0.0
577287149516541952,2015-03-16T01:55:56+00:00,2015-03-16T02:31:24+00:00,2128.0,3,1,2,126.0,1127.0,0.0009398496240601503,0.08458646616541353,1,2,2.0
577287176288776192,2015-03-16T01:56:02+00:00,2015-03-16T01:56:02+00:00,0.0,1,1,0,0.0,0.0,0.0,0.0,0,0,0.0
577294068851421184,2015-03-16T02:23:26+00:00,2015-03-16T02:23:26+00:00,0.0,1,1,0,0.0,0.0,0.0,0.0,0,0,0.0
577294310573502465,2015-03-16T02:24:23+00:00,2015-03-16T04:17:03+00:00,6760.0,9,1,8,1529.0,3088.125,0.001183431952662722,0.07988165680473372,4,3,2.0
577295940278738944,2015-03-16T02:30:52+00:00,2015-03-16T02:30:52+00:00,0.0,1,1,0,0.0,0.0,0.0,0.0,0,0,0.0
577297951325876224,2015-03-16T02:38:51+00:00,2015-03-16T02:38:51+00:00,0.0,1,1,0,0.0,0.0,0.0,0.0,0,0,0.0
577298811460128768,2015-03-16T02:42:17+00:00,2015-03-16T02:42:17+00:00,0.0,1,1,0,0.0,0.0,0.0,0.0,0,0,0.0
577300802294804481,2015-03-16T02:50:11+00:00,2015-03-17T16:20:46+00:00,135035.0,24,1,23,60.0,7878.521739130435,0.00017032621172288667,0.010663901951345946,4,15,2.75
577301342617673729,2015-03-16T02:52:20+00:00,2015-03-16T02:52:20+00:00,0.0,1,1,0,0.0,0.0,0.0,0.0,0,0,0.0
577301582917816321,2015-03-16T02:53:17+00:00,2015-03-16T02:53:17+00:00,0.0,1,1,0,0.0,0.0,0.0,0.0,0,0,0.0
577302850318938113,2015-03-16T02:58:19+00:00,2015-03-19T16:46:32+00:00,308893.0,4,1,3,6281.0,116374.66666666667,9.71210095405205e-06,0.0007769680763241641,2,2,1.5
577303162765250560,2015-03-16T02:59:34+00:00,2015-03-16T18:27:26+00:00,55672.0,4,1,3,8338.0,24198.0,5.388705273746228e-05,0.0043109642189969825,2,2,1.5
577303343728627712,2015-03-16T03:00:17+00:00,2015-03-16T03:00:17+00:00,0.0,1,1,0,0.0,0.0,0.0,0.0,0,0,0.0
577308426902056960,2015-03-16T03:20:29+00:00,2015-03-16T03:20:29+00:00,0.0,1,1,0,0.0,0.0,0.0,0.0,0,0,0.0
577309214663684097,2015-03-16T03:23:37+00:00,2015-03-16T03:23:37+00:00,0.0,1,1,0,0.0,0.0,0.0,0.0,0,0,0.0
577311956048154625,2015-03-16T03:34:30+00:00,2015-03-16T05:30:56+00:00,6986.0,2,1,1,6986.0,6986.0,0.000143143429716576,0.01717721156598912,1,1,1.0
577342598592901120,2015-03-16T05:36:16+00:00,2015-03-16T05:36:16+00:00,0.0,1,1,0,0.0,0.0,0.0,0.0,0,0,0.0
580317556516483072,2015-03-24T10:37:41+00:00,2015-03-24T10:47:31+00:00,590.0,8,1,7,36.0,369.57142857142856,0.011864406779661017,0.8135593220338982,1,6,6.0
580317998147325952,2015-03-24T10:39:27+00:00,2015-03-24T10:42:28+00:00,181.0,3,1,2,101.0,141.0,0.011049723756906077,0.994475138121547,1,2,2.0
580318020192571392,2015-03-24T10:39:32+00:00,2015-03-24T11:54:08+00:00,4476.0,2,1,1,4476.0,4476.0,0.00022341376228775692,0.02680965147453083,1,1,1.0
580318210609696769,2015-03-24T10:40:17+00:00,2015-03-24T10:43:30+00:00,193.0,2,1,1,193.0,193.0,0.0051813471502590676,0.6217616580310881,1,1,1.0
580318669483413504,2015-03-24T10:42:07+00:00,2015-03-24T17:27:43+00:00,24336.0,5,1,4,4258.0,13560.25,0.0001643655489809336,0.012327416173570018,1,4,4.0
580318717860532224,2015-03-24T10:42:18+00:00,2015-03-24T11:52:45+00:00,4227.0,2,1,1,4227.0,4227.0,0.0002365744026496333,0.028388928317955996,1,1,1.0
580318938996740096,2015-03-24T10:43:11+00:00,2015-03-24T11:52:02+00:00,4131.0,5,1,4,91.0,1255.0,0.0009682885499878964,0.07262164124909223,1,4,4.0
580319005703069696,2015-03-24T10:43:27+00:00,2015-03-24T11:51:50+00:00,4103.0,3,1,2,297.0,2200.0,0.0004874482086278333,0.043870338776504994,1,2,2.0
580319078155468800,2015-03-24T10:43:44+00:00,2015-03-24T16:46:09+00:00,21745.0,33,1,32,112.0,3237.3125,0.0014716026672798345,0.09105541503793975,6,19,2.6666666666666665
580319116302647297,2015-03-24T10:43:53+00:00,2015-03-24T11:43:48+00:00,3595.0,21,1,20,30.0,1496.3,0.005563282336578581,0.35048678720445064,5,15,4.0
580319184652890113,2015-03-24T10:44:10+00:00,2015-03-24T13:18:55+00:00,9285.0,10,1,9,71.0,2568.3333333333335,0.0009693053311793214,0.06462035541195477,3,5,3.0
580319206400475136,2015-03-24T10:44:15+00:00,2015-03-24T10:56:07+00:00,712.0,5,1,4,34.0,301.25,0.0056179775280898875,0.42134831460674155,1,4,4.0
580319458004193280,2015-03-24T10:45:15+00:00,2015-03-24T11:04:41+00:00,1166.0,2,1,1,1166.0,1166.0,0.0008576329331046312,0.10291595197255575,1,1,1.0
580319651399385088,2015-03-24T10:46:01+00:00,2015-03-24T19:43:17+00:00,32236.0,31,1,30,88.0,1809.7,0.0009306365554038963,0.05769946643504157,8,8,1.5789473684210527
580319856496644096,2015-03-24T10:46:50+00:00,2015-03-24T12:07:25+00:00,4835.0,4,1,3,49.0,2016.3333333333333,0.0006204756980351603,0.04963805584281283,1,3,3.0
580319968484421633,2015-03-24T10:47:16+00:00,2015-03-24T12:40:00+00:00,6764.0,3,1,2,3611.0,5187.5,0.00029568302779420464,0.026611472501478415,1,2,2.0
580319983676313601,2015-03-24T10:47:20+00:00,2015-03-24T11:10:12+00:00,1372.0,4,1,3,684.0,935.3333333333334,0.002186588921282799,0.1749271137026239,3,1,1.0
580319999887347712,2015-03-24T10:47:24+00:00,2015-03-24T22:09:04+00:00,40900.0,33,1,32,66.0,11767.5,0.0007823960880195599,0.04841075794621027,9,13,2.0
580320161082830848,2015-03-24T10:48:02+00:00,2015-03-24T11:58:19+00:00,4217.0,5,1,4,157.0,2099.25,0.0009485416172634575,0.07114062129475932,1,4,4.0
580320242020290560,2015-03-24T10:48:22+00:00,2015-03-24T10:53:26+00:00,304.0,3,1,2,90.0,197.0,0.006578947368421052,0.5921052631578948,1,2,2.0
580320267777511425,2015-03-24T10:48:28+00:00,2015-03-24T11:05:16+00:00,1008.0,24,1,23,64.0,354.5652173913044,0.022817460317460316,1.4285714285714286,5,16,3.2857142857142856
580320329203093504,2015-03-24T10:48:42+00:00,2015-03-24T10:53:53+00:00,311.0,4,1,3,73.0,184.66666666666666,0.00964630225080386,0.7717041800643086,1,3,3.0
580320563891019776,2015-03-24T10:49:38+00:00,2015-03-24T11:52:09+00:00,3751.0,9,1,8,135.0,930.5,0.0021327645961077045,0.14396161023727005,4,5,2.0
580320612155060224,2015-03-24T10:49:50+00:00,2015-03-26T16:41:31+00:00,193901.0,77,1,76,21.0,70387.19736842105,0.00039195259436516574,0.023826591920619283,19,13,1.7674418604651163
580320645906632704,2015-03-24T10:49:58+00:00,2015-03-25T11:24:39+00:00,88481.0,23,1,22,129.0,9023.0,0.0002486409511646568,0.015596568754873927,3,16,3.6666666666666665
580320684305416192,2015-03-24T10:50:07+00:00,2015-03-24T15:44:38+00:00,17671.0,5,1,4,111.0,5008.0,0.00022635957218040858,0.016976967913530646,1,4,4.0
580320745974288384,2015-03-24T10:50:22+00:00,2015-03-24T11:39:48+00:00,2966.0,35,1,34,40.0,1160.6764705882354,0.011463250168577209,0.7080242751180041,7,18,4.25
580320825351471104,2015-03-24T10:50:41+00:00,2015-03-24T21:03:57+00:00,36796.0,11,1,10,23.0,6015.4,0.00027176867050766385,0.017936732253505817,2,9,5.0
580320856561209344,2015-03-24T10:50:48+00:00,2015-03-24T11:47:57+00:00,3429.0,2,1,1,3429.0,3429.0,0.00029163021289005544,0.03499562554680665,1,1,1.0
580320856905269248,2015-03-24T10:50:48+00:00,2015-03-24T11:00:30+00:00,582.0,3,1,2,474.0,528.0,0.003436426116838488,0.30927835051546393,1,2,2.0
580320890086383616,2015-03-24T10:50:56+00:00,2015-03-24T13:02:10+00:00,7874.0,30,1,29,507.0,3470.0689655172414,0.003683007366014732,0.22860045720091443,19,2,1.173913043478261
580320893668364288,2015-03-24T10:50:57+00:00,2015-03-24T11:10:17+00:00,1160.0,6,1,5,202.0,468.4,0.004310344827586207,0.3103448275862069,2,4,2.5
580320945740480512,2015-03-24T10:51:09+00:00,2015-03-24T13:10:57+00:00,8388.0,9,1,8,155.0,2931.875,0.0009537434430138292,0.06437768240343347,1,8,8.0
580320964875014145,2015-03-24T10:51:14+00:00,2015-03-26T12:25:51+00:00,178477.0,15,1,14,160.0,18684.785714285714,7.844147985454708e-05,0.005042666562078027,1,14,14.0
580320995266936832,2015-03-24T10:51:21+00:00,2015-03-24T10:51:21+00:00,0.0,1,1,0,0.0,0.0,0.0,0.0,0,0,0.0
580321156508577792,2015-03-24T10:52:00+00:00,2015-03-24T12:02:38+00:00,4238.0,3,1,2,1022.0,2630.0,0.00047192071731949034,0.042472864558754125,1,2,2.0
580321169271877632,2015-03-24T10:52:03+00:00,2015-03-24T10:55:24+00:00,201.0,2,1,1,201.0,201.0,0.004975124378109453,0.5970149253731343,1,1,1.0
580321203757387776,2015-03-24T10:52:11+00:00,2015-03-24T11:04:44+00:00,753.0,2,1,1,753.0,753.0,0.0013280212483399733,0.1593625498007968,1,1,1.0
580321317527879680,2015-03-24T10:52:38+00:00,2015-03-24T10:52:38+00:00,0.0,1,1,0,0.0,0.0,0.0,0.0,0,0,0.0
580321327845765120,2015-03-24T10:52:41+00:00,2015-03-24T16:19:44+00:00,19623.0,2,1,1,19623.0,19623.0,5.096060745044081e-05,0.0061152728940528965,1,1,1.0
580321350750990336,2015-03-24T10:52:46+00:00,2015-03-24T14:44:22+00:00,13896.0,2,1,1,13896.0,13896.0,7.196315486470927e-05,0.008635578583765112,1,1,1.0
580321372703985664,2015-03-24T10:52:51+00:00,2015-03-24T11:18:27+00:00,1536.0,5,1,4,191.0,731.0,0.0026041666666666665,0.1953125,1,4,4.0
580321844089212928,2015-03-24T10:54:44+00:00,2015-03-26T00:39:59+00:00,135915.0,19,1,18,65.0,10146.833333333334,0.00013243571349740648,0.008387595188169077,2,15,6.0
580321925265788928,2015-03-24T10:55:03+00:00,2015-03-24T10:55:03+00:00,0.0,1,1,0,0.0,0.0,0.0,0.0,0,0,0.0
580321948070240256,2015-03-24T10:55:08+00:00,2015-03-26T12:44:47+00:00,179379.0,34,1,33,57.0,8182.030303030303,0.00018396802301272723,0.011372568695332229,8,10,1.8333333333333333
580322005280493568,2015-03-24T10:55:22+00:00,2015-03-24T10:55:22+00:00,0.0,1,1,0,0.0,0.0,0.0,0.0,0,0,0.0
580322026029654018,2015-03-24T10:55:27+00:00,2015-03-24T11:37:14+00:00,2507.0,2,1,1,2507.0,2507.0,0.00039888312724371757,0.04786597526924611,1,1,1.0
580322066374721537,2015-03-24T10:55:37+00:00,2015-03-24T15:43:51+00:00,17294.0,8,1,7,727.0,5380.0,0.0004047646582629814,0.02775529085231872,1,7,7.0
580322102307373056,2015-03-24T10:55:45+00:00,2015-03-24T13:02:43+00:00,7618.0,4,1,3,317.0,4830.333333333333,0.00039380414807035967,0.03150433184562877,1,3,3.0
580322332348190720,2015-03-24T10:56:40+00:00,2015-03-26T13:46:25+00:00,182985.0,16,1,15,70.0,29586.866666666665,8.197393228953193e-05,0.005246331666530044,6,4,1.6666666666666667
580322346508124160,2015-03-24T10:56:43+00:00,2015-03-26T00:42:04+00:00,135921.0,14,1,13,98.0,17160.76923076923,9.564379308568948e-05,0.006180060476306089,1,13,13.0
580322349569994752,2015-03-24T10:56:44+00:00,2015-03-24T11:37:30+00:00,2446.0,2,1,1,2446.0,2446.0,0.0004088307440719542,0.04905968928863451,1,1,1.0
580322453928431617,2015-03-24T10:57:09+00:00,2015-03-26T22:21:55+00:00,213886.0,3,1,2,16298.0,115092.0,9.350775646839905e-06,0.0008415698082155915,1,2,2.0
580322653472493569,2015-03-24T10:57:57+00:00,2015-03-24T11:12:11+00:00,854.0,2,1,1,854.0,854.0,0.00117096018735363,0.14051522248243561,1,1,1.0
580322782392762368,2015-03-24T10:58:27+00:00,2015-03-24T10:58:27+00:00,0.0,1,1,0,0.0,0.0,0.0,0.0,0,0,0.0
580322927679279105,2015-03-24T10:59:02+00:00,2015-03-25T17:58:03+00:00,111541.0,21,1,20,784.0,39227.95,0.00017930626406433508,0.011296294636053111,3,15,5.0
580323060533764097,2015-03-24T10:59:34+00:00,2015-03-24T11:03:02+00:00,208.0,3,1,2,156.0,182.0,0.009615384615384616,0.8653846153846153,2,1,1.0
580323152103911424,2015-03-24T10:59:56+00:00,2015-03-24T11:05:10+00:00,314.0,4,1,3,173.0,241.66666666666666,0.009554140127388535,0.7643312101910827,1,3,3.0
580323165068509184,2015-03-24T10:59:59+00:00,2015-03-24T12:10:12+00:00,4213.0,10,1,9,91.0,1093.3333333333333,0.002136244956088298,0.14241633040588653,3,5,1.8
580323315614543873,2015-03-24T11:00:34+00:00,2015-03-24T11:00:34+00:00,0.0,1,1,0,0.0,0.0,0.0,0.0,0,0,0.0
580323456996282369,2015-03-24T11:01:08+00:00,2015-03-25T06:15:39+00:00,69271.0,2,1,1,69271.0,69271.0,1.4436055492197313e-05,0.0017323266590636775,1,1,1.0
580323498905702400,2015-03-24T11:01:18+00:00,2015-03-24T12:31:26+00:00,5408.0,24,1,23,51.0,1981.0434782608695,0.004252958579881657,0.2662721893491124,4,16,3.8333333333333335
580323815261016064,2015-03-24T11:02:34+00:00,2015-03-24T13:52:43+00:00,10209.0,4,1,3,82.0,4316.666666666667,0.0002938583602703497,0.023508668821627974,1,3,3.0
580323877429112832,2015-03-24T11:02:48+00:00,2015-03-24T22:40:07+00:00,41839.0,4,1,3,613.0,14393.666666666666,7.170343459451707e-05,0.005736274767561366,2,2,1.5
580323946899214336,2015-03-24T11:03:05+00:00,2015-03-24T11:03:05+00:00,0.0,1,1,0,0.0,0.0,0.0,0.0,0,0,0.0
580323992843718656,2015-03-24T11:03:16+00:00,2015-03-24T13:06:01+00:00,7365.0,6,1,5,103.0,1740.2,0.0006788866259334691,0.048879837067209775,1,5,5.0
580324027715063808,2015-03-24T11:03:24+00:00,2015-03-24T12:26:31+00:00,4987.0,4,1,3,922.0,2717.3333333333335,0.00060156406657309,0.04812512532584721,1,3,3.0
580324338865430528,2015-03-24T11:04:38+00:00,2015-03-24T15:04:54+00:00,14416.0,18,1,17,70.0,2186.764705882353,0.0011792452830188679,0.07491675915649278,2,16,8.5
580324697415360512,2015-03-24T11:06:04+00:00,2015-03-24T11:09:13+00:00,189.0,2,1,1,189.0,189.0,0.005291005291005291,0.6349206349206349,1,1,1.0
580324721381740544,2015-03-24T11:06:10+00:00,2015-03-24T12:26:04+00:00,4794.0,4,1,3,439.0,2201.6666666666665,0.0006257822277847309,0.05006257822277847,2,2,1.5
580324804403818496,2015-03-24T11:06:29+00:00,2015-03-24T15:17:46+00:00,15077.0,18,1,17,165.0,9557.470588235294,0.0011275452676261855,0.07163228759036944,9,6,1.5454545454545454
580324933525467136,2015-03-24T11:07:00+00:00,2015-03-24T11:46:02+00:00,2342.0,2,1,1,2342.0,2342.0,0.0004269854824935952,0.05123825789923143,1,1,1.0
580324985148932097,2015-03-24T11:07:13+00:00,2015-03-24T11:07:13+00:00,0.0,1,1,0,0.0,0.0,0.0,0.0,0,0,0.0
580325043705667586,2015-03-24T11:07:26+00:00,2015-03-24T12:02:33+00:00,3307.0,5,1,4,121.0,1520.25,0.0012095554883580285,0.09071666162685213,1,4,4.0
580325090367315968,2015-03-24T11:07:38+00:00,2015-03-26T21:02:54+00:00,208516.0,53,1,52,38.0,83332.34615384616,0.00024938134243894955,0.015250628249151143,19,6,1.826086956521739
580325235653799936,2015-03-24T11:08:12+00:00,2015-03-24T13:49:59+00:00,9707.0,7,1,6,74.0,1860.0,0.0006181106418048831,0.04326774492634181,1,6,6.0
580325243631321088,2015-03-24T11:08:14+00:00,2015-03-24T11:13:13+00:00,299.0,4,1,3,90.0,222.0,0.010033444816053512,0.802675585284281,1,3,3.0
580325458870460416,2015-03-24T11:09:05+00:00,2015-03-24T11:33:34+00:00,1469.0,9,1,8,26.0,554.0,0.005445881552076242,0.36759700476514634,1,8,8.0
580325486477357056,2015-03-24T11:09:12+00:00,2015-03-24T14:42:28+00:00,12796.0,18,1,17,131.0,2282.4117647058824,0.0013285401688027509,0.08440137542982182,2,16,8.5
580325714567806976,2015-03-24T11:10:06+00:00,2015-03-24T12:10:00+00:00,3594.0,4,1,3,198.0,1381.0,0.0008347245409015025,0.0667779632721202,1,3,3.0
580325799078793216,2015-03-24T11:10:27+00:00,2015-03-24T19:21:44+00:00,29477.0,38,1,37,34.0,3861.3513513513512,0.001255215931064898,0.07734844115751263,8,10,1.85
580326012749221890,2015-03-24T11:11:18+00:00,2015-03-26T00:34:29+00:00,134591.0,13,1,12,108.0,16558.5,8.915900766024474e-05,0.005795335497915908,1,12,12.0
580326045238333441,2015-03-24T11:11:25+00:00,2015-03-24T11:15:43+00:00,258.0,3,1,2,178.0,218.0,0.007751937984496124,0.6976744186046512,1,2,2.0
580326073776357376,2015-03-24T11:11:32+00:00,2015-03-24T11:38:48+00:00,1636.0,6,1,5,275.0,602.6,0.003056234718826406,0.22004889975550124,2,3,2.0
580326111311171584,2015-03-24T11:11:41+00:00,2015-03-24T15:27:17+00:00,15336.0,9,1,8,55.0,2690.5,0.0005216484089723526,0.035211267605633804,2,7,4.0
580326222107951104,2015-03-24T11:12:07+00:00,2015-04-01T20:12:15+00:00,723608.0,12,1,11,366.0,120726.27272727272,1.5201600866767643e-05,0.0009950138749157003,1,11,11.0
580326370640818176,2015-03-24T11:12:43+00:00,2015-03-24T12:13:45+00:00,3662.0,35,1,34,48.0,1415.2941176470588,0.009284543965046422,0.5734571272528673,7,11,2.2666666666666666
580326398620934144,2015-03-24T11:12:50+00:00,2015-03-24T15:47:23+00:00,16473.0,23,1,22,242.0,6438.136363636364,0.001335518727614885,0.08377344745947915,6,9,1.6923076923076923
580326473803767808,2015-03-24T11:13:07+00:00,2015-03-24T16:02:31+00:00,17364.0,2,1,1,17364.0,17364.0,5.759041695461875e-05,0.006910850034554251,1,1,1.0
580326744357515264,2015-03-24T11:14:12+00:00,2015-03-24T13:22:43+00:00,7711.0,29,1,28,130.0,1169.142857142857,0.00363117624173259,0.2256516664505252,9,5,1.5555555555555556
580326762673901568,2015-03-24T11:14:16+00:00,2015-03-24T11:14:16+00:00,0.0,1,1,0,0.0,0.0,0.0,0.0,0,0,0.0
580326807704088576,2015-03-24T11:14:27+00:00,2015-03-24T18:02:19+00:00,24472.0,22,1,21,43.0,7668.571428571428,0.0008581235697940503,0.05393919581562602,2,17,10.5
580326871302316033,2015-03-24T11:14:42+00:00,2015-03-24T12:21:19+00:00,3997.0,3,1,2,1339.0,2668.0,0.0005003752814610958,0.045033775331498625,1,2,2.0
580326978546495488,2015-03-24T11:15:08+00:00,2015-03-24T11:58:16+00:00,2588.0,21,1,20,40.0,748.6,0.0077279752704791345,0.4868624420401855,4,16,5.0
580327058158551041,2015-03-24T11:15:27+00:00,2015-03-24T19:50:32+00:00,30905.0,13,1,12,182.0,11986.166666666666,0.0003882866850024268,0.02523863452515774,4,7,2.4
580327197921120256,2015-03-24T11:16:00+00:00,2015-03-24T11:42:03+00:00,1563.0,3,1,2,1125.0,1344.0,0.0012795905310300703,0.11516314779270632,1,2,2.0
580327336505176064,2015-03-24T11:16:33+00:00,2015-03-24T14:42:15+00:00,12342.0,16,1,15,27.0,1725.2,0.0012153621779290229,0.07778317938745746,1,15,15.0
580327418084364288,2015-03-24T11:16:53+00:00,2015-03-25T13:13:06+00:00,93373.0,2,1,1,93373.0,93373.0,1.070973407730286e-05,0.0012851680892763432,0,0,0.0
580327576218046464,2015-03-24T11:17:30+00:00,2015-03-24T16:35:47+00:00,19097.0,16,1,15,627.0,3430.733333333333,0.0007854636853956119,0.050269675865319156,6,5,1.6666666666666667
580327611760545792,2015-03-24T11:17:39+00:00,2015-03-24T21:39:35+00:00,37316.0,13,1,12,28.0,4434.166666666667,0.0003215778754421696,0.020902561903741023,3,9,4.0
580327625626927104,2015-03-24T11:17:42+00:00,2015-03-25T12:54:46+00:00,92224.0,9,1,8,322.0,13782.375,8.674531575294934e-05,0.005855308813324081,1,8,8.0
580327626419482624,2015-03-24T11:17:42+00:00,2015-03-24T11:17:42+00:00,0.0,1,1,0,0.0,0.0,0.0,0.0,0,0,0.0
580327692765151232,2015-03-24T11:17:58+00:00,2015-03-24T17:26:55+00:00,22137.0,4,1,3,85.0,8049.666666666667,0.0001355197181189863,0.010841577449518905,1,3,3.0
580327924978569216,2015-03-24T11:18:53+00:00,2015-03-24T11:18:53+00:00,0.0,1,1,0,0.0,0.0,0.0,0.0,0,0,0.0
580327960638521344,2015-03-24T11:19:02+00:00,2015-03-24T21:36:20+00:00,37038.0,4,1,3,519.0,12695.666666666666,8.099789405475457e-05,0.0064798315243803665,1,3,3.0
580328000400564225,2015-03-24T11:19:11+00:00,2015-03-24T12:01:52+00:00,2561.0,7,1,6,87.0,614.8333333333334,0.0023428348301444747,0.16399843811011325,1,6,6.0
580328029852856320,2015-03-24T11:19:18+00:00,2015-03-26T06:25:53+00:00,155195.0,9,1,8,72.0,19960.75,5.1548052450143365e-05,0.0034794935403846773,2,6,2.6666666666666665
580328132932022272,2015-03-24T11:19:43+00:00,2015-03-24T11:36:10+00:00,987.0,5,1,4,32.0,285.75,0.004052684903748734,0.303951367781155,3,2,1.3333333333333333
580328198564651008,2015-03-24T11:19:59+00:00,2015-03-24T11:19:59+00:00,0.0,1,1,0,0.0,0.0,0.0,0.0,0,0,0.0
580328297462140928,2015-03-24T11:20:22+00:00,2015-03-24T11:34:21+00:00,839.0,3,1,2,228.0,533.5,0.0023837902264600714,0.21454112038140644,1,2,2.0
580328302939889664,2015-03-24T11:20:24+00:00,2015-03-26T08:44:21+00:00,163437.0,3,1,2,125.0,81781.0,1.223713112697859e-05,0.0011013418014280732,1,2,2.0
580328463585841153,2015-03-24T11:21:02+00:00,2015-03-24T11:57:05+00:00,2163.0,4,1,3,104.0,855.0,0.0013869625520110957,0.11095700416088766,1,3,3.0
580328535790907392,2015-03-24T11:21:19+00:00,2015-03-24T11:21:19+00:00,0.0,1,1,0,0.0,0.0,0.0,0.0,0,0,0.0
580328565255852032,2015-03-24T11:21:26+00:00,2015-03-24T11:21:26+00:00,0.0,1,1,0,0.0,0.0,0.0,0.0,0,0,0.0
580328582993616896,2015-03-24T11:21:30+00:00,2015-03-24T11:21:30+00:00,0.0,1,1,0,0.0,0.0,0.0,0.0,0,0,0.0
580328617713897472,2015-03-24T11:21:39+00:00,2015-03-24T11:21:39+00:00,0.0,1,1,0,0.0,0.0,0.0,0.0,0,0,0.0
580328708675887104,2015-03-24T11:22:00+00:00,2015-03-24T15:42:09+00:00,15609.0,3,1,2,1172.0,8390.5,0.00012813120635530784,0.011531808571977706,1,2,2.0
580328783619579904,2015-03-24T11:22:18+00:00,2015-03-24T11:22:18+00:00,0.0,1,1,0,0.0,0.0,0.0,0.0,0,0,0.0
580328848774045696,2015-03-24T11:22:34+00:00,2015-03-24T11:26:14+00:00,220.0,2,1,1,220.0,220.0,0.004545454545454545,0.5454545454545455,1,1,1.0
580329096024047616,2015-03-24T11:23:33+00:00,2015-03-24T16:09:04+00:00,17131.0,14,1,13,31.0,1863.5384615384614,0.0007588582102620979,0.04903391512462787,1,13,13.0
580329111064686592,2015-03-24T11:23:36+00:00,2015-03-24T15:42:15+00:00,15519.0,10,1,9,66.0,2683.5555555555557,0.0005799342741156003,0.03866228494104002,1,9,9.0
580329153553141760,2015-03-24T11:23:46+00:00,2015-03-24T11:37:13+00:00,807.0,4,1,3,83.0,528.3333333333334,0.0037174721189591076,0.29739776951672864,2,2,1.5
580329206158127104,2015-03-24T11:23:59+00:00,2015-03-24T11:44:10+00:00,1211.0,5,1,4,47.0,508.25,0.0033030553261767133,0.2477291494632535,1,4,4.0
580329219646988289,2015-03-24T11:24:02+00:00,2015-03-24T12:01:30+00:00,2248.0,5,1,4,82.0,1264.75,0.0017793594306049821,0.13345195729537365,1,4,4.0
580329265251536896,2015-03-24T11:24:13+00:00,2015-03-24T11:24:13+00:00,0.0,1,1,0,0.0,0.0,0.0,0.0,0,0,0.0
580329455173967872,2015-03-24T11:24:58+00:00,2015-03-29T10:26:25+00:00,428487.0,3,1,2,428419.0,428453.0,4.667586181144352e-06,0.0004200827563029917,1,2,2.0
580329560350183424,2015-03-24T11:25:23+00:00,2015-03-24T11:25:23+00:00,0.0,1,1,0,0.0,0.0,0.0,0.0,0,0,0.0
580329747416113152,2015-03-24T11:26:08+00:00,2015-03-24T11:28:02+00:00,114.0,2,1,1,114.0,114.0,0.008771929824561403,1.0526315789473684,1,1,1.0
580329796527366144,2015-03-24T11:26:20+00:00,2015-03-24T11:26:20+00:00,0.0,1,1,0,0.0,0.0,0.0,0.0,0,0,0.0
580329875891974145,2015-03-24T11:26:39+00:00,2015-03-24T11:43:38+00:00,1019.0,2,1,1,1019.0,1019.0,0.0009813542688910696,0.11776251226692835,1,1,1.0
580329886532968448,2015-03-24T11:26:41+00:00,2015-03-24T12:34:48+00:00,4087.0,2,1,1,4087.0,4087.0,0.00024467824810374357,0.02936138977244923,1,1,1.0
580329935601958912,2015-03-24T11:26:53+00:00,2015-03-24T11:26:53+00:00,0.0,1,1,0,0.0,0.0,0.0,0.0,0,0,0.0
580329937573302272,2015-03-24T11:26:53+00:00,2015-03-24T11:28:28+00:00,95.0,3,1,2,93.0,94.0,0.021052631578947368,1.8947368421052633,1,2,2.0
580330064384028673,2015-03-24T11:27:24+00:00,2015-03-25T17:26:05+00:00,107921.0,5,1,4,96.0,31941.25,3.706414877549318e-05,0.002779811158161989,1,4,4.0
580330078682353665,2015-03-24T11:27:27+00:00,2015-03-24T11:34:46+00:00,439.0,3,1,2,136.0,287.5,0.004555808656036446,0.4100227790432802,1,1,1.0
580330104846475264,2015-03-24T11:27:33+00:00,2015-03-25T00:39:53+00:00,47540.0,7,1,6,150.0,10479.5,0.00012620950778291965,0.008834665544804375,1,6,6.0
580330161725255681,2015-03-24T11:27:47+00:00,2015-03-24T11:27:47+00:00,0.0,1,1,0,0.0,0.0,0.0,0.0,0,0,0.0
580330302251393024,2015-03-24T11:28:20+00:00,2015-03-24T11:35:12+00:00,412.0,2,1,1,412.0,412.0,0.0024271844660194173,0.29126213592233013,1,1,1.0
580330362070540288,2015-03-24T11:28:34+00:00,2015-03-24T11:41:27+00:00,773.0,2,1,1,773.0,773.0,0.00129366106080207,0.1552393272962484,1,1,1.0
580330369603366913,2015-03-24T11:28:36+00:00,2015-03-24T11:41:23+00:00,767.0,2,1,1,767.0,767.0,0.001303780964797914,0.15645371577574968,1,1,1.0
580330441854435328,2015-03-24T11:28:54+00:00,2015-03-24T12:28:39+00:00,3585.0,11,1,10,56.0,624.8,0.002789400278940028,0.18410041841004185,1,10,10.0
580330454869512192,2015-03-24T11:28:57+00:00,2015-03-24T11:41:17+00:00,740.0,3,1,2,645.0,692.5,0.002702702702702703,0.24324324324324323,1,2,2.0
580330560331091968,2015-03-24T11:29:22+00:00,2015-03-24T11:43:34+00:00,852.0,6,1,5,116.0,570.6,0.005868544600938967,0.4225352112676057,1,5,5.0
580330591826128896,2015-03-24T11:29:29+00:00,2015-03-24T12:50:48+00:00,4879.0,19,1,18,20.0,1181.888888888889,0.0036892805902848944,0.23365443738470998,1,18,18.0
580330660537192448,2015-03-24T11:29:46+00:00,2015-03-24T12:18:51+00:00,2945.0,4,1,3,113.0,1855.0,0.0010186757215619694,0.08149405772495755,1,2,2.0
580330690807394304,2015-03-24T11:29:53+00:00,2015-03-24T11:29:53+00:00,0.0,1,1,0,0.0,0.0,0.0,0.0,0,0,0.0
580330721719508992,2015-03-24T11:30:00+00:00,2015-03-24T16:09:11+00:00,16751.0,4,1,3,296.0,5820.0,0.00017909378544564504,0.014327502835651602,2,2,1.5
580330740086243328,2015-03-24T11:30:05+00:00,2015-03-24T12:53:45+00:00,5020.0,6,1,5,625.0,2413.6,0.00099601593625498,0.07171314741035856,1,5,5.0
580330986220687360,2015-03-24T11:31:03+00:00,2015-03-24T11:34:51+00:00,228.0,2,1,1,228.0,228.0,0.0043859649122807015,0.5263157894736842,1,1,1.0
580331000573476865,2015-03-24T11:31:07+00:00,2015-03-24T13:39:11+00:00,7684.0,3,1,2,551.0,4117.5,0.0002602811035918792,0.02342529932326913,1,2,2.0
580331071457333248,2015-03-24T11:31:24+00:00,2015-03-30T17:29:15+00:00,539871.0,7,1,6,172.0,90354.33333333333,1.111376606633807e-05,0.0007779636246436648,1,6,6.0
580331121180844032,2015-03-24T11:31:35+00:00,2015-03-24T11:47:28+00:00,953.0,9,1,8,51.0,392.25,0.008394543546694649,0.5666316894018888,3,6,2.6666666666666665
580331132878618624,2015-03-24T11:31:38+00:00,2015-03-24T11:31:38+00:00,0.0,1,1,0,0.0,0.0,0.0,0.0,0,0,0.0
580331192316198912,2015-03-24T11:31:52+00:00,2015-03-25T02:38:22+00:00,54390.0,7,1,6,591.0,13584.666666666666,0.00011031439602868175,0.007722007722007722,1,6,6.0
580331255570530304,2015-03-24T11:32:08+00:00,2015-03-24T15:03:37+00:00,12689.0,2,1,1,12689.0,12689.0,7.880841673890771e-05,0.009457010008668927,1,1,1.0
580331308146118656,2015-03-24T11:32:20+00:00,2015-03-24T11:32:20+00:00,0.0,1,1,0,0.0,0.0,0.0,0.0,0,0,0.0
580331347752914944,2015-03-24T11:32:29+00:00,2015-03-24T13:17:43+00:00,6314.0,2,1,1,6314.0,6314.0,0.00015837820715869496,0.019005384859043396,1,1,1.0
580331453889708032,2015-03-24T11:32:55+00:00,2015-03-24T11:32:55+00:00,0.0,1,1,0,0.0,0.0,0.0,0.0,0,0,0.0
580331527675998208,2015-03-24T11:33:12+00:00,2015-03-24T12:48:16+00:00,4504.0,11,1,10,70.0,1333.7,0.002220248667850799,0.14653641207815277,2,7,3.3333333333333335
580331561398108160,2015-03-24T11:33:20+00:00,2015-03-24T14:08:13+00:00,9293.0,15,1,14,106.0,2004.4285714285713,0.0015065102765522435,0.09684708920692996,4,9,2.3333333333333335
580331677899202560,2015-03-24T11:33:48+00:00,2015-03-24T11:56:29+00:00,1361.0,2,1,1,1361.0,1361.0,0.0007347538574577516,0.0881704628949302,1,1,1.0
580331706860871680,2015-03-24T11:33:55+00:00,2015-03-24T15:12:15+00:00,13100.0,6,1,5,181.0,4591.2,0.0003816793893129771,0.02748091603053435,1,5,5.0
580331843616133120,2015-03-24T11:34:28+00:00,2015-03-24T11:38:00+00:00,212.0,2,1,1,212.0,212.0,0.0047169811320754715,0.5660377358490566,1,1,1.0
580331913052852224,2015-03-24T11:34:44+00:00,2015-03-24T11:34:44+00:00,0.0,1,1,0,0.0,0.0,0.0,0.0,0,0,0.0
580331981130498048,2015-03-24T11:35:01+00:00,2015-03-24T11:35:01+00:00,0.0,1,1,0,0.0,0.0,0.0,0.0,0,0,0.0
580332109782466561,2015-03-24T11:35:31+00:00,2015-03-24T13:18:11+00:00,6160.0,10,1,9,55.0,1061.0,0.001461038961038961,0.0974025974025974,1,9,9.0
580332189155459072,2015-03-24T11:35:50+00:00,2015-03-24T11:35:50+00:00,0.0,1,1,0,0.0,0.0,0.0,0.0,0,0,0.0
580332232121933824,2015-03-24T11:36:00+00:00,2015-03-24T12:12:43+00:00,2203.0,3,1,2,867.0,1535.0,0.0009078529278256923,0.0817067635043123,1,2,2.0
580332255693942784,2015-03-24T11:36:06+00:00,2015-03-24T11:36:06+00:00,0.0,1,1,0,0.0,0.0,0.0,0.0,0,0,0.0
580332296336732160,2015-03-24T11:36:16+00:00,2015-03-29T10:27:16+00:00,427860.0,7,1,6,512.0,93020.0,1.4023278642546627e-05,0.000981629504978264,2,5,3.0
580332312354693120,2015-03-24T11:36:19+00:00,2015-03-24T11:41:22+00:00,303.0,2,1,1,303.0,303.0,0.0033003300330033004,0.39603960396039606,1,1,1.0
580332380436709377,2015-03-24T11:36:36+00:00,2015-03-24T11:49:49+00:00,793.0,2,1,1,793.0,793.0,0.0012610340479192938,0.15132408575031525,1,1,1.0
580332410853789696,2015-03-24T11:36:43+00:00,2015-03-24T14:43:03+00:00,11180.0,7,1,6,2095.0,4454.666666666667,0.0005366726296958855,0.03756708407871198,1,6,6.0
580332451353985025,2015-03-24T11:36:53+00:00,2015-03-24T11:43:00+00:00,367.0,8,1,7,90.0,239.85714285714286,0.01907356948228883,1.3079019073569482,2,5,3.5
580332485030125568,2015-03-24T11:37:01+00:00,2015-03-24T11:52:10+00:00,909.0,2,1,1,909.0,909.0,0.0011001100110011,0.132013201320132,1,1,1.0
580332532694122497,2015-03-24T11:37:12+00:00,2015-03-24T19:08:04+00:00,27052.0,3,1,2,6733.0,16892.5,7.39316871211001e-05,0.006653851840899009,1,2,2.0
580332684905431040,2015-03-24T11:37:48+00:00,2015-03-24T11:37:48+00:00,0.0,1,1,0,0.0,0.0,0.0,0.0,0,0,0.0
580332832544976896,2015-03-24T11:38:23+00:00,2015-03-24T12:04:41+00:00,1578.0,5,1,4,36.0,844.75,0.0025348542458808617,0.19011406844106463,1,3,3.0
580332876081811456,2015-03-24T11:38:34+00:00,2015-03-24T22:17:33+00:00,38339.0,30,1,29,177.0,5625.689655172414,0.0007564099220115287,0.04694958136623282,7,13,2.0714285714285716
580332903986524160,2015-03-24T11:38:41+00:00,2015-03-24T12:18:07+00:00,2366.0,4,1,3,146.0,1545.0,0.001267962806424345,0.1014370245139476,1,3,3.0
580332990867349504,2015-03-24T11:39:01+00:00,2015-03-24T13:24:37+00:00,6336.0,2,1,1,6336.0,6336.0,0.00015782828282828284,0.01893939393939394,1,1,1.0
580333028624457728,2015-03-24T11:39:10+00:00,2015-03-24T11:39:10+00:00,0.0,1,1,0,0.0,0.0,0.0,0.0,0,0,0.0
580333314415919104,2015-03-24T11:40:18+00:00,2015-03-24T14:47:29+00:00,11231.0,7,1,6,92.0,3524.6666666666665,0.0005342355978986733,0.03739649185290713,3,4,2.0
580333728762896384,2015-03-24T11:41:57+00:00,2015-03-24T14:07:09+00:00,8712.0,26,1,25,133.0,1667.52,0.002869605142332415,0.1790633608815427,5,14,2.5
580333759125458944,2015-03-24T11:42:04+00:00,2015-03-24T15:11:43+00:00,12579.0,5,1,4,143.0,3390.0,0.0003179903012958105,0.023849272597185785,1,4,4.0
580333763512705025,2015-03-24T11:42:05+00:00,2015-03-25T18:55:53+00:00,112428.0,25,1,24,26.0,6248.041666666667,0.00021346995410395986,0.013341872131497493,2,14,8.0
580333827425439745,2015-03-24T11:42:21+00:00,2015-03-24T22:05:07+00:00,37366.0,19,1,18,412.0,6227.333333333333,0.0004817213509607665,0.030509018894181877,2,17,9.0
580333881687195648,2015-03-24T11:42:34+00:00,2015-03-24T15:20:51+00:00,13097.0,11,1,10,143.0,4346.8,0.0007635336336565626,0.05039321982133313,3,6,2.0
580333904126742528,2015-03-24T11:42:39+00:00,2015-03-24T12:34:54+00:00,3135.0,19,1,18,115.0,1060.3333333333333,0.005741626794258373,0.36363636363636365,2,17,9.0
580333906597167104,2015-03-24T11:42:40+00:00,2015-03-24T11:48:54+00:00,374.0,2,1,1,374.0,374.0,0.00267379679144385,0.32085561497326204,1,1,1.0
580333909008871424,2015-03-24T11:42:40+00:00,2015-03-24T21:47:34+00:00,36294.0,5,1,4,813.0,10169.25,0.00011021105416873313,0.008265829062654984,1,4,4.0
580333915275165696,2015-03-24T11:42:42+00:00,2015-03-24T11:42:42+00:00,0.0,1,1,0,0.0,0.0,0.0,0.0,0,0,0.0
580333946271113216,2015-03-24T11:42:49+00:00,2015-03-24T12:52:01+00:00,4152.0,5,1,4,565.0,2225.75,0.0009633911368015414,0.0722543352601156,1,4,4.0
580334199187644416,2015-03-24T11:43:49+00:00,2015-03-25T02:50:16+00:00,54387.0,5,1,4,209.0,16394.25,7.354698733153144e-05,0.0055160240498648575,1,4,4.0
580334309422161920,2015-03-24T11:44:16+00:00,2015-03-25T00:25:33+00:00,45677.0,25,1,24,4.0,3363.9166666666665,0.0005254285526632659,0.03283928454145413,7,18,3.4285714285714284
580334563932549120,2015-03-24T11:45:16+00:00,2015-03-24T11:49:45+00:00,269.0,2,1,1,269.0,269.0,0.0037174721189591076,0.44609665427509293,1,1,1.0
580334678340558849,2015-03-24T11:45:44+00:00,2015-03-25T05:12:18+00:00,62794.0,26,1,25,704.0,5007.84,0.00039812720960601334,0.024843137879415233,5,11,1.7857142857142858
580334729678966784,2015-03-24T11:45:56+00:00,2015-03-25T01:03:09+00:00,47833.0,22,1,21,60.0,3352.809523809524,0.0004390274496686388,0.027596011122028724,3,16,4.2
580335102313500673,2015-03-24T11:47:25+00:00,2015-03-24T23:17:16+00:00,41391.0,4,1,3,1161.0,14913.333333333334,7.247952453431905e-05,0.005798361962745524,1,3,3.0
580335398683058176,2015-03-24T11:48:35+00:00,2015-03-24T13:19:45+00:00,5470.0,7,1,6,176.0,2170.8333333333335,0.0010968921389396709,0.07678244972577696,1,6,6.0
580335409202348032,2015-03-24T11:48:38+00:00,2015-03-25T22:21:49+00:00,124391.0,20,1,19,284.0,26316.736842105263,0.00015274416959426326,0.009647000184900837,3,12,2.7142857142857144
580335420703170561,2015-03-24T11:48:41+00:00,2015-03-30T15:02:17+00:00,530016.0,21,1,20,2374.0,146471.95,3.7734709895550325e-05,0.0023772867234196702,3,16,6.666666666666667
580335510280892416,2015-03-24T11:49:02+00:00,2015-03-24T11:49:02+00:00,0.0,1,1,0,0.0,0.0,0.0,0.0,0,0,0.0
580335545265627136,2015-03-24T11:49:10+00:00,2015-03-24T11:49:58+00:00,48.0,2,1,1,48.0,48.0,0.020833333333333332,2.5,1,1,1.0
580335578069209091,2015-03-24T11:49:18+00:00,2015-03-25T09:41:21+00:00,78723.0,7,1,6,130.0,13692.333333333334,7.621660759879578e-05,0.005335162531915704,1,6,6.0
580335608477982720,2015-03-24T11:49:25+00:00,2015-03-24T12:31:54+00:00,2549.0,5,1,4,328.0,922.25,0.001569242840329541,0.11769321302471557,2,3,2.0
580336069192843264,2015-03-24T11:51:15+00:00,2015-03-25T08:56:57+00:00,75942.0,19,1,18,1119.0,10402.111111111111,0.00023702299123014932,0.01501145611124279,4,8,4.5
580336127699087360,2015-03-24T11:51:29+00:00,2015-03-24T11:51:29+00:00,0.0,1,1,0,0.0,0.0,0.0,0.0,0,0,0.0
580336204186521600,2015-03-24T11:51:47+00:00,2015-03-24T11:51:47+00:00,0.0,1,1,0,0.0,0.0,0.0,0.0,0,0,0.0
580336326634962944,2015-03-24T11:52:17+00:00,2015-03-24T12:24:41+00:00,1944.0,17,1,16,95.0,541.3125,0.00823045267489712,0.5246913580246914,2,15,8.0
580336341080260608,2015-03-24T11:52:20+00:00,2015-03-24T11:56:53+00:00,273.0,3,1,2,170.0,221.5,0.007326007326007326,0.6593406593406593,1,2,2.0
580336348764065793,2015-03-24T11:52:22+00:00,2015-03-24T12:42:44+00:00,3022.0,2,1,1,3022.0,3022.0,0.00033090668431502316,0.039708802117802776,1,1,1.0
580336394184323072,2015-03-24T11:52:33+00:00,2015-03-24T11:54:59+00:00,146.0,2,1,1,146.0,146.0,0.00684931506849315,0.8219178082191781,1,1,1.0
580336528955691008,2015-03-24T11:53:05+00:00,2015-03-24T12:09:15+00:00,970.0,3,1,2,557.0,763.5,0.002061855670103093,0.18556701030927833,1,2,2.0
580336554406711297,2015-03-24T11:53:11+00:00,2015-03-24T12:18:37+00:00,1526.0,3,1,2,789.0,1157.5,0.001310615989515072,0.11795543905635648,1,2,2.0
580336568419921920,2015-03-24T11:53:14+00:00,2015-03-24T14:59:41+00:00,11187.0,11,1,10,372.0,6026.8,0.0008938946992044337,0.05899705014749263,1,3,3.0
580336661206331392,2015-03-24T11:53:36+00:00,2015-03-24T12:06:40+00:00,784.0,2,1,1,784.0,784.0,0.0012755102040816326,0.15306122448979592,1,1,1.0
580336766663540736,2015-03-24T11:54:01+00:00,2015-03-24T11:54:01+00:00,0.0,1,1,0,0.0,0.0,0.0,0.0,0,0,0.0
580336772128870400,2015-03-24T11:54:03+00:00,2015-03-24T16:35:45+00:00,16902.0,12,1,11,29.0,5511.0,0.0006508105549639096,0.042598509052183174,3,6,2.2
580336782782382081,2015-03-24T11:54:05+00:00,2015-03-24T12:53:13+00:00,3548.0,7,1,6,295.0,1323.6666666666667,0.0016910935738444193,0.11837655016910936,2,5,3.0
580336849534648320,2015-03-24T11:54:21+00:00,2015-03-24T12:43:11+00:00,2930.0,2,1,1,2930.0,2930.0,0.00034129692832764505,0.040955631399317405,1,1,1.0
580337178506584064,2015-03-24T11:55:40+00:00,2015-03-24T17:47:56+00:00,21136.0,3,1,2,77.0,10606.5,9.462528387585163e-05,0.008516275548826648,1,2,2.0
580337292838981633,2015-03-24T11:56:07+00:00,2015-03-24T15:45:24+00:00,13757.0,4,1,3,350.0,4894.333333333333,0.00021807080031983718,0.017445664025586973,1,3,3.0
580337320508919808,2015-03-24T11:56:14+00:00,2015-03-24T12:04:16+00:00,482.0,3,1,2,128.0,305.0,0.004149377593360996,0.37344398340248963,1,2,2.0
580337327677026304,2015-03-24T11:56:15+00:00,2015-03-25T05:33:25+00:00,63430.0,6,1,5,70.0,12953.8,7.882705344474224e-05,0.005675547848021441,1,5,5.0
580337418550775808,2015-03-24T11:56:37+00:00,2015-03-24T13:03:34+00:00,4017.0,10,1,9,80.0,905.5555555555555,0.0022404779686333084,0.14936519790888722,3,6,2.25
580337440738713600,2015-03-24T11:56:42+00:00,2015-03-24T22:37:19+00:00,38437.0,8,1,7,176.0,9473.285714285714,0.00018211619012930248,0.01248796732315217,1,7,7.0
580337446170320896,2015-03-24T11:56:43+00:00,2015-03-24T13:20:51+00:00,5048.0,4,1,3,2072.0,3632.3333333333335,0.0005942947702060222,0.04754358161648177,1,3,3.0
580337583508570112,2015-03-24T11:57:16+00:00,2015-03-24T12:00:57+00:00,221.0,2,1,1,221.0,221.0,0.004524886877828055,0.5429864253393666,1,1,1.0
580337826279124992,2015-03-24T11:58:14+00:00,2015-03-25T10:14:09+00:00,80155.0,9,1,8,463.0,16115.125,9.980662466471211e-05,0.006736947164868068,2,7,4.0
580337831253581824,2015-03-24T11:58:15+00:00,2015-03-24T11:58:15+00:00,0.0,1,1,0,0.0,0.0,0.0,0.0,0,0,0.0
580337873691533313,2015-03-24T11:58:25+00:00,2015-03-25T12:55:37+00:00,89832.0,4,1,3,946.0,33549.0,3.339567192091905e-05,0.0026716537536735237,1,3,3.0
580338165824667649,2015-03-24T11:59:35+00:00,2015-03-24T12:13:28+00:00,833.0,2,1,1,833.0,833.0,0.0012004801920768306,0.14405762304921968,1,1,1.0
580338189904285697,2015-03-24T11:59:41+00:00,2015-03-24T13:52:24+00:00,6763.0,6,1,5,256.0,1686.8,0.0007393168712110011,0.05323081472719207,3,3,1.6666666666666667
580338194731962368,2015-03-24T11:59:42+00:00,2015-03-24T23:41:34+00:00,42112.0,5,1,4,1678.0,12119.0,9.498480243161094e-05,0.007123860182370821,1,4,4.0
580338392782757888,2015-03-24T12:00:29+00:00,2015-03-24T12:21:36+00:00,1267.0,3,1,2,143.0,705.0,0.0015785319652722968,0.1420678768745067,1,2,2.0
580338546856235009,2015-03-24T12:01:06+00:00,2015-03-24T12:01:06+00:00,0.0,1,1,0,0.0,0.0,0.0,0.0,0,0,0.0
580339310299340800,2015-03-24T12:04:08+00:00,2015-03-24T14:50:44+00:00,9996.0,23,1,22,71.0,2855.3636363636365,0.0022008803521408565,0.13805522208883553,2,18,4.4
580339510883561472,2015-03-24T12:04:56+00:00,2015-03-25T08:05:04+00:00,72008.0,17,1,16,244.0,6566.875,0.00022219753360737697,0.01416509276747028,3,12,3.75
580339547269144576,2015-03-24T12:05:04+00:00,2015-03-24T15:36:44+00:00,12700.0,15,1,14,113.0,1878.5714285714287,0.0011023622047244095,0.07086614173228346,1,14,14.0
580339662096605184,2015-03-24T12:05:32+00:00,2015-03-24T13:34:01+00:00,5309.0,11,1,10,129.0,959.7,0.0018835938971557733,0.12431719721228103,2,7,4.5
580339793122447361,2015-03-24T12:06:03+00:00,2015-03-25T04:29:26+00:00,59003.0,2,1,1,59003.0,59003.0,1.6948290764876363e-05,0.0020337948917851633,1,1,1.0
580339825649291264,2015-03-24T12:06:11+00:00,2015-03-24T17:16:39+00:00,18628.0,11,1,10,68.0,3130.9,0.0005368262830148165,0.03543053467897789,2,9,5.0
580340024736116736,2015-03-24T12:06:58+00:00,2015-03-24T14:55:59+00:00,10141.0,36,1,35,15.0,1797.057142857143,0.003451336160141998,0.21299674588304898,13,14,2.3333333333333335
580340423044018176,2015-03-24T12:08:33+00:00,2015-03-24T13:43:21+00:00,5688.0,11,1,10,39.0,1674.0,0.0017580872011251757,0.1160337552742616,1,10,10.0
580340476949086208,2015-03-24T12:08:46+00:00,2015-03-25T10:20:08+00:00,79882.0,20,1,19,211.0,10609.631578947368,0.00023785082997421195,0.01502215768258181,2,17,6.333333333333333
580341214098137089,2015-03-24T12:11:42+00:00,2015-03-24T17:09:10+00:00,17848.0,20,1,19,72.0,2997.4210526315787,0.0010645450470640968,0.06723442402510085,1,19,19.0
580342401392312321,2015-03-24T12:16:25+00:00,2015-03-24T13:06:25+00:00,3000.0,5,1,4,46.0,950.75,0.0013333333333333333,0.1,1,4,4.0
580342519516512256,2015-03-24T12:16:53+00:00,2015-03-25T10:05:33+00:00,78520.0,28,1,27,198.0,18035.925925925927,0.00034386143657666836,0.02139582272032603,7,15,2.4545454545454546
580342670511472640,2015-03-24T12:17:29+00:00,2015-03-24T13:23:01+00:00,3932.0,4,1,3,973.0,2329.3333333333335,0.000762970498474059,0.061037639877924724,1,3,3.0
580342917291708416,2015-03-24T12:18:28+00:00,2015-03-24T17:43:14+00:00,19486.0,18,1,17,132.0,2029.7058823529412,0.0008724212254952274,0.05542440726675562,2,15,5.666666666666667
580343329096904704,2015-03-24T12:20:06+00:00,2015-03-24T14:26:22+00:00,7576.0,10,1,9,31.0,2204.777777777778,0.001187961985216473,0.0791974656810982,1,9,9.0
580343473607438336,2015-03-24T12:20:41+00:00,2015-03-24T13:28:11+00:00,4050.0,12,1,11,79.0,1319.909090909091,0.0027160493827160493,0.17777777777777778,2,10,5.5
580343941825953792,2015-03-24T12:22:32+00:00,2015-03-24T12:31:32+00:00,540.0,2,1,1,540.0,540.0,0.001851851851851852,0.2222222222222222,0,0,0.0
580344006682505216,2015-03-24T12:22:48+00:00,2015-03-24T12:36:03+00:00,795.0,3,1,2,747.0,771.0,0.0025157232704402514,0.22641509433962265,1,2,2.0
580344171019542528,2015-03-24T12:23:27+00:00,2015-03-24T12:23:27+00:00,0.0,1,1,0,0.0,0.0,0.0,0.0,0,0,0.0
580345253179342848,2015-03-24T12:27:45+00:00,2015-03-24T12:34:45+00:00,420.0,3,1,2,231.0,325.5,0.004761904761904762,0.42857142857142855,1,2,2.0
580346142183002113,2015-03-24T12:31:17+00:00,2015-03-24T12:31:17+00:00,0.0,1,1,0,0.0,0.0,0.0,0.0,0,0,0.0
580346392431968257,2015-03-24T12:32:16+00:00,2015-03-24T12:32:16+00:00,0.0,1,1,0,0.0,0.0,0.0,0.0,0,0,0.0
580346824269103105,2015-03-24T12:33:59+00:00,2015-03-24T15:32:05+00:00,10686.0,3,1,2,10592.0,10639.0,0.00018716077110237696,0.016844469399213927,2,1,1.0
580346835295997952,2015-03-24T12:34:02+00:00,2015-03-24T12:34:02+00:00,0.0,1,1,0,0.0,0.0,0.0,0.0,0,0,0.0
580346858846822400,2015-03-24T12:34:08+00:00,2015-03-24T22:03:41+00:00,34173.0,14,1,13,444.0,14618.538461538461,0.000380417288502619,0.024580809410938462,3,7,4.333333333333333
580346992074842112,2015-03-24T12:34:39+00:00,2015-03-24T18:02:48+00:00,19689.0,11,1,10,150.0,6503.4,0.0005078978109604348,0.03352125552338869,4,7,2.5
580347051927597056,2015-03-24T12:34:54+00:00,2015-03-24T14:36:08+00:00,7274.0,11,1,10,106.0,2931.1,0.0013747594171020072,0.09073412152873248,5,6,2.0
580347068457308160,2015-03-24T12:34:58+00:00,2015-03-24T13:43:57+00:00,4139.0,3,1,2,417.0,2278.0,0.00048320850446967865,0.043488765402271076,1,2,2.0
580347290633838592,2015-03-24T12:35:51+00:00,2015-03-25T15:28:34+00:00,96763.0,3,1,2,791.0,48777.0,2.0669057387637836e-05,0.0018602151648874053,1,2,2.0
580347360959717376,2015-03-24T12:36:07+00:00,2015-03-24T15:26:48+00:00,10241.0,3,1,2,2060.0,6150.5,0.00019529342837613513,0.017576408553852164,1,2,2.0
580347361039413248,2015-03-24T12:36:07+00:00,2015-03-24T12:36:07+00:00,0.0,1,1,0,0.0,0.0,0.0,0.0,0,0,0.0
580347364562587649,2015-03-24T12:36:08+00:00,2015-03-24T12:36:08+00:00,0.0,1,1,0,0.0,0.0,0.0,0.0,0,0,0.0
580347464907153408,2015-03-24T12:36:32+00:00,2015-03-24T12:36:32+00:00,0.0,1,1,0,0.0,0.0,0.0,0.0,0,0,0.0
580347646465949696,2015-03-24T12:37:15+00:00,2015-03-26T14:20:09+00:00,178974.0,4,1,3,155.0,68069.33333333333,1.6762211270910858e-05,0.0013409769016728685,1,3,3.0
580347961256837120,2015-03-24T12:38:30+00:00,2015-03-24T15:54:18+00:00,11748.0,4,1,3,247.0,4420.333333333333,0.0002553626149131767,0.020429009193054137,1,3,3.0
580348081100734464,2015-03-24T12:38:59+00:00,2015-03-24T17:33:48+00:00,17689.0,24,1,23,38.0,5550.608695652174,0.0013002430889253209,0.08140652382836791,5,8,3.2857142857142856
580348878370828288,2015-03-24T12:42:09+00:00,2015-03-24T22:26:56+00:00,35087.0,12,1,11,142.0,5167.727272727273,0.0003135064268817511,0.02052042066862371,3,7,2.75
580349159569539072,2015-03-24T12:43:16+00:00,2015-03-25T23:33:00+00:00,125384.0,4,1,3,1388.0,44482.0,2.3926497798762204e-05,0.0019141198239009765,1,3,3.0
580349419360526336,2015-03-24T12:44:18+00:00,2015-03-24T15:12:15+00:00,8877.0,3,1,2,985.0,4931.0,0.00022530134054297624,0.02027712064886786,1,2,2.0
580349424058175489,2015-03-24T12:44:19+00:00,2015-03-24T14:58:24+00:00,8045.0,12,1,11,29.0,1945.0,0.001367308887507769,0.08949658172778123,1,11,11.0
580350000074457088,2015-03-24T12:46:37+00:00,2015-03-24T21:16:19+00:00,30582.0,6,1,5,319.0,10307.0,0.0001634948662611994,0.011771630370806358,1,5,5.0
580350166005248000,2015-03-24T12:47:16+00:00,2015-03-24T12:47:16+00:00,0.0,1,1,0,0.0,0.0,0.0,0.0,0,0,0.0
580350403734310912,2015-03-24T12:48:13+00:00,2015-03-24T14:26:53+00:00,5920.0,6,1,5,204.0,3383.6,0.0008445945945945946,0.06081081081081081,1,5,5.0
580350426278719488,2015-03-24T12:48:18+00:00,2015-03-24T15:34:40+00:00,9982.0,19,1,18,19.0,2867.1666666666665,0.0018032458425165298,0.11420557002604688,4,15,4.5
580350587289604097,2015-03-24T12:48:57+00:00,2015-03-25T04:03:52+00:00,54895.0,3,1,2,14338.0,34616.5,3.6433190636670006e-05,0.0032789871573003005,1,2,2.0
580350698774241280,2015-03-24T12:49:23+00:00,2015-03-24T13:01:13+00:00,710.0,2,1,1,710.0,710.0,0.0014084507042253522,0.16901408450704225,1,1,1.0
580351083383517185,2015-03-24T12:50:55+00:00,2015-03-25T06:23:34+00:00,63159.0,11,1,10,165.0,6957.5,0.00015833056254848873,0.010449817128200256,3,8,3.3333333333333335
580351149619953664,2015-03-24T12:51:11+00:00,2015-03-24T14:41:54+00:00,6643.0,19,1,18,199.0,1862.0,0.0027096191479753125,0.17160921270510313,2,16,6.0
580351367719591936,2015-03-24T12:52:03+00:00,2015-03-24T14:13:26+00:00,4883.0,3,1,2,167.0,2525.0,0.00040958427196395656,0.03686258447675609,1,2,2.0
580351390570135552,2015-03-24T12:52:08+00:00,2015-03-24T13:57:32+00:00,3924.0,5,1,4,2687.0,3246.75,0.0010193679918450561,0.0764525993883792,1,4,4.0
580351604831846400,2015-03-24T12:52:59+00:00,2015-03-24T16:06:38+00:00,11619.0,25,1,24,97.0,1451.9583333333333,0.0020655822359927703,0.12909888974954814,3,16,3.4285714285714284
580351758213447680,2015-03-24T12:53:36+00:00,2015-03-24T15:49:22+00:00,10546.0,23,1,22,42.0,939.3636363636364,0.002086098994879575,0.13085530058790062,4,14,3.142857142857143
580352273001410560,2015-03-24T12:55:38+00:00,2015-03-24T14:15:58+00:00,4820.0,33,1,32,61.0,1961.125,0.006639004149377593,0.41078838174273863,13,6,1.7222222222222223
580352417541287936,2015-03-24T12:56:13+00:00,2015-03-24T13:21:36+00:00,1523.0,5,1,4,78.0,1025.25,0.0026263952724885093,0.1969796454366382,1,4,4.0
580352455952732160,2015-03-24T12:56:22+00:00,2015-03-24T14:59:48+00:00,7406.0,9,1,8,895.0,2881.625,0.001080205238995409,0.07291385363219012,1,8,8.0
580352532167311362,2015-03-24T12:56:40+00:00,2015-03-24T19:49:59+00:00,24799.0,10,1,9,94.0,5144.222222222223,0.0003629178595911125,0.024194523972740835,1,7,7.0
580352540316946432,2015-03-24T12:56:42+00:00,2015-03-24T13:10:40+00:00,838.0,5,1,4,37.0,475.0,0.00477326968973747,0.35799522673031026,1,1,1.0
580352792700821504,2015-03-24T12:57:42+00:00,2015-03-24T13:01:30+00:00,228.0,4,1,3,60.0,142.66666666666666,0.013157894736842105,1.0526315789473684,2,2,1.5
580353449721655296,2015-03-24T13:00:19+00:00,2015-03-24T13:00:19+00:00,0.0,1,1,0,0.0,0.0,0.0,0.0,0,0,0.0
580353540725452800,2015-03-24T13:00:41+00:00,2015-03-24T20:29:56+00:00,26955.0,8,1,7,45.0,10344.142857142857,0.00025969207939157855,0.017807456872565387,3,5,2.3333333333333335
580353697865187328,2015-03-24T13:01:18+00:00,2015-03-24T20:05:42+00:00,25464.0,13,1,12,50.0,3971.9166666666665,0.000471253534401508,0.030631479736098022,1,9,9.0
580353737769820160,2015-03-24T13:01:28+00:00,2015-03-24T14:01:34+00:00,3606.0,29,1,28,197.0,1644.5357142857142,0.00776483638380477,0.4825291181364393,10,11,2.0
580353986991112192,2015-03-24T13:02:27+00:00,2015-03-25T13:38:27+00:00,88560.0,6,1,5,3666.0,38901.8,5.6458897922312554e-05,0.0040650406504065045,1,5,5.0
580354367796166656,2015-03-24T13:03:58+00:00,2015-03-24T15:55:15+00:00,10277.0,6,1,5,666.0,2869.4,0.00048652330446628393,0.035029677921572445,2,4,2.5
580355037504909312,2015-03-24T13:06:38+00:00,2015-03-24T14:52:20+00:00,6342.0,5,1,4,5300.0,5807.5,0.000630715862503942,0.04730368968779565,1,4,4.0
580355192908095488,2015-03-24T13:07:15+00:00,2015-03-24T16:20:33+00:00,11598.0,18,1,17,298.0,2721.235294117647,0.0014657699603379893,0.09311950336264872,8,9,2.125
580355581254471680,2015-03-24T13:08:47+00:00,2015-03-24T13:08:47+00:00,0.0,1,1,0,0.0,0.0,0.0,0.0,0,0,0.0
580356429615337472,2015-03-24T13:12:09+00:00,2015-03-24T13:28:00+00:00,951.0,4,1,3,121.0,585.3333333333334,0.0031545741324921135,0.25236593059936907,1,3,3.0
580357537083576321,2015-03-24T13:16:34+00:00,2015-03-24T17:42:23+00:00,15949.0,6,1,5,190.0,3895.2,0.0003134992789516584,0.022571948084519407,1,5,5.0
580357700791468032,2015-03-24T13:17:13+00:00,2015-03-24T13:17:13+00:00,0.0,1,1,0,0.0,0.0,0.0,0.0,0,0,0.0
580357920984051712,2015-03-24T13:18:05+00:00,2015-03-24T16:58:37+00:00,13232.0,12,1,11,155.0,2015.090909090909,0.0008313180169286577,0.05441354292623942,2,10,5.5
580358227713458176,2015-03-24T13:19:18+00:00,2015-03-24T13:56:55+00:00,2257.0,16,1,15,733.0,1603.2666666666667,0.00664599025254763,0.4253433761630483,5,6,2.142857142857143
580359057825009664,2015-03-24T13:22:36+00:00,2015-03-24T14:22:04+00:00,3568.0,8,1,7,210.0,1568.4285714285713,0.001961883408071749,0.13452914798206278,1,7,7.0
580359081296293888,2015-03-24T13:22:42+00:00,2015-03-24T15:13:28+00:00,6646.0,6,1,5,56.0,2040.6,0.0007523322299127295,0.05416792055371652,2,4,2.5
580359405620858880,2015-03-24T13:23:59+00:00,2015-03-24T15:36:27+00:00,7948.0,10,1,9,125.0,3579.8888888888887,0.001132360342224459,0.0754906894816306,1,9,9.0
580359480782786560,2015-03-24T13:24:17+00:00,2015-03-24T15:41:24+00:00,8227.0,22,1,21,206.0,2206.4285714285716,0.002552570803452048,0.1604473076455573,4,14,3.0
580359809041604608,2015-03-24T13:25:35+00:00,2015-03-24T15:18:01+00:00,6746.0,7,1,6,136.0,2452.0,0.0008894159501927068,0.062259116513489476,1,6,6.0
580360165540642816,2015-03-24T13:27:00+00:00,2015-03-24T13:34:07+00:00,427.0,3,1,2,295.0,361.0,0.00468384074941452,0.4215456674473068,1,2,2.0
580361142666563584,2015-03-24T13:30:53+00:00,2015-03-24T14:50:51+00:00,4798.0,9,1,8,105.0,1365.375,0.0016673614005835765,0.11254689453939141,1,8,8.0
580362104110071808,2015-03-24T13:34:42+00:00,2015-03-24T16:48:43+00:00,11641.0,19,1,18,48.0,4721.722222222223,0.0015462589124645649,0.09792973112275577,8,7,2.0
580362323283615745,2015-03-24T13:35:35+00:00,2015-03-24T14:27:12+00:00,3097.0,9,1,8,153.0,1184.0,0.002583144979011947,0.17436228608330642,1,8,8.0
580363156721131521,2015-03-24T13:38:53+00:00,2015-03-24T18:35:19+00:00,17786.0,6,1,5,326.0,5103.0,0.00028111998200832115,0.020240638704599124,1,5,5.0
580364138020507649,2015-03-24T13:42:47+00:00,2015-03-24T15:45:41+00:00,7374.0,12,1,11,60.0,1238.4545454545455,0.0014917276918904258,0.09764035801464604,1,11,11.0
580364236330762240,2015-03-24T13:43:11+00:00,2015-03-24T13:46:12+00:00,181.0,2,1,1,181.0,181.0,0.0055248618784530384,0.6629834254143646,1,1,1.0
580364493928181760,2015-03-24T13:44:12+00:00,2015-03-24T14:39:48+00:00,3336.0,21,1,20,129.0,863.7,0.005995203836930456,0.3776978417266187,2,14,3.3333333333333335
580364576560177154,2015-03-24T13:44:32+00:00,2015-03-24T14:34:56+00:00,3024.0,10,1,9,451.0,1444.5555555555557,0.002976190476190476,0.19841269841269843,1,9,9.0
580364656608428032,2015-03-24T13:44:51+00:00,2015-03-24T17:00:10+00:00,11719.0,9,1,8,61.0,4667.75,0.0006826521034217937,0.046079016980971076,4,5,2.0
580364889736232960,2015-03-24T13:45:47+00:00,2015-03-24T13:45:47+00:00,0.0,1,1,0,0.0,0.0,0.0,0.0,0,0,0.0
580364934011334656,2015-03-24T13:45:57+00:00,2015-03-24T14:30:51+00:00,2694.0,8,1,7,80.0,1022.1428571428571,0.0025983667409057165,0.17817371937639198,3,5,2.3333333333333335
580364973664309248,2015-03-24T13:46:07+00:00,2015-03-24T14:12:14+00:00,1567.0,11,1,10,54.0,807.4,0.006381620931716656,0.4211869814932993,3,5,2.5
580365368805486592,2015-03-24T13:47:41+00:00,2015-03-24T14:34:09+00:00,2788.0,21,1,20,33.0,1010.4,0.007173601147776184,0.45193687230989954,3,17,5.0
580365755750871041,2015-03-24T13:49:13+00:00,2015-03-30T04:41:34+00:00,485541.0,27,1,26,10.0,104392.88461538461,5.3548515985261804e-05,0.0033364844575432353,6,17,2.888888888888889
580365806720122880,2015-03-24T13:49:25+00:00,2015-03-24T19:55:44+00:00,21979.0,14,1,13,32.0,5123.2307692307695,0.0005914736794212658,0.03821829928568179,1,13,13.0
580365989780520960,2015-03-24T13:50:09+00:00,2015-03-24T15:03:17+00:00,4388.0,25,1,24,44.0,1216.9583333333333,0.0054694621695533276,0.34184138559708294,11,11,1.7142857142857142
580366761398239232,2015-03-24T13:53:13+00:00,2015-03-24T22:07:56+00:00,29683.0,4,1,3,216.0,10938.333333333334,0.00010106795135262609,0.008085436108210086,1,3,3.0
580368137796743168,2015-03-24T13:58:41+00:00,2015-03-24T13:58:41+00:00,0.0,1,1,0,0.0,0.0,0.0,0.0,0,0,0.0
580368417556992000,2015-03-24T13:59:48+00:00,2015-03-25T04:08:02+00:00,50894.0,12,1,11,43.0,12697.818181818182,0.00021613549730813063,0.014147050732895822,2,10,5.5
580369978546917376,2015-03-24T14:06:00+00:00,2015-03-24T16:33:36+00:00,8856.0,7,1,6,482.0,3771.3333333333335,0.0006775067750677507,0.04742547425474255,2,5,3.0
580370249712697344,2015-03-24T14:07:04+00:00,2015-03-24T14:42:34+00:00,2130.0,7,1,6,90.0,701.6666666666666,0.0028169014084507044,0.19718309859154928,1,6,6.0
580370275121938432,2015-03-24T14:07:11+00:00,2015-03-24T20:10:30+00:00,21799.0,19,1,18,30.0,2135.777777777778,0.0008257259507316849,0.05229597687967338,2,15,9.0
580370309884182529,2015-03-24T14:07:19+00:00,2015-03-26T00:28:22+00:00,123663.0,17,1,16,55.0,9353.875,0.00012938389008838538,0.008248222993134567,1,16,16.0
580371776619839488,2015-03-24T14:13:08+00:00,2015-03-24T17:08:24+00:00,10516.0,18,1,17,123.0,1304.0588235294117,0.001616584252567516,0.10270064663370101,7,8,1.8888888888888888
580371845997682688,2015-03-24T14:13:25+00:00,2015-03-24T14:26:20+00:00,775.0,3,1,2,178.0,476.5,0.0025806451612903226,0.23225806451612904,1,2,2.0
580371847335821312,2015-03-24T14:13:25+00:00,2015-03-24T14:26:32+00:00,787.0,21,1,20,54.0,282.1,0.025412960609911054,1.6010165184243963,2,19,10.0
580372127125131264,2015-03-24T14:14:32+00:00,2015-03-24T14:32:36+00:00,1084.0,4,1,3,648.0,838.0,0.0027675276752767526,0.22140221402214022,1,3,3.0
580372806178881537,2015-03-24T14:17:14+00:00,2015-03-24T14:17:14+00:00,0.0,1,1,0,0.0,0.0,0.0,0.0,0,0,0.0
580377378226049024,2015-03-24T14:35:24+00:00,2015-03-26T00:36:36+00:00,122472.0,9,1,8,55.0,16280.75,6.532105297537396e-05,0.004409171075837742,1,8,8.0
580377478184755201,2015-03-24T14:35:48+00:00,2015-03-24T15:55:55+00:00,4807.0,5,1,4,361.0,1603.75,0.0008321198252548367,0.062408986894112756,2,2,1.5
580377986941206528,2015-03-24T14:37:49+00:00,2015-03-24T14:39:49+00:00,120.0,2,1,1,120.0,120.0,0.008333333333333333,1.0,1,1,1.0
580379486732066817,2015-03-24T14:43:47+00:00,2015-03-26T21:08:06+00:00,195859.0,6,1,5,61.0,55953.8,2.5528569021592062e-05,0.0018380569695546287,1,5,5.0
580380219921580032,2015-03-24T14:46:42+00:00,2015-03-27T16:11:09+00:00,264267.0,8,1,7,25.0,56334.28571428572,2.64883621488873e-05,0.0018163448330665577,1,7,7.0
580387098039046145,2015-03-24T15:14:01+00:00,2015-03-24T19:22:50+00:00,14929.0,7,1,6,77.0,4275.0,0.0004019023377319311,0.02813316364123518,1,6,6.0
580388756043083777,2015-03-24T15:20:37+00:00,2015-03-24T16:08:36+00:00,2879.0,20,1,19,77.0,797.1578947368421,0.006599513720041681,0.4168113928447377,4,13,2.7142857142857144
580398796124876800,2015-03-24T16:00:30+00:00,2015-03-24T19:29:17+00:00,12527.0,13,1,12,170.0,1820.0833333333333,0.0009579308693222639,0.06226550650594716,3,7,2.4
580399487740297216,2015-03-24T16:03:15+00:00,2015-03-25T01:11:34+00:00,32899.0,5,1,4,555.0,9926.25,0.00012158424268214839,0.009118818201161128,1,4,4.0
580697361799876608,2015-03-25T11:46:54+00:00,2015-03-25T12:02:20+00:00,926.0,20,1,19,67.0,282.8421052631579,0.020518358531317494,1.2958963282937366,2,18,9.5
580699430690656256,2015-03-25T11:55:07+00:00,2015-03-25T11:59:15+00:00,248.0,2,1,1,248.0,248.0,0.004032258064516129,0.48387096774193544,1,1,1.0
580699825030754304,2015-03-25T11:56:41+00:00,2015-03-25T14:22:12+00:00,8731.0,8,1,7,144.0,2165.4285714285716,0.0008017409231474057,0.05497652044439354,1,7,7.0
580706841769820160,2015-03-25T12:24:34+00:00,2015-03-25T14:39:02+00:00,8068.0,3,1,2,520.0,4294.0,0.00024789291026276647,0.022310361923648984,1,2,2.0
580882121222434816,2015-03-26T00:01:04+00:00,2015-03-26T07:49:10+00:00,28086.0,17,1,16,163.0,8659.75,0.0005696788435519476,0.03631702627643666,2,15,8.0
580882302621843456,2015-03-26T00:01:47+00:00,2015-03-26T01:06:35+00:00,3888.0,5,1,4,152.0,1933.0,0.00102880658436214,0.0771604938271605,1,4,4.0
580882341880446977,2015-03-26T00:01:57+00:00,2015-03-26T04:49:15+00:00,17238.0,6,1,5,158.0,7035.0,0.000290056851142824,0.020884093282283328,2,4,2.5
580882417117958144,2015-03-26T00:02:15+00:00,2015-03-26T02:03:56+00:00,7301.0,15,1,14,91.0,1338.0,0.0019175455417066154,0.12327078482399671,3,11,3.5
580882674413375488,2015-03-26T00:03:16+00:00,2015-03-26T00:32:17+00:00,1741.0,15,1,14,153.0,823.9285714285714,0.0080413555427915,0.5169442848937392,5,9,2.3333333333333335
580882701063979008,2015-03-26T00:03:22+00:00,2015-03-26T02:01:35+00:00,7093.0,23,1,22,36.0,2233.4545454545455,0.0031016495136049625,0.1945580149443113,3,10,3.142857142857143
580882906014474240,2015-03-26T00:04:11+00:00,2015-03-26T00:04:11+00:00,0.0,1,1,0,0.0,0.0,0.0,0.0,0,0,0.0
580883100533690368,2015-03-26T00:04:58+00:00,2015-03-26T04:10:38+00:00,14740.0,22,1,21,159.0,1436.4761904761904,0.001424694708276798,0.08955223880597016,3,18,5.25
580883510103281665,2015-03-26T00:06:35+00:00,2015-03-26T01:15:13+00:00,4118.0,3,1,2,542.0,2330.0,0.00048567265662943174,0.043710539096648855,1,2,2.0
580883727624065024,2015-03-26T00:07:27+00:00,2015-03-26T02:15:31+00:00,7684.0,8,1,7,112.0,2740.714285714286,0.0009109838625715773,0.062467464862051014,2,6,3.5
580883793709547521,2015-03-26T00:07:43+00:00,2015-03-26T08:02:33+00:00,28490.0,18,1,17,184.0,7540.705882352941,0.0005967005967005967,0.03790803790803791,2,16,8.5
580883864521818112,2015-03-26T00:08:00+00:00,2015-03-26T00:21:07+00:00,787.0,3,1,2,325.0,556.0,0.0025412960609911056,0.22871664548919948,1,2,2.0
580884417343815680,2015-03-26T00:10:12+00:00,2015-03-26T02:00:06+00:00,6594.0,5,1,4,196.0,1834.0,0.0006066120715802245,0.04549590536851683,1,4,4.0
580884605097664512,2015-03-26T00:10:56+00:00,2015-03-26T01:51:55+00:00,6059.0,5,1,4,147.0,1734.5,0.0006601749463607857,0.04951312097705892,2,2,1.5
580885187837325312,2015-03-26T00:13:15+00:00,2015-03-26T00:13:15+00:00,0.0,1,1,0,0.0,0.0,0.0,0.0,0,0,0.0
580885455257882624,2015-03-26T00:14:19+00:00,2015-03-26T00:14:19+00:00,0.0,1,1,0,0.0,0.0,0.0,0.0,0,0,0.0
580885624883904512,2015-03-26T00:14:59+00:00,2015-03-26T11:50:52+00:00,41753.0,5,1,4,999.0,16239.5,9.580149929346394e-05,0.007185112447009796,1,4,4.0
580886010575257601,2015-03-26T00:16:31+00:00,2015-03-26T12:14:56+00:00,43105.0,27,1,26,36.0,3000.153846153846,0.0006031782855817191,0.037582647024707115,5,9,2.0
581047170637381632,2015-03-26T10:56:55+00:00,2015-03-26T11:24:56+00:00,1681.0,4,1,3,630.0,1038.0,0.001784651992861392,0.14277215942891136,1,3,3.0
581061237783556096,2015-03-26T11:52:49+00:00,2015-03-26T11:58:41+00:00,352.0,3,1,2,167.0,259.5,0.005681818181818182,0.5113636363636364,1,2,2.0
581061272856326145,2015-03-26T11:52:57+00:00,2015-03-26T13:19:11+00:00,5174.0,8,1,7,110.0,2451.0,0.001352918438345574,0.09277155005798222,4,4,1.75
581061914001821696,2015-03-26T11:55:30+00:00,2015-03-26T12:00:04+00:00,274.0,2,1,1,274.0,274.0,0.0036496350364963502,0.43795620437956206,1,1,1.0
581062604988162048,2015-03-26T11:58:15+00:00,2015-03-26T12:24:47+00:00,1592.0,2,1,1,1592.0,1592.0,0.000628140703517588,0.07537688442211055,1,1,1.0
581063145256538112,2015-03-26T12:00:24+00:00,2015-03-29T09:04:28+00:00,248644.0,16,1,15,56.0,22578.0,6.0327214813146505e-05,0.0038609417480413764,3,12,3.75
581063377226637312,2015-03-26T12:01:19+00:00,2015-03-26T12:29:09+00:00,1670.0,3,1,2,109.0,889.5,0.0011976047904191617,0.10778443113772455,1,2,2.0
581063730319925248,2015-03-26T12:02:43+00:00,2015-03-26T13:52:26+00:00,6583.0,19,1,18,106.0,1191.2777777777778,0.0027343156615524835,0.1731733252316573,2,17,9.0
581063753837481984,2015-03-26T12:02:49+00:00,2015-03-28T14:52:25+00:00,182976.0,29,1,28,75.0,91580.78571428571,0.00015302553340328787,0.009509443861490031,10,14,2.1538461538461537
581063816882065408,2015-03-26T12:03:04+00:00,2015-03-26T12:36:44+00:00,2020.0,3,1,2,1863.0,1941.5,0.0009900990099009901,0.08910891089108912,2,1,1.0
581063906682114048,2015-03-26T12:03:25+00:00,2015-03-26T15:41:11+00:00,13066.0,24,1,23,238.0,1500.4782608695652,0.0017602938925455381,0.11020970457676411,5,7,2.3
581063928953876480,2015-03-26T12:03:30+00:00,2015-03-26T12:23:13+00:00,1183.0,22,1,21,30.0,389.85714285714283,0.01775147928994083,1.1158072696534236,2,17,4.2
581063957684850688,2015-03-26T12:03:37+00:00,2015-03-26T12:04:33+00:00,56.0,2,1,1,56.0,56.0,0.017857142857142856,2.142857142857143,1,1,1.0
581064144394285056,2015-03-26T12:04:22+00:00,2015-03-26T12:10:37+00:00,375.0,7,1,6,21.0,199.5,0.016,1.12,2,5,3.0
581064157870555136,2015-03-26T12:04:25+00:00,2015-03-26T12:04:25+00:00,0.0,1,1,0,0.0,0.0,0.0,0.0,0,0,0.0
581066887200694272,2015-03-26T12:15:16+00:00,2015-03-26T12:15:16+00:00,0.0,1,1,0,0.0,0.0,0.0,0.0,0,0,0.0
581107798932631552,2015-03-26T14:57:50+00:00,2015-03-27T08:31:52+00:00,63242.0,19,1,18,1401.0,17653.166666666668,0.00028462097972866134,0.018025995382815217,4,9,2.25
581132461960249344,2015-03-26T16:35:50+00:00,2015-03-26T22:19:22+00:00,20612.0,37,1,36,789.0,16331.722222222223,0.0017465554046186688,0.10770424995148456,15,6,1.3846153846153846
581153923987206146,2015-03-26T18:01:07+00:00,2015-03-28T20:27:23+00:00,181576.0,24,1,23,164.0,17443.08695652174,0.00012666872273868794,0.007930563510596114,6,17,3.2857142857142856
581183387848859648,2015-03-26T19:58:12+00:00,2015-03-26T20:33:22+00:00,2110.0,9,1,8,141.0,574.125,0.0037914691943127963,0.2559241706161138,1,8,8.0
581245152158728192,2015-03-27T00:03:37+00:00,2015-03-27T07:41:49+00:00,27492.0,8,1,7,119.0,4756.857142857143,0.00025461952568019787,0.017459624618070713,1,7,7.0
581246782765719552,2015-03-27T00:10:06+00:00,2015-03-27T01:58:18+00:00,6492.0,25,1,24,95.0,3127.4583333333335,0.0036968576709796672,0.2310536044362292,12,12,2.0
581247332282306561,2015-03-27T00:12:17+00:00,2015-03-27T05:49:11+00:00,20214.0,19,1,18,150.0,6649.388888888889,0.0008904719501335708,0.05639655684179282,4,11,3.0
581247335998431232,2015-03-27T00:12:18+00:00,2015-03-28T02:36:25+00:00,95047.0,16,1,15,43.0,15649.866666666667,0.0001578166591265374,0.010100266184098395,2,13,7.0
581248346309922816,2015-03-27T00:16:19+00:00,2015-03-27T00:16:19+00:00,0.0,1,1,0,0.0,0.0,0.0,0.0,0,0,0.0
581248880098086912,2015-03-27T00:18:26+00:00,2015-03-27T01:18:18+00:00,3592.0,4,1,3,2259.0,2766.3333333333335,0.0008351893095768374,0.06681514476614699,1,3,3.0
581249720376553472,2015-03-27T00:21:47+00:00,2015-03-27T13:09:36+00:00,46069.0,25,1,24,701.0,12268.458333333334,0.0005209576938939417,0.03255985586837135,8,5,1.411764705882353
581252958446329857,2015-03-27T00:34:39+00:00,2015-03-27T01:24:48+00:00,3009.0,27,1,26,250.0,1312.8461538461538,0.008640744433366567,0.5383848454636092,8,7,2.3636363636363638
581253085508534272,2015-03-27T00:35:09+00:00,2015-03-30T22:42:32+00:00,338843.0,9,1,8,70.0,47842.125,2.3609754370017974e-05,0.0015936584199762133,1,8,8.0
581254429996920832,2015-03-27T00:40:29+00:00,2015-03-29T06:06:34+00:00,192365.0,5,1,4,1489.0,60728.25,2.0793803446572923e-05,0.001559535258492969,2,3,2.0
581255457022570497,2015-03-27T00:44:34+00:00,2015-03-27T01:03:33+00:00,1139.0,3,1,2,472.0,805.5,0.001755926251097454,0.15803336259877085,1,2,2.0
581256046448111616,2015-03-27T00:46:55+00:00,2015-03-27T00:52:51+00:00,356.0,3,1,2,299.0,327.5,0.0056179775280898875,0.5056179775280899,1,2,2.0
581256908251758592,2015-03-27T00:50:20+00:00,2015-03-27T15:58:42+00:00,54502.0,18,1,17,1696.0,6815.64705882353,0.00031191515907673113,0.01981578657663939,9,7,1.8888888888888888
581257660118491136,2015-03-27T00:53:20+00:00,2015-03-27T15:08:55+00:00,51335.0,10,1,9,169.0,7829.888888888889,0.00017531898314989772,0.01168793220999318,1,9,9.0
581258486861983745,2015-03-27T00:56:37+00:00,2015-03-30T16:45:30+00:00,316133.0,13,1,12,310.0,127439.41666666667,3.795870725295999e-05,0.0024673159714423995,3,6,3.0
581258923065389056,2015-03-27T00:58:21+00:00,2015-03-27T01:32:57+00:00,2076.0,8,1,7,814.0,1615.142857142857,0.003371868978805395,0.23121387283236994,2,6,3.5
581259253429702656,2015-03-27T00:59:39+00:00,2015-03-28T20:13:12+00:00,155613.0,12,1,11,64.0,14772.818181818182,7.068818157865988e-05,0.004626862794239556,1,11,11.0
581260171688718336,2015-03-27T01:03:18+00:00,2015-03-31T00:36:07+00:00,343969.0,14,1,13,230.0,79341.84615384616,3.779410353840026e-05,0.0024420805363274014,2,10,4.333333333333333
581261457725210624,2015-03-27T01:08:25+00:00,2015-03-29T06:02:07+00:00,190422.0,3,1,2,6074.0,98248.0,1.0502988100114483e-05,0.0009452689290103034,1,2,2.0
581262528107384832,2015-03-27T01:12:40+00:00,2015-03-27T01:36:08+00:00,1408.0,19,1,18,21.0,567.5555555555555,0.01278409090909091,0.8096590909090909,2,17,9.0
581264214809022464,2015-03-27T01:19:22+00:00,2015-03-27T03:30:08+00:00,7846.0,21,1,20,105.0,2995.55,0.0025490695895997962,0.16059138414478713,4,14,4.0
581266400192307200,2015-03-27T01:28:03+00:00,2015-03-27T02:56:01+00:00,5278.0,3,1,2,1898.0,3588.0,0.00037893141341417203,0.034103827207275485,1,2,2.0
581273151612575746,2015-03-27T01:54:53+00:00,2015-03-27T21:53:19+00:00,71906.0,15,1,14,51.0,5819.928571428572,0.00019469863432815065,0.012516340778238254,2,12,7.0
581274406804025344,2015-03-27T01:59:52+00:00,2015-03-27T11:30:23+00:00,34231.0,11,1,10,898.0,6599.4,0.0002921328620256493,0.019280768893692853,4,5,2.5
581274572823130112,2015-03-27T02:00:32+00:00,2015-03-27T11:06:26+00:00,32754.0,2,1,1,32754.0,32754.0,3.053062221408072e-05,0.003663674665689687,1,1,1.0
581280784155353088,2015-03-27T02:25:13+00:00,2015-03-27T14:07:51+00:00,42158.0,22,1,21,85.0,3478.1428571428573,0.000498126097063428,0.03131078324398691,2,18,7.0
581286157151039488,2015-03-27T02:46:34+00:00,2015-03-27T03:55:34+00:00,4140.0,17,1,16,96.0,1421.25,0.003864734299516908,0.2463768115942029,1,16,16.0
581287108607811584,2015-03-27T02:50:21+00:00,2015-03-28T13:57:00+00:00,126399.0,27,1,26,204.0,18911.03846153846,0.00020569782988789467,0.012816557093014975,4,12,3.7142857142857144
581287562947395584,2015-03-27T02:52:09+00:00,2015-03-27T08:47:05+00:00,21296.0,28,1,27,50.0,2368.6296296296296,0.0012678437265214125,0.07888805409466566,4,14,4.5
581287723841032192,2015-03-27T02:52:47+00:00,2015-03-31T02:55:47+00:00,345780.0,14,1,13,39.0,43897.53846153846,3.7596159407715886e-05,0.0024292903001908728,1,13,13.0
581287795991302144,2015-03-27T02:53:05+00:00,2015-03-27T07:19:46+00:00,16001.0,17,1,16,74.0,2866.125,0.000999937503906006,0.06374601587400787,1,16,16.0
581288928646340608,2015-03-27T02:57:35+00:00,2015-03-28T19:51:40+00:00,147245.0,22,1,21,316.0,15340.761904761905,0.00014261944378416924,0.008964650752147781,5,4,2.3333333333333335
581290271997968384,2015-03-27T03:02:55+00:00,2015-03-29T16:36:21+00:00,221606.0,26,1,25,64.0,19927.8,0.00011281282997752768,0.0070395205905977275,3,10,2.7777777777777777
581291208506376192,2015-03-27T03:06:38+00:00,2015-03-27T03:06:38+00:00,0.0,1,1,0,0.0,0.0,0.0,0.0,0,0,0.0
581293286268129280,2015-03-27T03:14:54+00:00,2015-03-27T13:56:36+00:00,38502.0,21,1,20,286.0,12044.5,0.0005194535348813048,0.0327255726975222,5,9,2.857142857142857
581293685041557504,2015-03-27T03:16:29+00:00,2015-03-27T03:16:29+00:00,0.0,1,1,0,0.0,0.0,0.0,0.0,0,0,0.0
581295422414680065,2015-03-27T03:23:23+00:00,2015-03-27T03:27:35+00:00,252.0,4,1,3,43.0,172.33333333333334,0.011904761904761904,0.9523809523809523,1,3,3.0
581295858898989056,2015-03-27T03:25:07+00:00,2015-03-27T09:48:14+00:00,22987.0,24,1,23,473.0,14017.91304347826,0.0010005655370426763,0.06264410318875886,11,8,1.4375
581296960830881792,2015-03-27T03:29:30+00:00,2015-03-27T08:14:47+00:00,17117.0,25,1,24,130.0,1803.3333333333333,0.0014021148565753344,0.0876321785359584,5,7,2.0
581299253743501312,2015-03-27T03:38:36+00:00,2015-03-28T05:19:23+00:00,92447.0,9,1,8,1320.0,38276.625,8.653606931539152e-05,0.005841184678788928,4,5,2.0
581299354431987712,2015-03-27T03:39:00+00:00,2015-03-27T05:33:48+00:00,6888.0,3,1,2,770.0,3829.0,0.00029036004645760743,0.02613240418118467,1,2,2.0
581300992194572288,2015-03-27T03:45:31+00:00,2015-03-29T18:48:08+00:00,226957.0,7,1,6,273.0,43553.5,2.6436725899619753e-05,0.0018505708129733826,1,6,6.0
581301262269829120,2015-03-27T03:46:35+00:00,2015-03-27T21:10:21+00:00,62626.0,24,1,23,1470.0,15064.826086956522,0.0003672596046370517,0.02299364481205889,6,4,1.6428571428571428
581301336085553152,2015-03-27T03:46:53+00:00,2015-03-30T08:42:48+00:00,276955.0,17,1,16,78.0,78481.125,5.7771118051669046e-05,0.0036829087757939013,3,10,3.2
581302297579425793,2015-03-27T03:50:42+00:00,2015-03-27T09:16:37+00:00,19555.0,7,1,6,55.0,4017.6666666666665,0.0003068268984914344,0.021477882894400408,1,6,6.0
581302544116379648,2015-03-27T03:51:41+00:00,2015-03-28T02:00:50+00:00,79749.0,22,1,21,92.0,12289.904761904761,0.0002633261859082872,0.016551931685663768,3,17,4.2
581303832895885312,2015-03-27T03:56:48+00:00,2015-03-27T14:57:23+00:00,39635.0,5,1,4,310.0,10647.25,0.00010092090324208402,0.007569067743156301,2,2,2.0
581303989406314496,2015-03-27T03:57:25+00:00,2015-03-30T00:04:44+00:00,245239.0,14,1,13,332.0,51682.07692307692,5.300951316878637e-05,0.003425230081675427,2,12,6.5
581305416795103232,2015-03-27T04:03:06+00:00,2015-03-27T04:03:06+00:00,0.0,1,1,0,0.0,0.0,0.0,0.0,0,0,0.0
581307361857392642,2015-03-27T04:10:49+00:00,2015-03-28T11:55:31+00:00,114282.0,29,1,28,39119.0,78882.89285714286,0.0002450079627587897,0.015225494828581928,7,12,2.3333333333333335
581314363644121088,2015-03-27T04:38:39+00:00,2015-03-27T05:30:08+00:00,3089.0,20,1,19,260.0,1016.8421052631579,0.006150857882809971,0.38847523470378764,4,14,3.8
581315281630318593,2015-03-27T04:42:18+00:00,2015-03-27T13:25:43+00:00,31405.0,21,1,20,1049.0,17216.85,0.000636841267314122,0.040120999840789685,12,3,1.5384615384615385
581317224096387072,2015-03-27T04:50:01+00:00,2015-03-27T04:50:01+00:00,0.0,1,1,0,0.0,0.0,0.0,0.0,0,0,0.0
581318271321931776,2015-03-27T04:54:10+00:00,2015-03-27T05:40:47+00:00,2797.0,4,1,3,531.0,1315.3333333333333,0.0010725777618877368,0.08580622095101895,1,3,3.0
581325025569030145,2015-03-27T05:21:01+00:00,2015-03-27T07:34:21+00:00,8000.0,8,1,7,928.0,3668.5714285714284,0.000875,0.06,1,7,7.0
581325197661376512,2015-03-27T05:21:42+00:00,2015-03-29T05:34:37+00:00,173575.0,15,1,14,73.0,14536.214285714286,8.065677660953479e-05,0.005185078496327236,3,12,4.666666666666667
581335535832039424,2015-03-27T06:02:47+00:00,2015-03-27T07:33:47+00:00,5460.0,11,1,10,485.0,1506.4,0.0018315018315018315,0.12087912087912088,3,3,1.75
581357303405813760,2015-03-27T07:29:16+00:00,2015-03-27T07:29:16+00:00,0.0,1,1,0,0.0,0.0,0.0,0.0,0,0,0.0
581359544682614784,2015-03-27T07:38:11+00:00,2015-03-27T08:31:02+00:00,3171.0,20,1,19,126.0,793.3157894736842,0.005991800693787449,0.3784295175023652,4,15,3.8
581377529124130816,2015-03-27T08:49:39+00:00,2015-03-29T05:22:49+00:00,160390.0,4,1,3,224.0,53740.333333333336,1.8704408005486627e-05,0.0014963526404389302,1,3,3.0
581386094337474560,2015-03-27T09:23:41+00:00,2015-03-29T15:39:42+00:00,195361.0,12,1,11,222.0,55215.09090909091,5.630601808958799e-05,0.0036854848204093955,3,8,3.6666666666666665
581386155083620352,2015-03-27T09:23:55+00:00,2015-03-27T10:37:23+00:00,4408.0,10,1,9,133.0,2034.5555555555557,0.002041742286751361,0.13611615245009073,2,8,4.5
581387966125248512,2015-03-27T09:31:07+00:00,2015-03-27T15:31:12+00:00,21605.0,7,1,6,135.0,4079.3333333333335,0.00027771349224716503,0.01943994445730155,2,5,3.0
581394092648710144,2015-03-27T09:55:28+00:00,2015-03-27T14:01:04+00:00,14736.0,13,1,12,170.0,4203.583333333333,0.0008143322475570033,0.052931596091205214,2,10,4.0
581404604677660673,2015-03-27T10:37:14+00:00,2015-03-28T00:54:38+00:00,51444.0,23,1,22,65.0,11164.363636363636,0.00042764948293289793,0.026825285747609052,3,15,3.142857142857143
581405344288608256,2015-03-27T10:40:10+00:00,2015-03-27T22:20:03+00:00,41993.0,6,1,5,13584.0,19687.2,0.00011906746362488987,0.008572857380992071,1,5,5.0
581409613913804800,2015-03-27T10:57:08+00:00,2015-03-28T09:40:51+00:00,81823.0,26,1,25,76.0,10395.2,0.00030553756278796915,0.019065543917969274,6,16,3.125
581411131547320321,2015-03-27T11:03:10+00:00,2015-03-27T23:46:26+00:00,45796.0,18,1,17,442.0,9691.588235294117,0.0003712114595161149,0.023582845663376716,5,10,2.125
581437061363675136,2015-03-27T12:46:12+00:00,2015-03-28T23:57:15+00:00,126663.0,12,1,11,66.0,23809.545454545456,8.684461918634487e-05,0.0056843750740153,3,8,2.75
581450117972144128,2015-03-27T13:38:05+00:00,2015-03-28T01:04:03+00:00,41158.0,33,1,32,114.0,4184.5,0.000777491617668497,0.04810729384323825,11,7,1.4545454545454546
581460720900050945,2015-03-27T14:20:13+00:00,2015-03-27T19:40:32+00:00,19219.0,23,1,22,106.0,5786.863636363636,0.0011447005567407254,0.07180394401373641,3,3,1.6
581473088249958400,2015-03-27T15:09:22+00:00,2015-03-27T17:20:55+00:00,7893.0,8,1,7,109.0,1748.4285714285713,0.0008868617762574433,0.06081337894336754,1,7,7.0
581479017770979329,2015-03-27T15:32:55+00:00,2015-03-27T20:50:48+00:00,19073.0,21,1,20,222.0,10312.2,0.0010486027368531432,0.06606197242174802,7,13,2.857142857142857
581546828954411008,2015-03-27T20:02:23+00:00,2015-03-28T14:25:53+00:00,66210.0,27,1,26,77.0,14617.038461538461,0.0003926899259930524,0.024467603081105575,6,10,1.8571428571428572
581550667753504768,2015-03-27T20:17:38+00:00,2015-03-29T00:53:42+00:00,102964.0,30,1,29,25389.0,63616.93103448276,0.0002816518394778758,0.017481838312419874,7,8,1.8666666666666667
