graph_id,root_id,label,event,thread_type,num_nodes,num_edges,duration_seconds,response_time_seconds,propagation_speed,conversation_depth,max_branching_factor,average_branching_factor
graph_000001.json,498235547685756928,non-rumour,ferguson-all-rnr-threads,non-rumours,14,13,146556.0,1855.0,8.870329430388384e-05,3,9,3.25
graph_000002.json,498248415223246848,non-rumour,ferguson-all-rnr-threads,non-rumours,27,26,100793.0,230.0,0.0002579544214379,5,17,3.25
graph_000003.json,498248648699150336,non-rumour,ferguson-all-rnr-threads,non-rumours,56,55,150781.0,201.0,0.000364767444174,5,32,4.230769230769231
graph_000004.json,498250100079341568,non-rumour,ferguson-all-rnr-threads,non-rumours,5,4,2673.0,670.0,0.0014964459408903,1,4,4.0
graph_000005.json,498251940997136384,non-rumour,ferguson-all-rnr-threads,non-rumours,8,7,244543.0,1237.0,2.8624822628331213e-05,1,7,7.0
graph_000006.json,498253149707464704,non-rumour,ferguson-all-rnr-threads,non-rumours,3,2,6109.0,466.0,0.0003273858241938,1,2,2.0
graph_000007.json,498253652755111937,non-rumour,ferguson-all-rnr-threads,non-rumours,9,8,100290.0,1623.0,7.976867085452189e-05,2,6,2.6666666666666665
graph_000008.json,498254340310966273,false,ferguson-all-rnr-threads,rumours,43,41,159332.0,1544.0,0.000263600532222,11,8,1.8636363636363635
graph_000009.json,498254540870017025,non-rumour,ferguson-all-rnr-threads,non-rumours,5,4,10346.0,905.0,0.0003866228494104,1,4,4.0
graph_000010.json,498254929942028288,unverified,ferguson-all-rnr-threads,rumours,20,19,149989.0,803.0,0.0001266759562367,3,13,3.1666666666666665
graph_000011.json,498255721260400640,non-rumour,ferguson-all-rnr-threads,non-rumours,4,3,10010.0,423.0,0.0002997002997002,1,3,3.0
graph_000012.json,498255816034893824,non-rumour,ferguson-all-rnr-threads,non-rumours,28,27,181815.0,9882.0,0.0001485025987954,8,9,1.8
graph_000013.json,498256407980826625,non-rumour,ferguson-all-rnr-threads,non-rumours,14,13,20979.0,48.0,0.0006196672863339,3,10,3.25
graph_000014.json,498259432237969408,non-rumour,ferguson-all-rnr-threads,non-rumours,10,9,57802.0,271.0,0.0001557039548804,2,8,4.5
graph_000015.json,498259903962570752,non-rumour,ferguson-all-rnr-threads,non-rumours,16,15,107310.0,49.0,0.0001397819401733,2,14,7.5
graph_000016.json,498262106937237504,non-rumour,ferguson-all-rnr-threads,non-rumours,19,18,15708.0,127.0,0.0011459129106187,1,18,18.0
graph_000017.json,498263598062661633,non-rumour,ferguson-all-rnr-threads,non-rumours,10,9,127233.0,607.0,7.073636556553724e-05,1,9,9.0
graph_000018.json,498264107460870144,non-rumour,ferguson-all-rnr-threads,non-rumours,111,103,188533.0,33.0,0.0005834522338264,12,10,2.2888888888888888
graph_000019.json,498264393185239040,non-rumour,ferguson-all-rnr-threads,non-rumours,19,18,3846.0,23.0,0.0046801872074883,3,16,6.0
graph_000020.json,498265095559184384,non-rumour,ferguson-all-rnr-threads,non-rumours,19,18,74759.0,483.0,0.0002407736861113,4,7,3.0
graph_000021.json,498265555833720832,non-rumour,ferguson-all-rnr-threads,non-rumours,1,0,0.0,0.0,0.0,0,0,0.0
graph_000022.json,498267196833808384,non-rumour,ferguson-all-rnr-threads,non-rumours,15,14,9214.0,358.0,0.0015194269589754,3,9,2.8
graph_000023.json,498267673789472768,non-rumour,ferguson-all-rnr-threads,non-rumours,19,18,25647.0,305.0,0.000701836472102,3,13,4.5
graph_000024.json,498268463639851008,non-rumour,ferguson-all-rnr-threads,non-rumours,7,6,105260.0,787.0,5.700171005130154e-05,1,6,6.0
graph_000025.json,498269289812856832,non-rumour,ferguson-all-rnr-threads,non-rumours,4,3,5069.0,66.0,0.000591832708621,1,3,3.0
graph_000026.json,498269365175721984,non-rumour,ferguson-all-rnr-threads,non-rumours,1,0,0.0,0.0,0.0,0,0,0.0
graph_000027.json,498269636551798784,non-rumour,ferguson-all-rnr-threads,non-rumours,1,0,0.0,0.0,0.0,0,0,0.0
graph_000028.json,498269697453084672,non-rumour,ferguson-all-rnr-threads,non-rumours,43,42,188210.0,1046.0,0.0002231549864513,5,29,3.230769230769231
graph_000029.json,498271531386953728,non-rumour,ferguson-all-rnr-threads,non-rumours,1,0,0.0,0.0,0.0,0,0,0.0
graph_000030.json,498271954185379840,non-rumour,ferguson-all-rnr-threads,non-rumours,9,8,32448.0,342.0,0.0002465483234714,1,8,8.0
graph_000031.json,498272080564334592,non-rumour,ferguson-all-rnr-threads,non-rumours,15,11,42162.0,129.0,0.0003320525591765,3,8,2.75
graph_000032.json,498272309535191041,unverified,ferguson-all-rnr-threads,rumours,10,8,6750.0,286.0,0.0013333333333333,1,8,8.0
graph_000033.json,498272364560257025,non-rumour,ferguson-all-rnr-threads,non-rumours,9,8,14304.0,231.0,0.000559284116331,1,8,8.0
graph_000034.json,498273703428620289,non-rumour,ferguson-all-rnr-threads,non-rumours,6,5,44012.0,213.0,0.0001136053803508,2,4,2.5
graph_000035.json,498274493337702401,non-rumour,ferguson-all-rnr-threads,non-rumours,7,6,260112.0,288.0,2.3066986528879867e-05,2,5,3.0
graph_000036.json,498274692873351170,non-rumour,ferguson-all-rnr-threads,non-rumours,19,18,4044.0,69.0,0.0044510385756676,2,17,9.0
graph_000037.json,498274934553317376,non-rumour,ferguson-all-rnr-threads,non-rumours,8,7,1715.0,701.0,0.0040816326530612,4,4,1.75
graph_000038.json,498274948772024321,non-rumour,ferguson-all-rnr-threads,non-rumours,13,12,447751.0,102.0,2.6800610160557988e-05,1,12,12.0
graph_000039.json,498275621651636224,non-rumour,ferguson-all-rnr-threads,non-rumours,6,5,5526.0,209.0,0.0009048136083966,3,3,1.6666666666666667
graph_000040.json,498276304635322368,non-rumour,ferguson-all-rnr-threads,non-rumours,19,18,10171.0,27.0,0.0017697374889391,2,16,6.0
graph_000041.json,498276354434277376,non-rumour,ferguson-all-rnr-threads,non-rumours,13,12,261033.0,69.0,4.597119904379906e-05,4,9,3.0
graph_000042.json,498276771226451968,non-rumour,ferguson-all-rnr-threads,non-rumours,34,33,128955.0,69.0,0.0002559032220542,2,31,11.0
graph_000043.json,498277197581664256,non-rumour,ferguson-all-rnr-threads,non-rumours,4,3,6922.0,198.0,0.0004334007512279,2,2,1.5
graph_000044.json,498277231253127168,non-rumour,ferguson-all-rnr-threads,non-rumours,3,2,623.0,540.0,0.0032102728731942,1,2,2.0
graph_000045.json,498277674692149248,non-rumour,ferguson-all-rnr-threads,non-rumours,19,18,3811.0,181.0,0.0047231697717134,4,11,3.6
graph_000046.json,498277678706077696,non-rumour,ferguson-all-rnr-threads,non-rumours,8,7,235785.0,2220.0,2.96880632779863e-05,3,4,1.75
graph_000047.json,498278882244853760,non-rumour,ferguson-all-rnr-threads,non-rumours,18,15,7946.0,477.0,0.0021394412282909,3,7,2.142857142857143
graph_000048.json,498279420885360641,non-rumour,ferguson-all-rnr-threads,non-rumours,15,13,52346.0,908.0,0.0002674511901577,2,11,4.333333333333333
graph_000049.json,498280074941313024,non-rumour,ferguson-all-rnr-threads,non-rumours,6,5,1736.0,531.0,0.0028801843317972,2,4,2.5
graph_000050.json,498280126254428160,unverified,ferguson-all-rnr-threads,rumours,5,4,10302.0,189.0,0.0003882741215298,1,4,4.0
graph_000051.json,498280730070622209,non-rumour,ferguson-all-rnr-threads,non-rumours,9,8,12253.0,373.0,0.0006529013302864,1,8,8.0
graph_000052.json,498281104865259521,non-rumour,ferguson-all-rnr-threads,non-rumours,8,7,45080.0,1078.0,0.0001552795031055,1,7,7.0
graph_000053.json,498281812821803008,non-rumour,ferguson-all-rnr-threads,non-rumours,9,7,3403.0,227.0,0.0023508668821627,3,4,1.75
graph_000054.json,498281886603411456,non-rumour,ferguson-all-rnr-threads,non-rumours,18,17,93318.0,181.0,0.000182172785529,2,14,5.666666666666667
graph_000055.json,498283038338711552,non-rumour,ferguson-all-rnr-threads,non-rumours,26,25,8320.0,64.0,0.0030048076923076,6,17,2.7777777777777777
graph_000056.json,498283233982025728,non-rumour,ferguson-all-rnr-threads,non-rumours,13,12,10731.0,54.0,0.0011182555213866,2,10,6.0
graph_000057.json,498283586425200640,non-rumour,ferguson-all-rnr-threads,non-rumours,19,17,15340.0,4940.0,0.0011734028683181,2,12,4.25
graph_000058.json,498284302128668672,non-rumour,ferguson-all-rnr-threads,non-rumours,34,33,78066.0,42.0,0.0004227192375682,5,20,3.3
graph_000059.json,498284334806495233,non-rumour,ferguson-all-rnr-threads,non-rumours,19,11,2339.0,72.0,0.0076955964087216,1,11,11.0
graph_000060.json,498284429333524480,non-rumour,ferguson-all-rnr-threads,non-rumours,59,58,84669.0,150.0,0.0006850204915612,15,6,1.9333333333333331
graph_000061.json,498285405142540289,non-rumour,ferguson-all-rnr-threads,non-rumours,44,43,49061.0,60.0,0.0008764599172458,5,29,3.0714285714285716
graph_000062.json,498285529704976385,non-rumour,ferguson-all-rnr-threads,non-rumours,4,3,93852.0,141.0,3.196522183863956e-05,1,3,3.0
graph_000063.json,498285556502372352,non-rumour,ferguson-all-rnr-threads,non-rumours,9,8,88282.0,193.0,9.061869916857344e-05,2,7,4.0
graph_000064.json,498285782512050176,non-rumour,ferguson-all-rnr-threads,non-rumours,4,3,35033.0,1687.0,8.563354551422944e-05,1,3,3.0
graph_000065.json,498286045843435521,non-rumour,ferguson-all-rnr-threads,non-rumours,7,6,118196.0,2964.0,5.0763139192527663e-05,3,4,2.0
graph_000066.json,498286202077085696,non-rumour,ferguson-all-rnr-threads,non-rumours,1,0,0.0,0.0,0.0,0,0,0.0
graph_000067.json,498286281894682624,non-rumour,ferguson-all-rnr-threads,non-rumours,8,7,48435.0,546.0,0.0001445235883142,3,3,1.75
graph_000068.json,498286918011224065,non-rumour,ferguson-all-rnr-threads,non-rumours,1,0,0.0,0.0,0.0,0,0,0.0
graph_000069.json,498287166909579264,non-rumour,ferguson-all-rnr-threads,non-rumours,18,17,15065.0,43.0,0.0011284434118818,3,14,4.25
graph_000070.json,498287947301814274,non-rumour,ferguson-all-rnr-threads,non-rumours,18,17,6592.0,159.0,0.0025788834951456,4,12,4.25
graph_000071.json,498289596463980544,non-rumour,ferguson-all-rnr-threads,non-rumours,81,79,65906.0,239.0,0.0012138500288289,12,31,2.7241379310344827
graph_000072.json,498290802255466498,non-rumour,ferguson-all-rnr-threads,non-rumours,1,0,0.0,0.0,0.0,0,0,0.0
graph_000073.json,498291267756130305,non-rumour,ferguson-all-rnr-threads,non-rumours,16,15,210870.0,353.0,7.113387395077535e-05,4,10,2.5
graph_000074.json,498292200955195392,non-rumour,ferguson-all-rnr-threads,non-rumours,12,11,10287.0,183.0,0.0010693107805968,2,10,5.5
graph_000075.json,498292317296812032,non-rumour,ferguson-all-rnr-threads,non-rumours,50,47,85623.0,67.0,0.0005722761407565,11,11,1.6206896551724137
graph_000076.json,498292602861400064,non-rumour,ferguson-all-rnr-threads,non-rumours,18,17,869792.0,2565.0,1.954490268937861e-05,5,7,1.7
graph_000077.json,498292628455034882,non-rumour,ferguson-all-rnr-threads,non-rumours,4,3,482112.0,129601.0,6.222620469932298e-06,1,3,3.0
graph_000078.json,498292732159619072,non-rumour,ferguson-all-rnr-threads,non-rumours,6,5,276231.0,323.0,1.810079245269358e-05,2,4,2.5
graph_000079.json,498293625420148736,non-rumour,ferguson-all-rnr-threads,non-rumours,4,3,410.0,122.0,0.0073170731707317,1,3,3.0
graph_000080.json,498293668655423488,unverified,ferguson-all-rnr-threads,rumours,39,38,9735.0,22.0,0.0039034411915767,5,34,7.6
graph_000081.json,498294248488574976,non-rumour,ferguson-all-rnr-threads,non-rumours,6,5,5329.0,146.0,0.0009382623381497,1,5,5.0
graph_000082.json,498294367405477888,false,ferguson-all-rnr-threads,rumours,19,18,2076.0,370.0,0.0086705202312138,7,8,2.0
graph_000083.json,498294764718915586,false,ferguson-all-rnr-threads,rumours,1,0,0.0,0.0,0.0,0,0,0.0
graph_000084.json,498294775649665024,non-rumour,ferguson-all-rnr-threads,non-rumours,5,3,8307.0,931.0,0.0004815216082821,1,3,3.0
graph_000085.json,498294815579467777,non-rumour,ferguson-all-rnr-threads,non-rumours,8,7,78703.0,441.0,8.894197171645299e-05,2,5,2.3333333333333335
graph_000086.json,498296205777326080,non-rumour,ferguson-all-rnr-threads,non-rumours,19,18,11291.0,29.0,0.0015941900628819,1,18,18.0
graph_000087.json,498297336968515584,non-rumour,ferguson-all-rnr-threads,non-rumours,1,0,0.0,0.0,0.0,0,0,0.0
graph_000088.json,498298040881782785,non-rumour,ferguson-all-rnr-threads,non-rumours,23,22,1603170.0,112.0,1.3722811679360268e-05,2,21,11.0
graph_000089.json,498300128088694786,non-rumour,ferguson-all-rnr-threads,non-rumours,3,2,89473.0,89082.0,2.23531121120338e-05,1,2,2.0
graph_000090.json,498300256678076417,non-rumour,ferguson-all-rnr-threads,non-rumours,9,8,2082.0,66.0,0.0038424591738712,2,7,4.0
graph_000091.json,498300832648273920,non-rumour,ferguson-all-rnr-threads,non-rumours,21,20,209517.0,29.0,9.545764782809988e-05,5,7,2.857142857142857
graph_000092.json,498300897051807744,non-rumour,ferguson-all-rnr-threads,non-rumours,10,9,53679.0,92.0,0.0001676633320292,2,8,4.5
graph_000093.json,498301635756838912,non-rumour,ferguson-all-rnr-threads,non-rumours,6,5,1715.0,184.0,0.0029154518950437,1,5,5.0
graph_000094.json,498301902048997377,non-rumour,ferguson-all-rnr-threads,non-rumours,41,40,117579.0,158.0,0.000340196803851,10,11,1.7391304347826086
graph_000095.json,498302254190166016,non-rumour,ferguson-all-rnr-threads,non-rumours,1,0,0.0,0.0,0.0,0,0,0.0
graph_000096.json,498302603034640384,non-rumour,ferguson-all-rnr-threads,non-rumours,3,2,232117.0,73317.0,8.616344343585347e-06,1,2,2.0
graph_000097.json,498302874531553280,non-rumour,ferguson-all-rnr-threads,non-rumours,12,11,132933.0,2572.0,8.274845222781401e-05,3,8,2.75
graph_000098.json,498303288295817217,non-rumour,ferguson-all-rnr-threads,non-rumours,19,18,52581.0,422.0,0.000342328978148,4,15,4.5
graph_000099.json,498303769915191297,non-rumour,ferguson-all-rnr-threads,non-rumours,16,15,405464.0,146.0,3.699465303948069e-05,3,10,3.75
graph_000100.json,498303921430204416,non-rumour,ferguson-all-rnr-threads,non-rumours,1,0,0.0,0.0,0.0,0,0,0.0
graph_000101.json,498304114955419648,non-rumour,ferguson-all-rnr-threads,non-rumours,3,2,91443.0,51546.0,2.1871548396268715e-05,1,2,2.0
graph_000102.json,498305825341845504,false,ferguson-all-rnr-threads,rumours,32,31,167881.0,641.0,0.0001846546065367,8,11,1.8235294117647056
graph_000103.json,498305851828879368,non-rumour,ferguson-all-rnr-threads,non-rumours,1,0,0.0,0.0,0.0,0,0,0.0
graph_000104.json,498305962726273024,non-rumour,ferguson-all-rnr-threads,non-rumours,8,7,102009.0,510.0,6.862139615131998e-05,1,7,7.0
graph_000105.json,498308585227431936,non-rumour,ferguson-all-rnr-threads,non-rumours,5,4,47278.0,234.0,8.46059477981302e-05,1,4,4.0
graph_000106.json,498310006169538561,non-rumour,ferguson-all-rnr-threads,non-rumours,38,37,86454.0,219.0,0.0004279732574548,9,23,2.8461538461538463
graph_000107.json,498310720350863362,non-rumour,ferguson-all-rnr-threads,non-rumours,1,0,0.0,0.0,0.0,0,0,0.0
graph_000108.json,498311895716470784,non-rumour,ferguson-all-rnr-threads,non-rumours,3,2,87836.0,41926.0,2.2769707181565645e-05,1,2,2.0
graph_000109.json,498313143530303488,non-rumour,ferguson-all-rnr-threads,non-rumours,20,19,44397.0,94.0,0.0004279568439308,3,16,6.333333333333333
graph_000110.json,498314939359301632,non-rumour,ferguson-all-rnr-threads,non-rumours,14,13,33119.0,1561.0,0.0003925239288625,4,8,2.1666666666666665
graph_000111.json,498316475317239809,non-rumour,ferguson-all-rnr-threads,non-rumours,11,10,345133.0,2634.0,2.8974337429338835e-05,1,10,10.0
graph_000112.json,498316826988642304,non-rumour,ferguson-all-rnr-threads,non-rumours,1,0,0.0,0.0,0.0,0,0,0.0
graph_000113.json,498317138554150912,unverified,ferguson-all-rnr-threads,rumours,51,48,479587.0,65.0,0.0001042563705855,5,16,2.0
graph_000114.json,498317308771987456,non-rumour,ferguson-all-rnr-threads,non-rumours,1,0,0.0,0.0,0.0,0,0,0.0
graph_000115.json,498318192000118784,non-rumour,ferguson-all-rnr-threads,non-rumours,19,18,19873.0,62.0,0.0009057515221657,2,16,9.0
graph_000116.json,498318493293772800,non-rumour,ferguson-all-rnr-threads,non-rumours,1,0,0.0,0.0,0.0,0,0,0.0
graph_000117.json,498320854707896321,unverified,ferguson-all-rnr-threads,rumours,1,0,0.0,0.0,0.0,0,0,0.0
graph_000118.json,498321666267561985,non-rumour,ferguson-all-rnr-threads,non-rumours,5,4,16241.0,4769.0,0.0002462902530632,1,4,4.0
graph_000119.json,498322865843109888,non-rumour,ferguson-all-rnr-threads,non-rumours,6,5,29769.0,137.0,0.0001679599583459,2,3,2.5
graph_000120.json,498323364197699584,non-rumour,ferguson-all-rnr-threads,non-rumours,19,18,37091.0,49.0,0.0004852929282036,4,12,3.6
graph_000121.json,498325055726559232,non-rumour,ferguson-all-rnr-threads,non-rumours,18,15,3694.0,121.0,0.0046020573903627,4,12,3.75
graph_000122.json,498340530770939904,non-rumour,ferguson-all-rnr-threads,non-rumours,25,24,354955.0,102.0,6.761420461748673e-05,3,16,4.0
graph_000123.json,498341675476217856,false,ferguson-all-rnr-threads,rumours,1,0,0.0,0.0,0.0,0,0,0.0
graph_000124.json,498345343629541376,unverified,ferguson-all-rnr-threads,rumours,19,18,2550550.0,35.0,7.057301366371959e-06,3,10,3.6
graph_000125.json,498349598197702656,non-rumour,ferguson-all-rnr-threads,non-rumours,19,18,262534.0,884.0,6.856254808900942e-05,5,14,3.6
graph_000126.json,498355319979143168,non-rumour,ferguson-all-rnr-threads,non-rumours,13,2,2520.0,498.0,0.0047619047619047,2,1,1.0
graph_000127.json,498356729634390016,non-rumour,ferguson-all-rnr-threads,non-rumours,5,4,47144.0,229.0,8.484642796538266e-05,1,4,4.0
graph_000128.json,498357910603575296,non-rumour,ferguson-all-rnr-threads,non-rumours,56,54,411350.0,21907.0,0.0001337060897046,10,16,2.8421052631578947
graph_000129.json,498401948585181184,non-rumour,ferguson-all-rnr-threads,non-rumours,11,10,634414.0,173.0,1.5762577748914745e-05,3,5,2.5
graph_000130.json,498430783699554305,true,ferguson-all-rnr-threads,rumours,22,21,21725.0,322.0,0.0009666283084004,3,10,3.5
graph_000131.json,498433651835940865,non-rumour,ferguson-all-rnr-threads,non-rumours,288,260,310848.0,319.0,0.0009232808317891,20,11,1.8055555555555556
graph_000132.json,498452658605535232,non-rumour,ferguson-all-rnr-threads,non-rumours,10,9,50368.0,313.0,0.0001786848792884,2,8,4.5
graph_000133.json,498452664527511553,non-rumour,ferguson-all-rnr-threads,non-rumours,4,3,33093.0,1446.0,9.065361254645998e-05,1,3,3.0
graph_000134.json,498455001463664640,non-rumour,ferguson-all-rnr-threads,non-rumours,7,6,29862.0,106.0,0.0002009242515571,2,4,3.0
graph_000135.json,498457205801488385,non-rumour,ferguson-all-rnr-threads,non-rumours,1,0,0.0,0.0,0.0,0,0,0.0
graph_000136.json,498463591767756800,unverified,ferguson-all-rnr-threads,rumours,17,16,27373.0,98.0,0.0005845175903262,1,16,16.0
graph_000137.json,498463733447163905,non-rumour,ferguson-all-rnr-threads,non-rumours,13,12,45483.0,1595.0,0.0002638348393905,4,7,2.0
graph_000138.json,498466570675716096,non-rumour,ferguson-all-rnr-threads,non-rumours,34,33,51499.0,190.0,0.0006407891415367,9,11,1.9411764705882353
graph_000139.json,498472666802958336,non-rumour,ferguson-all-rnr-threads,non-rumours,17,7,2977.0,395.0,0.0053745381256298,3,4,1.75
graph_000140.json,498473263862149120,non-rumour,ferguson-all-rnr-threads,non-rumours,7,6,5640.0,3854.0,0.001063829787234,3,3,1.5
graph_000141.json,498473515302260736,non-rumour,ferguson-all-rnr-threads,non-rumours,5,4,20472.0,9415.0,0.0001953888237592,1,4,4.0
graph_000142.json,498474035668586497,non-rumour,ferguson-all-rnr-threads,non-rumours,24,22,153465.0,43.0,0.000149871306161,4,16,5.5
graph_000143.json,498474263255330818,non-rumour,ferguson-all-rnr-threads,non-rumours,16,15,348049.0,7560.0,4.3097379966613895e-05,4,9,2.5
graph_000144.json,498476761538371584,non-rumour,ferguson-all-rnr-threads,non-rumours,14,13,6032.0,84.0,0.0021551724137931,1,13,13.0
graph_000145.json,498477164380299264,non-rumour,ferguson-all-rnr-threads,non-rumours,17,16,50814.0,118.0,0.0003148738536623,1,16,16.0
graph_000146.json,498477676219600896,non-rumour,ferguson-all-rnr-threads,non-rumours,28,27,436424.0,109.0,6.18664418088831e-05,8,11,2.4545454545454546
graph_000147.json,498480344992350209,non-rumour,ferguson-all-rnr-threads,non-rumours,19,18,1211867.0,126.0,1.4853115069557962e-05,2,17,9.0
graph_000148.json,498480911243948034,unverified,ferguson-all-rnr-threads,rumours,27,26,8421.0,126.0,0.0030875192969956,4,10,2.363636363636364
graph_000149.json,498482619232055296,non-rumour,ferguson-all-rnr-threads,non-rumours,38,37,100366.0,86.0,0.0003686507382978,3,31,5.285714285714286
graph_000150.json,498483031842500608,non-rumour,ferguson-all-rnr-threads,non-rumours,10,9,8170.0,198.0,0.0011015911872705,1,9,9.0
graph_000151.json,498483279943962625,non-rumour,ferguson-all-rnr-threads,non-rumours,14,13,5853.0,45.0,0.0022210832051939,3,10,4.333333333333333
graph_000152.json,498483485133516800,non-rumour,ferguson-all-rnr-threads,non-rumours,4,3,282443.0,7266.0,1.0621612148291869e-05,1,3,3.0
graph_000153.json,498483784296448000,non-rumour,ferguson-all-rnr-threads,non-rumours,7,6,10812.0,124.0,0.0005549389567147,3,4,2.0
graph_000154.json,498486539585069056,non-rumour,ferguson-all-rnr-threads,non-rumours,6,5,26946.0,790.0,0.0001855562977807,2,4,2.5
graph_000155.json,498486826269548545,unverified,ferguson-all-rnr-threads,rumours,19,15,217469.0,471.0,8.277041785265946e-05,8,4,1.3636363636363635
graph_000156.json,498486850521423872,non-rumour,ferguson-all-rnr-threads,non-rumours,5,4,6031.0,181.0,0.0006632399270436,1,4,4.0
graph_000157.json,498487087105314816,non-rumour,ferguson-all-rnr-threads,non-rumours,10,9,2407.0,442.0,0.0037390943082675,4,6,2.25
graph_000158.json,498487611963744256,non-rumour,ferguson-all-rnr-threads,non-rumours,20,18,33652.0,54.0,0.000564602401046,3,14,4.5
graph_000159.json,498487999848800256,non-rumour,ferguson-all-rnr-threads,non-rumours,1,0,0.0,0.0,0.0,0,0,0.0
graph_000160.json,498488195047096320,non-rumour,ferguson-all-rnr-threads,non-rumours,1,0,0.0,0.0,0.0,0,0,0.0
graph_000161.json,498489114384420865,non-rumour,ferguson-all-rnr-threads,non-rumours,47,46,34525.0,117.0,0.0013323678493845,7,7,1.5862068965517242
graph_000162.json,498489451954573312,non-rumour,ferguson-all-rnr-threads,non-rumours,3,2,26891.0,17236.0,7.437432598267078e-05,1,2,2.0
graph_000163.json,498491047329402880,non-rumour,ferguson-all-rnr-threads,non-rumours,1,0,0.0,0.0,0.0,0,0,0.0
graph_000164.json,498492003903356928,non-rumour,ferguson-all-rnr-threads,non-rumours,17,16,21889.0,88.0,0.0007309607565443,2,15,8.0
graph_000165.json,498492636630896640,non-rumour,ferguson-all-rnr-threads,non-rumours,15,14,22429.0,361.0,0.0006241918944223,2,13,7.0
graph_000166.json,498494758814109696,non-rumour,ferguson-all-rnr-threads,non-rumours,18,16,10985.0,3485.0,0.0015475648611743,3,12,3.2
graph_000167.json,498495764486950912,non-rumour,ferguson-all-rnr-threads,non-rumours,1,0,0.0,0.0,0.0,0,0,0.0
graph_000168.json,498497371899449344,non-rumour,ferguson-all-rnr-threads,non-rumours,8,7,1535.0,87.0,0.0045602605863192,2,6,3.5
graph_000169.json,498497395198799872,non-rumour,ferguson-all-rnr-threads,non-rumours,9,8,35987.0,133.0,0.0002223024981243,1,8,8.0
graph_000170.json,498498431271190528,unverified,ferguson-all-rnr-threads,rumours,11,10,7048.0,153.0,0.0014188422247446,3,6,2.5
graph_000171.json,498499795192143872,non-rumour,ferguson-all-rnr-threads,non-rumours,26,25,122588.0,99.0,0.0002039351323131,3,12,3.125
graph_000172.json,498499836900278272,non-rumour,ferguson-all-rnr-threads,non-rumours,36,35,91051.0,174.0,0.0003843999516754,13,5,1.4583333333333333
graph_000173.json,498500813845966848,non-rumour,ferguson-all-rnr-threads,non-rumours,8,7,749514.0,78.0,9.33938525497856e-06,1,7,7.0
graph_000174.json,498504673339666432,non-rumour,ferguson-all-rnr-threads,non-rumours,13,12,99650.0,37.0,0.000120421475163,4,7,2.0
graph_000175.json,498504707393220608,non-rumour,ferguson-all-rnr-threads,non-rumours,1,0,0.0,0.0,0.0,0,0,0.0
graph_000176.json,498506343368519680,unverified,ferguson-all-rnr-threads,rumours,3,2,1462.0,441.0,0.0013679890560875,1,2,2.0
graph_000177.json,498507434693246977,non-rumour,ferguson-all-rnr-threads,non-rumours,6,5,1769.0,176.0,0.0028264556246466,1,5,5.0
graph_000178.json,498507730395484160,non-rumour,ferguson-all-rnr-threads,non-rumours,50,47,156370.0,929.0,0.0003133593400268,8,17,1.8076923076923077
graph_000179.json,498508707244683264,non-rumour,ferguson-all-rnr-threads,non-rumours,13,12,25448.0,237.0,0.0004715498270983,3,10,4.0
graph_000180.json,498510381774819330,non-rumour,ferguson-all-rnr-threads,non-rumours,15,14,335948.0,41.0,4.167311607748818e-05,1,14,14.0
graph_000181.json,498512372584415232,non-rumour,ferguson-all-rnr-threads,non-rumours,7,6,27227.0,194.0,0.0002203694861718,1,6,6.0
graph_000182.json,498512590260023296,non-rumour,ferguson-all-rnr-threads,non-rumours,219,205,14092.0,259.0,0.0154697700823162,24,11,1.426573426573427
graph_000183.json,498515980205948928,non-rumour,ferguson-all-rnr-threads,non-rumours,101,100,440398.0,417.0,0.0002270673345473,25,5,1.6129032258064515
graph_000184.json,498524570593140736,non-rumour,ferguson-all-rnr-threads,non-rumours,4,3,96152.0,2507.0,3.120059905150179e-05,1,3,3.0
graph_000185.json,498527404386578432,non-rumour,ferguson-all-rnr-threads,non-rumours,30,29,385190.0,1246.0,7.528752044445598e-05,4,16,2.4166666666666665
graph_000186.json,498529979672842241,non-rumour,ferguson-all-rnr-threads,non-rumours,47,46,499962.0,413.0,9.20069925314324e-05,9,33,3.8333333333333335
graph_000187.json,498530293116968960,non-rumour,ferguson-all-rnr-threads,non-rumours,21,20,332610.0,91.0,6.01304831484321e-05,3,13,2.5
graph_000188.json,498530904139378688,non-rumour,ferguson-all-rnr-threads,non-rumours,2,1,876.0,876.0,0.0011415525114155,1,1,1.0
graph_000189.json,498530946338258944,non-rumour,ferguson-all-rnr-threads,non-rumours,15,13,202117.0,2888.0,6.926681080760154e-05,3,7,1.8571428571428572
graph_000190.json,498531639472189441,non-rumour,ferguson-all-rnr-threads,non-rumours,19,17,4132.0,184.0,0.0043562439496611,6,5,2.125
graph_000191.json,498532911143206913,non-rumour,ferguson-all-rnr-threads,non-rumours,1,0,0.0,0.0,0.0,0,0,0.0
graph_000192.json,498535462349582337,non-rumour,ferguson-all-rnr-threads,non-rumours,45,44,119914.0,309.0,0.0003669296329035,9,19,2.588235294117647
graph_000193.json,498541831052083201,non-rumour,ferguson-all-rnr-threads,non-rumours,1,0,0.0,0.0,0.0,0,0,0.0
graph_000194.json,498544167757570049,non-rumour,ferguson-all-rnr-threads,non-rumours,19,18,202489.0,2238.0,8.889371768342971e-05,5,11,2.5714285714285716
graph_000195.json,498556324868009984,non-rumour,ferguson-all-rnr-threads,non-rumours,36,35,177742.0,2262.0,0.0001969146290691,6,23,3.1818181818181817
graph_000196.json,498560433021026304,non-rumour,ferguson-all-rnr-threads,non-rumours,23,22,84134.0,192.0,0.0002614876268809,3,13,2.4444444444444446
graph_000197.json,498575704582148096,non-rumour,ferguson-all-rnr-threads,non-rumours,15,14,38670.0,73.0,0.0003620377553659,1,14,14.0
graph_000198.json,498584409055174656,non-rumour,ferguson-all-rnr-threads,non-rumours,4,3,10723.0,4804.0,0.0002797724517392,1,3,3.0
graph_000199.json,498585089828478977,non-rumour,ferguson-all-rnr-threads,non-rumours,19,18,30283.0,103.0,0.0005943928937027,1,18,18.0
graph_000200.json,498586725502173184,non-rumour,ferguson-all-rnr-threads,non-rumours,5,4,277829.0,10889.0,1.4397345129558107e-05,3,2,1.3333333333333333
graph_000201.json,498590686065606657,non-rumour,ferguson-all-rnr-threads,non-rumours,34,33,663627.0,223.0,4.972672902097112e-05,7,19,2.5384615384615383
graph_000202.json,498600617645199361,non-rumour,ferguson-all-rnr-threads,non-rumours,1,0,0.0,0.0,0.0,0,0,0.0
graph_000203.json,498602787614511104,non-rumour,ferguson-all-rnr-threads,non-rumours,3,2,824.0,803.0,0.0024271844660194,1,2,2.0
graph_000204.json,498602798687469568,non-rumour,ferguson-all-rnr-threads,non-rumours,8,7,19669.0,74.0,0.000355889979155,3,5,2.3333333333333335
graph_000205.json,498602841335169024,non-rumour,ferguson-all-rnr-threads,non-rumours,6,5,17258.0,116.0,0.0002897207092362,1,5,5.0
graph_000206.json,498603999252467713,non-rumour,ferguson-all-rnr-threads,non-rumours,19,17,67838.0,2960.0,0.0002653380111441,2,15,5.666666666666667
graph_000207.json,498609222020780033,non-rumour,ferguson-all-rnr-threads,non-rumours,12,11,12562.0,222.0,0.0008756567425569,3,9,3.6666666666666665
graph_000208.json,498616975850225664,non-rumour,ferguson-all-rnr-threads,non-rumours,17,16,10685.0,455.0,0.0014974262985493,4,12,3.2
graph_000209.json,499345010190348288,non-rumour,ferguson-all-rnr-threads,non-rumours,10,9,3586.0,107.0,0.0025097601784718,1,9,9.0
graph_000210.json,499345023721537536,non-rumour,ferguson-all-rnr-threads,non-rumours,9,8,485201.0,173.0,1.6488012184641004e-05,4,4,2.0
graph_000211.json,499345384024842240,non-rumour,ferguson-all-rnr-threads,non-rumours,16,15,14944.0,261.0,0.0010037473233404,4,8,2.142857142857143
graph_000212.json,499345604297121792,non-rumour,ferguson-all-rnr-threads,non-rumours,62,61,40075.0,173.0,0.0015221459762944,17,12,2.033333333333333
graph_000213.json,499346625760751616,non-rumour,ferguson-all-rnr-threads,non-rumours,78,52,177946.0,373.0,0.0004327155429175,7,19,2.363636363636364
graph_000214.json,499347831954870274,non-rumour,ferguson-all-rnr-threads,non-rumours,15,14,834786.0,146.0,1.67707652020997e-05,1,14,14.0
graph_000215.json,499349252938956800,non-rumour,ferguson-all-rnr-threads,non-rumours,1,0,0.0,0.0,0.0,0,0,0.0
graph_000216.json,499349294034743297,non-rumour,ferguson-all-rnr-threads,non-rumours,19,18,630.0,47.0,0.0285714285714285,2,17,9.0
graph_000217.json,499355083734519808,non-rumour,ferguson-all-rnr-threads,non-rumours,11,10,12351.0,1049.0,0.0008096510404015,1,10,10.0
graph_000218.json,499357077429817344,non-rumour,ferguson-all-rnr-threads,non-rumours,9,8,104945.0,4024.0,7.623040640335413e-05,2,7,4.0
graph_000219.json,499357289363431425,non-rumour,ferguson-all-rnr-threads,non-rumours,7,6,4119.0,3337.0,0.0014566642388929,2,5,3.0
graph_000220.json,499358869492367360,non-rumour,ferguson-all-rnr-threads,non-rumours,19,18,4645.0,30.0,0.0038751345532831,2,17,9.0
graph_000221.json,499359735947087872,non-rumour,ferguson-all-rnr-threads,non-rumours,16,15,70459.0,2067.0,0.0002128897656793,3,12,3.75
graph_000222.json,499360134779637761,non-rumour,ferguson-all-rnr-threads,non-rumours,13,12,8804.0,129.0,0.0013630168105406,2,9,6.0
graph_000223.json,499360762167848960,non-rumour,ferguson-all-rnr-threads,non-rumours,1,0,0.0,0.0,0.0,0,0,0.0
graph_000224.json,499360784666071040,non-rumour,ferguson-all-rnr-threads,non-rumours,3,2,100350.0,2082.0,1.993024414549078e-05,1,2,2.0
graph_000225.json,499361017038905344,non-rumour,ferguson-all-rnr-threads,non-rumours,2,1,48877.0,48877.0,2.0459520838021975e-05,1,1,1.0
graph_000226.json,499361252691681281,non-rumour,ferguson-all-rnr-threads,non-rumours,1,0,0.0,0.0,0.0,0,0,0.0
graph_000227.json,499361506132508673,non-rumour,ferguson-all-rnr-threads,non-rumours,17,16,55894.0,120.0,0.0002862561276702,4,8,2.6666666666666665
graph_000228.json,499361662743220224,unverified,ferguson-all-rnr-threads,rumours,19,18,12284.0,183.0,0.0014653207424291,5,9,1.8
graph_000229.json,499361679197884416,non-rumour,ferguson-all-rnr-threads,non-rumours,3,2,308.0,131.0,0.0064935064935064,1,2,2.0
graph_000230.json,499361965035491329,non-rumour,ferguson-all-rnr-threads,non-rumours,6,5,10219.0,1002.0,0.0004892846658185,2,4,2.5
graph_000231.json,499362269269336064,non-rumour,ferguson-all-rnr-threads,non-rumours,3,1,1406.0,933.0,0.0014224751066856,1,1,1.0
graph_000232.json,499362348940144640,non-rumour,ferguson-all-rnr-threads,non-rumours,10,9,5865.0,367.0,0.0015345268542199,3,7,3.0
graph_000233.json,499362441697193985,non-rumour,ferguson-all-rnr-threads,non-rumours,2,1,63.0,63.0,0.0158730158730158,1,1,1.0
graph_000234.json,499362480179912705,non-rumour,ferguson-all-rnr-threads,non-rumours,2,1,442.0,442.0,0.002262443438914,1,1,1.0
graph_000235.json,499362949166030848,non-rumour,ferguson-all-rnr-threads,non-rumours,4,3,8662.0,427.0,0.0003463403371045,1,3,3.0
graph_000236.json,499362994862960640,non-rumour,ferguson-all-rnr-threads,non-rumours,1,0,0.0,0.0,0.0,0,0,0.0
graph_000237.json,499363323335680000,non-rumour,ferguson-all-rnr-threads,non-rumours,1,0,0.0,0.0,0.0,0,0,0.0
graph_000238.json,499363612260315136,non-rumour,ferguson-all-rnr-threads,non-rumours,19,18,470.0,63.0,0.0382978723404255,2,17,9.0
graph_000239.json,499363921661140993,non-rumour,ferguson-all-rnr-threads,non-rumours,4,3,44049.0,154.0,6.81059728938228e-05,2,2,1.5
graph_000240.json,499363975377993729,non-rumour,ferguson-all-rnr-threads,non-rumours,30,29,73232.0,63.0,0.0003960017478697,6,15,2.636363636363636
graph_000241.json,499364002318020608,non-rumour,ferguson-all-rnr-threads,non-rumours,5,4,176033.0,1439.0,2.272301216249226e-05,1,4,4.0
graph_000242.json,499364508641808384,non-rumour,ferguson-all-rnr-threads,non-rumours,1,0,0.0,0.0,0.0,0,0,0.0
graph_000243.json,499364522038394880,non-rumour,ferguson-all-rnr-threads,non-rumours,47,46,263329.0,41.0,0.0001746864188904,12,20,2.4210526315789473
graph_000244.json,499365436816105473,non-rumour,ferguson-all-rnr-threads,non-rumours,12,11,4027.0,61.0,0.0027315619567916,7,2,1.375
graph_000245.json,499366152049803264,non-rumour,ferguson-all-rnr-threads,non-rumours,1,0,0.0,0.0,0.0,0,0,0.0
graph_000246.json,499366666300846081,unverified,ferguson-all-rnr-threads,rumours,15,14,264001.0,103.0,5.3030102158703946e-05,1,14,14.0
graph_000247.json,499366930457710592,non-rumour,ferguson-all-rnr-threads,non-rumours,22,21,80646.0,326.0,0.0002603972918681,8,7,1.75
graph_000248.json,499366977497214976,non-rumour,ferguson-all-rnr-threads,non-rumours,36,35,83965.0,342.0,0.0004168403501458,12,5,1.4583333333333333
graph_000249.json,499368426931228672,non-rumour,ferguson-all-rnr-threads,non-rumours,12,11,60712.0,111.0,0.0001811832916062,2,10,5.5
graph_000250.json,499368533378498560,unverified,ferguson-all-rnr-threads,rumours,18,16,163762.0,729.0,0.0001038091865023,2,14,5.333333333333333
graph_000251.json,499368931367608320,unverified,ferguson-all-rnr-threads,rumours,48,36,90912.0,43.0,0.0005169834565293,6,24,3.6
graph_000252.json,499369948943495168,non-rumour,ferguson-all-rnr-threads,non-rumours,24,23,14571.0,400.0,0.0015784777983666,4,9,2.3
graph_000253.json,499375535458643968,non-rumour,ferguson-all-rnr-threads,non-rumours,17,16,6635.0,57.0,0.00241145440844,5,9,2.2857142857142856
graph_000254.json,499376069485821952,non-rumour,ferguson-all-rnr-threads,non-rumours,19,18,10104.0,102.0,0.0017814726840855,5,10,2.25
graph_000255.json,499377470697926656,non-rumour,ferguson-all-rnr-threads,non-rumours,59,53,40416.0,137.0,0.0014350752177355,10,15,2.409090909090909
graph_000256.json,499377813758443520,non-rumour,ferguson-all-rnr-threads,non-rumours,14,13,10172.0,102.0,0.0012780180888714,4,9,2.6
graph_000257.json,499379061718659073,non-rumour,ferguson-all-rnr-threads,non-rumours,57,56,188190.0,101.0,0.000297571603167,11,7,2.8
graph_000258.json,499381321954000896,non-rumour,ferguson-all-rnr-threads,non-rumours,83,81,41698.0,432.0,0.0019665211760755,12,13,1.975609756097561
graph_000259.json,499381843955707904,unverified,ferguson-all-rnr-threads,rumours,62,59,145781.0,444.0,0.0004184358729875,13,13,2.107142857142857
graph_000260.json,499381917490237440,non-rumour,ferguson-all-rnr-threads,non-rumours,3,2,4689.0,2409.0,0.00042653017701,1,2,2.0
graph_000261.json,499383196451368960,non-rumour,ferguson-all-rnr-threads,non-rumours,6,5,4506.0,101.0,0.001109631602308,2,3,2.5
graph_000262.json,499383640267423744,non-rumour,ferguson-all-rnr-threads,non-rumours,11,10,4830.0,80.0,0.0020703933747412,1,10,10.0
graph_000263.json,499385227362328576,non-rumour,ferguson-all-rnr-threads,non-rumours,49,23,954891.0,784.0,5.026751744439941e-05,4,10,2.090909090909091
graph_000264.json,499386181310619649,non-rumour,ferguson-all-rnr-threads,non-rumours,49,47,581620.0,117.0,8.252811113785633e-05,19,19,2.136363636363636
graph_000265.json,499386726414954496,non-rumour,ferguson-all-rnr-threads,non-rumours,33,32,119120.0,154.0,0.0002686366689053,11,8,2.0
graph_000266.json,499387698390790144,non-rumour,ferguson-all-rnr-threads,non-rumours,35,34,321071.0,1692.0,0.0001058955807282,6,14,2.4285714285714284
graph_000267.json,499387985096237056,non-rumour,ferguson-all-rnr-threads,non-rumours,6,5,9059.0,391.0,0.0005519372999227,1,5,5.0
graph_000268.json,499387993879511041,non-rumour,ferguson-all-rnr-threads,non-rumours,19,18,912.0,29.0,0.0197368421052631,2,16,9.0
graph_000269.json,499388398529175552,non-rumour,ferguson-all-rnr-threads,non-rumours,5,4,149978.0,2690.0,2.6670578351491553e-05,1,4,4.0
graph_000270.json,499388619425980416,non-rumour,ferguson-all-rnr-threads,non-rumours,34,33,41286.0,102.0,0.0007993024269728,8,11,1.736842105263158
graph_000271.json,499389815268573187,non-rumour,ferguson-all-rnr-threads,non-rumours,8,7,1356846.0,144.0,5.159023205286377e-06,1,7,7.0
graph_000272.json,499394221984714752,non-rumour,ferguson-all-rnr-threads,non-rumours,8,7,4216.0,277.0,0.0016603415559772,4,3,1.75
graph_000273.json,499394946416529409,non-rumour,ferguson-all-rnr-threads,non-rumours,164,163,663430.0,53.0,0.000245692838732,15,19,1.613861386138614
graph_000274.json,499397048878501888,non-rumour,ferguson-all-rnr-threads,non-rumours,7,6,45811.0,35093.0,0.0001309729104363,3,3,2.0
graph_000275.json,499397804620386304,non-rumour,ferguson-all-rnr-threads,non-rumours,10,9,92061.0,87323.0,9.776126698602014e-05,1,9,9.0
graph_000276.json,499400566397607936,non-rumour,ferguson-all-rnr-threads,non-rumours,8,6,2817.0,115.0,0.002484913028044,1,6,6.0
graph_000277.json,499401478235099137,non-rumour,ferguson-all-rnr-threads,non-rumours,1,0,0.0,0.0,0.0,0,0,0.0
graph_000278.json,499401831874043905,non-rumour,ferguson-all-rnr-threads,non-rumours,16,13,735685.0,86.0,2.0389161121947572e-05,2,12,6.5
graph_000279.json,499402006146977792,non-rumour,ferguson-all-rnr-threads,non-rumours,13,10,51472.0,283.0,0.0002331364625427,1,10,10.0
graph_000280.json,499402444267212800,non-rumour,ferguson-all-rnr-threads,non-rumours,19,18,3283.0,71.0,0.0054827901309777,6,11,2.25
graph_000281.json,499402643869929474,non-rumour,ferguson-all-rnr-threads,non-rumours,1,0,0.0,0.0,0.0,0,0,0.0
graph_000282.json,499403422278619136,non-rumour,ferguson-all-rnr-threads,non-rumours,15,13,30285.0,128.0,0.0004622750536569,5,7,2.6
graph_000283.json,499404849835175938,unverified,ferguson-all-rnr-threads,rumours,23,22,3122.0,103.0,0.0070467648942985,4,15,4.4
graph_000284.json,499405013261635584,non-rumour,ferguson-all-rnr-threads,non-rumours,5,4,17198.0,6583.0,0.0002325851843237,1,4,4.0
graph_000285.json,499405449951584256,non-rumour,ferguson-all-rnr-threads,non-rumours,2,1,42448.0,42448.0,2.355823595929137e-05,1,1,1.0
graph_000286.json,499406086945136640,non-rumour,ferguson-all-rnr-threads,non-rumours,53,50,196706.0,9048.0,0.0002643539088792,6,30,3.3333333333333335
graph_000287.json,499406854615597056,non-rumour,ferguson-all-rnr-threads,non-rumours,58,57,41937.0,1323.0,0.0013591816295872,21,5,1.6285714285714286
graph_000288.json,499407248427188224,unverified,ferguson-all-rnr-threads,rumours,3,2,645.0,177.0,0.0031007751937984,1,2,2.0
graph_000289.json,499408845127819265,non-rumour,ferguson-all-rnr-threads,non-rumours,9,8,32863.0,76.0,0.0002434348659586,1,8,8.0
graph_000290.json,499408988422037505,non-rumour,ferguson-all-rnr-threads,non-rumours,68,67,59070.0,2448.0,0.0011342475029625,21,7,1.425531914893617
graph_000291.json,499409455814287360,non-rumour,ferguson-all-rnr-threads,non-rumours,7,6,28524.0,123.0,0.0002103491796381,1,6,6.0
graph_000292.json,499409692834021376,non-rumour,ferguson-all-rnr-threads,non-rumours,15,14,239847.0,142.0,5.837054455548746e-05,5,8,2.3333333333333335
graph_000293.json,499410901033054208,non-rumour,ferguson-all-rnr-threads,non-rumours,9,8,4488.0,51.0,0.0017825311942959,2,6,2.6666666666666665
graph_000294.json,499410965075886080,non-rumour,ferguson-all-rnr-threads,non-rumours,35,33,558132.0,425.0,6.091748905276888e-05,6,17,2.2
graph_000295.json,499411596255719424,non-rumour,ferguson-all-rnr-threads,non-rumours,11,10,31407.0,244.0,0.0003184003566083,4,6,2.5
graph_000296.json,499411738467794945,non-rumour,ferguson-all-rnr-threads,non-rumours,19,17,21857.0,124.0,0.000823534794345,2,15,5.666666666666667
graph_000297.json,499411840733282304,non-rumour,ferguson-all-rnr-threads,non-rumours,22,21,17987.0,19.0,0.0011675098682381,2,20,10.5
graph_000298.json,499412007573942272,non-rumour,ferguson-all-rnr-threads,non-rumours,1,0,0.0,0.0,0.0,0,0,0.0
graph_000299.json,499412661176926209,non-rumour,ferguson-all-rnr-threads,non-rumours,12,11,31481.0,162.0,0.0003494171087322,1,11,11.0
graph_000300.json,499412821671968769,non-rumour,ferguson-all-rnr-threads,non-rumours,1,0,0.0,0.0,0.0,0,0,0.0
graph_000301.json,499424290748780546,non-rumour,ferguson-all-rnr-threads,non-rumours,9,8,29377.0,1297.0,0.0002723218844674,2,7,4.0
graph_000302.json,499426471300329472,non-rumour,ferguson-all-rnr-threads,non-rumours,14,13,22594.0,14.0,0.0005753739930955,2,12,6.5
graph_000303.json,499427218171248641,non-rumour,ferguson-all-rnr-threads,non-rumours,20,19,1539.0,217.0,0.0123456790123456,2,14,4.75
graph_000304.json,499427833102745600,non-rumour,ferguson-all-rnr-threads,non-rumours,11,10,1347.0,87.0,0.0074239049740163,5,3,1.4285714285714286
graph_000305.json,499430225043009537,unverified,ferguson-all-rnr-threads,rumours,11,10,766.0,82.0,0.0130548302872062,2,8,5.0
graph_000306.json,499431474731683841,unverified,ferguson-all-rnr-threads,rumours,1,0,0.0,0.0,0.0,0,0,0.0
graph_000307.json,499432169836531712,non-rumour,ferguson-all-rnr-threads,non-rumours,11,10,2942.0,151.0,0.0033990482664853,3,8,3.3333333333333335
graph_000308.json,499432557906104320,non-rumour,ferguson-all-rnr-threads,non-rumours,62,60,102660.0,170.0,0.0005941944282096,6,36,2.857142857142857
graph_000309.json,499435341259223040,non-rumour,ferguson-all-rnr-threads,non-rumours,6,5,8918.0,157.0,0.0005606638259699,1,5,5.0
graph_000310.json,499437429690888192,non-rumour,ferguson-all-rnr-threads,non-rumours,7,6,4649.0,83.0,0.00129060012906,3,4,2.0
graph_000311.json,499438052688023552,non-rumour,ferguson-all-rnr-threads,non-rumours,11,10,311.0,21.0,0.0321543408360128,1,10,10.0
graph_000312.json,499438977774931968,non-rumour,ferguson-all-rnr-threads,non-rumours,29,23,773784.0,12.0,3.61858089596063e-05,4,15,2.875
graph_000313.json,499439550029381632,non-rumour,ferguson-all-rnr-threads,non-rumours,13,12,6344.0,65.0,0.0018915510718789,4,9,3.0
graph_000314.json,499439571520991232,non-rumour,ferguson-all-rnr-threads,non-rumours,31,29,117671.0,389.0,0.0002549481180579,5,17,2.636363636363636
graph_000315.json,499439795618480128,non-rumour,ferguson-all-rnr-threads,non-rumours,120,102,376494.0,107.0,0.0003160740941422,12,40,2.217391304347826
graph_000316.json,499440386767859712,non-rumour,ferguson-all-rnr-threads,non-rumours,44,43,176826.0,160.0,0.0002431769083732,8,22,2.15
graph_000317.json,499441454498852864,non-rumour,ferguson-all-rnr-threads,non-rumours,18,17,28952.0,60.0,0.0005871787786681,3,12,3.4
graph_000318.json,499444325646757888,non-rumour,ferguson-all-rnr-threads,non-rumours,3,2,590.0,453.0,0.0033898305084745,1,2,2.0
graph_000319.json,499444395800682497,non-rumour,ferguson-all-rnr-threads,non-rumours,4,3,33060.0,1178.0,9.074410163339382e-05,1,3,3.0
graph_000320.json,499445575956578304,non-rumour,ferguson-all-rnr-threads,non-rumours,7,6,25303.0,165.0,0.0002371260324862,1,6,6.0
graph_000321.json,499446112147628032,non-rumour,ferguson-all-rnr-threads,non-rumours,7,5,239268.0,283.0,2.5076483273985658e-05,1,5,5.0
graph_000322.json,499446567229603841,non-rumour,ferguson-all-rnr-threads,non-rumours,24,23,148766.0,192.0,0.0001546052189344,8,12,2.5555555555555554
graph_000323.json,499448210789007360,non-rumour,ferguson-all-rnr-threads,non-rumours,25,24,463818.0,564.0,5.174443423929214e-05,3,16,2.6666666666666665
graph_000324.json,499453410744483842,non-rumour,ferguson-all-rnr-threads,non-rumours,4,3,35101.0,231.0,8.546765049428791e-05,2,2,1.5
graph_000325.json,499453886474637312,non-rumour,ferguson-all-rnr-threads,non-rumours,28,27,311651.0,70.0,8.663537097586724e-05,8,16,2.4545454545454546
graph_000326.json,499455799723184130,non-rumour,ferguson-all-rnr-threads,non-rumours,20,19,100593.0,277.0,0.0001888799419442,3,10,3.1666666666666665
graph_000327.json,499456140044824576,unverified,ferguson-all-rnr-threads,rumours,11,10,23794.0,100.0,0.0004202740186601,2,8,3.3333333333333335
graph_000328.json,499456913902284800,unverified,ferguson-all-rnr-threads,rumours,6,5,15716.0,151.0,0.0003181471112242,2,4,2.5
graph_000329.json,499457882144796672,non-rumour,ferguson-all-rnr-threads,non-rumours,4,3,79486.0,1059.0,3.7742495533804696e-05,2,2,1.5
graph_000330.json,499463629251837952,non-rumour,ferguson-all-rnr-threads,non-rumours,15,14,45184.0,200.0,0.0003098441926345,1,14,14.0
graph_000331.json,499464258183114754,non-rumour,ferguson-all-rnr-threads,non-rumours,1,0,0.0,0.0,0.0,0,0,0.0
graph_000332.json,499465611647275008,non-rumour,ferguson-all-rnr-threads,non-rumours,8,7,45643.0,111.0,0.0001533641522248,1,7,7.0
graph_000333.json,499467982943186944,non-rumour,ferguson-all-rnr-threads,non-rumours,17,12,48354.0,220.0,0.0003308929974769,3,8,3.0
graph_000334.json,499471162058231808,non-rumour,ferguson-all-rnr-threads,non-rumours,1,0,0.0,0.0,0.0,0,0,0.0
graph_000335.json,499472596853743618,non-rumour,ferguson-all-rnr-threads,non-rumours,6,5,48619.0,1502.0,0.0001028404533207,2,4,2.5
graph_000336.json,499478126570004480,non-rumour,ferguson-all-rnr-threads,non-rumours,25,24,371439.0,88.0,6.461357046513693e-05,2,23,12.0
graph_000337.json,499478537468792832,non-rumour,ferguson-all-rnr-threads,non-rumours,1,0,0.0,0.0,0.0,0,0,0.0
graph_000338.json,499478732315566080,non-rumour,ferguson-all-rnr-threads,non-rumours,1,0,0.0,0.0,0.0,0,0,0.0
graph_000339.json,499481575059619840,non-rumour,ferguson-all-rnr-threads,non-rumours,28,27,14614.0,59.0,0.0018475434514848,8,12,2.25
graph_000340.json,499484255869612034,non-rumour,ferguson-all-rnr-threads,non-rumours,20,19,1872289.0,137.0,1.014800599693744e-05,2,17,6.333333333333333
graph_000341.json,499488337338843137,non-rumour,ferguson-all-rnr-threads,non-rumours,8,7,62630.0,8097.0,0.000111767523551,2,6,3.5
graph_000342.json,499490314718310400,non-rumour,ferguson-all-rnr-threads,non-rumours,1,0,0.0,0.0,0.0,0,0,0.0
graph_000343.json,499494187969298432,unverified,ferguson-all-rnr-threads,rumours,25,24,45168.0,1473.0,0.0005313496280552,6,10,2.1818181818181817
graph_000344.json,499497872564703233,unverified,ferguson-all-rnr-threads,rumours,2,1,25279.0,25279.0,3.955852684046046e-05,1,1,1.0
graph_000345.json,499501246907432960,non-rumour,ferguson-all-rnr-threads,non-rumours,47,46,55583.0,1553.0,0.000827591169962,6,16,2.0
graph_000346.json,499504676250066945,unverified,ferguson-all-rnr-threads,rumours,15,14,668408.0,124.0,2.094529090016876e-05,2,13,7.0
graph_000347.json,499507509171060736,non-rumour,ferguson-all-rnr-threads,non-rumours,3,2,4264.0,3034.0,0.0004690431519699,1,2,2.0
graph_000348.json,499511714438971392,non-rumour,ferguson-all-rnr-threads,non-rumours,60,48,28616.0,900.0,0.0020617836175566,9,9,1.7142857142857142
graph_000349.json,499512318410375168,unverified,ferguson-all-rnr-threads,rumours,9,5,21716.0,1999.0,0.000368391969055,1,5,5.0
graph_000350.json,499514668814467072,non-rumour,ferguson-all-rnr-threads,non-rumours,17,16,30928.0,57.0,0.0005173305742369,4,7,1.7777777777777777
graph_000351.json,499517463457849345,non-rumour,ferguson-all-rnr-threads,non-rumours,50,47,703572.0,119.0,6.964461348660834e-05,10,14,1.88
graph_000352.json,499519101644308480,non-rumour,ferguson-all-rnr-threads,non-rumours,7,6,16888.0,595.0,0.0003552818569398,2,4,2.0
graph_000353.json,499519439206092800,non-rumour,ferguson-all-rnr-threads,non-rumours,20,19,56201.0,287.0,0.000338072276294,9,4,1.5833333333333333
graph_000354.json,499520839860367360,unverified,ferguson-all-rnr-threads,rumours,17,16,13539.0,203.0,0.0011817711795553,3,12,3.2
graph_000355.json,499524024012386304,non-rumour,ferguson-all-rnr-threads,non-rumours,2,1,73814.0,73814.0,1.3547565502479204e-05,1,1,1.0
graph_000356.json,499525020708634625,unverified,ferguson-all-rnr-threads,rumours,32,31,168956.0,45.0,0.0001834797225313,5,22,3.1
graph_000357.json,499526002469797888,non-rumour,ferguson-all-rnr-threads,non-rumours,18,17,14689.0,153.0,0.001157328613248,2,15,5.666666666666667
graph_000358.json,499527157023277056,non-rumour,ferguson-all-rnr-threads,non-rumours,10,9,49812.0,155.0,0.0001806793543724,1,9,9.0
graph_000359.json,499529014797557760,non-rumour,ferguson-all-rnr-threads,non-rumours,19,18,12925.0,89.0,0.0013926499032882,1,18,18.0
graph_000360.json,499530130487017472,unverified,ferguson-all-rnr-threads,rumours,25,24,2623522.0,292.0,9.148007906928169e-06,5,12,2.1818181818181817
graph_000361.json,499530401136668672,non-rumour,ferguson-all-rnr-threads,non-rumours,12,11,91412.0,343.0,0.0001203343105937,3,9,3.6666666666666665
graph_000362.json,499531968229683200,non-rumour,ferguson-all-rnr-threads,non-rumours,14,10,21758.0,2870.0,0.0005974813861568,5,5,2.0
graph_000363.json,499532858399412224,non-rumour,ferguson-all-rnr-threads,non-rumours,19,18,11430.0,408.0,0.0015748031496062,2,17,9.0
graph_000364.json,499536812109742080,non-rumour,ferguson-all-rnr-threads,non-rumours,19,18,16785.0,140.0,0.0010723860589812,3,12,3.0
graph_000365.json,499540195734065152,non-rumour,ferguson-all-rnr-threads,non-rumours,1,0,0.0,0.0,0.0,0,0,0.0
graph_000366.json,499541439962185729,non-rumour,ferguson-all-rnr-threads,non-rumours,106,57,88075.0,197.0,0.0011921657678115,15,13,2.28
graph_000367.json,499542449753051136,non-rumour,ferguson-all-rnr-threads,non-rumours,18,17,31156.0,315.0,0.0005456412889973,3,15,5.666666666666667
graph_000368.json,499553298668859392,non-rumour,ferguson-all-rnr-threads,non-rumours,27,26,133581.0,200.0,0.0001946384590622,12,8,1.8571428571428572
graph_000369.json,499553426133753857,non-rumour,ferguson-all-rnr-threads,non-rumours,8,7,60703.0,87.0,0.0001153155527733,2,6,3.5
graph_000370.json,499553513471741954,non-rumour,ferguson-all-rnr-threads,non-rumours,6,5,6651.0,1568.0,0.0007517666516313,3,3,1.6666666666666667
graph_000371.json,499553593041903616,unverified,ferguson-all-rnr-threads,rumours,1,0,0.0,0.0,0.0,0,0,0.0
graph_000372.json,499554114024771584,non-rumour,ferguson-all-rnr-threads,non-rumours,39,38,2418.0,52.0,0.0157154673283705,12,7,1.9
graph_000373.json,499554248292458499,non-rumour,ferguson-all-rnr-threads,non-rumours,13,12,403698.0,1789.0,2.9725190612784804e-05,2,11,6.0
graph_000374.json,499556227874304000,non-rumour,ferguson-all-rnr-threads,non-rumours,1,0,0.0,0.0,0.0,0,0,0.0
graph_000375.json,499560002341044224,non-rumour,ferguson-all-rnr-threads,non-rumours,102,98,267656.0,89.0,0.0003773500313835,16,16,1.6610169491525424
graph_000376.json,499563566786433024,non-rumour,ferguson-all-rnr-threads,non-rumours,36,35,1004937.0,1039.0,3.4828053897906035e-05,10,9,1.9444444444444444
graph_000377.json,499564237552115712,non-rumour,ferguson-all-rnr-threads,non-rumours,5,4,11034.0,3668.0,0.0003625158600688,1,4,4.0
graph_000378.json,499565555645685760,false,ferguson-all-rnr-threads,rumours,8,7,22607.0,91.0,0.0003096386075109,1,7,7.0
graph_000379.json,499567797064957952,non-rumour,ferguson-all-rnr-threads,non-rumours,38,37,1574275.0,675.0,2.350288227914437e-05,4,31,5.285714285714286
graph_000380.json,499568802267672576,non-rumour,ferguson-all-rnr-threads,non-rumours,12,11,72205.0,120.0,0.0001523440204971,3,8,2.75
graph_000381.json,499569344184340480,non-rumour,ferguson-all-rnr-threads,non-rumours,20,19,137576.0,209.0,0.0001381054835145,6,12,2.375
graph_000382.json,499571347375136768,non-rumour,ferguson-all-rnr-threads,non-rumours,19,18,12355.0,249.0,0.0014569000404694,6,8,2.0
graph_000383.json,499571799764770816,non-rumour,ferguson-all-rnr-threads,non-rumours,36,27,1235346.0,62.0,2.8332143383311235e-05,3,19,3.857142857142857
graph_000384.json,499574200596983808,non-rumour,ferguson-all-rnr-threads,non-rumours,18,17,14571.0,604.0,0.0011667009814014,4,8,2.4285714285714284
graph_000385.json,499575076468305923,non-rumour,ferguson-all-rnr-threads,non-rumours,12,11,49020.0,1194.0,0.0002243982048143,3,9,3.6666666666666665
graph_000386.json,499576743967993856,non-rumour,ferguson-all-rnr-threads,non-rumours,35,33,860389.0,158.0,3.951700916678386e-05,5,26,5.5
graph_000387.json,499579650926858240,non-rumour,ferguson-all-rnr-threads,non-rumours,4,3,37552.0,32561.0,7.988922028121005e-05,1,3,3.0
graph_000388.json,499579905508917248,unverified,ferguson-all-rnr-threads,rumours,15,14,12462.0,161.0,0.0011234151821537,1,14,14.0
graph_000389.json,499581469027618816,non-rumour,ferguson-all-rnr-threads,non-rumours,14,12,81696.0,234.0,0.0001591265178221,8,5,1.5
graph_000390.json,499581876668227584,non-rumour,ferguson-all-rnr-threads,non-rumours,1,0,0.0,0.0,0.0,0,0,0.0
graph_000391.json,499583349267382273,non-rumour,ferguson-all-rnr-threads,non-rumours,1,0,0.0,0.0,0.0,0,0,0.0
graph_000392.json,499583424114728961,non-rumour,ferguson-all-rnr-threads,non-rumours,14,13,16886.0,2845.0,0.0007698685301433,5,6,1.625
graph_000393.json,499584511710351361,non-rumour,ferguson-all-rnr-threads,non-rumours,2,1,19682.0,19682.0,5.08078447312265e-05,1,1,1.0
graph_000394.json,499584606878715905,non-rumour,ferguson-all-rnr-threads,non-rumours,19,18,4872.0,111.0,0.0036945812807881,2,17,9.0
graph_000395.json,499584618165567488,non-rumour,ferguson-all-rnr-threads,non-rumours,19,18,2866.0,38.0,0.0062805303558967,3,11,4.5
graph_000396.json,499585144416514048,non-rumour,ferguson-all-rnr-threads,non-rumours,57,52,83168.0,35.0,0.0006733358984224,11,16,2.736842105263158
graph_000397.json,499586890837016579,non-rumour,ferguson-all-rnr-threads,non-rumours,9,8,40196.0,2847.0,0.0001990247785849,2,6,4.0
graph_000398.json,499588291335692288,non-rumour,ferguson-all-rnr-threads,non-rumours,31,30,11541.0,78.0,0.0025994281258123,3,26,6.0
graph_000399.json,499589336816308227,non-rumour,ferguson-all-rnr-threads,non-rumours,19,17,95440.0,10540.0,0.0001886001676445,1,17,17.0
graph_000400.json,499590048313262080,non-rumour,ferguson-all-rnr-threads,non-rumours,32,31,68193.0,92.0,0.00045459211356,3,25,6.2
graph_000401.json,499590929611640832,non-rumour,ferguson-all-rnr-threads,non-rumours,12,11,88692.0,90.0,0.0001240247147431,1,11,11.0
graph_000402.json,499592320900431872,non-rumour,ferguson-all-rnr-threads,non-rumours,80,79,17956.0,1605.0,0.0043996435731788,20,10,1.4107142857142858
graph_000403.json,499595283504701440,non-rumour,ferguson-all-rnr-threads,non-rumours,48,45,10965.0,43.0,0.0042863657090743,8,9,1.875
graph_000404.json,499596695705894912,non-rumour,ferguson-all-rnr-threads,non-rumours,53,50,553798.0,228.0,9.389705271597224e-05,9,11,1.4705882352941178
graph_000405.json,499598115888848896,non-rumour,ferguson-all-rnr-threads,non-rumours,1,0,0.0,0.0,0.0,0,0,0.0
graph_000406.json,499598154581303296,non-rumour,ferguson-all-rnr-threads,non-rumours,109,94,97196.0,351.0,0.0011111568377299,14,14,1.7735849056603774
graph_000407.json,499598945417703424,non-rumour,ferguson-all-rnr-threads,non-rumours,8,7,76519.0,256.0,9.148054731504592e-05,2,5,3.5
graph_000408.json,499600140580044800,unverified,ferguson-all-rnr-threads,rumours,53,52,91166.0,12.0,0.0005703880832766,9,38,4.0
graph_000409.json,499601812005998592,non-rumour,ferguson-all-rnr-threads,non-rumours,10,7,28909.0,126.0,0.0003113217337161,3,4,1.75
graph_000410.json,499601956491374594,non-rumour,ferguson-all-rnr-threads,non-rumours,6,5,15681.0,556.0,0.0003188572157387,1,5,5.0
graph_000411.json,499602333404504064,non-rumour,ferguson-all-rnr-threads,non-rumours,19,18,87417.0,128.0,0.0002059096056831,4,14,3.6
graph_000412.json,499602370917978112,non-rumour,ferguson-all-rnr-threads,non-rumours,18,17,1044.0,35.0,0.0162835249042145,2,15,5.666666666666667
graph_000413.json,499602989133594624,non-rumour,ferguson-all-rnr-threads,non-rumours,2,1,398.0,398.0,0.0025125628140703,1,1,1.0
graph_000414.json,499604750888083456,non-rumour,ferguson-all-rnr-threads,non-rumours,13,12,80647.0,3817.0,0.0001487966074373,2,10,6.0
graph_000415.json,499605248747786240,non-rumour,ferguson-all-rnr-threads,non-rumours,39,38,71678.0,1104.0,0.0005301487206674,13,6,1.8095238095238095
graph_000416.json,499606278910398464,non-rumour,ferguson-all-rnr-threads,non-rumours,17,16,47115.0,279.0,0.0003395946089355,2,13,4.0
graph_000417.json,499606771246567424,non-rumour,ferguson-all-rnr-threads,non-rumours,1,0,0.0,0.0,0.0,0,0,0.0
graph_000418.json,499607500187250689,non-rumour,ferguson-all-rnr-threads,non-rumours,18,15,1501.0,84.0,0.011325782811459,3,11,3.75
graph_000419.json,499608179362521088,non-rumour,ferguson-all-rnr-threads,non-rumours,16,14,4701.0,406.0,0.0031908104658583,2,12,4.666666666666667
graph_000420.json,499610913112989696,non-rumour,ferguson-all-rnr-threads,non-rumours,18,14,14943.0,376.0,0.0011376564277588,4,9,2.8
graph_000421.json,499611069565112320,non-rumour,ferguson-all-rnr-threads,non-rumours,5,4,40361.0,20693.0,9.910557221079756e-05,2,3,2.0
graph_000422.json,499611719090450432,non-rumour,ferguson-all-rnr-threads,non-rumours,71,67,39207.0,109.0,0.0017853954650955,12,12,1.4565217391304348
graph_000423.json,499612195756728320,non-rumour,ferguson-all-rnr-threads,non-rumours,15,14,113606.0,120.0,0.0001232329278383,2,11,3.5
graph_000424.json,499612545909415938,unverified,ferguson-all-rnr-threads,rumours,28,27,90385.0,29.0,0.0002987221330973,4,19,5.4
graph_000425.json,499613731312005121,non-rumour,ferguson-all-rnr-threads,non-rumours,10,9,16377.0,55.0,0.0005495511998534,1,9,9.0
graph_000426.json,499615655906533376,non-rumour,ferguson-all-rnr-threads,non-rumours,19,18,3013.0,73.0,0.0059741121805509,1,18,18.0
graph_000427.json,499619724222038016,non-rumour,ferguson-all-rnr-threads,non-rumours,17,16,7920.0,129.0,0.002020202020202,2,13,4.0
graph_000428.json,499620598994444288,non-rumour,ferguson-all-rnr-threads,non-rumours,26,25,19586.0,213.0,0.0012764219340345,9,7,1.4705882352941178
graph_000429.json,499620682502635520,non-rumour,ferguson-all-rnr-threads,non-rumours,50,49,37269.0,143.0,0.0013147656229037,11,26,2.45
graph_000430.json,499621957747224576,non-rumour,ferguson-all-rnr-threads,non-rumours,11,10,19795.0,176.0,0.0005051780752715,1,10,10.0
graph_000431.json,499622667142844416,non-rumour,ferguson-all-rnr-threads,non-rumours,18,17,18895.0,187.0,0.000899708917703,2,13,3.4
graph_000432.json,499626055251271682,non-rumour,ferguson-all-rnr-threads,non-rumours,15,14,35673.0,782.0,0.0003924536764499,3,9,2.3333333333333335
graph_000433.json,499635247311781889,non-rumour,ferguson-all-rnr-threads,non-rumours,1,0,0.0,0.0,0.0,0,0,0.0
graph_000434.json,499635302764662784,non-rumour,ferguson-all-rnr-threads,non-rumours,99,98,33583.0,60.0,0.0029181431081201,11,41,2.130434782608696
graph_000435.json,499636076852420608,non-rumour,ferguson-all-rnr-threads,non-rumours,3,2,1171.0,868.0,0.0017079419299743,1,2,2.0
graph_000436.json,499637476315910146,non-rumour,ferguson-all-rnr-threads,non-rumours,61,57,687035.0,897.0,8.733179532338236e-05,20,4,1.3571428571428572
graph_000437.json,499638207987089408,non-rumour,ferguson-all-rnr-threads,non-rumours,19,18,69507.0,103.0,0.0002589667227761,1,18,18.0
graph_000438.json,499642374428307457,unverified,ferguson-all-rnr-threads,rumours,3,2,2581.0,446.0,0.0007748934521503,1,2,2.0
graph_000439.json,499642704687816706,non-rumour,ferguson-all-rnr-threads,non-rumours,6,5,582016.0,227.0,8.590829118099846e-06,2,4,2.5
graph_000440.json,499643185581142016,non-rumour,ferguson-all-rnr-threads,non-rumours,46,45,217270.0,78869.0,0.0002071155704883,3,29,4.090909090909091
graph_000441.json,499647059688173569,non-rumour,ferguson-all-rnr-threads,non-rumours,22,21,39865.0,73.0,0.0005267778753292,4,12,3.0
graph_000442.json,499647397278937088,non-rumour,ferguson-all-rnr-threads,non-rumours,2,1,259862.0,259862.0,3.8481963503705815e-06,1,1,1.0
graph_000443.json,499648409767538688,unverified,ferguson-all-rnr-threads,rumours,39,38,5968.0,46.0,0.006367292225201,5,27,3.8
graph_000444.json,499648712596271107,non-rumour,ferguson-all-rnr-threads,non-rumours,18,17,314.0,51.0,0.054140127388535,2,15,5.666666666666667
graph_000445.json,499649230181388289,non-rumour,ferguson-all-rnr-threads,non-rumours,39,35,84911.0,170.0,0.0004475274110539,3,24,3.888888888888889
graph_000446.json,499649754822103040,non-rumour,ferguson-all-rnr-threads,non-rumours,19,17,500.0,33.0,0.036,3,15,5.666666666666667
graph_000447.json,499649813332639744,non-rumour,ferguson-all-rnr-threads,non-rumours,5,4,61817.0,2796.0,6.470711940081208e-05,1,4,4.0
graph_000448.json,499649872534831104,non-rumour,ferguson-all-rnr-threads,non-rumours,17,16,876.0,122.0,0.0182648401826484,3,13,5.333333333333333
graph_000449.json,499650234914713600,non-rumour,ferguson-all-rnr-threads,non-rumours,3,2,4470.0,700.0,0.0004474272930648,1,2,2.0
graph_000450.json,499650640314777601,non-rumour,ferguson-all-rnr-threads,non-rumours,5,4,6344.0,47.0,0.0006305170239596,1,4,4.0
graph_000451.json,499651344622694400,non-rumour,ferguson-all-rnr-threads,non-rumours,61,52,6420.0,110.0,0.0093457943925233,2,43,8.666666666666666
graph_000452.json,499651830951841794,non-rumour,ferguson-all-rnr-threads,non-rumours,7,6,15639.0,238.0,0.0003836562440053,2,5,3.0
graph_000453.json,499652256288235521,non-rumour,ferguson-all-rnr-threads,non-rumours,5,4,17980.0,2399.0,0.000222469410456,2,3,2.0
graph_000454.json,499652628825899009,non-rumour,ferguson-all-rnr-threads,non-rumours,19,18,21068.0,554.0,0.0008543763052971,5,7,1.5
graph_000455.json,499652797030088704,non-rumour,ferguson-all-rnr-threads,non-rumours,1,0,0.0,0.0,0.0,0,0,0.0
graph_000456.json,499653470417199105,non-rumour,ferguson-all-rnr-threads,non-rumours,4,3,2600.0,966.0,0.0011538461538461,1,3,3.0
graph_000457.json,499654272342953984,non-rumour,ferguson-all-rnr-threads,non-rumours,9,8,20280.0,192.0,0.0003944773175542,2,6,4.0
graph_000458.json,499654313870761984,non-rumour,ferguson-all-rnr-threads,non-rumours,1,0,0.0,0.0,0.0,0,0,0.0
graph_000459.json,499655249398075392,unverified,ferguson-all-rnr-threads,rumours,41,40,157932.0,528.0,0.0002532735607729,6,24,3.3333333333333335
graph_000460.json,499655603405725696,non-rumour,ferguson-all-rnr-threads,non-rumours,18,16,17013.0,182.0,0.0009992358784458,2,13,8.0
graph_000461.json,499655869412286464,non-rumour,ferguson-all-rnr-threads,non-rumours,18,17,84228.0,448.0,0.0002018331196276,4,11,2.4285714285714284
graph_000462.json,499657337548701696,non-rumour,ferguson-all-rnr-threads,non-rumours,28,27,18685.0,200.0,0.0014450093658014,7,16,3.0
graph_000463.json,499657337985323009,non-rumour,ferguson-all-rnr-threads,non-rumours,24,23,65100.0,138.0,0.0003533026113671,10,12,2.090909090909091
graph_000464.json,499657584836874240,non-rumour,ferguson-all-rnr-threads,non-rumours,10,9,56743.0,157.0,0.0001586098725834,3,6,2.25
graph_000465.json,499658267493019651,non-rumour,ferguson-all-rnr-threads,non-rumours,19,18,145752.0,196.0,0.0001234974477194,4,12,4.5
graph_000466.json,499659628645720064,non-rumour,ferguson-all-rnr-threads,non-rumours,40,39,57029.0,232.0,0.0006838625962229,7,18,2.2941176470588234
graph_000467.json,499660656769921025,non-rumour,ferguson-all-rnr-threads,non-rumours,6,5,483.0,343.0,0.010351966873706,3,3,1.6666666666666667
graph_000468.json,499660768908832771,non-rumour,ferguson-all-rnr-threads,non-rumours,10,9,392119.0,45.0,2.295221603645832e-05,1,9,9.0
graph_000469.json,499660771857809409,non-rumour,ferguson-all-rnr-threads,non-rumours,21,20,62325.0,2698.0,0.0003208985158443,6,5,2.0
graph_000470.json,499662307560263680,non-rumour,ferguson-all-rnr-threads,non-rumours,19,15,15546.0,118.0,0.001157854110382,3,12,3.75
graph_000471.json,499662393627410432,non-rumour,ferguson-all-rnr-threads,non-rumours,13,12,9876.0,122.0,0.0012150668286755,4,8,2.4
graph_000472.json,499663992697417728,non-rumour,ferguson-all-rnr-threads,non-rumours,13,12,59143.0,91.0,0.0002028980606327,2,11,6.0
graph_000473.json,499665704300191745,non-rumour,ferguson-all-rnr-threads,non-rumours,17,16,229317.0,257.0,6.97724111164894e-05,2,15,8.0
graph_000474.json,499665889198088192,non-rumour,ferguson-all-rnr-threads,non-rumours,9,8,6317.0,206.0,0.0012664239354123,4,5,2.0
graph_000475.json,499667482354143232,non-rumour,ferguson-all-rnr-threads,non-rumours,20,19,52659.0,192.0,0.0003608120169391,3,13,2.7142857142857144
graph_000476.json,499667557247614977,non-rumour,ferguson-all-rnr-threads,non-rumours,5,4,20279.0,535.0,0.0001972483850288,1,4,4.0
graph_000477.json,499668221767999488,non-rumour,ferguson-all-rnr-threads,non-rumours,8,7,137498.0,3679.0,5.090983141572968e-05,2,5,3.5
graph_000478.json,499669445548449793,non-rumour,ferguson-all-rnr-threads,non-rumours,9,8,12347.0,57.0,0.0006479306714181,1,8,8.0
graph_000479.json,499669671034257408,non-rumour,ferguson-all-rnr-threads,non-rumours,27,26,66662.0,71.0,0.0003900273019111,6,12,1.8571428571428572
graph_000480.json,499671635067437056,non-rumour,ferguson-all-rnr-threads,non-rumours,22,16,34582.0,1201.0,0.0006072523278005,6,6,1.7777777777777777
graph_000481.json,499672226887897089,non-rumour,ferguson-all-rnr-threads,non-rumours,1,0,0.0,0.0,0.0,0,0,0.0
graph_000482.json,499673142114013186,non-rumour,ferguson-all-rnr-threads,non-rumours,66,65,367890.0,955.0,0.0001766832477099,9,40,2.9545454545454546
graph_000483.json,499673760484433921,non-rumour,ferguson-all-rnr-threads,non-rumours,25,24,180401.0,189.0,0.0001330369565578,2,23,12.0
graph_000484.json,499674159916789760,non-rumour,ferguson-all-rnr-threads,non-rumours,19,18,25643.0,54.0,0.0007019459501618,2,17,9.0
graph_000485.json,499674825753772033,non-rumour,ferguson-all-rnr-threads,non-rumours,8,4,422886.0,26958.0,1.6552924428805874e-05,2,2,2.0
graph_000486.json,499674902060744704,non-rumour,ferguson-all-rnr-threads,non-rumours,1,0,0.0,0.0,0.0,0,0,0.0
graph_000487.json,499674991294951424,non-rumour,ferguson-all-rnr-threads,non-rumours,14,13,23583.0,5280.0,0.0005512445405588,3,11,4.333333333333333
graph_000488.json,499676350064508928,non-rumour,ferguson-all-rnr-threads,non-rumours,1,0,0.0,0.0,0.0,0,0,0.0
graph_000489.json,499678305134448641,non-rumour,ferguson-all-rnr-threads,non-rumours,6,5,39341.0,346.0,0.0001270938715335,2,3,2.5
graph_000490.json,499678822598340608,non-rumour,ferguson-all-rnr-threads,non-rumours,23,22,10242.0,81.0,0.0021480179652411,4,16,4.4
graph_000491.json,499679142766735362,non-rumour,ferguson-all-rnr-threads,non-rumours,33,32,76476.0,894.0,0.0004184319263559,3,26,5.333333333333333
graph_000492.json,499679986727411715,non-rumour,ferguson-all-rnr-threads,non-rumours,8,7,47684.0,7018.0,0.0001467997651203,1,7,7.0
graph_000493.json,499681614549377024,non-rumour,ferguson-all-rnr-threads,non-rumours,17,16,1633.0,144.0,0.0097979179424372,1,16,16.0
graph_000494.json,499682060793937921,non-rumour,ferguson-all-rnr-threads,non-rumours,103,102,349071.0,98.0,0.0002922041647687,20,29,1.9245283018867925
graph_000495.json,499683602452717569,non-rumour,ferguson-all-rnr-threads,non-rumours,32,31,100168.0,640.0,0.0003094800734765,5,27,6.2
graph_000496.json,499684402616864768,non-rumour,ferguson-all-rnr-threads,non-rumours,14,13,16183.0,141.0,0.0008033121176543,2,11,6.5
graph_000497.json,499685593857531906,non-rumour,ferguson-all-rnr-threads,non-rumours,1,0,0.0,0.0,0.0,0,0,0.0
graph_000498.json,499687274326786049,non-rumour,ferguson-all-rnr-threads,non-rumours,8,7,21375.0,36.0,0.0003274853801169,1,7,7.0
graph_000499.json,499687644045918210,non-rumour,ferguson-all-rnr-threads,non-rumours,42,41,1053014.0,17602.0,3.893585460402236e-05,6,22,2.5625
graph_000500.json,499688532391526400,non-rumour,ferguson-all-rnr-threads,non-rumours,37,36,19371.0,200.0,0.0018584481957565,3,27,4.5
graph_000501.json,499688832300630016,non-rumour,ferguson-all-rnr-threads,non-rumours,37,36,3768.0,35.0,0.0095541401273885,10,5,1.3846153846153846
graph_000502.json,499689349420568577,non-rumour,ferguson-all-rnr-threads,non-rumours,230,190,47832.0,98.0,0.0047875898979762,16,48,2.1839080459770117
graph_000503.json,499689438092726273,non-rumour,ferguson-all-rnr-threads,non-rumours,20,19,1826.0,43.0,0.0104052573932092,2,16,4.75
graph_000504.json,499689757652566016,non-rumour,ferguson-all-rnr-threads,non-rumours,15,14,6169.0,70.0,0.002269411573999,3,12,4.666666666666667
graph_000505.json,499689919929798657,non-rumour,ferguson-all-rnr-threads,non-rumours,18,17,4494.0,183.0,0.0037828215398308,2,15,5.666666666666667
graph_000506.json,499690032601772032,non-rumour,ferguson-all-rnr-threads,non-rumours,1,0,0.0,0.0,0.0,0,0,0.0
graph_000507.json,499690323883589632,non-rumour,ferguson-all-rnr-threads,non-rumours,8,6,7655.0,77.0,0.0009144350097975,2,5,3.0
graph_000508.json,499690351875981313,non-rumour,ferguson-all-rnr-threads,non-rumours,3,2,17070.0,3656.0,0.0001171646162858,1,2,2.0
graph_000509.json,499690604302192640,non-rumour,ferguson-all-rnr-threads,non-rumours,10,9,11753.0,63.0,0.0007657619331234,2,8,4.5
graph_000510.json,499690835059814400,non-rumour,ferguson-all-rnr-threads,non-rumours,1,0,0.0,0.0,0.0,0,0,0.0
graph_000511.json,499690869784846336,non-rumour,ferguson-all-rnr-threads,non-rumours,19,15,3359.0,249.0,0.0053587377195593,1,15,15.0
graph_000512.json,499691224169590784,non-rumour,ferguson-all-rnr-threads,non-rumours,14,13,6371.0,23.0,0.0020404959974886,4,8,2.6
graph_000513.json,499691429359517696,non-rumour,ferguson-all-rnr-threads,non-rumours,12,11,2628.0,44.0,0.0041856925418569,2,10,5.5
graph_000514.json,499691501136650240,non-rumour,ferguson-all-rnr-threads,non-rumours,5,4,4124.0,152.0,0.0009699321047526,1,4,4.0
graph_000515.json,499691556652449792,non-rumour,ferguson-all-rnr-threads,non-rumours,14,13,106715.0,458.0,0.0001218198004029,4,10,3.25
graph_000516.json,499691593985957888,non-rumour,ferguson-all-rnr-threads,non-rumours,3,2,783.0,306.0,0.0025542784163473,1,2,2.0
graph_000517.json,499691638424608768,non-rumour,ferguson-all-rnr-threads,non-rumours,6,5,5510.0,135.0,0.0009074410163339,1,5,5.0
graph_000518.json,499691702660374528,non-rumour,ferguson-all-rnr-threads,non-rumours,51,49,128332.0,31.0,0.0003896144375525,3,44,12.25
graph_000519.json,499691814358888448,non-rumour,ferguson-all-rnr-threads,non-rumours,17,16,77392.0,340.0,0.0002067397146991,2,14,5.333333333333333
graph_000520.json,499692099005325312,non-rumour,ferguson-all-rnr-threads,non-rumours,8,7,24151.0,783.0,0.0002898430706803,1,7,7.0
graph_000521.json,499692589143298049,non-rumour,ferguson-all-rnr-threads,non-rumours,49,48,44873.0,136.0,0.0010696855570164,10,16,2.0
graph_000522.json,499692788993511424,non-rumour,ferguson-all-rnr-threads,non-rumours,32,31,9296.0,843.0,0.0033347676419965,6,15,2.2142857142857144
graph_000523.json,499692915954704384,non-rumour,ferguson-all-rnr-threads,non-rumours,34,33,486398.0,136.0,6.784567370753992e-05,5,23,3.0
graph_000524.json,499693137670205440,non-rumour,ferguson-all-rnr-threads,non-rumours,23,22,36158.0,40.0,0.0006084407323413,4,15,3.142857142857143
graph_000525.json,499693411503726592,non-rumour,ferguson-all-rnr-threads,non-rumours,18,17,565.0,50.0,0.0300884955752212,2,16,8.5
graph_000526.json,499693751720501248,non-rumour,ferguson-all-rnr-threads,non-rumours,26,25,21019.0,95.0,0.0011894000666064,1,25,25.0
graph_000527.json,499693808515182592,non-rumour,ferguson-all-rnr-threads,non-rumours,1,0,0.0,0.0,0.0,0,0,0.0
graph_000528.json,499694783691239424,non-rumour,ferguson-all-rnr-threads,non-rumours,39,38,1542.0,593.0,0.0246433203631647,4,24,3.4545454545454546
graph_000529.json,499695028407922689,non-rumour,ferguson-all-rnr-threads,non-rumours,15,13,74141.0,249.0,0.0001888293926437,4,9,2.6
graph_000530.json,499695074855624704,non-rumour,ferguson-all-rnr-threads,non-rumours,13,12,9295.0,278.0,0.001291016675632,3,9,3.0
graph_000531.json,499695460358311936,non-rumour,ferguson-all-rnr-threads,non-rumours,16,15,73623.0,153.0,0.0002037406788639,1,15,15.0
graph_000532.json,499695682476060673,non-rumour,ferguson-all-rnr-threads,non-rumours,10,9,7066.0,176.0,0.0012737050665157,2,8,4.5
graph_000533.json,499695918547861504,non-rumour,ferguson-all-rnr-threads,non-rumours,229,205,19816.0,40.0,0.0115058538554703,8,122,3.4166666666666665
graph_000534.json,499696137708658688,non-rumour,ferguson-all-rnr-threads,non-rumours,9,8,1752.0,256.0,0.0045662100456621,1,8,8.0
graph_000535.json,499696525808001024,non-rumour,ferguson-all-rnr-threads,non-rumours,35,34,9954.0,50.0,0.0034157122764717,3,31,8.5
graph_000536.json,499696550541795328,non-rumour,ferguson-all-rnr-threads,non-rumours,23,22,39097.0,26.0,0.0005627030206921,5,14,3.6666666666666665
graph_000537.json,499696733979688961,non-rumour,ferguson-all-rnr-threads,non-rumours,38,37,9225.0,80.0,0.004010840108401,7,22,2.642857142857143
graph_000538.json,499696744155062272,non-rumour,ferguson-all-rnr-threads,non-rumours,116,115,83512.0,239.0,0.0013770476099243,10,53,2.3
graph_000539.json,499696948296028160,non-rumour,ferguson-all-rnr-threads,non-rumours,177,172,168742.0,72.0,0.0010430124094771,22,14,1.5357142857142858
graph_000540.json,499697037156171776,non-rumour,ferguson-all-rnr-threads,non-rumours,51,35,13296.0,60.0,0.0037605294825511,3,31,7.0
graph_000541.json,499697194325114881,non-rumour,ferguson-all-rnr-threads,non-rumours,8,7,178942.0,1311.0,3.911882062344223e-05,1,7,7.0
graph_000542.json,499697498072420352,non-rumour,ferguson-all-rnr-threads,non-rumours,79,77,62034.0,55.0,0.0012573749879098,12,18,1.925
graph_000543.json,499697648866045953,unverified,ferguson-all-rnr-threads,rumours,2,1,1578.0,1578.0,0.0006337135614702,1,1,1.0
graph_000544.json,499697652385464320,non-rumour,ferguson-all-rnr-threads,non-rumours,18,17,742.0,164.0,0.022911051212938,3,13,4.25
graph_000545.json,499697729225105408,non-rumour,ferguson-all-rnr-threads,non-rumours,8,7,8420.0,7.0,0.0008313539192399,1,7,7.0
graph_000546.json,499697848737210369,non-rumour,ferguson-all-rnr-threads,non-rumours,8,7,24063.0,87.0,0.0002909030461704,1,7,7.0
graph_000547.json,499697887434248192,non-rumour,ferguson-all-rnr-threads,non-rumours,21,20,860811.0,45.0,2.323390384184217e-05,1,20,20.0
graph_000548.json,499698311306043392,non-rumour,ferguson-all-rnr-threads,non-rumours,72,66,393650.0,396.0,0.0001803632668614,18,5,1.5348837209302326
graph_000549.json,499698357397237762,non-rumour,ferguson-all-rnr-threads,non-rumours,16,15,58031.0,70.0,0.0002584825351967,4,9,2.5
graph_000550.json,499698366402789376,non-rumour,ferguson-all-rnr-threads,non-rumours,4,3,8063.0,41.0,0.0003720699491504,2,2,1.5
graph_000551.json,499698817567293440,non-rumour,ferguson-all-rnr-threads,non-rumours,19,16,6572.0,75.0,0.0027388922702373,3,12,3.2
graph_000552.json,499698825020592129,non-rumour,ferguson-all-rnr-threads,non-rumours,19,18,4892.0,125.0,0.0036794766966475,7,9,1.8
graph_000553.json,499698828845780993,non-rumour,ferguson-all-rnr-threads,non-rumours,20,19,4402.0,200.0,0.0043162199000454,3,13,3.1666666666666665
graph_000554.json,499698964925796352,non-rumour,ferguson-all-rnr-threads,non-rumours,17,16,5651.0,38.0,0.002831357281897,1,16,16.0
graph_000555.json,499699006298419200,non-rumour,ferguson-all-rnr-threads,non-rumours,2,1,47540.0,47540.0,2.103491796381994e-05,1,1,1.0
graph_000556.json,499699052389208065,non-rumour,ferguson-all-rnr-threads,non-rumours,28,23,37477.0,58.0,0.0007204418710142,9,12,2.3
graph_000557.json,499699107615997952,non-rumour,ferguson-all-rnr-threads,non-rumours,14,13,2323.0,40.0,0.0055962117950925,2,12,6.5
graph_000558.json,499699270883110913,non-rumour,ferguson-all-rnr-threads,non-rumours,1,0,0.0,0.0,0.0,0,0,0.0
graph_000559.json,499699366660423680,non-rumour,ferguson-all-rnr-threads,non-rumours,17,16,24121.0,654.0,0.0006633224161519,3,12,3.2
graph_000560.json,499699435551866880,non-rumour,ferguson-all-rnr-threads,non-rumours,5,4,12799.0,124.0,0.0003125244159699,1,4,4.0
graph_000561.json,499699479688544257,unverified,ferguson-all-rnr-threads,rumours,10,9,51458.0,97.0,0.00017489991838,2,8,4.5
graph_000562.json,499699779426066432,non-rumour,ferguson-all-rnr-threads,non-rumours,21,20,4443.0,132.0,0.004501462975467,8,12,2.5
graph_000563.json,499699803576881152,non-rumour,ferguson-all-rnr-threads,non-rumours,13,12,2886.0,94.0,0.0041580041580041,2,10,4.0
graph_000564.json,499699989237747712,non-rumour,ferguson-all-rnr-threads,non-rumours,19,18,20520.0,201.0,0.0008771929824561,2,15,6.0
graph_000565.json,499700083265269763,non-rumour,ferguson-all-rnr-threads,non-rumours,11,10,21444.0,57.0,0.0004663309084126,3,6,2.5
graph_000566.json,499700209484828672,non-rumour,ferguson-all-rnr-threads,non-rumours,19,18,689.0,77.0,0.0261248185776487,1,18,18.0
graph_000567.json,499700213792387073,non-rumour,ferguson-all-rnr-threads,non-rumours,7,6,905.0,180.0,0.0066298342541436,2,5,3.0
graph_000568.json,499700279412281345,non-rumour,ferguson-all-rnr-threads,non-rumours,7,6,642.0,21.0,0.0093457943925233,2,5,3.0
graph_000569.json,499700579527299073,non-rumour,ferguson-all-rnr-threads,non-rumours,46,45,108758.0,48.0,0.0004137626657349,11,18,2.3684210526315788
graph_000570.json,499700824432717824,non-rumour,ferguson-all-rnr-threads,non-rumours,14,13,14441.0,2119.0,0.0009002146665743,4,7,2.1666666666666665
graph_000571.json,499700838127120386,non-rumour,ferguson-all-rnr-threads,non-rumours,44,43,56905.0,375.0,0.0007556453738687,11,15,2.047619047619047
graph_000572.json,499700861900435456,non-rumour,ferguson-all-rnr-threads,non-rumours,18,17,472.0,38.0,0.0360169491525423,1,17,17.0
graph_000573.json,499700906384842752,non-rumour,ferguson-all-rnr-threads,non-rumours,2,1,4600.0,4600.0,0.0002173913043478,1,1,1.0
graph_000574.json,499701114195808257,non-rumour,ferguson-all-rnr-threads,non-rumours,21,19,4931.0,99.0,0.0040559724193875,4,15,3.8
graph_000575.json,499701408904798208,non-rumour,ferguson-all-rnr-threads,non-rumours,16,15,48662.0,108.0,0.0003082487361801,5,6,2.5
graph_000576.json,499701423135678464,non-rumour,ferguson-all-rnr-threads,non-rumours,7,6,171148.0,259.0,3.5057377240750695e-05,2,5,3.0
graph_000577.json,499701576395919360,non-rumour,ferguson-all-rnr-threads,non-rumours,1,0,0.0,0.0,0.0,0,0,0.0
graph_000578.json,499701669437784064,non-rumour,ferguson-all-rnr-threads,non-rumours,18,17,2273.0,77.0,0.007479102507699,2,14,4.25
graph_000579.json,499702088512049152,non-rumour,ferguson-all-rnr-threads,non-rumours,1,0,0.0,0.0,0.0,0,0,0.0
graph_000580.json,499702134279913472,non-rumour,ferguson-all-rnr-threads,non-rumours,16,15,49760.0,325.0,0.0003014469453376,2,13,5.0
graph_000581.json,499702153909256193,non-rumour,ferguson-all-rnr-threads,non-rumours,1,0,0.0,0.0,0.0,0,0,0.0
graph_000582.json,499702206455488513,non-rumour,ferguson-all-rnr-threads,non-rumours,4,3,944.0,169.0,0.0031779661016949,1,3,3.0
graph_000583.json,499702384424022016,non-rumour,ferguson-all-rnr-threads,non-rumours,22,21,25024.0,96.0,0.0008391943734015,5,12,2.3333333333333335
graph_000584.json,499702462865874944,non-rumour,ferguson-all-rnr-threads,non-rumours,39,38,13158.0,487.0,0.0028879768961848,3,29,4.222222222222222
graph_000585.json,499703033174179840,non-rumour,ferguson-all-rnr-threads,non-rumours,10,9,6959.0,115.0,0.001293289265699,1,9,9.0
graph_000586.json,499703127193305088,non-rumour,ferguson-all-rnr-threads,non-rumours,15,14,2795.0,807.0,0.0050089445438282,4,6,2.0
graph_000587.json,499703128540061699,non-rumour,ferguson-all-rnr-threads,non-rumours,19,18,8107.0,16.0,0.0022203034414703,2,16,6.0
graph_000588.json,499703156889362432,non-rumour,ferguson-all-rnr-threads,non-rumours,1,0,0.0,0.0,0.0,0,0,0.0
graph_000589.json,499703254637219841,non-rumour,ferguson-all-rnr-threads,non-rumours,17,15,10111.0,251.0,0.0015824349718128,3,10,2.5
graph_000590.json,499703369108553730,non-rumour,ferguson-all-rnr-threads,non-rumours,15,14,9763.0,53.0,0.0014339854552903,4,8,2.3333333333333335
graph_000591.json,499703651079045121,non-rumour,ferguson-all-rnr-threads,non-rumours,1,0,0.0,0.0,0.0,0,0,0.0
graph_000592.json,499703794805276672,non-rumour,ferguson-all-rnr-threads,non-rumours,19,18,1361.0,63.0,0.0132255694342395,2,17,9.0
graph_000593.json,499704226294300672,non-rumour,ferguson-all-rnr-threads,non-rumours,1,0,0.0,0.0,0.0,0,0,0.0
graph_000594.json,499704241741520897,non-rumour,ferguson-all-rnr-threads,non-rumours,19,18,3375.0,14.0,0.0053333333333333,4,14,3.6
graph_000595.json,499704336935821314,non-rumour,ferguson-all-rnr-threads,non-rumours,10,9,87213.0,85039.0,0.0001031956245055,3,4,2.25
graph_000596.json,499704416937975809,non-rumour,ferguson-all-rnr-threads,non-rumours,29,28,59233.0,129.0,0.0004727094693836,9,8,2.3333333333333335
graph_000597.json,499704570134941697,non-rumour,ferguson-all-rnr-threads,non-rumours,1,0,0.0,0.0,0.0,0,0,0.0
graph_000598.json,499704658139435008,non-rumour,ferguson-all-rnr-threads,non-rumours,1,0,0.0,0.0,0.0,0,0,0.0
graph_000599.json,499704667195322368,non-rumour,ferguson-all-rnr-threads,non-rumours,16,15,10817.0,71.0,0.0013867061107515,1,15,15.0
graph_000600.json,499704780366036992,non-rumour,ferguson-all-rnr-threads,non-rumours,17,15,5389.0,3457.0,0.0029690109482278,2,14,7.5
graph_000601.json,499705041238765568,non-rumour,ferguson-all-rnr-threads,non-rumours,24,23,9033.0,111.0,0.0025462194176906,9,8,1.4375
graph_000602.json,499705042178691072,non-rumour,ferguson-all-rnr-threads,non-rumours,15,14,5773.0,91.0,0.0024250822795773,3,12,4.666666666666667
graph_000603.json,499705246642622465,non-rumour,ferguson-all-rnr-threads,non-rumours,19,18,2757.0,1384.0,0.0065288356909684,2,17,9.0
graph_000604.json,499705269434085376,non-rumour,ferguson-all-rnr-threads,non-rumours,8,7,1477.0,187.0,0.0047393364928909,4,2,1.1666666666666667
graph_000605.json,499705545583263744,non-rumour,ferguson-all-rnr-threads,non-rumours,1,0,0.0,0.0,0.0,0,0,0.0
graph_000606.json,499705599454883840,non-rumour,ferguson-all-rnr-threads,non-rumours,8,7,15780.0,656.0,0.0004435994930291,1,7,7.0
graph_000607.json,499705746377150464,non-rumour,ferguson-all-rnr-threads,non-rumours,4,1,963.0,296.0,0.0031152647975077,1,1,1.0
graph_000608.json,499705810076053504,non-rumour,ferguson-all-rnr-threads,non-rumours,26,24,79283.0,106.0,0.0003153261102632,6,15,3.0
graph_000609.json,499705915227271168,non-rumour,ferguson-all-rnr-threads,non-rumours,8,7,3196.0,54.0,0.0021902377972465,3,5,2.3333333333333335
graph_000610.json,499705963126202368,non-rumour,ferguson-all-rnr-threads,non-rumours,18,17,839.0,23.0,0.0202622169249106,4,14,4.25
graph_000611.json,499706059691663360,non-rumour,ferguson-all-rnr-threads,non-rumours,18,17,2611.0,580.0,0.0065109153581003,5,8,2.125
graph_000612.json,499706065769201666,non-rumour,ferguson-all-rnr-threads,non-rumours,39,38,22736.0,87.0,0.0016713581984517,4,28,5.428571428571429
graph_000613.json,499706211093471232,non-rumour,ferguson-all-rnr-threads,non-rumours,19,18,99657.0,933.0,0.0001806195249706,2,15,9.0
graph_000614.json,499706350759206912,non-rumour,ferguson-all-rnr-threads,non-rumours,15,14,143350.0,59.0,9.766306243460062e-05,2,12,4.666666666666667
graph_000615.json,499706705354448897,unverified,ferguson-all-rnr-threads,rumours,23,22,9488.0,32.0,0.0023187183811129,4,14,3.6666666666666665
graph_000616.json,499706791396392960,non-rumour,ferguson-all-rnr-threads,non-rumours,17,16,546.0,54.0,0.0293040293040293,1,16,16.0
graph_000617.json,500069586063335424,non-rumour,ferguson-all-rnr-threads,non-rumours,20,19,9352.0,1974.0,0.0020316509837467,4,12,2.7142857142857144
graph_000618.json,500070108099002368,non-rumour,ferguson-all-rnr-threads,non-rumours,19,18,359.0,26.0,0.0501392757660167,2,17,9.0
graph_000619.json,500070699768496128,non-rumour,ferguson-all-rnr-threads,non-rumours,33,32,148391.0,77.0,0.0002156465014724,3,23,3.5555555555555554
graph_000620.json,500070716650565632,non-rumour,ferguson-all-rnr-threads,non-rumours,1,0,0.0,0.0,0.0,0,0,0.0
graph_000621.json,500070913836982272,non-rumour,ferguson-all-rnr-threads,non-rumours,1,0,0.0,0.0,0.0,0,0,0.0
graph_000622.json,500071770192216065,non-rumour,ferguson-all-rnr-threads,non-rumours,21,20,41460.0,378.0,0.0004823926676314,2,18,10.0
graph_000623.json,500072098178813954,non-rumour,ferguson-all-rnr-threads,non-rumours,7,6,2757.0,615.0,0.0021762785636561,2,5,3.0
graph_000624.json,500072137374171136,non-rumour,ferguson-all-rnr-threads,non-rumours,1,0,0.0,0.0,0.0,0,0,0.0
graph_000625.json,500072155166814209,non-rumour,ferguson-all-rnr-threads,non-rumours,6,5,7059.0,1774.0,0.0007083156254426,1,5,5.0
graph_000626.json,500072334578159616,non-rumour,ferguson-all-rnr-threads,non-rumours,18,15,19572.0,384.0,0.000868587778459,5,8,1.875
graph_000627.json,500072455931588611,non-rumour,ferguson-all-rnr-threads,non-rumours,17,16,2685.0,112.0,0.0059590316573556,1,16,16.0
graph_000628.json,500073002101665792,non-rumour,ferguson-all-rnr-threads,non-rumours,6,5,4559.0,150.0,0.0010967317394165,1,5,5.0
graph_000629.json,500073277273165824,non-rumour,ferguson-all-rnr-threads,non-rumours,9,8,14197.0,1686.0,0.0005634993308445,3,5,2.6666666666666665
graph_000630.json,500074069354905600,non-rumour,ferguson-all-rnr-threads,non-rumours,34,33,5163.0,72.0,0.0063916327716443,8,10,1.736842105263158
graph_000631.json,500160181184249856,non-rumour,ferguson-all-rnr-threads,non-rumours,8,7,69714.0,849.0,0.0001004102475829,2,6,3.5
graph_000632.json,500162426998755330,non-rumour,ferguson-all-rnr-threads,non-rumours,19,16,27117.0,1176.0,0.0006637902422834,2,12,4.0
graph_000633.json,500163501961142275,non-rumour,ferguson-all-rnr-threads,non-rumours,9,8,87445.0,491.0,9.148607696266223e-05,2,6,2.6666666666666665
graph_000634.json,500163615555878912,non-rumour,ferguson-all-rnr-threads,non-rumours,19,18,20437.0,108.0,0.0008807554924891,2,14,4.5
graph_000635.json,500164348963459072,non-rumour,ferguson-all-rnr-threads,non-rumours,1,0,0.0,0.0,0.0,0,0,0.0
graph_000636.json,500165620835840000,non-rumour,ferguson-all-rnr-threads,non-rumours,19,18,443.0,22.0,0.0406320541760722,2,17,9.0
graph_000637.json,500171743466901505,non-rumour,ferguson-all-rnr-threads,non-rumours,12,11,3129.0,16.0,0.0035155001597954,3,6,2.2
graph_000638.json,500175929902395392,non-rumour,ferguson-all-rnr-threads,non-rumours,22,21,458448.0,15324.0,4.580672180923464e-05,6,6,2.1
graph_000639.json,500176026882678784,non-rumour,ferguson-all-rnr-threads,non-rumours,10,9,18830.0,42.0,0.000477960701009,1,9,9.0
graph_000640.json,500176071476936704,non-rumour,ferguson-all-rnr-threads,non-rumours,17,16,4819.0,44.0,0.0033201909109773,1,16,16.0
graph_000641.json,500176354185187328,non-rumour,ferguson-all-rnr-threads,non-rumours,2,1,2984.0,2984.0,0.0003351206434316,1,1,1.0
graph_000642.json,500177556768034816,non-rumour,ferguson-all-rnr-threads,non-rumours,43,41,197189.0,108.0,0.000212993625405,11,30,3.4166666666666665
graph_000643.json,500180625312083968,non-rumour,ferguson-all-rnr-threads,non-rumours,5,4,21094.0,2624.0,0.0001896273821939,3,2,1.3333333333333333
graph_000644.json,500180740127342592,non-rumour,ferguson-all-rnr-threads,non-rumours,8,7,66996.0,156.0,0.000104483849782,1,7,7.0
graph_000645.json,500183912384319489,non-rumour,ferguson-all-rnr-threads,non-rumours,18,17,452731.0,74.0,3.754989165751848e-05,3,15,5.666666666666667
graph_000646.json,500186504279625728,non-rumour,ferguson-all-rnr-threads,non-rumours,4,3,14082.0,2904.0,0.0002130379207498,1,3,3.0
graph_000647.json,500186818374270976,non-rumour,ferguson-all-rnr-threads,non-rumours,8,7,22799.0,399.0,0.000307031010132,1,7,7.0
graph_000648.json,500189389855916032,non-rumour,ferguson-all-rnr-threads,non-rumours,16,15,647345.0,210.0,2.3171570028346555e-05,2,14,7.5
graph_000649.json,500192488003354624,non-rumour,ferguson-all-rnr-threads,non-rumours,14,13,198954.0,94.0,6.53417372860058e-05,2,12,6.5
graph_000650.json,500197999205965824,non-rumour,ferguson-all-rnr-threads,non-rumours,17,16,107212.0,299.0,0.000149237025706,1,16,16.0
graph_000651.json,500210207986028544,non-rumour,ferguson-all-rnr-threads,non-rumours,1,0,0.0,0.0,0.0,0,0,0.0
graph_000652.json,500212911856295940,non-rumour,ferguson-all-rnr-threads,non-rumours,3,2,33674.0,18030.0,5.939300350418721e-05,1,2,2.0
graph_000653.json,500213598149672960,non-rumour,ferguson-all-rnr-threads,non-rumours,10,9,15627.0,465.0,0.0005759262814359,2,8,4.5
graph_000654.json,500217516611108864,unverified,ferguson-all-rnr-threads,rumours,1,0,0.0,0.0,0.0,0,0,0.0
graph_000655.json,500221671245377537,non-rumour,ferguson-all-rnr-threads,non-rumours,14,13,20603.0,162.0,0.0006309760714459,3,11,4.333333333333333
graph_000656.json,500224586064343040,non-rumour,ferguson-all-rnr-threads,non-rumours,8,7,26078.0,136.0,0.0002684254927525,2,6,3.5
graph_000657.json,500225210667122690,non-rumour,ferguson-all-rnr-threads,non-rumours,1,0,0.0,0.0,0.0,0,0,0.0
graph_000658.json,500231335668383744,non-rumour,ferguson-all-rnr-threads,non-rumours,13,12,190205.0,298.0,6.308982413711522e-05,3,8,3.0
graph_000659.json,500231484725161984,non-rumour,ferguson-all-rnr-threads,non-rumours,16,15,15023.0,126.0,0.0009984690141782,2,12,3.75
graph_000660.json,500234112054341632,non-rumour,ferguson-all-rnr-threads,non-rumours,59,58,869828.0,4705.0,6.667984934952657e-05,7,22,2.0714285714285716
graph_000661.json,500234390723915776,non-rumour,ferguson-all-rnr-threads,non-rumours,39,38,20559.0,198.0,0.0018483389269906,2,36,12.666666666666666
graph_000662.json,500235112785924096,unverified,ferguson-all-rnr-threads,rumours,18,17,5783.0,65.0,0.0029396507003285,4,13,4.25
graph_000663.json,500236187395571713,non-rumour,ferguson-all-rnr-threads,non-rumours,11,10,3700.0,166.0,0.0027027027027027,2,8,3.3333333333333335
graph_000664.json,500236774103605248,non-rumour,ferguson-all-rnr-threads,non-rumours,25,20,230425.0,2753.0,0.0001041553650862,3,14,4.0
graph_000665.json,500237448798949376,unverified,ferguson-all-rnr-threads,rumours,21,14,11016.0,45.0,0.0018155410312273,2,13,7.0
graph_000666.json,500239327004471296,non-rumour,ferguson-all-rnr-threads,non-rumours,1,0,0.0,0.0,0.0,0,0,0.0
graph_000667.json,500239577387659265,non-rumour,ferguson-all-rnr-threads,non-rumours,9,8,964326.0,492.0,8.295949709952859e-06,3,6,2.6666666666666665
graph_000668.json,500240534481666049,non-rumour,ferguson-all-rnr-threads,non-rumours,10,9,37688.0,1210.0,0.0002388028019528,1,9,9.0
graph_000669.json,500242061279637504,unverified,ferguson-all-rnr-threads,rumours,19,18,9078.0,97.0,0.0019828155981493,3,15,4.5
graph_000670.json,500246996163129344,non-rumour,ferguson-all-rnr-threads,non-rumours,30,27,84260.0,186.0,0.0003441727984808,6,18,3.857142857142857
graph_000671.json,500247508195749888,non-rumour,ferguson-all-rnr-threads,non-rumours,5,4,421092.0,18768.0,9.49911183304361e-06,1,4,4.0
graph_000672.json,500247666924986369,unverified,ferguson-all-rnr-threads,rumours,18,17,7147.0,58.0,0.0023786204001679,3,14,4.25
graph_000673.json,500249081286250496,non-rumour,ferguson-all-rnr-threads,non-rumours,1,0,0.0,0.0,0.0,0,0,0.0
graph_000674.json,500249630664560640,non-rumour,ferguson-all-rnr-threads,non-rumours,33,32,116183.0,235.0,0.0002754275582486,5,16,3.2
graph_000675.json,500250188221779968,non-rumour,ferguson-all-rnr-threads,non-rumours,1,0,0.0,0.0,0.0,0,0,0.0
graph_000676.json,500250935885852673,non-rumour,ferguson-all-rnr-threads,non-rumours,1,0,0.0,0.0,0.0,0,0,0.0
graph_000677.json,500251242124173312,unverified,ferguson-all-rnr-threads,rumours,19,17,1835.0,242.0,0.0098092643051771,7,10,2.4285714285714284
graph_000678.json,500251503903662082,non-rumour,ferguson-all-rnr-threads,non-rumours,3,2,45748.0,1261.0,4.37177581533619e-05,1,2,2.0
graph_000679.json,500251535943942145,unverified,ferguson-all-rnr-threads,rumours,10,9,4541.0,310.0,0.0019819423034573,2,8,4.5
graph_000680.json,500252508884070400,non-rumour,ferguson-all-rnr-threads,non-rumours,2,1,624464.0,624464.0,1.6013733377744757e-06,1,1,1.0
graph_000681.json,500254607470518272,unverified,ferguson-all-rnr-threads,rumours,16,14,890.0,52.0,0.0168539325842696,1,14,14.0
graph_000682.json,500254671337193474,non-rumour,ferguson-all-rnr-threads,non-rumours,4,3,7540.0,1722.0,0.0003978779840848,1,3,3.0
graph_000683.json,500255282757632000,non-rumour,ferguson-all-rnr-threads,non-rumours,12,11,148333.0,169.0,7.415747001678656e-05,2,9,5.5
graph_000684.json,500256984768475136,non-rumour,ferguson-all-rnr-threads,non-rumours,20,19,27109.0,173.0,0.0007008742484045,8,9,2.375
graph_000685.json,500257166478282752,non-rumour,ferguson-all-rnr-threads,non-rumours,9,8,247060.0,676.0,3.23807981866753e-05,2,7,4.0
graph_000686.json,500257318219837440,non-rumour,ferguson-all-rnr-threads,non-rumours,1,0,0.0,0.0,0.0,0,0,0.0
graph_000687.json,500258409988763649,unverified,ferguson-all-rnr-threads,rumours,8,7,2939.0,88.0,0.0023817625042531,1,7,7.0
graph_000688.json,500260514807947264,unverified,ferguson-all-rnr-threads,rumours,5,4,499.0,79.0,0.0080160320641282,1,4,4.0
graph_000689.json,500261600579043328,non-rumour,ferguson-all-rnr-threads,non-rumours,3,2,4142.0,354.0,0.0004828585224529,1,2,2.0
graph_000690.json,500263561298710528,non-rumour,ferguson-all-rnr-threads,non-rumours,18,17,28077.0,255.0,0.0006054777932115,6,12,2.8333333333333335
graph_000691.json,500263680026869760,unverified,ferguson-all-rnr-threads,rumours,22,21,441146.0,607.0,4.7603287800410746e-05,6,12,2.1
graph_000692.json,500264535471980544,non-rumour,ferguson-all-rnr-threads,non-rumours,20,19,172064.0,82.0,0.0001104240282685,8,6,2.111111111111111
graph_000693.json,500264892134207493,non-rumour,ferguson-all-rnr-threads,non-rumours,1,0,0.0,0.0,0.0,0,0,0.0
graph_000694.json,500265950667870209,non-rumour,ferguson-all-rnr-threads,non-rumours,15,14,2542.0,650.0,0.005507474429583,2,12,7.0
graph_000695.json,500266427840864256,unverified,ferguson-all-rnr-threads,rumours,19,18,26063.0,255.0,0.0006906342324367,3,16,6.0
graph_000696.json,500266967102914560,non-rumour,ferguson-all-rnr-threads,non-rumours,9,8,4533.0,88.0,0.0017648356496801,1,8,8.0
graph_000697.json,500266977814790144,non-rumour,ferguson-all-rnr-threads,non-rumours,14,13,488408.0,127.0,2.6617090629146124e-05,2,11,4.333333333333333
graph_000698.json,500269950876286976,non-rumour,ferguson-all-rnr-threads,non-rumours,19,18,784.0,60.0,0.0229591836734693,3,16,6.0
graph_000699.json,500270055540916224,non-rumour,ferguson-all-rnr-threads,non-rumours,36,35,1070653.0,91.0,3.269033010695342e-05,11,22,2.9166666666666665
graph_000700.json,500270284117925888,non-rumour,ferguson-all-rnr-threads,non-rumours,5,4,1807.0,202.0,0.002213613724405,1,4,4.0
graph_000701.json,500270456830562305,non-rumour,ferguson-all-rnr-threads,non-rumours,3,2,10937.0,9962.0,0.0001828655024229,1,2,2.0
graph_000702.json,500270780832174080,unverified,ferguson-all-rnr-threads,rumours,16,15,10145.0,214.0,0.0014785608674223,1,15,15.0
graph_000703.json,500271532279877632,non-rumour,ferguson-all-rnr-threads,non-rumours,18,17,177743.0,107.0,9.56437103008276e-05,4,11,3.4
graph_000704.json,500272350906957824,non-rumour,ferguson-all-rnr-threads,non-rumours,1,0,0.0,0.0,0.0,0,0,0.0
graph_000705.json,500272399867068416,non-rumour,ferguson-all-rnr-threads,non-rumours,5,4,2682.0,738.0,0.0014914243102162,1,4,4.0
graph_000706.json,500273257262886912,unverified,ferguson-all-rnr-threads,rumours,33,32,3272.0,63.0,0.0097799511002444,2,31,16.0
graph_000707.json,500274132756738048,non-rumour,ferguson-all-rnr-threads,non-rumours,6,5,107552.0,285.0,4.648914013686403e-05,1,5,5.0
graph_000708.json,500274697485824000,non-rumour,ferguson-all-rnr-threads,non-rumours,16,15,307536.0,311.0,4.8774777587014205e-05,1,15,15.0
graph_000709.json,500275363558064128,unverified,ferguson-all-rnr-threads,rumours,1,0,0.0,0.0,0.0,0,0,0.0
graph_000710.json,500275854434639872,non-rumour,ferguson-all-rnr-threads,non-rumours,11,10,207498.0,46.0,4.819323559745154e-05,2,9,5.0
graph_000711.json,500276114011742208,non-rumour,ferguson-all-rnr-threads,non-rumours,17,16,19726.0,180.0,0.0008111122376558,2,14,5.333333333333333
graph_000712.json,500277301607542785,non-rumour,ferguson-all-rnr-threads,non-rumours,7,5,536.0,79.0,0.0111940298507462,1,5,5.0
graph_000713.json,500277311652913152,non-rumour,ferguson-all-rnr-threads,non-rumours,7,6,12304.0,49.0,0.0004876462938881,2,5,3.0
graph_000714.json,500277382461530112,non-rumour,ferguson-all-rnr-threads,non-rumours,14,9,9905.0,273.0,0.0013124684502776,3,7,3.0
graph_000715.json,500277421506306048,non-rumour,ferguson-all-rnr-threads,non-rumours,19,18,3243.0,37.0,0.005550416281221,7,7,1.8
graph_000716.json,500277472068263937,non-rumour,ferguson-all-rnr-threads,non-rumours,18,17,2611.0,28.0,0.0065109153581003,1,17,17.0
graph_000717.json,500277477986828288,non-rumour,ferguson-all-rnr-threads,non-rumours,4,3,3587.0,235.0,0.0008363534987454,1,3,3.0
graph_000718.json,500277481119956992,non-rumour,ferguson-all-rnr-threads,non-rumours,36,35,124307.0,214.0,0.00028156097404,11,18,2.1875
graph_000719.json,500277526590423041,unverified,ferguson-all-rnr-threads,rumours,23,22,45319.0,86.0,0.0004854476047573,4,17,3.6666666666666665
graph_000720.json,500277563072475136,unverified,ferguson-all-rnr-threads,rumours,13,12,3347.0,50.0,0.0035853002688975,3,9,3.0
graph_000721.json,500277625773121536,unverified,ferguson-all-rnr-threads,rumours,5,4,194.0,40.0,0.0206185567010309,1,4,4.0
graph_000722.json,500277808883830784,unverified,ferguson-all-rnr-threads,rumours,14,13,11498.0,74.0,0.0011306314141589,2,12,6.5
graph_000723.json,500277854341697536,non-rumour,ferguson-all-rnr-threads,non-rumours,9,8,949.0,117.0,0.0084299262381454,3,4,2.0
graph_000724.json,500277940253634561,unverified,ferguson-all-rnr-threads,rumours,19,18,505.0,40.0,0.0356435643564356,3,13,4.5
graph_000725.json,500278045597368320,unverified,ferguson-all-rnr-threads,rumours,16,13,14333.0,118.0,0.0010465359659526,2,11,6.0
graph_000726.json,500278169828470784,unverified,ferguson-all-rnr-threads,rumours,35,34,39369.0,33.0,0.0008636236632883,5,17,2.2666666666666666
graph_000727.json,500278365031370752,unverified,ferguson-all-rnr-threads,rumours,9,8,14473.0,77.0,0.0005527534028881,2,7,4.0
graph_000728.json,500278485001457664,unverified,ferguson-all-rnr-threads,rumours,3,2,314.0,151.0,0.0063694267515923,1,2,2.0
graph_000729.json,500278858156085248,unverified,ferguson-all-rnr-threads,rumours,7,6,5694.0,467.0,0.0010537407797681,3,4,2.0
graph_000730.json,500278944881725440,unverified,ferguson-all-rnr-threads,rumours,9,8,53831.0,99.0,0.0001486132525867,1,8,8.0
graph_000731.json,500278978557804544,non-rumour,ferguson-all-rnr-threads,non-rumours,13,10,24075.0,535.0,0.0004984423676012,2,8,4.5
graph_000732.json,500279160795721728,unverified,ferguson-all-rnr-threads,rumours,95,94,353449.0,89.0,0.0002659506746376,12,15,1.8076923076923077
graph_000733.json,500279189405433858,unverified,ferguson-all-rnr-threads,rumours,38,16,3025.0,50.0,0.0122314049586776,2,14,5.333333333333333
graph_000734.json,500279519455219712,unverified,ferguson-all-rnr-threads,rumours,16,15,73228.0,136.0,0.0002048396788113,2,7,3.75
graph_000735.json,500279571988877312,non-rumour,ferguson-all-rnr-threads,non-rumours,3,2,1318.0,1065.0,0.0015174506828528,1,2,2.0
graph_000736.json,500279951275606017,non-rumour,ferguson-all-rnr-threads,non-rumours,1,0,0.0,0.0,0.0,0,0,0.0
graph_000737.json,500280176924557314,non-rumour,ferguson-all-rnr-threads,non-rumours,1,0,0.0,0.0,0.0,0,0,0.0
graph_000738.json,500280249629036544,unverified,ferguson-all-rnr-threads,rumours,28,27,9786.0,132.0,0.0027590435315757,7,11,1.9285714285714288
graph_000739.json,500280304146612224,unverified,ferguson-all-rnr-threads,rumours,1,0,0.0,0.0,0.0,0,0,0.0
graph_000740.json,500280422295937024,unverified,ferguson-all-rnr-threads,rumours,14,13,14055.0,170.0,0.0009249377445748,3,11,4.333333333333333
graph_000741.json,500280477920796672,unverified,ferguson-all-rnr-threads,rumours,39,38,91270.0,48.0,0.000416347102005,5,25,3.1666666666666665
graph_000742.json,500280658665537537,unverified,ferguson-all-rnr-threads,rumours,60,59,7519.0,145.0,0.0078467881367203,13,7,1.6388888888888888
graph_000743.json,500280809652514816,unverified,ferguson-all-rnr-threads,rumours,228,219,660394.0,735.0,0.0003437341950411,47,8,1.972972972972973
graph_000744.json,500280838710247424,unverified,ferguson-all-rnr-threads,rumours,39,38,11944.0,254.0,0.0031815137307434,5,22,2.7142857142857144
graph_000745.json,500280847912955904,unverified,ferguson-all-rnr-threads,rumours,3,2,1984.0,44.0,0.001008064516129,1,2,2.0
graph_000746.json,500281037486698498,non-rumour,ferguson-all-rnr-threads,non-rumours,15,14,8754.0,180.0,0.0015992689056431,2,13,7.0
graph_000747.json,500281094239817728,unverified,ferguson-all-rnr-threads,rumours,6,5,345501.0,105.0,1.4471738142581352e-05,1,5,5.0
graph_000748.json,500281131057811456,unverified,ferguson-all-rnr-threads,rumours,21,20,10076.0,43.0,0.0019849146486701,5,15,4.0
graph_000749.json,500281856559161344,unverified,ferguson-all-rnr-threads,rumours,38,35,2665.0,35.0,0.0138836772983114,5,31,7.0
graph_000750.json,500282606316158976,non-rumour,ferguson-all-rnr-threads,non-rumours,5,4,17001.0,2991.0,0.0002352802776307,2,3,2.0
graph_000751.json,500282674200604672,non-rumour,ferguson-all-rnr-threads,non-rumours,9,8,25839.0,84.0,0.0003096095050118,1,8,8.0
graph_000752.json,500283013541163008,non-rumour,ferguson-all-rnr-threads,non-rumours,25,16,3001.0,81.0,0.007997334221926,3,11,4.0
graph_000753.json,500283291493494784,unverified,ferguson-all-rnr-threads,rumours,29,28,234477.0,268.0,0.0001194146973903,7,19,2.8
graph_000754.json,500283314230419456,unverified,ferguson-all-rnr-threads,rumours,13,12,308294.0,85.0,3.892388434416499e-05,2,10,4.0
graph_000755.json,500283831803326464,unverified,ferguson-all-rnr-threads,rumours,7,6,1593.0,240.0,0.0037664783427495,3,2,1.5
graph_000756.json,500283877567770624,unverified,ferguson-all-rnr-threads,rumours,1,0,0.0,0.0,0.0,0,0,0.0
graph_000757.json,500284091305299968,unverified,ferguson-all-rnr-threads,rumours,1,0,0.0,0.0,0.0,0,0,0.0
graph_000758.json,500284377490665472,unverified,ferguson-all-rnr-threads,rumours,4,3,279.0,134.0,0.010752688172043,1,3,3.0
graph_000759.json,500284494201757696,unverified,ferguson-all-rnr-threads,rumours,67,66,219713.0,31.0,0.0003003918748549,9,27,2.2
graph_000760.json,500284699546517505,unverified,ferguson-all-rnr-threads,rumours,16,15,19277.0,94.0,0.0007781293769777,4,10,3.0
graph_000761.json,500284699760427009,unverified,ferguson-all-rnr-threads,rumours,32,31,535724.0,32.0,5.786561737013835e-05,12,11,2.066666666666667
graph_000762.json,500284871541940225,unverified,ferguson-all-rnr-threads,rumours,8,7,2127.0,231.0,0.003291020216267,1,7,7.0
graph_000763.json,500285282650832896,non-rumour,ferguson-all-rnr-threads,non-rumours,10,9,3505.0,172.0,0.002567760342368,2,8,4.5
graph_000764.json,500285732578013185,unverified,ferguson-all-rnr-threads,rumours,1,0,0.0,0.0,0.0,0,0,0.0
graph_000765.json,500285919539511296,unverified,ferguson-all-rnr-threads,rumours,18,17,7372.0,26.0,0.002306022788931,1,17,17.0
graph_000766.json,500285938824908801,unverified,ferguson-all-rnr-threads,rumours,8,7,16258.0,347.0,0.0004305572641161,4,4,1.75
graph_000767.json,500285962342367232,non-rumour,ferguson-all-rnr-threads,non-rumours,42,41,45013.0,40.0,0.000910847977251,9,22,2.7333333333333334
graph_000768.json,500286058664579072,unverified,ferguson-all-rnr-threads,rumours,74,58,91135.0,115.0,0.0008010094914138,10,21,2.0
graph_000769.json,500286059918274561,unverified,ferguson-all-rnr-threads,rumours,18,17,514.0,105.0,0.0330739299610894,4,11,3.4
graph_000770.json,500286170035523585,non-rumour,ferguson-all-rnr-threads,non-rumours,1,0,0.0,0.0,0.0,0,0,0.0
graph_000771.json,500286293688193024,unverified,ferguson-all-rnr-threads,rumours,15,14,10520.0,1857.0,0.0013307984790874,4,4,1.5555555555555556
graph_000772.json,500286460210462720,non-rumour,ferguson-all-rnr-threads,non-rumours,48,43,616135.0,85.0,7.628198365617925e-05,6,29,3.909090909090909
graph_000773.json,500286805720449025,unverified,ferguson-all-rnr-threads,rumours,13,12,21159.0,91.0,0.0005671345526726,2,9,3.0
graph_000774.json,500286865963245568,non-rumour,ferguson-all-rnr-threads,non-rumours,10,9,6029.0,45.0,0.0014927848731132,1,9,9.0
graph_000775.json,500286984162525184,unverified,ferguson-all-rnr-threads,rumours,130,17,24189.0,37.0,0.0053330026044896,5,7,1.8888888888888888
graph_000776.json,500287224957898752,false,ferguson-all-rnr-threads,rumours,12,9,3055.0,368.0,0.0036006546644844,6,3,1.5
graph_000777.json,500287295485128704,unverified,ferguson-all-rnr-threads,rumours,1,0,0.0,0.0,0.0,0,0,0.0
graph_000778.json,500287313256402945,unverified,ferguson-all-rnr-threads,rumours,5,4,935.0,144.0,0.0042780748663101,2,3,2.0
graph_000779.json,500287479015292928,unverified,ferguson-all-rnr-threads,rumours,12,6,8351.0,101.0,0.0013172075200574,2,5,3.0
graph_000780.json,500287491182579712,unverified,ferguson-all-rnr-threads,rumours,20,19,48593.0,189.0,0.0003910028193361,2,16,9.5
graph_000781.json,500287538578587648,unverified,ferguson-all-rnr-threads,rumours,13,12,199684.0,131.0,6.0094950021033234e-05,5,7,2.4
graph_000782.json,500287595403022336,unverified,ferguson-all-rnr-threads,rumours,11,10,11134.0,76.0,0.0008981498113885,4,6,2.5
graph_000783.json,500287815734013952,unverified,ferguson-all-rnr-threads,rumours,16,15,5494.0,35.0,0.0027302511831088,1,15,15.0
graph_000784.json,500287857727377408,unverified,ferguson-all-rnr-threads,rumours,4,3,5503.0,89.0,0.0005451571869889,1,3,3.0
graph_000785.json,500288263320768512,unverified,ferguson-all-rnr-threads,rumours,8,7,1061.0,26.0,0.0065975494816211,2,6,3.5
graph_000786.json,500288284195426305,non-rumour,ferguson-all-rnr-threads,non-rumours,1,0,0.0,0.0,0.0,0,0,0.0
graph_000787.json,500288349924782080,unverified,ferguson-all-rnr-threads,rumours,18,13,2312.0,27.0,0.0073529411764705,4,9,2.6
graph_000788.json,500288581081260032,unverified,ferguson-all-rnr-threads,rumours,5,4,14106.0,919.0,0.0002835672763363,1,4,4.0
graph_000789.json,500288693031419904,non-rumour,ferguson-all-rnr-threads,non-rumours,32,31,191453.0,11.0,0.0001619196356285,12,19,2.3846153846153846
graph_000790.json,500288971197263873,unverified,ferguson-all-rnr-threads,rumours,19,17,14042.0,476.0,0.0012818686796752,4,11,2.8333333333333335
graph_000791.json,500289088285863936,non-rumour,ferguson-all-rnr-threads,non-rumours,14,12,13642.0,85.0,0.0009529394516933,2,9,3.0
graph_000792.json,500289154581008384,unverified,ferguson-all-rnr-threads,rumours,8,7,433542.0,203.0,1.6146071199560825e-05,1,7,7.0
graph_000793.json,500289307257868288,unverified,ferguson-all-rnr-threads,rumours,17,16,229538.0,1489.0,6.970523399175735e-05,3,13,4.0
graph_000794.json,500290098647547904,non-rumour,ferguson-all-rnr-threads,non-rumours,15,14,4558.0,27.0,0.0030715225976305,1,14,14.0
graph_000795.json,500290456845299714,unverified,ferguson-all-rnr-threads,rumours,38,36,4362.0,273.0,0.0084823475469967,5,15,2.0
graph_000796.json,500290464621559808,unverified,ferguson-all-rnr-threads,rumours,18,16,20375.0,3733.0,0.0008343558282208,1,16,16.0
graph_000797.json,500290867681587200,unverified,ferguson-all-rnr-threads,rumours,19,18,298.0,39.0,0.0604026845637583,2,17,9.0
graph_000798.json,500290977798836225,unverified,ferguson-all-rnr-threads,rumours,21,20,5877.0,55.0,0.0034030968181044,3,14,3.3333333333333335
graph_000799.json,500291013521334272,unverified,ferguson-all-rnr-threads,rumours,1,0,0.0,0.0,0.0,0,0,0.0
graph_000800.json,500291056445845504,unverified,ferguson-all-rnr-threads,rumours,1,0,0.0,0.0,0.0,0,0,0.0
graph_000801.json,500291116403789824,unverified,ferguson-all-rnr-threads,rumours,14,13,30016.0,1230.0,0.0004331023454157,5,4,1.8571428571428572
graph_000802.json,500292129802186752,non-rumour,ferguson-all-rnr-threads,non-rumours,6,5,5815.0,531.0,0.0008598452278589,1,5,5.0
graph_000803.json,500292202845982720,unverified,ferguson-all-rnr-threads,rumours,59,58,9973.0,356.0,0.0058157023964704,10,7,1.7575757575757576
graph_000804.json,500292426154528770,unverified,ferguson-all-rnr-threads,rumours,1,0,0.0,0.0,0.0,0,0,0.0
graph_000805.json,500292684192686080,non-rumour,ferguson-all-rnr-threads,non-rumours,7,6,5202.0,76.0,0.0011534025374855,1,6,6.0
graph_000806.json,500292806175236096,unverified,ferguson-all-rnr-threads,rumours,19,18,515.0,67.0,0.0349514563106796,4,15,4.5
graph_000807.json,500292917957648384,unverified,ferguson-all-rnr-threads,rumours,42,41,794552.0,1595.0,5.160140557194495e-05,6,12,1.9523809523809523
graph_000808.json,500293392060780546,unverified,ferguson-all-rnr-threads,rumours,136,135,25562.0,71.0,0.0052812768953915,41,19,1.7763157894736843
graph_000809.json,500293511632388097,non-rumour,ferguson-all-rnr-threads,non-rumours,2,1,9873.0,9873.0,0.0001012863364732,1,1,1.0
graph_000810.json,500293830827331584,non-rumour,ferguson-all-rnr-threads,non-rumours,47,46,691019.0,170.0,6.656835774414307e-05,9,20,2.1904761904761907
graph_000811.json,500293872162205697,unverified,ferguson-all-rnr-threads,rumours,9,8,28139.0,385.0,0.0002843029247663,4,4,1.6
graph_000812.json,500294349872062464,unverified,ferguson-all-rnr-threads,rumours,44,43,214073.0,163.0,0.0002008660597086,15,8,1.4827586206896552
graph_000813.json,500294693356175360,unverified,ferguson-all-rnr-threads,rumours,35,34,46318.0,456.0,0.0007340558746059,10,15,2.2666666666666666
graph_000814.json,500294803402137600,unverified,ferguson-all-rnr-threads,rumours,19,18,1196.0,121.0,0.0150501672240802,4,14,4.5
graph_000815.json,500295333486657536,unverified,ferguson-all-rnr-threads,rumours,29,28,53077.0,244.0,0.0005275354673399,3,22,4.0
graph_000816.json,500295393301647360,unverified,ferguson-all-rnr-threads,rumours,9,8,14814.0,71.0,0.0005400297016335,3,5,2.0
graph_000817.json,500295570393542657,non-rumour,ferguson-all-rnr-threads,non-rumours,38,36,181050.0,16973.0,0.000204363435515,3,24,4.0
graph_000818.json,500296080710705152,unverified,ferguson-all-rnr-threads,rumours,34,32,288839.0,73.0,0.0001142504994131,6,25,4.0
graph_000819.json,500296090671796224,non-rumour,ferguson-all-rnr-threads,non-rumours,28,27,629461.0,473.0,4.289384092104197e-05,11,8,1.5
graph_000820.json,500296158476906496,unverified,ferguson-all-rnr-threads,rumours,18,14,966.0,106.0,0.0175983436853002,2,12,4.666666666666667
graph_000821.json,500296369224310784,non-rumour,ferguson-all-rnr-threads,non-rumours,17,15,5129.0,115.0,0.0031195164749463,3,13,5.0
graph_000822.json,500296692713783298,unverified,ferguson-all-rnr-threads,rumours,19,18,12946.0,127.0,0.0013903908543179,4,14,3.6
graph_000823.json,500296988077076480,non-rumour,ferguson-all-rnr-threads,non-rumours,39,38,24313.0,123.0,0.0015629498622136,7,14,2.111111111111111
graph_000824.json,500297243371798528,non-rumour,ferguson-all-rnr-threads,non-rumours,127,126,36017.0,51.0,0.0034983480023322,9,26,2.0655737704918034
graph_000825.json,500297358908071936,unverified,ferguson-all-rnr-threads,rumours,49,48,42549.0,318.0,0.0011281111189452,7,19,2.0
graph_000826.json,500298091627823104,unverified,ferguson-all-rnr-threads,rumours,36,35,21656.0,32.0,0.0016161802733653,6,13,2.3333333333333335
graph_000827.json,500298315368390657,unverified,ferguson-all-rnr-threads,rumours,7,6,17435.0,394.0,0.0003441353599082,1,6,6.0
graph_000828.json,500298588992593920,unverified,ferguson-all-rnr-threads,rumours,19,18,1104.0,111.0,0.0163043478260869,5,12,2.5714285714285716
graph_000829.json,500298752469770240,unverified,ferguson-all-rnr-threads,rumours,44,43,45352.0,131.0,0.0009481390015875,9,14,1.5925925925925926
graph_000830.json,500298847550472194,unverified,ferguson-all-rnr-threads,rumours,64,63,5545.0,195.0,0.0113615870153291,11,26,2.1
graph_000831.json,500298981558063107,unverified,ferguson-all-rnr-threads,rumours,24,23,614128.0,155.0,3.745147591381601e-05,1,23,23.0
graph_000832.json,500299227969646592,non-rumour,ferguson-all-rnr-threads,non-rumours,19,17,37577.0,70.0,0.0004790164196183,4,12,2.8333333333333335
graph_000833.json,500299904817049600,unverified,ferguson-all-rnr-threads,rumours,20,19,17239.0,38.0,0.0011021520969893,1,19,19.0
graph_000834.json,500300813835988992,unverified,ferguson-all-rnr-threads,rumours,15,14,119445.0,242.0,0.0001172087571685,3,12,4.666666666666667
graph_000835.json,500300944891199488,unverified,ferguson-all-rnr-threads,rumours,1,0,0.0,0.0,0.0,0,0,0.0
graph_000836.json,500301418406744064,unverified,ferguson-all-rnr-threads,rumours,18,17,113157.0,75.0,0.0001502337460342,2,14,5.666666666666667
graph_000837.json,500301494340419585,non-rumour,ferguson-all-rnr-threads,non-rumours,1,0,0.0,0.0,0.0,0,0,0.0
graph_000838.json,500301519854379008,unverified,ferguson-all-rnr-threads,rumours,6,5,14804.0,931.0,0.0003377465549851,1,5,5.0
graph_000839.json,500301870145880064,non-rumour,ferguson-all-rnr-threads,non-rumours,18,16,7204.0,122.0,0.0023598001110494,1,16,16.0
graph_000840.json,500302115458523136,unverified,ferguson-all-rnr-threads,rumours,4,3,4092.0,209.0,0.000733137829912,1,3,3.0
graph_000841.json,500302383747194880,non-rumour,ferguson-all-rnr-threads,non-rumours,138,137,19670.0,88.0,0.0069649211997966,30,9,1.8266666666666669
graph_000842.json,500302577557573632,non-rumour,ferguson-all-rnr-threads,non-rumours,19,18,7387.0,440.0,0.0024367131447136,8,2,1.3846153846153846
graph_000843.json,500303238810574849,unverified,ferguson-all-rnr-threads,rumours,17,16,1777.0,380.0,0.0090039392234102,3,13,4.0
graph_000844.json,500303431928922113,unverified,ferguson-all-rnr-threads,rumours,18,17,96580.0,66.0,0.0001760198798923,2,16,8.5
graph_000845.json,500303864495882240,non-rumour,ferguson-all-rnr-threads,non-rumours,19,18,1311598.0,314.0,1.3723717175537016e-05,8,7,2.0
graph_000846.json,500305514447003649,unverified,ferguson-all-rnr-threads,rumours,11,10,8542.0,65.0,0.0011706860220088,1,10,10.0
graph_000847.json,500306187624407040,unverified,ferguson-all-rnr-threads,rumours,1,0,0.0,0.0,0.0,0,0,0.0
graph_000848.json,500306548841660416,non-rumour,ferguson-all-rnr-threads,non-rumours,39,38,223953.0,528.0,0.0001696784593195,8,16,2.923076923076923
graph_000849.json,500306837103968257,non-rumour,ferguson-all-rnr-threads,non-rumours,66,65,195962.0,735.0,0.0003316969616558,13,11,1.8055555555555556
graph_000850.json,500307001629745152,unverified,ferguson-all-rnr-threads,rumours,89,88,25886.0,480.0,0.0033995209765896,24,6,1.5172413793103448
graph_000851.json,500307273659318272,non-rumour,ferguson-all-rnr-threads,non-rumours,11,10,117204.0,38.0,8.532132009146446e-05,2,8,5.0
graph_000852.json,500307863894786048,non-rumour,ferguson-all-rnr-threads,non-rumours,6,5,94988.0,1126.0,5.2638227986693055e-05,1,5,5.0
graph_000853.json,500308076004929537,unverified,ferguson-all-rnr-threads,rumours,19,18,3832.0,69.0,0.004697286012526,3,8,2.5714285714285716
graph_000854.json,500308546815131648,non-rumour,ferguson-all-rnr-threads,non-rumours,104,100,76376.0,45.0,0.0013485911804755,33,9,1.6666666666666667
graph_000855.json,500308574703452160,unverified,ferguson-all-rnr-threads,rumours,72,71,23280.0,1185.0,0.0030498281786941,23,5,1.775
graph_000856.json,500308705083400193,unverified,ferguson-all-rnr-threads,rumours,18,17,6402.0,35.0,0.0026554201811933,4,11,3.4
graph_000857.json,500308708988301312,unverified,ferguson-all-rnr-threads,rumours,16,13,15878.0,109.0,0.0009447033631439,1,13,13.0
graph_000858.json,500308900957405185,non-rumour,ferguson-all-rnr-threads,non-rumours,1,0,0.0,0.0,0.0,0,0,0.0
graph_000859.json,500309193526882306,unverified,ferguson-all-rnr-threads,rumours,16,15,63227.0,479.0,0.000237240419441,1,15,15.0
graph_000860.json,500309222635360256,unverified,ferguson-all-rnr-threads,rumours,37,27,561083.0,72.0,6.416163027573461e-05,3,23,5.4
graph_000861.json,500309381930844160,unverified,ferguson-all-rnr-threads,rumours,18,17,1150.0,20.0,0.0147826086956521,7,7,2.125
graph_000862.json,500309745350508545,unverified,ferguson-all-rnr-threads,rumours,11,10,10115.0,75.0,0.0009886307464162,2,8,3.3333333333333335
graph_000863.json,500310127896199168,unverified,ferguson-all-rnr-threads,rumours,14,10,4285.0,73.0,0.0030338389731621,1,10,10.0
graph_000864.json,500310319844298752,non-rumour,ferguson-all-rnr-threads,non-rumours,1,0,0.0,0.0,0.0,0,0,0.0
graph_000865.json,500311153583853570,unverified,ferguson-all-rnr-threads,rumours,1,0,0.0,0.0,0.0,0,0,0.0
graph_000866.json,500311883669585920,non-rumour,ferguson-all-rnr-threads,non-rumours,14,13,11408.0,83.0,0.0011395511921458,1,13,13.0
graph_000867.json,500312651797233665,non-rumour,ferguson-all-rnr-threads,non-rumours,24,23,276624.0,210.0,8.314535253629476e-05,8,15,2.875
graph_000868.json,500312670260957185,unverified,ferguson-all-rnr-threads,rumours,13,10,5154.0,95.0,0.0023282887077997,5,6,2.0
graph_000869.json,500313811195158528,non-rumour,ferguson-all-rnr-threads,non-rumours,10,9,7348.0,44.0,0.0012248230811105,1,9,9.0
graph_000870.json,500314015609147392,unverified,ferguson-all-rnr-threads,rumours,1,0,0.0,0.0,0.0,0,0,0.0
graph_000871.json,500314545345552384,non-rumour,ferguson-all-rnr-threads,non-rumours,13,12,12587.0,219.0,0.0009533645825057,2,10,4.0
graph_000872.json,500314788610985984,non-rumour,ferguson-all-rnr-threads,non-rumours,3,2,6000.0,625.0,0.0003333333333333,1,2,2.0
graph_000873.json,500314823117115393,non-rumour,ferguson-all-rnr-threads,non-rumours,7,6,7217.0,117.0,0.0008313703755022,1,6,6.0
graph_000874.json,500315237375954944,non-rumour,ferguson-all-rnr-threads,non-rumours,35,30,161525.0,186.0,0.0002104937316204,8,15,2.5
graph_000875.json,500315291168276480,unverified,ferguson-all-rnr-threads,rumours,8,7,6802.0,155.0,0.001029109085563,1,7,7.0
graph_000876.json,500315532382707712,non-rumour,ferguson-all-rnr-threads,non-rumours,9,8,18840.0,147.0,0.0004246284501061,2,7,4.0
graph_000877.json,500315536937324544,non-rumour,ferguson-all-rnr-threads,non-rumours,2,1,1465.0,1465.0,0.0006825938566552,1,1,1.0
graph_000878.json,500315609171636225,non-rumour,ferguson-all-rnr-threads,non-rumours,16,15,56280.0,96.0,0.0002665245202558,1,15,15.0
graph_000879.json,500315907567001600,non-rumour,ferguson-all-rnr-threads,non-rumours,1,0,0.0,0.0,0.0,0,0,0.0
graph_000880.json,500315984910372864,non-rumour,ferguson-all-rnr-threads,non-rumours,19,18,596.0,75.0,0.0302013422818791,4,8,3.6
graph_000881.json,500316005089181697,unverified,ferguson-all-rnr-threads,rumours,24,23,21474.0,134.0,0.0010710626804507,5,14,2.5555555555555554
graph_000882.json,500316260081889282,non-rumour,ferguson-all-rnr-threads,non-rumours,17,16,1580.0,82.0,0.010126582278481,3,11,3.2
graph_000883.json,500316380063748096,non-rumour,ferguson-all-rnr-threads,non-rumours,19,18,1949.0,77.0,0.0092355053873781,3,15,4.5
graph_000884.json,500317579060449280,non-rumour,ferguson-all-rnr-threads,non-rumours,47,46,512061.0,15.0,8.983304723460682e-05,17,24,2.7058823529411766
graph_000885.json,500317687239966722,non-rumour,ferguson-all-rnr-threads,non-rumours,18,17,889.0,213.0,0.0191226096737907,2,15,5.666666666666667
graph_000886.json,500318003024494596,non-rumour,ferguson-all-rnr-threads,non-rumours,16,15,180.0,48.0,0.0833333333333333,1,15,15.0
graph_000887.json,500318336719134720,non-rumour,ferguson-all-rnr-threads,non-rumours,34,33,29921.0,70.0,0.0011029043146953,10,10,1.9411764705882353
graph_000888.json,500318966422589440,non-rumour,ferguson-all-rnr-threads,non-rumours,10,9,8195.0,66.0,0.0010982306284319,1,9,9.0
graph_000889.json,500318980007948288,non-rumour,ferguson-all-rnr-threads,non-rumours,47,46,12591.0,110.0,0.0036534032245254,12,13,1.84
graph_000890.json,500319233558192128,non-rumour,ferguson-all-rnr-threads,non-rumours,7,6,7090.0,69.0,0.0008462623413258,1,6,6.0
graph_000891.json,500319675797209088,unverified,ferguson-all-rnr-threads,rumours,12,11,94277.0,117.0,0.0001166774504916,2,10,5.5
graph_000892.json,500319801344929795,unverified,ferguson-all-rnr-threads,rumours,17,16,274036.0,122.0,5.8386489366360626e-05,3,10,3.2
graph_000893.json,500320235841265665,non-rumour,ferguson-all-rnr-threads,non-rumours,16,15,13903.0,139.0,0.0010789038337049,2,14,7.5
graph_000894.json,500320286341099523,non-rumour,ferguson-all-rnr-threads,non-rumours,19,18,1162.0,66.0,0.0154905335628227,2,17,9.0
graph_000895.json,500320316602974210,non-rumour,ferguson-all-rnr-threads,non-rumours,19,18,11161.0,563.0,0.0016127587133769,3,12,6.0
graph_000896.json,500320616428601344,non-rumour,ferguson-all-rnr-threads,non-rumours,12,11,1673.0,80.0,0.0065750149432157,1,11,11.0
graph_000897.json,500320680810795009,unverified,ferguson-all-rnr-threads,rumours,6,5,51133.0,362.0,9.778420980580057e-05,2,4,2.5
graph_000898.json,500321184269881345,unverified,ferguson-all-rnr-threads,rumours,11,7,97319.0,59.0,0.0001027548577358,2,6,3.5
graph_000899.json,500321506371850240,unverified,ferguson-all-rnr-threads,rumours,1,0,0.0,0.0,0.0,0,0,0.0
graph_000900.json,500322242296041473,non-rumour,ferguson-all-rnr-threads,non-rumours,18,17,437984.0,34450.0,3.881420325856653e-05,6,4,1.8888888888888888
graph_000901.json,500322285916401664,non-rumour,ferguson-all-rnr-threads,non-rumours,8,7,82253.0,436.0,8.51032789077602e-05,2,6,3.5
graph_000902.json,500322373359661056,non-rumour,ferguson-all-rnr-threads,non-rumours,18,15,1442.0,26.0,0.0117891816920943,3,9,3.75
graph_000903.json,500322486362202112,unverified,ferguson-all-rnr-threads,rumours,21,20,4853.0,72.0,0.0041211621677313,1,20,20.0
graph_000904.json,500324234821124096,unverified,ferguson-all-rnr-threads,rumours,18,17,459.0,26.0,0.037037037037037,1,17,17.0
graph_000905.json,500324836355608576,unverified,ferguson-all-rnr-threads,rumours,1,0,0.0,0.0,0.0,0,0,0.0
graph_000906.json,500325111497777152,non-rumour,ferguson-all-rnr-threads,non-rumours,22,21,5262.0,65.0,0.0039908779931584,5,11,3.0
graph_000907.json,500325220193153024,unverified,ferguson-all-rnr-threads,rumours,12,10,20438.0,302.0,0.0005382131324004,2,9,5.0
graph_000908.json,500326267640905728,unverified,ferguson-all-rnr-threads,rumours,4,3,1871.0,328.0,0.0016034206306787,1,3,3.0
graph_000909.json,500326873407455233,non-rumour,ferguson-all-rnr-threads,non-rumours,5,4,10712.0,2232.0,0.0003734129947722,1,4,4.0
graph_000910.json,500327106824245249,unverified,ferguson-all-rnr-threads,rumours,8,7,2775.0,32.0,0.0025225225225225,1,7,7.0
graph_000911.json,500327120770301952,unverified,ferguson-all-rnr-threads,rumours,19,18,39303.0,93.0,0.0004579803068468,3,16,6.0
graph_000912.json,500327581514993665,non-rumour,ferguson-all-rnr-threads,non-rumours,34,33,56097.0,86.0,0.0005882667522327,7,18,2.357142857142857
graph_000913.json,500328049058279424,non-rumour,ferguson-all-rnr-threads,non-rumours,175,172,264844.0,7.0,0.0006569905302744,20,26,1.5636363636363635
graph_000914.json,500328451929559041,non-rumour,ferguson-all-rnr-threads,non-rumours,11,10,77511.0,486.0,0.0001290139464076,4,5,2.5
graph_000915.json,500328583194509315,non-rumour,ferguson-all-rnr-threads,non-rumours,15,14,372962.0,58.0,3.753733624337064e-05,1,14,14.0
graph_000916.json,500328758201815041,unverified,ferguson-all-rnr-threads,rumours,25,24,1284405.0,553.0,1.8685694932673104e-05,3,22,8.0
graph_000917.json,500329800725442562,non-rumour,ferguson-all-rnr-threads,non-rumours,19,18,1717.0,224.0,0.0104834012813046,2,17,9.0
graph_000918.json,500329864017498114,non-rumour,ferguson-all-rnr-threads,non-rumours,44,35,9415.0,92.0,0.004567180031864,3,29,5.833333333333333
graph_000919.json,500331134040162304,non-rumour,ferguson-all-rnr-threads,non-rumours,19,16,698.0,65.0,0.0257879656160458,1,16,16.0
graph_000920.json,500331472277225472,non-rumour,ferguson-all-rnr-threads,non-rumours,27,26,558834.0,948.0,4.652544404957465e-05,3,14,3.25
graph_000921.json,500332042648055808,unverified,ferguson-all-rnr-threads,rumours,27,25,191251.0,18.0,0.0001359470015843,3,20,5.0
graph_000922.json,500332097064550400,non-rumour,ferguson-all-rnr-threads,non-rumours,31,18,53010.0,129.0,0.0005659309564233,3,16,6.0
graph_000923.json,500332933098385408,unverified,ferguson-all-rnr-threads,rumours,9,8,2976.0,1039.0,0.0026881720430107,3,4,1.6
graph_000924.json,500334308867858432,non-rumour,ferguson-all-rnr-threads,non-rumours,19,18,151300.0,167.0,0.0001189689358889,5,13,3.6
graph_000925.json,500335355904540674,unverified,ferguson-all-rnr-threads,rumours,118,63,335787.0,160.0,0.000348435168723,14,30,2.1724137931034484
graph_000926.json,500335761615355906,non-rumour,ferguson-all-rnr-threads,non-rumours,12,11,12632.0,54.0,0.0008708043065231,1,11,11.0
graph_000927.json,500335927248429056,non-rumour,ferguson-all-rnr-threads,non-rumours,13,7,2824.0,314.0,0.0042492917847025,3,3,1.75
graph_000928.json,500336040440516608,unverified,ferguson-all-rnr-threads,rumours,19,18,1004.0,141.0,0.0179282868525896,6,6,2.0
graph_000929.json,500336373833170945,unverified,ferguson-all-rnr-threads,rumours,18,16,2568.0,264.0,0.006619937694704,6,8,2.2857142857142856
graph_000930.json,500339209715335169,unverified,ferguson-all-rnr-threads,rumours,6,2,3660.0,1998.0,0.0013661202185792,1,2,2.0
graph_000931.json,500339512082698240,unverified,ferguson-all-rnr-threads,rumours,23,22,103200.0,179.0,0.0002131782945736,4,8,2.75
graph_000932.json,500339589601431552,non-rumour,ferguson-all-rnr-threads,non-rumours,1,0,0.0,0.0,0.0,0,0,0.0
graph_000933.json,500339591392817152,non-rumour,ferguson-all-rnr-threads,non-rumours,37,36,11675.0,63.0,0.0030835117773019,2,34,12.0
graph_000934.json,500341884678836224,unverified,ferguson-all-rnr-threads,rumours,10,9,35255.0,224.0,0.0002552829385902,2,8,4.5
graph_000935.json,500343812863311872,unverified,ferguson-all-rnr-threads,rumours,38,37,120445.0,30.0,0.0003071941550085,3,28,4.625
graph_000936.json,500344846612447233,unverified,ferguson-all-rnr-threads,rumours,21,20,60257.0,109.0,0.00033191164512,5,11,2.857142857142857
graph_000937.json,500345408150065153,non-rumour,ferguson-all-rnr-threads,non-rumours,19,18,9230.0,77.0,0.0019501625135427,2,16,6.0
graph_000938.json,500347114975944705,unverified,ferguson-all-rnr-threads,rumours,104,69,73219.0,143.0,0.0014067386880454,10,6,1.6363636363636365
graph_000939.json,500347379938492416,non-rumour,ferguson-all-rnr-threads,non-rumours,62,39,1042891.0,64.0,5.849125172237559e-05,8,10,1.7727272727272727
graph_000940.json,500347484154372097,non-rumour,ferguson-all-rnr-threads,non-rumours,12,11,14794.0,689.0,0.0007435446802757,2,9,3.6666666666666665
graph_000941.json,500347920210989057,unverified,ferguson-all-rnr-threads,rumours,123,122,9766.0,759.0,0.0124923202949006,20,29,1.8484848484848484
graph_000942.json,500347948635791360,non-rumour,ferguson-all-rnr-threads,non-rumours,9,8,119384.0,483.0,6.701065469409636e-05,2,6,4.0
graph_000943.json,500349179848560640,non-rumour,ferguson-all-rnr-threads,non-rumours,159,154,15979.0,45.0,0.009887977971087,14,26,2.2
graph_000944.json,500349993539358720,non-rumour,ferguson-all-rnr-threads,non-rumours,3,2,2549.0,1533.0,0.0007846214201647,1,2,2.0
graph_000945.json,500350150695743489,non-rumour,ferguson-all-rnr-threads,non-rumours,30,26,375915.0,250.0,7.714509929106314e-05,6,7,2.363636363636364
graph_000946.json,500350460122136576,non-rumour,ferguson-all-rnr-threads,non-rumours,87,80,387357.0,112.0,0.0002220174154591,10,31,1.951219512195122
graph_000947.json,500350777844457473,unverified,ferguson-all-rnr-threads,rumours,40,38,533541.0,81.0,7.309653803550243e-05,2,35,9.5
graph_000948.json,500351760402493440,unverified,ferguson-all-rnr-threads,rumours,11,10,181383.0,153.0,5.5131958342292274e-05,3,6,3.3333333333333335
graph_000949.json,500352655827279874,non-rumour,ferguson-all-rnr-threads,non-rumours,19,17,6045.0,28.0,0.0029776674937965,3,13,4.25
graph_000950.json,500352850329751552,non-rumour,ferguson-all-rnr-threads,non-rumours,1,0,0.0,0.0,0.0,0,0,0.0
graph_000951.json,500353227951718401,non-rumour,ferguson-all-rnr-threads,non-rumours,1,0,0.0,0.0,0.0,0,0,0.0
graph_000952.json,500353295903637504,non-rumour,ferguson-all-rnr-threads,non-rumours,17,16,4544.0,336.0,0.0035211267605633,3,11,3.2
graph_000953.json,500353815132897280,non-rumour,ferguson-all-rnr-threads,non-rumours,7,6,4606.0,1219.0,0.001302648719062,1,6,6.0
graph_000954.json,500354471525109760,unverified,ferguson-all-rnr-threads,rumours,14,13,15813.0,301.0,0.0008221083918295,3,9,2.6
graph_000955.json,500354773133299713,unverified,ferguson-all-rnr-threads,rumours,25,24,7555.0,48.0,0.0031767041694242,4,19,4.0
graph_000956.json,500354853680340993,unverified,ferguson-all-rnr-threads,rumours,15,5,4367.0,160.0,0.0032058621479276,1,5,5.0
graph_000957.json,500355259341242370,non-rumour,ferguson-all-rnr-threads,non-rumours,71,65,2582753.0,69.0,2.7102862720515668e-05,6,32,3.0952380952380953
graph_000958.json,500355828227252225,non-rumour,ferguson-all-rnr-threads,non-rumours,83,81,347674.0,57.0,0.0002358531267796,19,25,2.076923076923077
graph_000959.json,500356642329071616,unverified,ferguson-all-rnr-threads,rumours,47,46,543935.0,91.0,8.456892827267964e-05,4,34,4.6
graph_000960.json,500357314722156544,non-rumour,ferguson-all-rnr-threads,non-rumours,18,17,2447.0,52.0,0.0069472823865958,2,16,8.5
graph_000961.json,500357713260724224,unverified,ferguson-all-rnr-threads,rumours,18,17,1131.0,75.0,0.0150309460654288,6,9,2.4285714285714284
graph_000962.json,500358061698347008,unverified,ferguson-all-rnr-threads,rumours,6,5,2212.0,310.0,0.002260397830018,1,5,5.0
graph_000963.json,500358195408551936,unverified,ferguson-all-rnr-threads,rumours,12,11,1835.0,21.0,0.0059945504087193,1,11,11.0
graph_000964.json,500358258654470146,non-rumour,ferguson-all-rnr-threads,non-rumours,16,15,60784.0,99.0,0.0002467754672282,2,14,7.5
graph_000965.json,500358526804316160,unverified,ferguson-all-rnr-threads,rumours,32,31,2200.0,66.0,0.014090909090909,7,13,2.2142857142857144
graph_000966.json,500358655834062848,unverified,ferguson-all-rnr-threads,rumours,24,23,61159.0,43.0,0.0003760689350708,2,20,5.75
graph_000967.json,500358907383275520,unverified,ferguson-all-rnr-threads,rumours,20,19,449748.0,121.0,4.224587991497461e-05,1,19,19.0
graph_000968.json,500358977046474754,unverified,ferguson-all-rnr-threads,rumours,12,11,248442.0,151.0,4.4275927580682815e-05,3,8,3.6666666666666665
graph_000969.json,500359006331092994,unverified,ferguson-all-rnr-threads,rumours,1,0,0.0,0.0,0.0,0,0,0.0
graph_000970.json,500359075045990401,unverified,ferguson-all-rnr-threads,rumours,15,14,7794.0,157.0,0.0017962535283551,3,11,3.5
graph_000971.json,500359088757555200,unverified,ferguson-all-rnr-threads,rumours,1,0,0.0,0.0,0.0,0,0,0.0
graph_000972.json,500359117132017665,unverified,ferguson-all-rnr-threads,rumours,42,41,475294.0,48.0,8.626239758970237e-05,4,30,4.1
graph_000973.json,500359125310922753,unverified,ferguson-all-rnr-threads,rumours,13,12,23312.0,1007.0,0.0005147563486616,2,10,4.0
graph_000974.json,500359223557890048,true,ferguson-all-rnr-threads,rumours,13,12,22708.0,92.0,0.0005284481240091,2,11,6.0
graph_000975.json,500359312447787009,unverified,ferguson-all-rnr-threads,rumours,9,8,54999.0,84.0,0.0001454571901307,3,6,2.6666666666666665
graph_000976.json,500359323588239360,unverified,ferguson-all-rnr-threads,rumours,19,16,10102.0,153.0,0.0017818253811126,2,14,5.333333333333333
graph_000977.json,500359356589019136,true,ferguson-all-rnr-threads,rumours,6,5,4069.0,84.0,0.001228803145736,1,5,5.0
graph_000978.json,500359377585704961,unverified,ferguson-all-rnr-threads,rumours,19,18,3750.0,94.0,0.0048,4,12,2.5714285714285716
graph_000979.json,500359508531884033,unverified,ferguson-all-rnr-threads,rumours,22,21,4629.0,102.0,0.0045366169799092,3,15,3.5
graph_000980.json,500359673334493185,non-rumour,ferguson-all-rnr-threads,non-rumours,1,0,0.0,0.0,0.0,0,0,0.0
graph_000981.json,500359897557790720,non-rumour,ferguson-all-rnr-threads,non-rumours,17,16,1353.0,36.0,0.0118255728011825,1,16,16.0
graph_000982.json,500359983301939200,true,ferguson-all-rnr-threads,rumours,5,4,5974.0,309.0,0.000669568128557,3,2,1.3333333333333333
graph_000983.json,500360018928353280,unverified,ferguson-all-rnr-threads,rumours,23,21,8917.0,95.0,0.0024671974879443,6,16,3.5
graph_000984.json,500360094924931073,unverified,ferguson-all-rnr-threads,rumours,18,17,58749.0,419.0,0.000289366627517,4,9,1.8888888888888888
graph_000985.json,500360095738626049,unverified,ferguson-all-rnr-threads,rumours,19,18,30797.0,45.0,0.0005844725135565,4,15,4.5
graph_000986.json,500360244187635712,true,ferguson-all-rnr-threads,rumours,33,32,4613.0,164.0,0.0069369174073271,11,8,1.4545454545454546
graph_000987.json,500360248767840256,unverified,ferguson-all-rnr-threads,rumours,19,18,2058.0,74.0,0.0087463556851311,3,15,4.5
graph_000988.json,500360308289187840,non-rumour,ferguson-all-rnr-threads,non-rumours,19,18,194.0,46.0,0.0927835051546391,2,17,9.0
graph_000989.json,500360558806568960,non-rumour,ferguson-all-rnr-threads,non-rumours,41,40,68913.0,32.0,0.000580442006588,5,34,5.714285714285714
graph_000990.json,500360596995731456,unverified,ferguson-all-rnr-threads,rumours,16,15,93533.0,120.0,0.0001603712058845,2,13,5.0
graph_000991.json,500360632093646848,non-rumour,ferguson-all-rnr-threads,non-rumours,8,7,7864.0,72.0,0.0008901322482197,1,7,7.0
graph_000992.json,500360684253638656,non-rumour,ferguson-all-rnr-threads,non-rumours,3,2,17140.0,586.0,0.0001166861143523,1,2,2.0
graph_000993.json,500360889347096576,unverified,ferguson-all-rnr-threads,rumours,1,0,0.0,0.0,0.0,0,0,0.0
graph_000994.json,500360978387976192,unverified,ferguson-all-rnr-threads,rumours,17,16,2468.0,115.0,0.006482982171799,6,8,2.2857142857142856
graph_000995.json,500361302238564352,unverified,ferguson-all-rnr-threads,rumours,129,93,81769.0,26.0,0.0015653854150105,36,7,1.7222222222222223
graph_000996.json,500361647144574976,non-rumour,ferguson-all-rnr-threads,non-rumours,1,0,0.0,0.0,0.0,0,0,0.0
graph_000997.json,500361668132892673,unverified,ferguson-all-rnr-threads,rumours,6,5,31856.0,430.0,0.0001569563033651,3,2,1.6666666666666667
graph_000998.json,500361847070269441,unverified,ferguson-all-rnr-threads,rumours,16,15,19604.0,84.0,0.000765149969394,2,14,7.5
graph_000999.json,500362044324208640,non-rumour,ferguson-all-rnr-threads,non-rumours,1,0,0.0,0.0,0.0,0,0,0.0
graph_001000.json,500362083221786625,unverified,ferguson-all-rnr-threads,rumours,1,0,0.0,0.0,0.0,0,0,0.0
graph_001001.json,500362377062547457,non-rumour,ferguson-all-rnr-threads,non-rumours,19,18,23393.0,110.0,0.0007694609498567,2,17,9.0
graph_001002.json,500362679039840257,non-rumour,ferguson-all-rnr-threads,non-rumours,28,27,30147.0,104.0,0.0008956115036322,4,15,2.4545454545454546
graph_001003.json,500363023958409216,non-rumour,ferguson-all-rnr-threads,non-rumours,7,5,6442.0,211.0,0.0009313877677739,1,5,5.0
graph_001004.json,500363024926900224,non-rumour,ferguson-all-rnr-threads,non-rumours,5,4,812.0,63.0,0.0049261083743842,1,4,4.0
graph_001005.json,500363097698086912,non-rumour,ferguson-all-rnr-threads,non-rumours,5,4,11705.0,135.0,0.0003417343015805,1,4,4.0
graph_001006.json,500363126294863876,unverified,ferguson-all-rnr-threads,rumours,9,7,47035.0,70.0,0.0001700861060912,2,6,3.5
graph_001007.json,500363141034020865,non-rumour,ferguson-all-rnr-threads,non-rumours,19,18,18326.0,69.0,0.0009822110662446,1,18,18.0
graph_001008.json,500363602943942657,non-rumour,ferguson-all-rnr-threads,non-rumours,17,16,371744.0,195.0,4.3040371868812945e-05,1,16,16.0
graph_001009.json,500363740311982081,unverified,ferguson-all-rnr-threads,rumours,20,19,7861.0,31.0,0.0024169952932196,1,19,19.0
graph_001010.json,500363831957135360,unverified,ferguson-all-rnr-threads,rumours,33,31,20544.0,82.0,0.0015576323987538,3,26,7.75
graph_001011.json,500364003734867970,non-rumour,ferguson-all-rnr-threads,non-rumours,8,7,23490.0,429.0,0.0002979991485738,2,6,3.5
graph_001012.json,500364250461003777,unverified,ferguson-all-rnr-threads,rumours,11,10,10851.0,82.0,0.0009215740484747,2,6,2.5
graph_001013.json,500364290545958912,true,ferguson-all-rnr-threads,rumours,19,18,5936.0,100.0,0.003032345013477,3,14,3.6
graph_001014.json,500364705622671360,non-rumour,ferguson-all-rnr-threads,non-rumours,16,12,20703.0,193.0,0.0007245326764237,3,8,4.0
graph_001015.json,500364914796802048,non-rumour,ferguson-all-rnr-threads,non-rumours,1,0,0.0,0.0,0.0,0,0,0.0
graph_001016.json,500364921607974913,unverified,ferguson-all-rnr-threads,rumours,22,20,42097.0,158.0,0.0004988478989001,2,17,5.0
graph_001017.json,500365059390836736,non-rumour,ferguson-all-rnr-threads,non-rumours,19,18,22042.0,248.0,0.0008166228109971,6,10,3.0
graph_001018.json,500365170796158976,non-rumour,ferguson-all-rnr-threads,non-rumours,43,39,13556.0,223.0,0.003098259073473,10,14,2.7857142857142856
graph_001019.json,500365332351971328,non-rumour,ferguson-all-rnr-threads,non-rumours,15,14,11853.0,320.0,0.0011811355774909,3,8,2.8
graph_001020.json,500366171716067328,non-rumour,ferguson-all-rnr-threads,non-rumours,30,29,481455.0,57.0,6.023408210528502e-05,6,20,2.9
graph_001021.json,500366207552196608,non-rumour,ferguson-all-rnr-threads,non-rumours,9,8,65087.0,567.0,0.0001229124095441,1,8,8.0
graph_001022.json,500366333461422080,unverified,ferguson-all-rnr-threads,rumours,14,13,92118.0,200.0,0.0001411233418007,3,11,4.333333333333333
graph_001023.json,500366417674268673,non-rumour,ferguson-all-rnr-threads,non-rumours,20,19,769750.0,103.0,2.4683338746346217e-05,4,13,3.8
graph_001024.json,500367267901632512,unverified,ferguson-all-rnr-threads,rumours,3,2,5391.0,133.0,0.0003709886848451,1,2,2.0
graph_001025.json,500367591773179904,non-rumour,ferguson-all-rnr-threads,non-rumours,10,9,471694.0,66.0,1.9080166379050823e-05,1,9,9.0
graph_001026.json,500368204376850432,non-rumour,ferguson-all-rnr-threads,non-rumours,1,0,0.0,0.0,0.0,0,0,0.0
graph_001027.json,500368579875704832,unverified,ferguson-all-rnr-threads,rumours,6,5,275.0,54.0,0.0181818181818181,1,5,5.0
graph_001028.json,500368724579192832,non-rumour,ferguson-all-rnr-threads,non-rumours,19,18,17107.0,29.0,0.0010522008534518,5,10,2.5714285714285716
graph_001029.json,500368901365317633,non-rumour,ferguson-all-rnr-threads,non-rumours,18,11,3210.0,142.0,0.0052959501557632,1,11,11.0
graph_001030.json,500368969854103552,non-rumour,ferguson-all-rnr-threads,non-rumours,1,0,0.0,0.0,0.0,0,0,0.0
graph_001031.json,500369097360953345,non-rumour,ferguson-all-rnr-threads,non-rumours,18,17,1075.0,48.0,0.015813953488372,3,14,4.25
graph_001032.json,500369391339724802,unverified,ferguson-all-rnr-threads,rumours,19,18,3107.0,90.0,0.0057933698101062,2,16,6.0
graph_001033.json,500369479482630145,unverified,ferguson-all-rnr-threads,rumours,18,15,3693.0,114.0,0.0046033035472515,2,14,7.5
graph_001034.json,500369693203378176,non-rumour,ferguson-all-rnr-threads,non-rumours,15,14,98047.0,53.0,0.0001427886625801,2,12,4.666666666666667
graph_001035.json,500370188970524672,non-rumour,ferguson-all-rnr-threads,non-rumours,52,51,22389.0,94.0,0.0022779043280182,16,5,1.5
graph_001036.json,500370960093302784,unverified,ferguson-all-rnr-threads,rumours,10,9,108072.0,83.0,8.327781479013991e-05,2,8,4.5
graph_001037.json,500371149713178625,unverified,ferguson-all-rnr-threads,rumours,21,20,59276.0,68.0,0.000337404683177,2,17,5.0
graph_001038.json,500371231183745025,true,ferguson-all-rnr-threads,rumours,88,87,53903.0,68.0,0.0016140103519284,25,9,1.6415094339622642
graph_001039.json,500372391407931392,unverified,ferguson-all-rnr-threads,rumours,7,6,2937.0,596.0,0.0020429009193054,3,4,2.0
graph_001040.json,500374427448516609,unverified,ferguson-all-rnr-threads,rumours,4,3,694.0,143.0,0.0043227665706051,1,3,3.0
graph_001041.json,500375190535421953,unverified,ferguson-all-rnr-threads,rumours,7,6,174310.0,1188.0,3.442143307899719e-05,2,5,3.0
graph_001042.json,500375440285237248,unverified,ferguson-all-rnr-threads,rumours,11,10,66928.0,22.0,0.0001494142959598,1,10,10.0
graph_001043.json,500375545918803970,unverified,ferguson-all-rnr-threads,rumours,22,21,622298.0,137.0,3.374589023265381e-05,8,10,1.9090909090909092
graph_001044.json,500375737439096833,non-rumour,ferguson-all-rnr-threads,non-rumours,20,19,6051.0,87.0,0.0031399768633283,3,14,4.75
graph_001045.json,500375839498723328,unverified,ferguson-all-rnr-threads,rumours,39,37,3275.0,39.0,0.0116030534351145,7,15,2.8461538461538463
graph_001046.json,500376174095511552,non-rumour,ferguson-all-rnr-threads,non-rumours,64,63,5365.0,42.0,0.0117427772600186,16,15,2.1724137931034484
graph_001047.json,500376891623079937,non-rumour,ferguson-all-rnr-threads,non-rumours,17,16,210260.0,2652.0,7.609626177114049e-05,3,12,3.2
graph_001048.json,500377145349521411,unverified,ferguson-all-rnr-threads,rumours,15,14,340725.0,64.0,4.108885464817668e-05,2,13,7.0
graph_001049.json,500377191029673984,unverified,ferguson-all-rnr-threads,rumours,1,0,0.0,0.0,0.0,0,0,0.0
graph_001050.json,500377192841609217,non-rumour,ferguson-all-rnr-threads,non-rumours,23,22,182881.0,106.0,0.0001202968050262,6,9,2.4444444444444446
graph_001051.json,500377906305327104,unverified,ferguson-all-rnr-threads,rumours,16,15,42858.0,313.0,0.0003499930001399,4,9,2.5
graph_001052.json,500378223977721856,true,ferguson-all-rnr-threads,rumours,17,16,4422.0,54.0,0.0036182722749886,4,13,4.0
graph_001053.json,500378338582884352,unverified,ferguson-all-rnr-threads,rumours,22,21,20518.0,207.0,0.0010234915683789,3,17,4.2
graph_001054.json,500378522398244865,unverified,ferguson-all-rnr-threads,rumours,18,17,1903.0,64.0,0.0089332632685233,3,9,5.666666666666667
graph_001055.json,500378522788315137,unverified,ferguson-all-rnr-threads,rumours,21,20,328695.0,74.0,6.0846681574103654e-05,4,15,3.3333333333333335
graph_001056.json,500378874656854016,non-rumour,ferguson-all-rnr-threads,non-rumours,36,33,83055.0,102.0,0.0004214075010535,3,30,8.25
graph_001057.json,500379055594946561,unverified,ferguson-all-rnr-threads,rumours,16,15,3405.0,161.0,0.0044052863436123,2,14,7.5
graph_001058.json,500379259698176000,non-rumour,ferguson-all-rnr-threads,non-rumours,19,18,44297.0,219.0,0.000406348059688,2,16,6.0
graph_001059.json,500380282097520640,non-rumour,ferguson-all-rnr-threads,non-rumours,3,2,39718.0,1524.0,5.035500276952515e-05,1,2,2.0
graph_001060.json,500380708783665152,non-rumour,ferguson-all-rnr-threads,non-rumours,17,14,67604.0,150.0,0.0002366723862493,3,12,4.666666666666667
graph_001061.json,500380881563811840,non-rumour,ferguson-all-rnr-threads,non-rumours,19,16,6825.0,512.0,0.0026373626373626,4,9,2.6666666666666665
graph_001062.json,500381163866062848,unverified,ferguson-all-rnr-threads,rumours,8,7,11417.0,737.0,0.0006131207847946,2,6,3.5
graph_001063.json,500382073593405442,non-rumour,ferguson-all-rnr-threads,non-rumours,99,98,118838.0,786.0,0.0008246520473249,15,37,2.2790697674418605
graph_001064.json,500382265076379649,unverified,ferguson-all-rnr-threads,rumours,50,49,407172.0,67.0,0.0001203422632204,14,9,1.75
graph_001065.json,500382270340214784,non-rumour,ferguson-all-rnr-threads,non-rumours,20,19,1621158.0,105.0,1.1720017419646944e-05,2,18,9.5
graph_001066.json,500382437655207936,non-rumour,ferguson-all-rnr-threads,non-rumours,45,37,1056500.0,54.0,4.16469474680549e-05,12,10,1.608695652173913
graph_001067.json,500382853147164672,non-rumour,ferguson-all-rnr-threads,non-rumours,41,23,241303.0,122.0,0.0001657666916698,4,11,2.875
graph_001068.json,500383514567925760,unverified,ferguson-all-rnr-threads,rumours,18,17,167503.0,255.0,0.0001014907195692,2,16,8.5
graph_001069.json,500383956362334208,non-rumour,ferguson-all-rnr-threads,non-rumours,19,18,5226.0,305.0,0.0034443168771526,3,13,4.5
graph_001070.json,500384393362698241,non-rumour,ferguson-all-rnr-threads,non-rumours,9,8,7044.0,285.0,0.0011357183418512,2,7,4.0
graph_001071.json,500384777514799104,non-rumour,ferguson-all-rnr-threads,non-rumours,11,10,48729.0,216.0,0.0002052166061277,1,10,10.0
graph_001072.json,500385585807499266,non-rumour,ferguson-all-rnr-threads,non-rumours,19,18,2438.0,121.0,0.0073831009023789,2,17,9.0
graph_001073.json,500385868041842688,unverified,ferguson-all-rnr-threads,rumours,9,8,97110.0,2278.0,8.238080527237154e-05,6,2,1.1428571428571428
graph_001074.json,500385877684539393,non-rumour,ferguson-all-rnr-threads,non-rumours,7,6,91709.0,342.0,6.542433130881375e-05,1,6,6.0
graph_001075.json,500386524416856064,non-rumour,ferguson-all-rnr-threads,non-rumours,11,10,95599.0,134.0,0.0001046036046402,1,10,10.0
graph_001076.json,500386619564650496,non-rumour,ferguson-all-rnr-threads,non-rumours,1,0,0.0,0.0,0.0,0,0,0.0
graph_001077.json,500386978467414016,non-rumour,ferguson-all-rnr-threads,non-rumours,14,12,20050.0,143.0,0.000648379052369,2,11,6.0
graph_001078.json,500387844758994946,unverified,ferguson-all-rnr-threads,rumours,1,0,0.0,0.0,0.0,0,0,0.0
graph_001079.json,500387959468982273,non-rumour,ferguson-all-rnr-threads,non-rumours,18,17,13697.0,202.0,0.0012411476965758,3,15,5.666666666666667
graph_001080.json,500388199064420352,unverified,ferguson-all-rnr-threads,rumours,25,22,21236.0,43.0,0.0011301563382934,4,12,2.2
graph_001081.json,500388477763325952,true,ferguson-all-rnr-threads,rumours,17,16,156512.0,87.0,0.0001022285831118,3,12,4.0
graph_001082.json,500388703114895360,unverified,ferguson-all-rnr-threads,rumours,39,38,77806.0,82.0,0.0004883942112433,6,15,2.111111111111111
graph_001083.json,500389488217309184,unverified,ferguson-all-rnr-threads,rumours,37,36,87798.0,88.0,0.0004100321191826,5,21,2.769230769230769
graph_001084.json,500390232756617216,non-rumour,ferguson-all-rnr-threads,non-rumours,11,10,55785.0,236.0,0.000179259657614,1,10,10.0
graph_001085.json,500391222075076610,unverified,ferguson-all-rnr-threads,rumours,53,52,80119.0,200.0,0.0006490345610903,10,12,1.8571428571428572
graph_001086.json,500391462073532416,non-rumour,ferguson-all-rnr-threads,non-rumours,18,17,405.0,21.0,0.0419753086419753,2,16,8.5
graph_001087.json,500392971636719618,non-rumour,ferguson-all-rnr-threads,non-rumours,1,0,0.0,0.0,0.0,0,0,0.0
graph_001088.json,500393152444772352,unverified,ferguson-all-rnr-threads,rumours,8,7,13301.0,882.0,0.000526276219833,4,4,1.75
graph_001089.json,500393439482368000,non-rumour,ferguson-all-rnr-threads,non-rumours,30,25,4443.0,68.0,0.0065271213144271,7,15,2.7777777777777777
graph_001090.json,500393530960121857,non-rumour,ferguson-all-rnr-threads,non-rumours,10,9,179853.0,204.0,5.004086670781138e-05,1,9,9.0
graph_001091.json,500394005419409408,non-rumour,ferguson-all-rnr-threads,non-rumours,16,15,110059.0,51.0,0.0001362905350766,6,8,2.142857142857143
graph_001092.json,500394061887709184,unverified,ferguson-all-rnr-threads,rumours,16,15,4344.0,89.0,0.0034530386740331,5,9,3.0
graph_001093.json,500395231305826306,non-rumour,ferguson-all-rnr-threads,non-rumours,1,0,0.0,0.0,0.0,0,0,0.0
graph_001094.json,500395288335360001,non-rumour,ferguson-all-rnr-threads,non-rumours,17,16,52280.0,582.0,0.0003060443764345,2,13,4.0
graph_001095.json,500396027342376960,non-rumour,ferguson-all-rnr-threads,non-rumours,19,18,13588.0,11080.0,0.0013246982631733,6,7,2.25
graph_001096.json,500396175753633792,non-rumour,ferguson-all-rnr-threads,non-rumours,13,12,54184.0,142.0,0.000221467591909,2,11,6.0
graph_001097.json,500396366829735936,non-rumour,ferguson-all-rnr-threads,non-rumours,6,5,14046.0,515.0,0.000355973230813,1,5,5.0
graph_001098.json,500396427378298880,non-rumour,ferguson-all-rnr-threads,non-rumours,61,60,61880.0,167.0,0.0009696186166774,4,46,4.285714285714286
graph_001099.json,500397058541379584,non-rumour,ferguson-all-rnr-threads,non-rumours,1,0,0.0,0.0,0.0,0,0,0.0
graph_001100.json,500397785246466048,unverified,ferguson-all-rnr-threads,rumours,45,44,11722.0,122.0,0.0037536256611499,14,8,1.5172413793103448
graph_001101.json,500398504075071488,unverified,ferguson-all-rnr-threads,rumours,43,42,13925.0,78.0,0.003016157989228,13,18,2.1
graph_001102.json,500398901028196354,non-rumour,ferguson-all-rnr-threads,non-rumours,19,13,166114.0,129.0,0.0001083593195034,1,13,13.0
graph_001103.json,500399181627162624,non-rumour,ferguson-all-rnr-threads,non-rumours,26,25,18111.0,39.0,0.0013803765667274,2,24,12.5
graph_001104.json,500399997113098240,non-rumour,ferguson-all-rnr-threads,non-rumours,18,17,1725.0,31.0,0.0098550724637681,2,16,8.5
graph_001105.json,500400102125879296,non-rumour,ferguson-all-rnr-threads,non-rumours,44,42,7762.0,79.0,0.0055398093274929,12,8,1.6153846153846154
graph_001106.json,500402449501286400,non-rumour,ferguson-all-rnr-threads,non-rumours,42,41,61530.0,238.0,0.000666341621973,6,27,3.4166666666666665
graph_001107.json,500402804910206976,non-rumour,ferguson-all-rnr-threads,non-rumours,18,17,3366.0,55.0,0.005050505050505,2,16,8.5
graph_001108.json,500402908740210688,non-rumour,ferguson-all-rnr-threads,non-rumours,17,13,158803.0,409.0,0.0001007537640976,2,12,6.5
graph_001109.json,500403838877462528,non-rumour,ferguson-all-rnr-threads,non-rumours,19,18,93798.0,2734.0,0.0001919017463058,2,17,9.0
graph_001110.json,500404132394459136,true,ferguson-all-rnr-threads,rumours,8,6,5481.0,19.0,0.0012771392081736,2,5,3.0
graph_001111.json,500404509592387585,non-rumour,ferguson-all-rnr-threads,non-rumours,1,0,0.0,0.0,0.0,0,0,0.0
graph_001112.json,500405384503238656,non-rumour,ferguson-all-rnr-threads,non-rumours,10,9,29073.0,495.0,0.0003095655763079,1,9,9.0
graph_001113.json,500405877460193280,non-rumour,ferguson-all-rnr-threads,non-rumours,3,2,73252.0,267.0,2.730300879156883e-05,1,2,2.0
graph_001114.json,500406581855801345,non-rumour,ferguson-all-rnr-threads,non-rumours,9,7,633.0,231.0,0.0126382306477093,2,6,3.5
graph_001115.json,500407038800056321,non-rumour,ferguson-all-rnr-threads,non-rumours,59,58,61981.0,395.0,0.0009357706393894,8,24,2.230769230769231
graph_001116.json,500408184562257920,non-rumour,ferguson-all-rnr-threads,non-rumours,27,26,75843.0,72.0,0.000342813443561,7,16,2.363636363636364
graph_001117.json,500408607561629698,unverified,ferguson-all-rnr-threads,rumours,30,29,183752.0,141.0,0.0001578214114676,4,24,4.833333333333333
graph_001118.json,500408829696544768,non-rumour,ferguson-all-rnr-threads,non-rumours,47,8,1130933.0,250.0,4.067438124097537e-05,2,6,2.6666666666666665
graph_001119.json,500409399865651201,non-rumour,ferguson-all-rnr-threads,non-rumours,13,12,58491.0,99.0,0.0002051597681694,2,7,3.0
graph_001120.json,500409565473943553,non-rumour,ferguson-all-rnr-threads,non-rumours,1,0,0.0,0.0,0.0,0,0,0.0
graph_001121.json,500411055315910656,non-rumour,ferguson-all-rnr-threads,non-rumours,13,12,70988.0,73.0,0.0001690426550966,5,5,2.0
graph_001122.json,500411513727750148,non-rumour,ferguson-all-rnr-threads,non-rumours,11,10,368162.0,64.0,2.7161955878118872e-05,1,10,10.0
graph_001123.json,500413012822745090,non-rumour,ferguson-all-rnr-threads,non-rumours,1,0,0.0,0.0,0.0,0,0,0.0
graph_001124.json,500413489882484736,non-rumour,ferguson-all-rnr-threads,non-rumours,11,10,600167.0,489.0,1.6662029068575913e-05,2,8,3.3333333333333335
graph_001125.json,500413818368184321,unverified,ferguson-all-rnr-threads,rumours,19,15,70428.0,123.0,0.000255580166979,3,11,3.0
graph_001126.json,500413956230365185,non-rumour,ferguson-all-rnr-threads,non-rumours,19,18,16285.0,28.0,0.0011053116364752,2,17,9.0
graph_001127.json,500416861016580096,non-rumour,ferguson-all-rnr-threads,non-rumours,1,0,0.0,0.0,0.0,0,0,0.0
graph_001128.json,500417151346696192,unverified,ferguson-all-rnr-threads,rumours,53,52,92041.0,61.0,0.0005649656131506,10,37,3.466666666666667
graph_001129.json,500419556629041152,non-rumour,ferguson-all-rnr-threads,non-rumours,19,18,4567.0,45.0,0.0039413181519597,3,15,4.5
graph_001130.json,500420356621213696,non-rumour,ferguson-all-rnr-threads,non-rumours,54,44,80011.0,1178.0,0.0006624089187736,7,25,2.933333333333333
graph_001131.json,500420906670256128,non-rumour,ferguson-all-rnr-threads,non-rumours,13,11,56549.0,156.0,0.0002122053440379,4,6,2.75
graph_001132.json,500421515678978049,non-rumour,ferguson-all-rnr-threads,non-rumours,1,0,0.0,0.0,0.0,0,0,0.0
graph_001133.json,500421926079066112,false,ferguson-all-rnr-threads,rumours,15,14,6472.0,63.0,0.0021631644004944,3,11,4.666666666666667
graph_001134.json,500422447623966721,non-rumour,ferguson-all-rnr-threads,non-rumours,1,0,0.0,0.0,0.0,0,0,0.0
graph_001135.json,500422971320963072,unverified,ferguson-all-rnr-threads,rumours,18,17,2456.0,29.0,0.0069218241042345,3,14,5.666666666666667
graph_001136.json,500426437392732161,non-rumour,ferguson-all-rnr-threads,non-rumours,4,3,22833.0,1013.0,0.0001313887793982,1,3,3.0
graph_001137.json,500426667446513666,non-rumour,ferguson-all-rnr-threads,non-rumours,28,27,61559.0,647.0,0.0004386036160431,3,24,6.75
graph_001138.json,500427783848615936,non-rumour,ferguson-all-rnr-threads,non-rumours,47,46,20778.0,219.0,0.0022138800654538,6,18,2.1904761904761907
graph_001139.json,500427786159681536,unverified,ferguson-all-rnr-threads,rumours,18,17,67372.0,44.0,0.0002523303449504,3,10,2.8333333333333335
graph_001140.json,500429525558505473,non-rumour,ferguson-all-rnr-threads,non-rumours,37,32,10435.0,170.0,0.0034499281264973,5,25,5.333333333333333
graph_001141.json,500430445830365184,non-rumour,ferguson-all-rnr-threads,non-rumours,14,13,510556.0,466.0,2.5462437029434574e-05,2,12,6.5
graph_001142.json,500430673099104256,non-rumour,ferguson-all-rnr-threads,non-rumours,61,60,87379.0,42.0,0.0006866638437153,24,15,1.5789473684210529
graph_001143.json,500431179925823489,non-rumour,ferguson-all-rnr-threads,non-rumours,60,59,879463.0,42.0,6.708639249178192e-05,11,17,1.5945945945945943
graph_001144.json,521310417696858112,false,ebola-essien-all-rnr-threads,rumours,27,23,14825.0,345.0,0.0017537942664418,3,15,6.0
graph_001145.json,521346721226711040,false,ebola-essien-all-rnr-threads,rumours,27,24,5965.0,630.0,0.0043587594300083,5,15,2.4
graph_001146.json,521350916872876033,false,ebola-essien-all-rnr-threads,rumours,19,18,2570.0,229.0,0.0070038910505836,7,11,2.5714285714285716
graph_001147.json,521358118597689344,false,ebola-essien-all-rnr-threads,rumours,5,4,5504.0,332.0,0.0007267441860465,1,4,4.0
graph_001148.json,521359454672269313,false,ebola-essien-all-rnr-threads,rumours,25,24,4038.0,59.0,0.0059435364041604,4,13,2.1818181818181817
graph_001149.json,521359863884967936,false,ebola-essien-all-rnr-threads,rumours,10,9,1004.0,41.0,0.0089641434262948,4,3,1.8
graph_001150.json,521360486387175424,false,ebola-essien-all-rnr-threads,rumours,9,8,25835.0,71.0,0.0003096574414553,2,7,4.0
graph_001151.json,521361857810939905,false,ebola-essien-all-rnr-threads,rumours,14,13,47489.0,22.0,0.0002737476047084,2,12,6.5
graph_001152.json,521367917322338304,false,ebola-essien-all-rnr-threads,rumours,19,18,101340.0,38.0,0.000177619893428,3,15,4.5
graph_001153.json,521369179392581632,false,ebola-essien-all-rnr-threads,rumours,15,14,9883.0,48.0,0.0014165739148031,3,11,4.666666666666667
graph_001154.json,521375609206083584,false,ebola-essien-all-rnr-threads,rumours,13,12,21440.0,31.0,0.0005597014925373,2,11,6.0
graph_001155.json,521381662551474176,false,ebola-essien-all-rnr-threads,rumours,20,19,66488.0,24.0,0.0002857658524846,4,13,2.7142857142857144
graph_001156.json,521595221155774464,false,ebola-essien-all-rnr-threads,rumours,16,15,28457.0,92.0,0.0005271110798748,2,12,5.0
graph_001157.json,522286703848218624,false,ebola-essien-all-rnr-threads,rumours,7,6,2557.0,312.0,0.0023464998044583,1,6,6.0
graph_001158.json,524922078638903296,non-rumour,ottawashooting-all-rnr-threads,non-rumours,51,50,7677.0,75.0,0.006512960791976,19,5,1.7857142857142858
graph_001159.json,524922499466022913,non-rumour,ottawashooting-all-rnr-threads,non-rumours,16,15,13249.0,110.0,0.0011321609178051,3,13,5.0
graph_001160.json,524922507380670464,true,ottawashooting-all-rnr-threads,rumours,7,6,1482.0,58.0,0.0040485829959514,2,5,3.0
graph_001161.json,524922729485848576,true,ottawashooting-all-rnr-threads,rumours,37,36,24099.0,90.0,0.0014938379185858,11,8,1.565217391304348
graph_001162.json,524923148576518144,non-rumour,ottawashooting-all-rnr-threads,non-rumours,23,22,54232.0,36.0,0.0004056645522938,6,14,2.75
graph_001163.json,524923293711998976,true,ottawashooting-all-rnr-threads,rumours,24,23,5406.0,103.0,0.0042545320014798,3,16,3.2857142857142856
graph_001164.json,524923341359300608,true,ottawashooting-all-rnr-threads,rumours,23,22,22290.0,59.0,0.0009869896814715,4,18,4.4
graph_001165.json,524923403183333376,non-rumour,ottawashooting-all-rnr-threads,non-rumours,20,19,17589.0,67.0,0.0010802205924157,1,19,19.0
graph_001166.json,524923462398513152,true,ottawashooting-all-rnr-threads,rumours,14,13,4700.0,30.0,0.0027659574468085,2,12,6.5
graph_001167.json,524923480173981696,true,ottawashooting-all-rnr-threads,rumours,10,7,5658.0,40.0,0.0015906680805938,1,7,7.0
graph_001168.json,524923610851729408,true,ottawashooting-all-rnr-threads,rumours,2,1,3105.0,3105.0,0.0003220611916264,1,1,1.0
graph_001169.json,524923676484177920,true,ottawashooting-all-rnr-threads,rumours,11,10,4170.0,83.0,0.0023980815347721,1,10,10.0
graph_001170.json,524923678472286209,true,ottawashooting-all-rnr-threads,rumours,9,8,1484.0,57.0,0.0053908355795148,3,6,2.6666666666666665
graph_001171.json,524924034124107776,true,ottawashooting-all-rnr-threads,rumours,9,8,4104.0,60.0,0.0019493177387914,2,7,4.0
graph_001172.json,524924225463668738,true,ottawashooting-all-rnr-threads,rumours,19,18,1389.0,20.0,0.0129589632829373,3,14,3.6
graph_001173.json,524924346411020288,true,ottawashooting-all-rnr-threads,rumours,6,5,812.0,338.0,0.0061576354679802,1,5,5.0
graph_001174.json,524924619812511746,unverified,ottawashooting-all-rnr-threads,rumours,10,9,79133.0,59.0,0.000113732576801,5,4,1.5
graph_001175.json,524924660480487424,non-rumour,ottawashooting-all-rnr-threads,non-rumours,32,31,17008.0,83.0,0.0018226716839134,6,14,3.1
graph_001176.json,524924954287296512,non-rumour,ottawashooting-all-rnr-threads,non-rumours,6,5,201489.0,22.0,2.4815250460322897e-05,1,5,5.0
graph_001177.json,524924987774631936,non-rumour,ottawashooting-all-rnr-threads,non-rumours,3,2,460.0,237.0,0.0043478260869565,1,2,2.0
graph_001178.json,524925033626738688,true,ottawashooting-all-rnr-threads,rumours,8,7,11980.0,190.0,0.000584307178631,1,7,7.0
graph_001179.json,524925050739490816,true,ottawashooting-all-rnr-threads,rumours,12,11,1661.0,69.0,0.0066225165562913,1,11,11.0
graph_001180.json,524925124303396864,true,ottawashooting-all-rnr-threads,rumours,27,24,3235.0,51.0,0.0080370942812983,9,9,1.7142857142857142
graph_001181.json,524925215235911680,true,ottawashooting-all-rnr-threads,rumours,19,18,3792.0,122.0,0.0047468354430379,1,18,18.0
graph_001182.json,524925223226081282,non-rumour,ottawashooting-all-rnr-threads,non-rumours,5,4,384.0,174.0,0.0104166666666666,1,4,4.0
graph_001183.json,524925553489760256,true,ottawashooting-all-rnr-threads,rumours,10,9,6691.0,13.0,0.0013450904199671,2,8,4.5
graph_001184.json,524925600318754816,non-rumour,ottawashooting-all-rnr-threads,non-rumours,12,11,26437.0,276.0,0.00041608351931,2,10,5.5
graph_001185.json,524925730053181440,unverified,ottawashooting-all-rnr-threads,rumours,19,18,29468.0,90.0,0.0006108320890457,5,9,2.5714285714285716
graph_001186.json,524925987239120897,true,ottawashooting-all-rnr-threads,rumours,5,4,3026.0,1099.0,0.0013218770654329,1,4,4.0
graph_001187.json,524926184069808129,true,ottawashooting-all-rnr-threads,rumours,9,8,3222.0,31.0,0.0024829298572315,1,8,8.0
graph_001188.json,524926235030589440,true,ottawashooting-all-rnr-threads,rumours,7,6,4741.0,26.0,0.0012655557899177,1,6,6.0
graph_001189.json,524926279309860864,true,ottawashooting-all-rnr-threads,rumours,24,22,140022.0,43.0,0.0001642599020153,3,16,3.142857142857143
graph_001190.json,524926301678096384,unverified,ottawashooting-all-rnr-threads,rumours,3,2,4476.0,1991.0,0.0004468275245755,1,2,2.0
graph_001191.json,524926445496197120,true,ottawashooting-all-rnr-threads,rumours,21,18,20907.0,48.0,0.0009566174008705,7,11,2.25
graph_001192.json,524926472432410625,unverified,ottawashooting-all-rnr-threads,rumours,4,3,449.0,122.0,0.0066815144766146,1,3,3.0
graph_001193.json,524926528342487041,non-rumour,ottawashooting-all-rnr-threads,non-rumours,24,23,1372.0,54.0,0.0167638483965014,8,13,2.090909090909091
graph_001194.json,524926643325132800,unverified,ottawashooting-all-rnr-threads,rumours,17,16,7263.0,183.0,0.0022029464408646,4,13,4.0
graph_001195.json,524926698165633024,non-rumour,ottawashooting-all-rnr-threads,non-rumours,8,7,7110.0,183.0,0.00098452883263,1,7,7.0
graph_001196.json,524926768054956032,true,ottawashooting-all-rnr-threads,rumours,1,0,0.0,0.0,0.0,0,0,0.0
graph_001197.json,524927281048080385,unverified,ottawashooting-all-rnr-threads,rumours,43,41,10536.0,130.0,0.0039863325740318,14,14,1.9523809523809523
graph_001198.json,524927288077746176,true,ottawashooting-all-rnr-threads,rumours,21,20,7784.0,467.0,0.0025693730729701,5,12,2.857142857142857
graph_001199.json,524927356830760961,true,ottawashooting-all-rnr-threads,rumours,4,3,6034.0,908.0,0.0004971826317533,1,3,3.0
graph_001200.json,524927695633666049,true,ottawashooting-all-rnr-threads,rumours,11,10,5465.0,95.0,0.0018298261665141,2,9,5.0
graph_001201.json,524927789892653056,non-rumour,ottawashooting-all-rnr-threads,non-rumours,8,7,13728.0,155.0,0.0005099067599067,1,7,7.0
graph_001202.json,524927809773649922,non-rumour,ottawashooting-all-rnr-threads,non-rumours,18,17,3538.0,78.0,0.0048049745618993,1,17,17.0
graph_001203.json,524928119955013632,true,ottawashooting-all-rnr-threads,rumours,11,10,2459.0,95.0,0.0040666937779585,1,10,10.0
graph_001204.json,524928195011698688,true,ottawashooting-all-rnr-threads,rumours,1,0,0.0,0.0,0.0,0,0,0.0
graph_001205.json,524928223499784192,non-rumour,ottawashooting-all-rnr-threads,non-rumours,31,30,136411.0,81.0,0.0002199236131983,6,12,2.727272727272727
graph_001206.json,524928297986433024,non-rumour,ottawashooting-all-rnr-threads,non-rumours,4,3,601.0,336.0,0.0049916805324459,1,3,3.0
graph_001207.json,524928863714168832,non-rumour,ottawashooting-all-rnr-threads,non-rumours,4,3,2615.0,316.0,0.0011472275334608,1,3,3.0
graph_001208.json,524928878075457536,true,ottawashooting-all-rnr-threads,rumours,25,24,50606.0,90.0,0.0004742520649725,10,10,2.1818181818181817
graph_001209.json,524928960615186432,non-rumour,ottawashooting-all-rnr-threads,non-rumours,20,17,2730.0,102.0,0.0069597069597069,1,17,17.0
graph_001210.json,524929014621032451,non-rumour,ottawashooting-all-rnr-threads,non-rumours,19,18,1906.0,50.0,0.0094438614900314,2,15,6.0
graph_001211.json,524929106987991040,unverified,ottawashooting-all-rnr-threads,rumours,10,9,15996.0,127.0,0.000562640660165,2,8,4.5
graph_001212.json,524929497205055488,unverified,ottawashooting-all-rnr-threads,rumours,13,12,24107.0,51.0,0.0004977807275894,2,7,6.0
graph_001213.json,524929550493712384,non-rumour,ottawashooting-all-rnr-threads,non-rumours,28,27,9564.0,79.0,0.0028230865746549,10,16,2.7
graph_001214.json,524929559909916672,non-rumour,ottawashooting-all-rnr-threads,non-rumours,18,17,8928.0,1344.0,0.0019041218637992,2,16,8.5
graph_001215.json,524929769469538305,true,ottawashooting-all-rnr-threads,rumours,2,1,329.0,329.0,0.0030395136778115,1,1,1.0
graph_001216.json,524929796862918656,true,ottawashooting-all-rnr-threads,rumours,19,18,4314.0,18.0,0.0041724617524339,1,18,18.0
graph_001217.json,524929893759737856,true,ottawashooting-all-rnr-threads,rumours,45,44,40455.0,33.0,0.0010876282288963,18,13,1.8333333333333333
graph_001218.json,524930293921107969,true,ottawashooting-all-rnr-threads,rumours,10,9,761.0,36.0,0.0118265440210249,2,8,4.5
graph_001219.json,524930400272265216,non-rumour,ottawashooting-all-rnr-threads,non-rumours,5,3,7485.0,85.0,0.0005344021376085,1,3,3.0
graph_001220.json,524930499790131200,non-rumour,ottawashooting-all-rnr-threads,non-rumours,11,10,14053.0,212.0,0.0007115918309257,4,6,2.5
graph_001221.json,524930538009006081,unverified,ottawashooting-all-rnr-threads,rumours,15,13,2428.0,18.0,0.0057660626029654,2,9,4.333333333333333
graph_001222.json,524930575472136192,unverified,ottawashooting-all-rnr-threads,rumours,8,7,3510.0,58.0,0.0019943019943019,1,7,7.0
graph_001223.json,524930594950479873,non-rumour,ottawashooting-all-rnr-threads,non-rumours,2,1,1294.0,1294.0,0.0007727975270479,1,1,1.0
graph_001224.json,524930671220105216,true,ottawashooting-all-rnr-threads,rumours,20,19,126162.0,96.0,0.0001506000221936,5,13,2.7142857142857144
graph_001225.json,524930678983753728,non-rumour,ottawashooting-all-rnr-threads,non-rumours,18,17,6766.0,393.0,0.0025125628140703,4,10,2.4285714285714284
graph_001226.json,524930851747164160,non-rumour,ottawashooting-all-rnr-threads,non-rumours,79,78,53105.0,28.0,0.001468788249694,11,10,2.108108108108108
graph_001227.json,524931019745812480,true,ottawashooting-all-rnr-threads,rumours,6,5,128617.0,880.0,3.887510982218525e-05,4,2,1.25
graph_001228.json,524931083797004288,non-rumour,ottawashooting-all-rnr-threads,non-rumours,4,3,428.0,28.0,0.0070093457943925,1,3,3.0
graph_001229.json,524931110279852032,true,ottawashooting-all-rnr-threads,rumours,5,4,3699.0,212.0,0.001081373344147,1,4,4.0
graph_001230.json,524931324763992064,true,ottawashooting-all-rnr-threads,rumours,8,7,1115.0,78.0,0.0062780269058295,3,5,2.3333333333333335
graph_001231.json,524931752725585921,true,ottawashooting-all-rnr-threads,rumours,3,2,574.0,407.0,0.0034843205574912,1,2,2.0
graph_001232.json,524931830173421568,true,ottawashooting-all-rnr-threads,rumours,2,1,61.0,61.0,0.0163934426229508,1,1,1.0
graph_001233.json,524931913426157568,true,ottawashooting-all-rnr-threads,rumours,30,24,27091.0,183.0,0.0010704662064892,9,10,1.7142857142857142
graph_001234.json,524932056560963584,unverified,ottawashooting-all-rnr-threads,rumours,4,3,2225.0,223.0,0.0013483146067415,1,3,3.0
graph_001235.json,524932292406681601,non-rumour,ottawashooting-all-rnr-threads,non-rumours,45,42,76200.0,659.0,0.0005774278215223,9,15,1.9090909090909092
graph_001236.json,524932327907270656,true,ottawashooting-all-rnr-threads,rumours,6,5,1158.0,365.0,0.0043177892918825,2,2,1.6666666666666667
graph_001237.json,524932558275235840,non-rumour,ottawashooting-all-rnr-threads,non-rumours,5,4,454.0,45.0,0.0088105726872246,1,4,4.0
graph_001238.json,524932574909857792,true,ottawashooting-all-rnr-threads,rumours,10,9,20543.0,264.0,0.0004381054373752,1,9,9.0
graph_001239.json,524932635177795585,non-rumour,ottawashooting-all-rnr-threads,non-rumours,19,18,4147.0,50.0,0.0043404870991077,3,16,6.0
graph_001240.json,524932792925569024,unverified,ottawashooting-all-rnr-threads,rumours,13,12,2780.0,139.0,0.0043165467625899,2,11,6.0
graph_001241.json,524932935137628160,true,ottawashooting-all-rnr-threads,rumours,36,35,140631.0,40.0,0.0002488782700826,13,9,1.6666666666666667
graph_001242.json,524933380929245184,true,ottawashooting-all-rnr-threads,rumours,24,23,7973.0,129.0,0.0028847359839458,5,12,2.3
graph_001243.json,524933399828369409,true,ottawashooting-all-rnr-threads,rumours,8,7,2041.0,114.0,0.0034296913277804,1,7,7.0
graph_001244.json,524933534692442112,non-rumour,ottawashooting-all-rnr-threads,non-rumours,3,2,157.0,61.0,0.0127388535031847,1,2,2.0
graph_001245.json,524933600433938432,non-rumour,ottawashooting-all-rnr-threads,non-rumours,15,14,18351.0,52.0,0.000762901204294,3,4,2.0
graph_001246.json,524933657493250048,true,ottawashooting-all-rnr-threads,rumours,13,12,3387.0,64.0,0.0035429583702391,1,12,12.0
graph_001247.json,524933764330586112,non-rumour,ottawashooting-all-rnr-threads,non-rumours,1,0,0.0,0.0,0.0,0,0,0.0
graph_001248.json,524934004152082432,non-rumour,ottawashooting-all-rnr-threads,non-rumours,12,11,7126.0,39.0,0.001543642997474,3,7,2.2
graph_001249.json,524934090542182400,non-rumour,ottawashooting-all-rnr-threads,non-rumours,21,20,50514.0,37.0,0.0003959298412321,8,8,2.0
graph_001250.json,524934142958788608,non-rumour,ottawashooting-all-rnr-threads,non-rumours,68,51,20677.0,74.0,0.0032403153262078,16,3,1.4166666666666667
graph_001251.json,524934300459077632,non-rumour,ottawashooting-all-rnr-threads,non-rumours,5,4,835.0,18.0,0.0047904191616766,1,4,4.0
graph_001252.json,524934381828603904,true,ottawashooting-all-rnr-threads,rumours,10,9,7093.0,60.0,0.001268856619202,3,6,2.25
graph_001253.json,524934419270742017,non-rumour,ottawashooting-all-rnr-threads,non-rumours,12,11,2290.0,39.0,0.0048034934497816,1,11,11.0
graph_001254.json,524934507892580352,non-rumour,ottawashooting-all-rnr-threads,non-rumours,18,13,2057.0,16.0,0.0082644628099173,3,10,3.25
graph_001255.json,524934648473079808,non-rumour,ottawashooting-all-rnr-threads,non-rumours,5,4,28138.0,3471.0,0.0001421565143222,3,2,1.3333333333333333
graph_001256.json,524934673760530432,true,ottawashooting-all-rnr-threads,rumours,4,3,2181.0,146.0,0.0013755158184319,1,3,3.0
graph_001257.json,524934827909210112,unverified,ottawashooting-all-rnr-threads,rumours,4,3,239.0,43.0,0.0125523012552301,1,3,3.0
graph_001258.json,524934897367285760,non-rumour,ottawashooting-all-rnr-threads,non-rumours,20,19,9273.0,31.0,0.002048959344333,2,17,6.333333333333333
graph_001259.json,524934941914968064,true,ottawashooting-all-rnr-threads,rumours,23,17,2670.0,135.0,0.0082397003745318,2,16,8.5
graph_001260.json,524935023380545537,non-rumour,ottawashooting-all-rnr-threads,non-rumours,2,1,75.0,75.0,0.0133333333333333,1,1,1.0
graph_001261.json,524935085863481344,true,ottawashooting-all-rnr-threads,rumours,22,21,1779.0,65.0,0.0118043844856661,5,13,3.0
graph_001262.json,524935146806738944,non-rumour,ottawashooting-all-rnr-threads,non-rumours,11,10,2480.0,396.0,0.0040322580645161,2,9,5.0
graph_001263.json,524935216134369281,true,ottawashooting-all-rnr-threads,rumours,4,3,939.0,390.0,0.0031948881789137,1,3,3.0
graph_001264.json,524935246647926784,true,ottawashooting-all-rnr-threads,rumours,5,4,9254.0,367.0,0.0004322455154527,1,4,4.0
graph_001265.json,524935345998422016,unverified,ottawashooting-all-rnr-threads,rumours,12,10,2869.0,52.0,0.0038340885325897,2,9,5.0
graph_001266.json,524935485370929152,true,ottawashooting-all-rnr-threads,rumours,20,16,802.0,53.0,0.0236907730673316,9,4,1.7777777777777777
graph_001267.json,524935586025861121,unverified,ottawashooting-all-rnr-threads,rumours,6,5,3851.0,147.0,0.0012983640612827,2,4,2.5
graph_001268.json,524935633463037953,true,ottawashooting-all-rnr-threads,rumours,3,2,342.0,268.0,0.0058479532163742,1,2,2.0
graph_001269.json,524935731148775424,non-rumour,ottawashooting-all-rnr-threads,non-rumours,3,2,14542.0,933.0,0.0001375326640077,1,2,2.0
graph_001270.json,524935758143324160,unverified,ottawashooting-all-rnr-threads,rumours,5,4,1255.0,48.0,0.0031872509960159,1,4,4.0
graph_001271.json,524935769614331904,true,ottawashooting-all-rnr-threads,rumours,16,15,5613.0,25.0,0.0026723677177979,3,13,5.0
graph_001272.json,524935791794221057,false,ottawashooting-all-rnr-threads,rumours,12,11,12222.0,88.0,0.0009000163639338,3,8,3.6666666666666665
graph_001273.json,524935816603107328,true,ottawashooting-all-rnr-threads,rumours,6,5,294.0,27.0,0.0170068027210884,1,5,5.0
graph_001274.json,524935906596499456,non-rumour,ottawashooting-all-rnr-threads,non-rumours,34,33,17104.0,97.0,0.0019293732460243,9,18,2.357142857142857
graph_001275.json,524935943925796866,non-rumour,ottawashooting-all-rnr-threads,non-rumours,2,1,221.0,221.0,0.004524886877828,1,1,1.0
graph_001276.json,524936008870400000,non-rumour,ottawashooting-all-rnr-threads,non-rumours,9,8,14073.0,205.0,0.0005684644354437,2,7,4.0
graph_001277.json,524936075870228480,non-rumour,ottawashooting-all-rnr-threads,non-rumours,6,5,1379.0,187.0,0.0036258158085569,1,5,5.0
graph_001278.json,524936137589411840,true,ottawashooting-all-rnr-threads,rumours,2,1,2112.0,2112.0,0.0004734848484848,1,1,1.0
graph_001279.json,524936365427806208,unverified,ottawashooting-all-rnr-threads,rumours,20,14,5238.0,29.0,0.003627338678885,6,9,2.3333333333333335
graph_001280.json,524936456742379520,non-rumour,ottawashooting-all-rnr-threads,non-rumours,6,5,2626.0,370.0,0.0019040365575019,1,5,5.0
graph_001281.json,524936592159698944,true,ottawashooting-all-rnr-threads,rumours,2,1,115.0,115.0,0.008695652173913,1,1,1.0
graph_001282.json,524936793633083394,true,ottawashooting-all-rnr-threads,rumours,20,19,100973.0,76.0,0.0001881691145157,2,17,6.333333333333333
graph_001283.json,524936872666353664,true,ottawashooting-all-rnr-threads,rumours,30,29,7020.0,28.0,0.0041310541310541,7,17,2.4166666666666665
graph_001284.json,524936881348558849,non-rumour,ottawashooting-all-rnr-threads,non-rumours,18,16,38353.0,161.0,0.0004432508539097,2,14,5.333333333333333
graph_001285.json,524936931059056640,non-rumour,ottawashooting-all-rnr-threads,non-rumours,4,3,468.0,103.0,0.0064102564102564,1,3,3.0
graph_001286.json,524936966492942336,true,ottawashooting-all-rnr-threads,rumours,17,16,5137.0,30.0,0.003114658360911,2,15,8.0
graph_001287.json,524937114539282433,non-rumour,ottawashooting-all-rnr-threads,non-rumours,4,3,1669.0,36.0,0.0017974835230677,1,3,3.0
graph_001288.json,524937204552843268,true,ottawashooting-all-rnr-threads,rumours,19,18,2268.0,125.0,0.0079365079365079,5,7,2.25
graph_001289.json,524937243518312448,non-rumour,ottawashooting-all-rnr-threads,non-rumours,1,0,0.0,0.0,0.0,0,0,0.0
graph_001290.json,524937330923417600,unverified,ottawashooting-all-rnr-threads,rumours,13,12,5928.0,256.0,0.0020242914979757,2,10,4.0
graph_001291.json,524937421180653568,non-rumour,ottawashooting-all-rnr-threads,non-rumours,6,5,673.0,190.0,0.0074294205052005,3,3,1.6666666666666667
graph_001292.json,524937542131793920,unverified,ottawashooting-all-rnr-threads,rumours,7,6,10585.0,3709.0,0.0005668398677373,3,4,2.0
graph_001293.json,524937560276344832,non-rumour,ottawashooting-all-rnr-threads,non-rumours,10,9,1648.0,36.0,0.0054611650485436,4,6,2.25
graph_001294.json,524937574281121793,non-rumour,ottawashooting-all-rnr-threads,non-rumours,10,9,7689.0,205.0,0.001170503316426,2,8,4.5
graph_001295.json,524937594090844160,unverified,ottawashooting-all-rnr-threads,rumours,18,17,6118.0,27.0,0.0027786858450474,2,16,8.5
graph_001296.json,524937597206790144,non-rumour,ottawashooting-all-rnr-threads,non-rumours,2,1,600.0,600.0,0.0016666666666666,1,1,1.0
graph_001297.json,524937635698327553,non-rumour,ottawashooting-all-rnr-threads,non-rumours,24,23,146049.0,17.0,0.000157481393231,4,13,3.8333333333333335
graph_001298.json,524937675115999232,non-rumour,ottawashooting-all-rnr-threads,non-rumours,4,3,1076.0,347.0,0.0027881040892193,2,2,1.5
graph_001299.json,524937968138878976,unverified,ottawashooting-all-rnr-threads,rumours,21,20,3055.0,55.0,0.0065466448445171,5,10,2.0
graph_001300.json,524938009834450945,non-rumour,ottawashooting-all-rnr-threads,non-rumours,3,2,242.0,73.0,0.0082644628099173,1,2,2.0
graph_001301.json,524938107142283264,true,ottawashooting-all-rnr-threads,rumours,11,10,2264.0,118.0,0.004416961130742,1,10,10.0
graph_001302.json,524938137320312832,non-rumour,ottawashooting-all-rnr-threads,non-rumours,13,12,6969.0,135.0,0.0017219113215669,1,12,12.0
graph_001303.json,524938146119966720,non-rumour,ottawashooting-all-rnr-threads,non-rumours,1,0,0.0,0.0,0.0,0,0,0.0
graph_001304.json,524938162900967424,true,ottawashooting-all-rnr-threads,rumours,7,6,18258.0,594.0,0.0003286230693394,3,4,2.0
graph_001305.json,524938282732642305,true,ottawashooting-all-rnr-threads,rumours,2,1,2126.0,2126.0,0.0004703668861712,1,1,1.0
graph_001306.json,524938288277118976,non-rumour,ottawashooting-all-rnr-threads,non-rumours,21,20,19593.0,823.0,0.0010207727249527,2,19,10.0
graph_001307.json,524938433262006272,true,ottawashooting-all-rnr-threads,rumours,8,7,5135.0,274.0,0.001363193768257,2,6,3.5
graph_001308.json,524938857180303360,true,ottawashooting-all-rnr-threads,rumours,5,4,1074.0,43.0,0.0037243947858473,1,4,4.0
graph_001309.json,524939142485262337,non-rumour,ottawashooting-all-rnr-threads,non-rumours,18,17,166387.0,105.0,0.0001021714436824,5,9,2.4285714285714284
graph_001310.json,524939327399559170,unverified,ottawashooting-all-rnr-threads,rumours,3,2,115.0,78.0,0.017391304347826,1,2,2.0
graph_001311.json,524939347699585025,non-rumour,ottawashooting-all-rnr-threads,non-rumours,18,17,3767.0,33.0,0.004512874966817,1,17,17.0
graph_001312.json,524939362048290817,non-rumour,ottawashooting-all-rnr-threads,non-rumours,1,0,0.0,0.0,0.0,0,0,0.0
graph_001313.json,524939378552864768,true,ottawashooting-all-rnr-threads,rumours,9,8,109256.0,386.0,7.322252324815113e-05,1,8,8.0
graph_001314.json,524939818347028480,non-rumour,ottawashooting-all-rnr-threads,non-rumours,2,1,381.0,381.0,0.0026246719160104,1,1,1.0
graph_001315.json,524939821815721984,non-rumour,ottawashooting-all-rnr-threads,non-rumours,13,12,12025.0,197.0,0.0009979209979209,6,7,2.0
graph_001316.json,524940014065811456,true,ottawashooting-all-rnr-threads,rumours,21,20,6270.0,44.0,0.0031897926634768,5,11,2.5
graph_001317.json,524940030109036544,true,ottawashooting-all-rnr-threads,rumours,13,12,9536.0,49.0,0.0012583892617449,2,11,6.0
graph_001318.json,524940077978640384,false,ottawashooting-all-rnr-threads,rumours,20,18,2825.0,80.0,0.0067256637168141,4,14,3.6
graph_001319.json,524940452383170560,non-rumour,ottawashooting-all-rnr-threads,non-rumours,7,6,1638.0,164.0,0.0036630036630036,1,6,6.0
graph_001320.json,524940623594287104,non-rumour,ottawashooting-all-rnr-threads,non-rumours,18,17,1962.0,13.0,0.0086646279306829,3,15,5.666666666666667
graph_001321.json,524940659778920448,unverified,ottawashooting-all-rnr-threads,rumours,7,6,38085.0,240.0,0.0001575423395037,1,6,6.0
graph_001322.json,524940716733370374,unverified,ottawashooting-all-rnr-threads,rumours,20,19,11076.0,55.0,0.0017154207295052,2,16,4.75
graph_001323.json,524940803601227777,non-rumour,ottawashooting-all-rnr-threads,non-rumours,11,10,15282.0,134.0,0.0006543646119617,2,9,5.0
graph_001324.json,524940940721418240,non-rumour,ottawashooting-all-rnr-threads,non-rumours,5,4,5628.0,2261.0,0.0007107320540156,1,4,4.0
graph_001325.json,524941041301225472,true,ottawashooting-all-rnr-threads,rumours,13,12,13436.0,1912.0,0.0008931229532598,2,10,4.0
graph_001326.json,524941119403335681,non-rumour,ottawashooting-all-rnr-threads,non-rumours,27,26,235321.0,43.0,0.0001104873768171,6,15,2.888888888888889
graph_001327.json,524941124893700096,true,ottawashooting-all-rnr-threads,rumours,5,4,9182.0,159.0,0.000435634937922,1,4,4.0
graph_001328.json,524941132237910016,true,ottawashooting-all-rnr-threads,rumours,3,2,783.0,181.0,0.0025542784163473,1,2,2.0
graph_001329.json,524941272549969920,non-rumour,ottawashooting-all-rnr-threads,non-rumours,20,19,2166.0,37.0,0.0087719298245614,2,16,4.75
graph_001330.json,524941318389501953,non-rumour,ottawashooting-all-rnr-threads,non-rumours,11,10,13076.0,26.0,0.0007647598654022,6,5,1.6666666666666667
graph_001331.json,524941504796962816,true,ottawashooting-all-rnr-threads,rumours,31,28,9442.0,96.0,0.0031772929464096,8,13,1.9285714285714288
graph_001332.json,524941529928839168,true,ottawashooting-all-rnr-threads,rumours,7,6,2281.0,231.0,0.0026304252520824,1,6,6.0
graph_001333.json,524941720249978880,true,ottawashooting-all-rnr-threads,rumours,30,29,4054.0,60.0,0.0071534287123828,8,16,2.4166666666666665
graph_001334.json,524941727753568257,unverified,ottawashooting-all-rnr-threads,rumours,11,10,4720.0,31.0,0.0021186440677966,1,10,10.0
graph_001335.json,524942058042449920,false,ottawashooting-all-rnr-threads,rumours,1,0,0.0,0.0,0.0,0,0,0.0
graph_001336.json,524942149973188608,true,ottawashooting-all-rnr-threads,rumours,20,19,88284.0,185.0,0.00021521453491,4,13,2.7142857142857144
graph_001337.json,524942353355005952,true,ottawashooting-all-rnr-threads,rumours,8,7,6886.0,168.0,0.0010165553296543,2,6,3.5
graph_001338.json,524942470472548352,true,ottawashooting-all-rnr-threads,rumours,4,3,384.0,164.0,0.0078125,1,3,3.0
graph_001339.json,524942548066791424,true,ottawashooting-all-rnr-threads,rumours,5,4,6386.0,449.0,0.0006263701847792,1,4,4.0
graph_001340.json,524942687003484161,non-rumour,ottawashooting-all-rnr-threads,non-rumours,9,8,29340.0,25.0,0.0002726653033401,1,8,8.0
graph_001341.json,524942802908876801,non-rumour,ottawashooting-all-rnr-threads,non-rumours,6,5,1173.0,832.0,0.0042625745950554,4,2,1.25
graph_001342.json,524942851944493056,non-rumour,ottawashooting-all-rnr-threads,non-rumours,2,1,346.0,346.0,0.0028901734104046,1,1,1.0
graph_001343.json,524942946765131776,true,ottawashooting-all-rnr-threads,rumours,5,4,213.0,46.0,0.0187793427230046,2,3,2.0
graph_001344.json,524942952733220865,non-rumour,ottawashooting-all-rnr-threads,non-rumours,11,10,3314.0,25.0,0.0030175015087507,1,10,10.0
graph_001345.json,524943012602716160,unverified,ottawashooting-all-rnr-threads,rumours,17,16,359.0,49.0,0.0445682451253481,1,16,16.0
graph_001346.json,524943063937208320,false,ottawashooting-all-rnr-threads,rumours,2,1,332.0,332.0,0.003012048192771,1,1,1.0
graph_001347.json,524943114885427203,true,ottawashooting-all-rnr-threads,rumours,3,2,6412.0,319.0,0.0003119151590767,1,2,2.0
graph_001348.json,524943132409212928,true,ottawashooting-all-rnr-threads,rumours,19,17,8279.0,25.0,0.0021741756250754,3,13,4.25
graph_001349.json,524943226948820992,non-rumour,ottawashooting-all-rnr-threads,non-rumours,10,9,50983.0,25.0,0.000176529431379,2,7,3.0
graph_001350.json,524943490887991296,true,ottawashooting-all-rnr-threads,rumours,8,7,400.0,39.0,0.0175,1,7,7.0
graph_001351.json,524943504192311296,true,ottawashooting-all-rnr-threads,rumours,4,3,1606.0,640.0,0.0018679950186799,1,3,3.0
graph_001352.json,524943615437848576,non-rumour,ottawashooting-all-rnr-threads,non-rumours,31,30,1264.0,26.0,0.0237341772151898,6,16,2.142857142857143
graph_001353.json,524943638812299265,non-rumour,ottawashooting-all-rnr-threads,non-rumours,1,0,0.0,0.0,0.0,0,0,0.0
graph_001354.json,524943658748219392,non-rumour,ottawashooting-all-rnr-threads,non-rumours,14,11,3412.0,81.0,0.0038100820633059,2,9,5.5
graph_001355.json,524943721302089728,true,ottawashooting-all-rnr-threads,rumours,20,19,23338.0,94.0,0.0008141228897077,8,8,2.111111111111111
graph_001356.json,524943804051496961,non-rumour,ottawashooting-all-rnr-threads,non-rumours,19,18,1255.0,43.0,0.0143426294820717,1,18,18.0
graph_001357.json,524943812339437569,false,ottawashooting-all-rnr-threads,rumours,6,5,1718.0,165.0,0.0029103608847497,1,5,5.0
graph_001358.json,524943886553468929,true,ottawashooting-all-rnr-threads,rumours,17,16,9415.0,39.0,0.0016994158258098,7,10,2.2857142857142856
graph_001359.json,524943976902971392,non-rumour,ottawashooting-all-rnr-threads,non-rumours,1,0,0.0,0.0,0.0,0,0,0.0
graph_001360.json,524944006577668096,true,ottawashooting-all-rnr-threads,rumours,4,3,383.0,34.0,0.0078328981723237,1,3,3.0
graph_001361.json,524944146025312256,non-rumour,ottawashooting-all-rnr-threads,non-rumours,19,18,98421.0,114.0,0.0001828877983357,4,14,3.6
graph_001362.json,524944178586091520,non-rumour,ottawashooting-all-rnr-threads,non-rumours,3,2,593.0,104.0,0.0033726812816188,1,2,2.0
graph_001363.json,524944399890124801,true,ottawashooting-all-rnr-threads,rumours,23,22,6713.0,169.0,0.0032772232980783,9,9,1.8333333333333333
graph_001364.json,524944537618485248,non-rumour,ottawashooting-all-rnr-threads,non-rumours,11,10,7962.0,165.0,0.0012559658377292,2,9,5.0
graph_001365.json,524944544681705472,unverified,ottawashooting-all-rnr-threads,rumours,10,9,10818.0,74.0,0.0008319467554076,3,7,3.0
graph_001366.json,524944569528750080,false,ottawashooting-all-rnr-threads,rumours,18,17,5637.0,140.0,0.0030157885400035,3,13,4.25
graph_001367.json,524944571256434688,non-rumour,ottawashooting-all-rnr-threads,non-rumours,2,1,6371.0,6371.0,0.000156961230576,1,1,1.0
graph_001368.json,524944610985263104,non-rumour,ottawashooting-all-rnr-threads,non-rumours,19,18,5919.0,43.0,0.0030410542321338,3,8,4.5
graph_001369.json,524944637489086464,false,ottawashooting-all-rnr-threads,rumours,7,6,6237.0,107.0,0.0009620009620009,1,6,6.0
graph_001370.json,524944788525973505,non-rumour,ottawashooting-all-rnr-threads,non-rumours,3,2,19455.0,72.0,0.0001028013364173,1,2,2.0
graph_001371.json,524944881941495809,true,ottawashooting-all-rnr-threads,rumours,23,22,120275.0,121.0,0.0001829141550613,3,17,3.6666666666666665
graph_001372.json,524944978288852992,non-rumour,ottawashooting-all-rnr-threads,non-rumours,8,7,7130.0,70.0,0.0009817671809256,1,7,7.0
graph_001373.json,524944981753356288,non-rumour,ottawashooting-all-rnr-threads,non-rumours,12,10,16144.0,316.0,0.0006813676907829,2,8,3.3333333333333335
graph_001374.json,524945095322513408,non-rumour,ottawashooting-all-rnr-threads,non-rumours,7,6,13798.0,19.0,0.0004348456298014,3,4,2.0
graph_001375.json,524945101542678529,non-rumour,ottawashooting-all-rnr-threads,non-rumours,9,8,2463.0,1683.0,0.003248071457572,5,3,1.3333333333333333
graph_001376.json,524945170777645059,unverified,ottawashooting-all-rnr-threads,rumours,13,12,16780.0,48.0,0.000715137067938,1,12,12.0
graph_001377.json,524945197705461763,true,ottawashooting-all-rnr-threads,rumours,20,19,37664.0,228.0,0.0005044604927782,3,17,6.333333333333333
graph_001378.json,524945225253675008,non-rumour,ottawashooting-all-rnr-threads,non-rumours,10,9,2370.0,545.0,0.0037974683544303,1,9,9.0
graph_001379.json,524945585539776512,non-rumour,ottawashooting-all-rnr-threads,non-rumours,17,16,10417.0,52.0,0.0015359508495728,3,11,2.6666666666666665
graph_001380.json,524945665827545089,true,ottawashooting-all-rnr-threads,rumours,8,7,43122.0,1741.0,0.0001623301331107,1,7,7.0
graph_001381.json,524945676443340800,false,ottawashooting-all-rnr-threads,rumours,7,6,32095.0,77.0,0.0001869450070104,1,6,6.0
graph_001382.json,524945684966166528,false,ottawashooting-all-rnr-threads,rumours,11,10,116268.0,93.0,8.600818797949565e-05,1,10,10.0
graph_001383.json,524945814796644352,non-rumour,ottawashooting-all-rnr-threads,non-rumours,18,17,2889.0,107.0,0.0058843890619591,2,15,5.666666666666667
graph_001384.json,524945879455653889,true,ottawashooting-all-rnr-threads,rumours,18,17,9125.0,20.0,0.0018630136986301,3,14,4.25
graph_001385.json,524946179390701568,true,ottawashooting-all-rnr-threads,rumours,13,12,2049.0,52.0,0.0058565153733528,1,12,12.0
graph_001386.json,524946336190586880,unverified,ottawashooting-all-rnr-threads,rumours,10,9,19149.0,176.0,0.0004699984333385,3,7,3.0
graph_001387.json,524946461621235712,non-rumour,ottawashooting-all-rnr-threads,non-rumours,8,7,3758.0,133.0,0.0018626929217668,5,2,1.4
graph_001388.json,524946609453678593,true,ottawashooting-all-rnr-threads,rumours,21,20,5221.0,19.0,0.0038306837770542,5,13,2.5
graph_001389.json,524946753154727936,non-rumour,ottawashooting-all-rnr-threads,non-rumours,7,6,2338.0,26.0,0.0025662959794696,1,6,6.0
graph_001390.json,524946808271671297,non-rumour,ottawashooting-all-rnr-threads,non-rumours,4,3,469.0,37.0,0.0063965884861407,1,3,3.0
graph_001391.json,524946921547628545,true,ottawashooting-all-rnr-threads,rumours,30,29,2535.0,53.0,0.0114398422090729,7,14,1.9333333333333331
graph_001392.json,524947030616313856,non-rumour,ottawashooting-all-rnr-threads,non-rumours,57,56,296245.0,35.0,0.0001890327262907,7,15,2.24
graph_001393.json,524947036228317184,non-rumour,ottawashooting-all-rnr-threads,non-rumours,8,7,5468.0,314.0,0.0012801755669348,4,4,1.75
graph_001394.json,524947071770435585,non-rumour,ottawashooting-all-rnr-threads,non-rumours,5,4,8401.0,297.0,0.000476133793596,2,3,2.0
graph_001395.json,524947129354420225,non-rumour,ottawashooting-all-rnr-threads,non-rumours,18,17,1309.0,65.0,0.0129870129870129,9,8,1.8888888888888888
graph_001396.json,524947149134774272,true,ottawashooting-all-rnr-threads,rumours,3,2,5177.0,306.0,0.0003863241259416,1,2,2.0
graph_001397.json,524947196131966976,false,ottawashooting-all-rnr-threads,rumours,19,18,46247.0,247.0,0.0003892144355309,4,13,3.6
graph_001398.json,524947368865964033,non-rumour,ottawashooting-all-rnr-threads,non-rumours,1,0,0.0,0.0,0.0,0,0,0.0
graph_001399.json,524947414050816000,non-rumour,ottawashooting-all-rnr-threads,non-rumours,4,3,4023.0,1023.0,0.0007457121551081,2,2,1.5
graph_001400.json,524947416869388288,false,ottawashooting-all-rnr-threads,rumours,4,3,2189.0,39.0,0.0013704888076747,1,3,3.0
graph_001401.json,524947424482435073,true,ottawashooting-all-rnr-threads,rumours,19,17,6700.0,25.0,0.0026865671641791,3,14,5.666666666666667
graph_001402.json,524947475858472960,non-rumour,ottawashooting-all-rnr-threads,non-rumours,7,6,295.0,89.0,0.0203389830508474,2,5,3.0
graph_001403.json,524947502903345153,true,ottawashooting-all-rnr-threads,rumours,4,3,17094.0,2671.0,0.0001755001755001,1,3,3.0
graph_001404.json,524947604690702336,non-rumour,ottawashooting-all-rnr-threads,non-rumours,6,5,10386.0,92.0,0.0004814172925091,1,5,5.0
graph_001405.json,524947674164760577,true,ottawashooting-all-rnr-threads,rumours,21,20,4012.0,54.0,0.0049850448654037,7,11,2.0
graph_001406.json,524947716393414656,non-rumour,ottawashooting-all-rnr-threads,non-rumours,104,103,277813.0,21.0,0.000370752988521,14,13,1.9433962264150944
graph_001407.json,524947744809418752,unverified,ottawashooting-all-rnr-threads,rumours,5,4,21256.0,139.0,0.0001881821603312,1,4,4.0
graph_001408.json,524947867975561216,false,ottawashooting-all-rnr-threads,rumours,18,17,7257.0,137.0,0.0023425657985393,6,7,1.8888888888888888
graph_001409.json,524947870735429632,false,ottawashooting-all-rnr-threads,rumours,7,6,1790.0,29.0,0.0033519553072625,1,6,6.0
graph_001410.json,524947964620701696,unverified,ottawashooting-all-rnr-threads,rumours,12,8,3098.0,81.0,0.0035506778566817,3,6,2.6666666666666665
graph_001411.json,524947971679744000,false,ottawashooting-all-rnr-threads,rumours,9,8,8483.0,119.0,0.0009430625957797,3,6,2.6666666666666665
graph_001412.json,524948206023880704,true,ottawashooting-all-rnr-threads,rumours,25,24,12301.0,58.0,0.0019510608893585,6,17,3.0
graph_001413.json,524948264148160513,true,ottawashooting-all-rnr-threads,rumours,11,10,7680.0,89.0,0.0013020833333333,2,9,5.0
graph_001414.json,524948264886759424,true,ottawashooting-all-rnr-threads,rumours,9,8,7360.0,84.0,0.0010869565217391,2,7,4.0
graph_001415.json,524948268355051520,true,ottawashooting-all-rnr-threads,rumours,4,3,847.0,30.0,0.0035419126328217,1,3,3.0
graph_001416.json,524948520605069312,non-rumour,ottawashooting-all-rnr-threads,non-rumours,20,19,2769.0,42.0,0.0068616829180209,3,15,4.75
graph_001417.json,524948554344054785,false,ottawashooting-all-rnr-threads,rumours,5,4,369.0,132.0,0.010840108401084,2,3,2.0
graph_001418.json,524948618776944640,non-rumour,ottawashooting-all-rnr-threads,non-rumours,11,10,2768.0,29.0,0.0036127167630057,1,10,10.0
graph_001419.json,524948703850029056,false,ottawashooting-all-rnr-threads,rumours,4,3,487.0,76.0,0.0061601642710472,1,3,3.0
graph_001420.json,524948710812581888,non-rumour,ottawashooting-all-rnr-threads,non-rumours,20,19,81147.0,71.0,0.0002341429750945,2,15,4.75
graph_001421.json,524948790227517440,non-rumour,ottawashooting-all-rnr-threads,non-rumours,9,8,15749.0,31.0,0.0005079687599212,1,8,8.0
graph_001422.json,524948866773184512,false,ottawashooting-all-rnr-threads,rumours,4,3,27169.0,716.0,0.0001104199639294,1,3,3.0
graph_001423.json,524948941956448257,true,ottawashooting-all-rnr-threads,rumours,9,8,8812.0,353.0,0.0009078529278256,4,5,2.0
graph_001424.json,524949003834634240,non-rumour,ottawashooting-all-rnr-threads,non-rumours,2,1,580.0,580.0,0.0017241379310344,1,1,1.0
graph_001425.json,524949021744713728,false,ottawashooting-all-rnr-threads,rumours,5,4,505.0,132.0,0.0079207920792079,1,4,4.0
graph_001426.json,524949026064850944,false,ottawashooting-all-rnr-threads,rumours,8,7,80970.0,125.0,8.645177226133136e-05,4,4,1.75
graph_001427.json,524949028728221698,non-rumour,ottawashooting-all-rnr-threads,non-rumours,17,16,16023.0,41.0,0.00099856456344,8,8,1.7777777777777777
graph_001428.json,524949069945634816,true,ottawashooting-all-rnr-threads,rumours,13,12,6118.0,44.0,0.0019614253023864,2,11,6.0
graph_001429.json,524949073154301952,false,ottawashooting-all-rnr-threads,rumours,11,10,1719.0,123.0,0.0058173356602675,1,10,10.0
graph_001430.json,524949136173694976,non-rumour,ottawashooting-all-rnr-threads,non-rumours,19,18,6963.0,84.0,0.0025850926324859,5,10,2.25
graph_001431.json,524949243883425793,non-rumour,ottawashooting-all-rnr-threads,non-rumours,27,26,26039.0,71.0,0.00099850224663,5,15,2.888888888888889
graph_001432.json,524949306101743616,false,ottawashooting-all-rnr-threads,rumours,8,7,1519.0,355.0,0.0046082949308755,2,6,3.5
graph_001433.json,524949315245322241,true,ottawashooting-all-rnr-threads,rumours,1,0,0.0,0.0,0.0,0,0,0.0
graph_001434.json,524949339131904000,true,ottawashooting-all-rnr-threads,rumours,75,42,118827.0,247.0,0.0006227540878756,17,4,1.4444444444444444
graph_001435.json,524949435886096385,non-rumour,ottawashooting-all-rnr-threads,non-rumours,16,15,126740.0,120.0,0.0001183525327442,2,14,7.5
graph_001436.json,524949439367380993,false,ottawashooting-all-rnr-threads,rumours,4,3,404.0,204.0,0.0074257425742574,1,3,3.0
graph_001437.json,524949443607412737,false,ottawashooting-all-rnr-threads,rumours,5,4,1788.0,180.0,0.0022371364653243,1,4,4.0
graph_001438.json,524949526487265280,false,ottawashooting-all-rnr-threads,rumours,20,19,1087.0,94.0,0.0174793008279668,3,16,4.75
graph_001439.json,524949628689461249,unverified,ottawashooting-all-rnr-threads,rumours,10,9,12815.0,184.0,0.0007023019898556,2,7,3.0
graph_001440.json,524949733983657984,false,ottawashooting-all-rnr-threads,rumours,6,5,3496.0,147.0,0.0014302059496567,1,5,5.0
graph_001441.json,524949828711620608,unverified,ottawashooting-all-rnr-threads,rumours,13,12,2289.0,25.0,0.0052424639580602,1,12,12.0
graph_001442.json,524949837729787905,false,ottawashooting-all-rnr-threads,rumours,4,3,242.0,106.0,0.012396694214876,1,3,3.0
graph_001443.json,524949884143927296,non-rumour,ottawashooting-all-rnr-threads,non-rumours,11,10,36847.0,209.0,0.0002713925149944,1,10,10.0
graph_001444.json,524949887591653376,false,ottawashooting-all-rnr-threads,rumours,13,12,103976.0,546.0,0.0001154112487497,3,8,3.0
graph_001445.json,524949897221795840,non-rumour,ottawashooting-all-rnr-threads,non-rumours,25,24,161417.0,224.0,0.0001486832241957,6,16,3.0
graph_001446.json,524949939755810817,non-rumour,ottawashooting-all-rnr-threads,non-rumours,7,6,13328.0,273.0,0.0004501800720288,5,2,1.2
graph_001447.json,524950117192044544,non-rumour,ottawashooting-all-rnr-threads,non-rumours,4,3,301.0,69.0,0.0099667774086378,1,3,3.0
graph_001448.json,524950159160250368,non-rumour,ottawashooting-all-rnr-threads,non-rumours,21,20,579.0,39.0,0.0345423143350604,3,17,5.0
graph_001449.json,524950203476869120,non-rumour,ottawashooting-all-rnr-threads,non-rumours,2,1,11482.0,11482.0,8.709284096847239e-05,1,1,1.0
graph_001450.json,524950264303075328,false,ottawashooting-all-rnr-threads,rumours,5,3,1999.0,179.0,0.0020010005002501,1,3,3.0
graph_001451.json,524950321064607744,non-rumour,ottawashooting-all-rnr-threads,non-rumours,5,4,7734.0,918.0,0.0005171967933798,3,2,1.3333333333333333
graph_001452.json,524950339074523137,non-rumour,ottawashooting-all-rnr-threads,non-rumours,23,22,2764.0,91.0,0.0079594790159189,3,17,4.4
graph_001453.json,524950395110842369,non-rumour,ottawashooting-all-rnr-threads,non-rumours,9,8,5539.0,49.0,0.0014443040259974,3,6,2.6666666666666665
graph_001454.json,524950404283772930,true,ottawashooting-all-rnr-threads,rumours,20,17,3219.0,82.0,0.0059024541783162,4,13,3.4
graph_001455.json,524950428598153216,false,ottawashooting-all-rnr-threads,rumours,1,0,0.0,0.0,0.0,0,0,0.0
graph_001456.json,524950455743291392,non-rumour,ottawashooting-all-rnr-threads,non-rumours,20,19,1641.0,23.0,0.0115783059110298,1,19,19.0
graph_001457.json,524950507023245313,non-rumour,ottawashooting-all-rnr-threads,non-rumours,4,3,646.0,179.0,0.0046439628482972,1,3,3.0
graph_001458.json,524950584349454337,true,ottawashooting-all-rnr-threads,rumours,8,7,1427.0,221.0,0.004905395935529,1,7,7.0
graph_001459.json,524950679274942464,non-rumour,ottawashooting-all-rnr-threads,non-rumours,19,18,4491.0,20.0,0.0040080160320641,5,12,3.6
graph_001460.json,524950887119482882,false,ottawashooting-all-rnr-threads,rumours,16,13,10935.0,374.0,0.0013717421124828,2,12,6.5
graph_001461.json,524950899899113473,true,ottawashooting-all-rnr-threads,rumours,11,10,13018.0,154.0,0.0007681671531725,2,9,5.0
graph_001462.json,524951279760867328,non-rumour,ottawashooting-all-rnr-threads,non-rumours,5,4,3838.0,425.0,0.0010422094841063,1,4,4.0
graph_001463.json,524951314556796929,false,ottawashooting-all-rnr-threads,rumours,20,19,1934.0,12.0,0.0098241985522233,2,17,6.333333333333333
graph_001464.json,524951419175309312,false,ottawashooting-all-rnr-threads,rumours,8,7,1133.0,37.0,0.0061782877316857,1,7,7.0
graph_001465.json,524951439417044992,non-rumour,ottawashooting-all-rnr-threads,non-rumours,8,7,7516.0,158.0,0.0009313464608834,2,6,3.5
graph_001466.json,524951456362012672,non-rumour,ottawashooting-all-rnr-threads,non-rumours,3,2,8242.0,947.0,0.0002426595486532,1,2,2.0
graph_001467.json,524951585231994880,false,ottawashooting-all-rnr-threads,rumours,19,18,17414.0,169.0,0.0010336510853336,4,15,4.5
graph_001468.json,524951625556066304,true,ottawashooting-all-rnr-threads,rumours,16,15,9428.0,52.0,0.0015910055154857,4,9,3.0
graph_001469.json,524951696376487936,non-rumour,ottawashooting-all-rnr-threads,non-rumours,6,5,1257.0,58.0,0.0039777247414478,1,5,5.0
graph_001470.json,524951711941922818,false,ottawashooting-all-rnr-threads,rumours,17,16,2226.0,63.0,0.0071877807726864,6,10,2.2857142857142856
graph_001471.json,524951893467234304,true,ottawashooting-all-rnr-threads,rumours,7,6,1408.0,55.0,0.0042613636363636,1,6,6.0
graph_001472.json,524951948337098752,non-rumour,ottawashooting-all-rnr-threads,non-rumours,7,6,7562.0,261.0,0.0007934408886537,1,6,6.0
graph_001473.json,524952005157347328,non-rumour,ottawashooting-all-rnr-threads,non-rumours,4,3,47506.0,661.0,6.314991790510673e-05,1,3,3.0
graph_001474.json,524952094986350592,true,ottawashooting-all-rnr-threads,rumours,1,0,0.0,0.0,0.0,0,0,0.0
graph_001475.json,524952154482946048,false,ottawashooting-all-rnr-threads,rumours,2,1,231.0,231.0,0.0043290043290043,1,1,1.0
graph_001476.json,524952322703900672,non-rumour,ottawashooting-all-rnr-threads,non-rumours,19,18,415.0,20.0,0.0433734939759036,1,18,18.0
graph_001477.json,524952341561491459,true,ottawashooting-all-rnr-threads,rumours,13,12,3517.0,115.0,0.003411998862667,5,7,2.0
graph_001478.json,524952407625957376,true,ottawashooting-all-rnr-threads,rumours,1,0,0.0,0.0,0.0,0,0,0.0
graph_001479.json,524952437137092608,true,ottawashooting-all-rnr-threads,rumours,20,19,465.0,23.0,0.0408602150537634,2,18,9.5
graph_001480.json,524952808110694400,non-rumour,ottawashooting-all-rnr-threads,non-rumours,7,6,3194.0,75.0,0.0018785222291797,2,5,3.0
graph_001481.json,524952883343925249,true,ottawashooting-all-rnr-threads,rumours,22,19,19364.0,76.0,0.0010844866763065,3,13,4.75
graph_001482.json,524952995034042368,false,ottawashooting-all-rnr-threads,rumours,13,12,2773.0,25.0,0.0043274432023079,3,9,3.0
graph_001483.json,524953017389707264,unverified,ottawashooting-all-rnr-threads,rumours,36,35,15491.0,228.0,0.0022593764121102,13,9,1.9444444444444444
graph_001484.json,524953077456318464,non-rumour,ottawashooting-all-rnr-threads,non-rumours,8,7,86906.0,713.0,8.054679768945758e-05,2,6,3.5
graph_001485.json,524953110285152256,true,ottawashooting-all-rnr-threads,rumours,12,11,10010.0,68.0,0.001098901098901,4,8,2.75
graph_001486.json,524953391634866176,true,ottawashooting-all-rnr-threads,rumours,8,7,5345.0,151.0,0.0013096351730589,1,7,7.0
graph_001487.json,524953508978909185,non-rumour,ottawashooting-all-rnr-threads,non-rumours,20,19,36305.0,136.0,0.0005233438920258,1,19,19.0
graph_001488.json,524953530193301505,non-rumour,ottawashooting-all-rnr-threads,non-rumours,19,18,43986.0,76.0,0.0004092211158095,2,17,9.0
graph_001489.json,524953569762766848,non-rumour,ottawashooting-all-rnr-threads,non-rumours,42,40,4368.0,200.0,0.0093864468864468,17,8,1.6
graph_001490.json,524953604717686784,unverified,ottawashooting-all-rnr-threads,rumours,20,19,7334.0,56.0,0.0025906735751295,2,17,6.333333333333333
graph_001491.json,524953767402553345,non-rumour,ottawashooting-all-rnr-threads,non-rumours,6,5,1864.0,944.0,0.0026824034334763,1,5,5.0
graph_001492.json,524953840127574016,false,ottawashooting-all-rnr-threads,rumours,19,18,747.0,59.0,0.0240963855421686,4,11,2.25
graph_001493.json,524953918166794240,false,ottawashooting-all-rnr-threads,rumours,8,7,5643.0,119.0,0.0012404749246854,2,6,3.5
graph_001494.json,524954028287877121,false,ottawashooting-all-rnr-threads,rumours,8,7,5168.0,24.0,0.0013544891640866,1,7,7.0
graph_001495.json,524954105471840256,non-rumour,ottawashooting-all-rnr-threads,non-rumours,4,3,12147.0,160.0,0.0002469745616201,1,3,3.0
graph_001496.json,524954161054756864,non-rumour,ottawashooting-all-rnr-threads,non-rumours,12,11,35583.0,174.0,0.0003091363853525,1,11,11.0
graph_001497.json,524954241547632640,non-rumour,ottawashooting-all-rnr-threads,non-rumours,11,10,16500.0,37.0,0.0006060606060606,1,10,10.0
graph_001498.json,524954262657581057,non-rumour,ottawashooting-all-rnr-threads,non-rumours,7,6,39696.0,167.0,0.0001511487303506,2,5,3.0
graph_001499.json,524954313337364480,non-rumour,ottawashooting-all-rnr-threads,non-rumours,3,2,2536.0,659.0,0.000788643533123,1,2,2.0
graph_001500.json,524954586696933377,false,ottawashooting-all-rnr-threads,rumours,17,16,11447.0,111.0,0.0013977461343583,4,8,2.2857142857142856
graph_001501.json,524954623145431041,true,ottawashooting-all-rnr-threads,rumours,5,4,23983.0,415.0,0.0001667848059041,1,4,4.0
graph_001502.json,524954630279925760,true,ottawashooting-all-rnr-threads,rumours,15,11,12064.0,20.0,0.0011604774535809,2,9,3.6666666666666665
graph_001503.json,524954661703680000,non-rumour,ottawashooting-all-rnr-threads,non-rumours,7,4,1044.0,247.0,0.0057471264367816,1,4,4.0
graph_001504.json,524954833648771072,unverified,ottawashooting-all-rnr-threads,rumours,13,12,6875.0,17.0,0.0017454545454545,2,9,6.0
graph_001505.json,524955062486196224,false,ottawashooting-all-rnr-threads,rumours,5,4,13987.0,514.0,0.0002859798384213,1,4,4.0
graph_001506.json,524955083297931264,non-rumour,ottawashooting-all-rnr-threads,non-rumours,7,6,25672.0,197.0,0.0002337176690557,2,5,3.0
graph_001507.json,524955102554361856,non-rumour,ottawashooting-all-rnr-threads,non-rumours,16,15,13054.0,61.0,0.0011490730810479,3,8,2.142857142857143
graph_001508.json,524955159840182272,false,ottawashooting-all-rnr-threads,rumours,12,11,10644.0,57.0,0.0010334460729049,1,11,11.0
graph_001509.json,524955170200121344,non-rumour,ottawashooting-all-rnr-threads,non-rumours,4,3,4735.0,461.0,0.0006335797254487,1,3,3.0
graph_001510.json,524955243185176576,non-rumour,ottawashooting-all-rnr-threads,non-rumours,10,9,1322.0,66.0,0.0068078668683812,3,6,2.25
graph_001511.json,524955251464736768,non-rumour,ottawashooting-all-rnr-threads,non-rumours,12,11,32421.0,54.0,0.0003392862650751,4,7,2.2
graph_001512.json,524955304199352320,false,ottawashooting-all-rnr-threads,rumours,3,2,13076.0,2635.0,0.0001529519730804,1,2,2.0
graph_001513.json,524955317201666048,non-rumour,ottawashooting-all-rnr-threads,non-rumours,6,4,22600.0,123.0,0.000221238938053,1,4,4.0
graph_001514.json,524955385480753153,non-rumour,ottawashooting-all-rnr-threads,non-rumours,15,14,21826.0,20.0,0.0006414368184733,3,11,3.5
graph_001515.json,524955386697515008,non-rumour,ottawashooting-all-rnr-threads,non-rumours,35,34,7244.0,129.0,0.0046935394809497,8,14,2.0
graph_001516.json,524955388190662657,non-rumour,ottawashooting-all-rnr-threads,non-rumours,30,29,11378.0,106.0,0.0025487783441729,4,10,2.230769230769231
graph_001517.json,524955557686284288,false,ottawashooting-all-rnr-threads,rumours,4,3,457.0,27.0,0.0065645514223194,1,3,3.0
graph_001518.json,524955620538343426,true,ottawashooting-all-rnr-threads,rumours,15,9,4739.0,49.0,0.0029542097488921,3,5,2.25
graph_001519.json,524955850591334403,non-rumour,ottawashooting-all-rnr-threads,non-rumours,9,7,6941.0,75.0,0.001152571675551,1,7,7.0
graph_001520.json,524955871689052160,non-rumour,ottawashooting-all-rnr-threads,non-rumours,2,1,145.0,145.0,0.0068965517241379,1,1,1.0
graph_001521.json,524956007324082177,non-rumour,ottawashooting-all-rnr-threads,non-rumours,4,3,6413.0,37.0,0.0004677997816934,1,3,3.0
graph_001522.json,524956129017995264,false,ottawashooting-all-rnr-threads,rumours,34,33,5608.0,90.0,0.0058844507845934,13,16,1.9411764705882353
graph_001523.json,524956168754843648,non-rumour,ottawashooting-all-rnr-threads,non-rumours,7,6,4122.0,900.0,0.0014556040756914,1,6,6.0
graph_001524.json,524956294395224064,false,ottawashooting-all-rnr-threads,rumours,28,27,8750.0,131.0,0.0030857142857142,8,3,1.5
graph_001525.json,524956372199555072,false,ottawashooting-all-rnr-threads,rumours,9,8,5459.0,235.0,0.0014654698662758,5,3,1.6
graph_001526.json,524956383318650880,unverified,ottawashooting-all-rnr-threads,rumours,20,19,1987.0,91.0,0.0095621540010065,2,16,4.75
graph_001527.json,524956415589621760,non-rumour,ottawashooting-all-rnr-threads,non-rumours,2,1,288.0,288.0,0.0034722222222222,1,1,1.0
graph_001528.json,524956449836130304,non-rumour,ottawashooting-all-rnr-threads,non-rumours,3,2,3203.0,1551.0,0.0006244146113019,1,2,2.0
graph_001529.json,524956518404198400,non-rumour,ottawashooting-all-rnr-threads,non-rumours,6,5,29299.0,105.0,0.0001706542885422,2,4,2.5
graph_001530.json,524956648151191553,non-rumour,ottawashooting-all-rnr-threads,non-rumours,5,4,2575.0,158.0,0.0015533980582524,1,4,4.0
graph_001531.json,524956731638841344,non-rumour,ottawashooting-all-rnr-threads,non-rumours,10,9,14495.0,181.0,0.0006209037599172,3,7,3.0
graph_001532.json,524957105296404480,non-rumour,ottawashooting-all-rnr-threads,non-rumours,14,13,80882.0,70.0,0.0001607279740857,4,10,3.25
graph_001533.json,524957429889777665,true,ottawashooting-all-rnr-threads,rumours,15,14,57661.0,122.0,0.0002427984252787,4,9,3.5
graph_001534.json,524957517294886912,unverified,ottawashooting-all-rnr-threads,rumours,19,18,2340.0,105.0,0.0076923076923076,2,17,9.0
graph_001535.json,524957554829717504,non-rumour,ottawashooting-all-rnr-threads,non-rumours,2,1,374.0,374.0,0.0026737967914438,1,1,1.0
graph_001536.json,524957566502445056,false,ottawashooting-all-rnr-threads,rumours,9,8,1281.0,59.0,0.0062451209992193,1,8,8.0
graph_001537.json,524957647653863424,true,ottawashooting-all-rnr-threads,rumours,6,5,24757.0,65.0,0.0002019630811487,1,5,5.0
graph_001538.json,524957752138149888,unverified,ottawashooting-all-rnr-threads,rumours,38,37,2938.0,57.0,0.0125936010891763,11,8,1.681818181818182
graph_001539.json,524957773810135040,non-rumour,ottawashooting-all-rnr-threads,non-rumours,13,12,2521.0,25.0,0.0047600158667195,1,12,12.0
graph_001540.json,524957872296583168,non-rumour,ottawashooting-all-rnr-threads,non-rumours,27,26,4099.0,82.0,0.0063430104903635,5,15,2.6
graph_001541.json,524957925157384192,non-rumour,ottawashooting-all-rnr-threads,non-rumours,10,9,66992.0,196.0,0.0001343443993312,1,9,9.0
graph_001542.json,524957974226550784,non-rumour,ottawashooting-all-rnr-threads,non-rumours,6,4,3474.0,132.0,0.0014392630972941,1,4,4.0
graph_001543.json,524957978806743040,non-rumour,ottawashooting-all-rnr-threads,non-rumours,39,38,38998.0,96.0,0.0009744089440484,4,13,2.7142857142857144
graph_001544.json,524958128392376320,false,ottawashooting-all-rnr-threads,rumours,14,13,13833.0,113.0,0.0009397816814863,3,7,2.1666666666666665
graph_001545.json,524958173245870080,non-rumour,ottawashooting-all-rnr-threads,non-rumours,4,3,6942.0,690.0,0.0004321521175453,1,3,3.0
graph_001546.json,524958227768020992,unverified,ottawashooting-all-rnr-threads,rumours,7,6,8797.0,54.0,0.0006820506991019,1,6,6.0
graph_001547.json,524958238316298240,non-rumour,ottawashooting-all-rnr-threads,non-rumours,36,35,73300.0,49.0,0.0004774897680763,9,17,2.3333333333333335
graph_001548.json,524958250706681856,non-rumour,ottawashooting-all-rnr-threads,non-rumours,1,0,0.0,0.0,0.0,0,0,0.0
graph_001549.json,524958383468978176,non-rumour,ottawashooting-all-rnr-threads,non-rumours,2,1,61.0,61.0,0.0163934426229508,1,1,1.0
graph_001550.json,524958384060366849,non-rumour,ottawashooting-all-rnr-threads,non-rumours,19,18,414.0,34.0,0.0434782608695652,1,18,18.0
graph_001551.json,524958409381384192,non-rumour,ottawashooting-all-rnr-threads,non-rumours,20,19,2116.0,22.0,0.0089792060491493,1,19,19.0
graph_001552.json,524958498770395137,non-rumour,ottawashooting-all-rnr-threads,non-rumours,47,46,123936.0,67.0,0.0003711593080299,13,7,1.4838709677419355
graph_001553.json,524958516822671360,non-rumour,ottawashooting-all-rnr-threads,non-rumours,14,13,12239.0,59.0,0.0010621782825394,2,12,6.5
graph_001554.json,524958599433691136,unverified,ottawashooting-all-rnr-threads,rumours,10,9,7438.0,81.0,0.0012100026888948,4,5,2.25
graph_001555.json,524958741259886592,non-rumour,ottawashooting-all-rnr-threads,non-rumours,9,8,3974.0,246.0,0.0020130850528434,6,3,1.3333333333333333
graph_001556.json,524958743000125440,unverified,ottawashooting-all-rnr-threads,rumours,3,2,956.0,350.0,0.002092050209205,1,2,2.0
graph_001557.json,524958992330522624,non-rumour,ottawashooting-all-rnr-threads,non-rumours,12,11,2665.0,68.0,0.0041275797373358,3,9,3.6666666666666665
graph_001558.json,524959027516932096,unverified,ottawashooting-all-rnr-threads,rumours,19,16,19635.0,45.0,0.000916730328495,3,10,4.0
graph_001559.json,524959090125320193,non-rumour,ottawashooting-all-rnr-threads,non-rumours,11,10,5508.0,19.0,0.0018155410312273,6,4,1.6666666666666667
graph_001560.json,524959332656349187,false,ottawashooting-all-rnr-threads,rumours,9,8,12311.0,156.0,0.0006498253594346,3,6,2.6666666666666665
graph_001561.json,524959390332239872,non-rumour,ottawashooting-all-rnr-threads,non-rumours,10,9,44459.0,18.0,0.0002024337029622,1,9,9.0
graph_001562.json,524959630158725120,false,ottawashooting-all-rnr-threads,rumours,25,24,91602.0,6.0,0.0002620030130346,6,18,3.4285714285714284
graph_001563.json,524959715957424128,non-rumour,ottawashooting-all-rnr-threads,non-rumours,5,4,1364.0,60.0,0.002932551319648,1,4,4.0
graph_001564.json,524959778125385728,non-rumour,ottawashooting-all-rnr-threads,non-rumours,22,21,32016.0,120.0,0.0006559220389805,3,15,4.2
graph_001565.json,524959809402331137,true,ottawashooting-all-rnr-threads,rumours,20,19,6191.0,43.0,0.0030689710870618,2,18,9.5
graph_001566.json,524959836778536961,false,ottawashooting-all-rnr-threads,rumours,5,4,3206.0,56.0,0.0012476606363069,1,4,4.0
graph_001567.json,524960221694005248,non-rumour,ottawashooting-all-rnr-threads,non-rumours,3,2,1017.0,600.0,0.0019665683382497,1,2,2.0
graph_001568.json,524960245509287936,non-rumour,ottawashooting-all-rnr-threads,non-rumours,11,10,50932.0,370.0,0.0001963402183303,2,8,5.0
graph_001569.json,524960247518330881,true,ottawashooting-all-rnr-threads,rumours,16,15,24629.0,51.0,0.0006090381257866,4,11,3.75
graph_001570.json,524960277348233216,non-rumour,ottawashooting-all-rnr-threads,non-rumours,11,10,8086.0,76.0,0.0012367054167697,1,10,10.0
graph_001571.json,524960580944560128,non-rumour,ottawashooting-all-rnr-threads,non-rumours,8,7,14851.0,1008.0,0.0004713487307252,1,7,7.0
graph_001572.json,524960814944747520,non-rumour,ottawashooting-all-rnr-threads,non-rumours,20,19,86027.0,123.0,0.0002208608925104,3,15,3.8
graph_001573.json,524960851493924864,non-rumour,ottawashooting-all-rnr-threads,non-rumours,7,6,4332.0,329.0,0.0013850415512465,1,6,6.0
graph_001574.json,524961016904294400,non-rumour,ottawashooting-all-rnr-threads,non-rumours,19,18,2902.0,28.0,0.0062026188835286,3,16,6.0
graph_001575.json,524961055211286528,non-rumour,ottawashooting-all-rnr-threads,non-rumours,10,9,8199.0,107.0,0.0010976948408342,1,9,9.0
graph_001576.json,524961070465945600,non-rumour,ottawashooting-all-rnr-threads,non-rumours,8,7,20814.0,52.0,0.0003363120976265,1,7,7.0
graph_001577.json,524961362448240642,false,ottawashooting-all-rnr-threads,rumours,4,3,2781.0,110.0,0.0010787486515641,1,3,3.0
graph_001578.json,524961408740380672,true,ottawashooting-all-rnr-threads,rumours,4,3,6899.0,276.0,0.0004348456298014,1,3,3.0
graph_001579.json,524961513006964736,non-rumour,ottawashooting-all-rnr-threads,non-rumours,2,1,1181.0,1181.0,0.0008467400508044,1,1,1.0
graph_001580.json,524961561677680640,non-rumour,ottawashooting-all-rnr-threads,non-rumours,6,5,14962.0,316.0,0.0003341799224702,3,3,1.6666666666666667
graph_001581.json,524961589406216192,non-rumour,ottawashooting-all-rnr-threads,non-rumours,29,28,261916.0,124.0,0.000106904503734,10,14,2.3333333333333335
graph_001582.json,524961659685588995,false,ottawashooting-all-rnr-threads,rumours,5,4,2989.0,237.0,0.0013382402141184,1,4,4.0
graph_001583.json,524961721744900097,true,ottawashooting-all-rnr-threads,rumours,24,23,67427.0,105.0,0.0003411096445044,7,13,2.090909090909091
graph_001584.json,524961908903149568,unverified,ottawashooting-all-rnr-threads,rumours,6,3,10975.0,93.0,0.0004555808656036,1,3,3.0
graph_001585.json,524962072262881280,false,ottawashooting-all-rnr-threads,rumours,22,21,2407.0,28.0,0.0087245533859576,3,19,7.0
graph_001586.json,524962142563610625,true,ottawashooting-all-rnr-threads,rumours,6,5,3092.0,146.0,0.0016170763260025,1,5,5.0
graph_001587.json,524962199543230464,false,ottawashooting-all-rnr-threads,rumours,20,19,3401.0,98.0,0.0055865921787709,4,9,2.375
graph_001588.json,524962450786226176,non-rumour,ottawashooting-all-rnr-threads,non-rumours,34,33,102216.0,440.0,0.0003228457384362,7,6,1.736842105263158
graph_001589.json,524962748237889536,true,ottawashooting-all-rnr-threads,rumours,21,20,1805.0,204.0,0.0110803324099723,3,15,5.0
graph_001590.json,524963002768842752,non-rumour,ottawashooting-all-rnr-threads,non-rumours,11,10,71768.0,145.0,0.0001393378664585,1,10,10.0
graph_001591.json,524963322525798400,non-rumour,ottawashooting-all-rnr-threads,non-rumours,16,15,35511.0,27.0,0.0004224043254202,3,13,5.0
graph_001592.json,524963649455407105,non-rumour,ottawashooting-all-rnr-threads,non-rumours,2,1,727.0,727.0,0.0013755158184319,1,1,1.0
graph_001593.json,524963878904823808,non-rumour,ottawashooting-all-rnr-threads,non-rumours,16,15,14677.0,37.0,0.0010220072221843,1,15,15.0
graph_001594.json,524964129745174528,non-rumour,ottawashooting-all-rnr-threads,non-rumours,14,13,3810.0,56.0,0.0034120734908136,2,10,3.25
graph_001595.json,524964166936068097,non-rumour,ottawashooting-all-rnr-threads,non-rumours,1,0,0.0,0.0,0.0,0,0,0.0
graph_001596.json,524964223185850368,true,ottawashooting-all-rnr-threads,rumours,4,3,2926.0,1312.0,0.0010252904989747,1,3,3.0
graph_001597.json,524964278030172160,non-rumour,ottawashooting-all-rnr-threads,non-rumours,7,6,47713.0,89.0,0.000125751891518,1,6,6.0
graph_001598.json,524964279456653312,non-rumour,ottawashooting-all-rnr-threads,non-rumours,5,4,3089.0,141.0,0.0012949174490126,1,4,4.0
graph_001599.json,524964457936863232,non-rumour,ottawashooting-all-rnr-threads,non-rumours,15,13,13731.0,677.0,0.0010195907071589,1,13,13.0
graph_001600.json,524964564018790400,false,ottawashooting-all-rnr-threads,rumours,18,17,7486.0,40.0,0.0022709056906224,2,10,5.666666666666667
graph_001601.json,524964630221705216,non-rumour,ottawashooting-all-rnr-threads,non-rumours,14,13,28984.0,249.0,0.0004485233232128,3,11,4.333333333333333
graph_001602.json,524964929083023360,true,ottawashooting-all-rnr-threads,rumours,19,18,6548.0,1662.0,0.0027489309712889,2,17,9.0
graph_001603.json,524964948683005952,false,ottawashooting-all-rnr-threads,rumours,46,45,15401.0,137.0,0.0029218881890786,10,6,1.7307692307692308
graph_001604.json,524964989975937024,unverified,ottawashooting-all-rnr-threads,rumours,6,5,28722.0,203.0,0.0001740825847782,1,5,5.0
graph_001605.json,524965026256662528,non-rumour,ottawashooting-all-rnr-threads,non-rumours,20,19,26594.0,2765.0,0.0007144468677145,8,5,1.9
graph_001606.json,524965047647617024,non-rumour,ottawashooting-all-rnr-threads,non-rumours,4,3,24893.0,5216.0,0.0001205158076567,1,3,3.0
graph_001607.json,524965077318107137,non-rumour,ottawashooting-all-rnr-threads,non-rumours,3,2,1567.0,1248.0,0.0012763241863433,1,2,2.0
graph_001608.json,524965165759221760,true,ottawashooting-all-rnr-threads,rumours,21,19,1110.0,90.0,0.018018018018018,3,15,3.8
graph_001609.json,524965242213007360,non-rumour,ottawashooting-all-rnr-threads,non-rumours,13,12,1697.0,169.0,0.0070713022981732,6,7,2.0
graph_001610.json,524965406377664512,true,ottawashooting-all-rnr-threads,rumours,13,12,44729.0,119.0,0.0002682823224306,2,11,6.0
graph_001611.json,524965597793107968,non-rumour,ottawashooting-all-rnr-threads,non-rumours,12,9,155356.0,59.0,7.080511856638945e-05,2,7,4.5
graph_001612.json,524965701535412224,non-rumour,ottawashooting-all-rnr-threads,non-rumours,16,13,28898.0,71.0,0.0005190670634645,4,9,2.6
graph_001613.json,524965723672961024,true,ottawashooting-all-rnr-threads,rumours,20,19,3898.0,76.0,0.0048742945100051,5,15,3.8
graph_001614.json,524965775036387329,true,ottawashooting-all-rnr-threads,rumours,5,4,11803.0,1531.0,0.000338896890621,1,4,4.0
graph_001615.json,524965786059026432,true,ottawashooting-all-rnr-threads,rumours,7,6,769.0,12.0,0.0078023407022106,1,6,6.0
graph_001616.json,524966328734863360,non-rumour,ottawashooting-all-rnr-threads,non-rumours,1,0,0.0,0.0,0.0,0,0,0.0
graph_001617.json,524966392702189569,unverified,ottawashooting-all-rnr-threads,rumours,6,5,1615.0,247.0,0.0030959752321981,1,5,5.0
graph_001618.json,524966565788520448,non-rumour,ottawashooting-all-rnr-threads,non-rumours,9,8,84263.0,845.0,9.49408399890818e-05,3,6,2.6666666666666665
graph_001619.json,524966572277129216,non-rumour,ottawashooting-all-rnr-threads,non-rumours,16,13,987.0,21.0,0.0151975683890577,1,13,13.0
graph_001620.json,524966582544781313,true,ottawashooting-all-rnr-threads,rumours,17,16,3894.0,27.0,0.0041088854648176,1,16,16.0
graph_001621.json,524966596897685504,non-rumour,ottawashooting-all-rnr-threads,non-rumours,8,6,2134.0,119.0,0.0032802249297094,1,6,6.0
graph_001622.json,524966770428243968,true,ottawashooting-all-rnr-threads,rumours,5,4,429.0,88.0,0.0093240093240093,1,4,4.0
graph_001623.json,524966904885428226,true,ottawashooting-all-rnr-threads,rumours,7,6,2428.0,19.0,0.0024711696869851,2,5,3.0
graph_001624.json,524966946467749888,non-rumour,ottawashooting-all-rnr-threads,non-rumours,18,17,19366.0,106.0,0.0008778271196943,2,13,4.25
graph_001625.json,524967231902318592,non-rumour,ottawashooting-all-rnr-threads,non-rumours,2,1,985.0,985.0,0.0010152284263959,1,1,1.0
graph_001626.json,524967298604359684,true,ottawashooting-all-rnr-threads,rumours,10,9,22560.0,29.0,0.0003989361702127,1,9,9.0
graph_001627.json,524967376719466496,true,ottawashooting-all-rnr-threads,rumours,19,18,280.0,21.0,0.0642857142857142,1,18,18.0
graph_001628.json,524967510563889152,non-rumour,ottawashooting-all-rnr-threads,non-rumours,4,3,5369.0,978.0,0.0005587632706276,2,2,1.5
graph_001629.json,524967572689522688,non-rumour,ottawashooting-all-rnr-threads,non-rumours,19,18,2015.0,82.0,0.0089330024813895,2,17,9.0
graph_001630.json,524967620588896256,unverified,ottawashooting-all-rnr-threads,rumours,19,15,1607.0,170.0,0.0112009956440572,4,10,3.0
graph_001631.json,524967631171117056,non-rumour,ottawashooting-all-rnr-threads,non-rumours,3,2,2560.0,1366.0,0.00078125,2,1,1.0
graph_001632.json,524967711492014080,true,ottawashooting-all-rnr-threads,rumours,2,1,1877.0,1877.0,0.0005327650506126,1,1,1.0
graph_001633.json,524967727266398209,unverified,ottawashooting-all-rnr-threads,rumours,5,4,332.0,104.0,0.0120481927710843,1,4,4.0
graph_001634.json,524967811081195520,non-rumour,ottawashooting-all-rnr-threads,non-rumours,2,1,447.0,447.0,0.0022371364653243,1,1,1.0
graph_001635.json,524968185016360960,non-rumour,ottawashooting-all-rnr-threads,non-rumours,12,11,3668.0,373.0,0.0029989094874591,5,5,1.8333333333333333
graph_001636.json,524968205690089472,true,ottawashooting-all-rnr-threads,rumours,15,14,3937.0,95.0,0.0035560071120142,2,11,4.666666666666667
graph_001637.json,524968293577158656,non-rumour,ottawashooting-all-rnr-threads,non-rumours,9,8,1921.0,164.0,0.00416449765747,2,7,4.0
graph_001638.json,524968330172850177,non-rumour,ottawashooting-all-rnr-threads,non-rumours,5,4,14941.0,210.0,0.0002677196974767,1,4,4.0
graph_001639.json,524968337747767298,unverified,ottawashooting-all-rnr-threads,rumours,7,6,451.0,75.0,0.0133037694013303,2,4,3.0
graph_001640.json,524968466559033345,non-rumour,ottawashooting-all-rnr-threads,non-rumours,16,15,62376.0,43.0,0.0002404771065794,4,12,3.75
graph_001641.json,524968564306882560,non-rumour,ottawashooting-all-rnr-threads,non-rumours,23,22,41116.0,259.0,0.0005350715050102,4,9,1.8333333333333333
graph_001642.json,524969137660231680,true,ottawashooting-all-rnr-threads,rumours,5,4,7861.0,152.0,0.000508841114362,1,4,4.0
graph_001643.json,524969144832491520,true,ottawashooting-all-rnr-threads,rumours,18,16,2718.0,47.0,0.0062545989698307,1,16,16.0
graph_001644.json,524969201102901248,true,ottawashooting-all-rnr-threads,rumours,18,17,5101.0,278.0,0.0033326798666928,1,17,17.0
graph_001645.json,524969415318982657,non-rumour,ottawashooting-all-rnr-threads,non-rumours,3,1,13087.0,1201.0,0.0001528234125468,1,1,1.0
graph_001646.json,524969431534153728,non-rumour,ottawashooting-all-rnr-threads,non-rumours,6,5,2651.0,134.0,0.0018860807242549,2,3,1.6666666666666667
graph_001647.json,524969483317026816,true,ottawashooting-all-rnr-threads,rumours,29,28,8710.0,35.0,0.0032146957520091,4,15,2.3333333333333335
graph_001648.json,524969501704855552,true,ottawashooting-all-rnr-threads,rumours,24,17,3693.0,44.0,0.0062279989168697,4,11,2.4285714285714284
graph_001649.json,524969679790817280,unverified,ottawashooting-all-rnr-threads,rumours,10,9,6317.0,97.0,0.0014247269273389,1,9,9.0
graph_001650.json,524969878823137280,unverified,ottawashooting-all-rnr-threads,rumours,3,2,227.0,189.0,0.0088105726872246,1,2,2.0
graph_001651.json,524969963850051584,true,ottawashooting-all-rnr-threads,rumours,14,13,45998.0,39.0,0.000282620983521,1,13,13.0
graph_001652.json,524970097711267841,true,ottawashooting-all-rnr-threads,rumours,16,15,1450.0,87.0,0.0103448275862068,2,13,5.0
graph_001653.json,524970142719963136,non-rumour,ottawashooting-all-rnr-threads,non-rumours,1,0,0.0,0.0,0.0,0,0,0.0
graph_001654.json,524970444156571648,non-rumour,ottawashooting-all-rnr-threads,non-rumours,2,1,22713.0,22713.0,4.402764936380047e-05,1,1,1.0
graph_001655.json,524970488590651395,non-rumour,ottawashooting-all-rnr-threads,non-rumours,19,18,56.0,6.0,0.3214285714285714,1,18,18.0
graph_001656.json,524970731202166784,true,ottawashooting-all-rnr-threads,rumours,9,8,1405.0,32.0,0.0056939501779359,1,8,8.0
graph_001657.json,524970851675176960,unverified,ottawashooting-all-rnr-threads,rumours,10,5,74527.0,381.0,0.0001207616031773,1,5,5.0
graph_001658.json,524970966842376192,true,ottawashooting-all-rnr-threads,rumours,19,18,30861.0,40.0,0.0005832604257801,3,16,6.0
graph_001659.json,524971124845985792,true,ottawashooting-all-rnr-threads,rumours,11,9,23121.0,65.0,0.0004325072444963,2,7,3.0
graph_001660.json,524971165056782337,non-rumour,ottawashooting-all-rnr-threads,non-rumours,4,3,2899.0,95.0,0.001034839599862,1,3,3.0
graph_001661.json,524971258996588544,non-rumour,ottawashooting-all-rnr-threads,non-rumours,2,1,11057.0,11057.0,9.044044496698923e-05,1,1,1.0
graph_001662.json,524971386838978560,non-rumour,ottawashooting-all-rnr-threads,non-rumours,1,0,0.0,0.0,0.0,0,0,0.0
graph_001663.json,524971492820647936,true,ottawashooting-all-rnr-threads,rumours,25,24,2570.0,17.0,0.0093385214007782,8,16,3.0
graph_001664.json,524972166006464512,true,ottawashooting-all-rnr-threads,rumours,4,3,2808.0,571.0,0.001068376068376,1,3,3.0
graph_001665.json,524972277406773248,true,ottawashooting-all-rnr-threads,rumours,11,10,49429.0,827.0,0.000202310384592,5,4,2.0
graph_001666.json,524972443308683264,unverified,ottawashooting-all-rnr-threads,rumours,12,11,5758.0,455.0,0.0019103855505383,6,4,1.375
graph_001667.json,524973223356940288,non-rumour,ottawashooting-all-rnr-threads,non-rumours,2,1,3859.0,3859.0,0.0002591344908007,1,1,1.0
graph_001668.json,524973444946202624,non-rumour,ottawashooting-all-rnr-threads,non-rumours,22,21,8074.0,46.0,0.0026009412930393,5,13,2.625
graph_001669.json,524973811092193280,true,ottawashooting-all-rnr-threads,rumours,5,4,360.0,155.0,0.0111111111111111,1,4,4.0
graph_001670.json,524973920722878464,non-rumour,ottawashooting-all-rnr-threads,non-rumours,25,24,27455.0,56.0,0.0008741577126206,2,19,4.0
graph_001671.json,524974106308251648,true,ottawashooting-all-rnr-threads,rumours,20,19,1344.0,26.0,0.0141369047619047,2,15,4.75
graph_001672.json,524974135030874114,non-rumour,ottawashooting-all-rnr-threads,non-rumours,1,0,0.0,0.0,0.0,0,0,0.0
graph_001673.json,524974318087061504,true,ottawashooting-all-rnr-threads,rumours,19,18,961.0,93.0,0.0187304890738813,2,17,9.0
graph_001674.json,524974456851410944,false,ottawashooting-all-rnr-threads,rumours,5,4,29908.0,346.0,0.0001337434800053,2,3,2.0
graph_001675.json,524974518960652290,non-rumour,ottawashooting-all-rnr-threads,non-rumours,17,16,44271.0,3335.0,0.000361410404102,1,16,16.0
graph_001676.json,524974566830247936,non-rumour,ottawashooting-all-rnr-threads,non-rumours,2,1,900.0,900.0,0.0011111111111111,1,1,1.0
graph_001677.json,524974779540197376,true,ottawashooting-all-rnr-threads,rumours,20,17,5545.0,40.0,0.0034265103697024,3,14,4.25
graph_001678.json,524974786460778497,non-rumour,ottawashooting-all-rnr-threads,non-rumours,19,18,31192.0,113.0,0.0005770710438573,3,15,4.5
graph_001679.json,524974885362479104,true,ottawashooting-all-rnr-threads,rumours,18,17,5687.0,37.0,0.0029892737823105,2,15,8.5
graph_001680.json,524974900017373184,non-rumour,ottawashooting-all-rnr-threads,non-rumours,20,19,6705.0,37.0,0.0028337061894108,4,16,4.75
graph_001681.json,524974975623892992,true,ottawashooting-all-rnr-threads,rumours,6,5,926.0,61.0,0.0053995680345572,1,5,5.0
graph_001682.json,524975031059632128,non-rumour,ottawashooting-all-rnr-threads,non-rumours,39,38,101193.0,40.0,0.0003755200458529,9,11,1.6521739130434785
graph_001683.json,524975093966209025,true,ottawashooting-all-rnr-threads,rumours,13,12,2051.0,58.0,0.0058508044856167,2,11,6.0
graph_001684.json,524975142641086465,true,ottawashooting-all-rnr-threads,rumours,14,13,4722.0,49.0,0.0027530707327403,3,11,4.333333333333333
graph_001685.json,524975552638504960,true,ottawashooting-all-rnr-threads,rumours,11,10,24888.0,31.0,0.000401800064288,1,10,10.0
graph_001686.json,524975642379816960,true,ottawashooting-all-rnr-threads,rumours,3,2,1362.0,132.0,0.0014684287812041,1,2,2.0
graph_001687.json,524975705206304769,true,ottawashooting-all-rnr-threads,rumours,24,23,698.0,20.0,0.0329512893982808,9,14,2.3
graph_001688.json,524975847846203393,true,ottawashooting-all-rnr-threads,rumours,6,5,307.0,44.0,0.01628664495114,1,5,5.0
graph_001689.json,524976313766273025,non-rumour,ottawashooting-all-rnr-threads,non-rumours,12,11,81015.0,466.0,0.0001357773251866,2,8,2.75
graph_001690.json,524976486902951936,false,ottawashooting-all-rnr-threads,rumours,9,8,1981.0,122.0,0.0040383644623927,1,8,8.0
graph_001691.json,524976526891417600,true,ottawashooting-all-rnr-threads,rumours,21,20,685.0,89.0,0.0291970802919708,2,18,6.666666666666667
graph_001692.json,524976773671292928,true,ottawashooting-all-rnr-threads,rumours,4,3,3591.0,57.0,0.0008354218880534,2,2,1.5
graph_001693.json,524976835881205760,non-rumour,ottawashooting-all-rnr-threads,non-rumours,13,12,4943.0,23.0,0.002427675500708,3,10,4.0
graph_001694.json,524976857822011394,non-rumour,ottawashooting-all-rnr-threads,non-rumours,7,6,14763.0,121.0,0.000406421459053,2,5,3.0
graph_001695.json,524976929703997441,unverified,ottawashooting-all-rnr-threads,rumours,19,18,12603.0,86.0,0.0014282313734825,3,14,3.6
graph_001696.json,524976963862429697,true,ottawashooting-all-rnr-threads,rumours,20,19,10773.0,49.0,0.001763668430335,4,14,3.1666666666666665
graph_001697.json,524976980799000578,false,ottawashooting-all-rnr-threads,rumours,12,11,4556.0,40.0,0.0024143985952589,3,9,3.6666666666666665
graph_001698.json,524977076433321987,true,ottawashooting-all-rnr-threads,rumours,1,0,0.0,0.0,0.0,0,0,0.0
graph_001699.json,524977285133524993,true,ottawashooting-all-rnr-threads,rumours,1,0,0.0,0.0,0.0,0,0,0.0
graph_001700.json,524977321430630400,false,ottawashooting-all-rnr-threads,rumours,7,6,4627.0,64.0,0.0012967365463583,2,5,3.0
graph_001701.json,524977651476623360,true,ottawashooting-all-rnr-threads,rumours,16,15,6255.0,60.0,0.0023980815347721,1,15,15.0
graph_001702.json,524977669902172160,true,ottawashooting-all-rnr-threads,rumours,4,3,6963.0,2985.0,0.0004308487720809,2,2,1.5
graph_001703.json,524977767688200192,non-rumour,ottawashooting-all-rnr-threads,non-rumours,1,0,0.0,0.0,0.0,0,0,0.0
graph_001704.json,524977812852461568,non-rumour,ottawashooting-all-rnr-threads,non-rumours,24,22,30944.0,33.0,0.0007432781799379,4,9,1.6923076923076923
graph_001705.json,524977830124617728,non-rumour,ottawashooting-all-rnr-threads,non-rumours,13,12,1812.0,52.0,0.0066225165562913,1,12,12.0
graph_001706.json,524977992683237376,non-rumour,ottawashooting-all-rnr-threads,non-rumours,5,4,4136.0,282.0,0.0009671179883945,3,2,1.3333333333333333
graph_001707.json,524978172110987264,true,ottawashooting-all-rnr-threads,rumours,4,3,1059.0,393.0,0.0028328611898017,1,3,3.0
graph_001708.json,524978196589334529,non-rumour,ottawashooting-all-rnr-threads,non-rumours,4,3,12078.0,193.0,0.0002483854942871,1,3,3.0
graph_001709.json,524978422188376064,non-rumour,ottawashooting-all-rnr-threads,non-rumours,8,7,43771.0,92.0,0.0001599232368463,1,7,7.0
graph_001710.json,524978526974668800,true,ottawashooting-all-rnr-threads,rumours,9,8,10297.0,150.0,0.0007769253180538,2,7,4.0
graph_001711.json,524978855531253760,non-rumour,ottawashooting-all-rnr-threads,non-rumours,12,11,3282.0,80.0,0.0033516148689823,1,11,11.0
graph_001712.json,524978912145985536,non-rumour,ottawashooting-all-rnr-threads,non-rumours,8,7,5534.0,134.0,0.0012649078424286,4,4,1.75
graph_001713.json,524978999534317568,non-rumour,ottawashooting-all-rnr-threads,non-rumours,10,9,56904.0,17.0,0.0001581611134542,2,8,4.5
graph_001714.json,524979070288019456,non-rumour,ottawashooting-all-rnr-threads,non-rumours,17,16,1496.0,27.0,0.0106951871657754,3,13,5.333333333333333
graph_001715.json,524979089787330560,non-rumour,ottawashooting-all-rnr-threads,non-rumours,23,22,85153.0,1136.0,0.0002583584841403,5,7,2.0
graph_001716.json,524979133366165504,true,ottawashooting-all-rnr-threads,rumours,11,10,1975.0,27.0,0.0050632911392405,3,7,2.5
graph_001717.json,524979152944779265,non-rumour,ottawashooting-all-rnr-threads,non-rumours,1,0,0.0,0.0,0.0,0,0,0.0
graph_001718.json,524979179235069952,non-rumour,ottawashooting-all-rnr-threads,non-rumours,14,13,17880.0,99.0,0.0007270693512304,1,13,13.0
graph_001719.json,524979184297590784,non-rumour,ottawashooting-all-rnr-threads,non-rumours,2,1,1582.0,1582.0,0.0006321112515802,1,1,1.0
graph_001720.json,524979279701241856,non-rumour,ottawashooting-all-rnr-threads,non-rumours,1,0,0.0,0.0,0.0,0,0,0.0
graph_001721.json,524979548195024898,non-rumour,ottawashooting-all-rnr-threads,non-rumours,20,19,4784.0,108.0,0.0039715719063545,2,18,9.5
graph_001722.json,524979668282519552,unverified,ottawashooting-all-rnr-threads,rumours,16,15,9150.0,25.0,0.001639344262295,2,14,7.5
graph_001723.json,524979702940045313,non-rumour,ottawashooting-all-rnr-threads,non-rumours,11,10,989.0,22.0,0.0101112234580384,2,9,5.0
graph_001724.json,524979756371288064,non-rumour,ottawashooting-all-rnr-threads,non-rumours,15,14,108472.0,206.0,0.0001290655653071,3,10,2.8
graph_001725.json,524979881525137409,non-rumour,ottawashooting-all-rnr-threads,non-rumours,21,20,5369.0,168.0,0.0037250884708511,5,9,2.5
graph_001726.json,524979925343014912,non-rumour,ottawashooting-all-rnr-threads,non-rumours,16,15,10462.0,74.0,0.0014337602752819,4,6,2.5
graph_001727.json,524979946218061824,true,ottawashooting-all-rnr-threads,rumours,4,3,5868.0,96.0,0.0005112474437627,1,3,3.0
graph_001728.json,524980166289002496,non-rumour,ottawashooting-all-rnr-threads,non-rumours,20,19,2219.0,61.0,0.0085624155024785,2,17,6.333333333333333
graph_001729.json,524980219749597185,true,ottawashooting-all-rnr-threads,rumours,20,19,31560.0,110.0,0.0006020278833967,2,18,9.5
graph_001730.json,524980402495430656,non-rumour,ottawashooting-all-rnr-threads,non-rumours,11,10,206704.0,88.0,4.837835745800759e-05,1,10,10.0
graph_001731.json,524980483479076864,non-rumour,ottawashooting-all-rnr-threads,non-rumours,19,18,1348.0,48.0,0.0133531157270029,1,18,18.0
graph_001732.json,524980504324358144,true,ottawashooting-all-rnr-threads,rumours,18,17,6372.0,123.0,0.0026679221594475,6,6,1.7
graph_001733.json,524980579956449281,unverified,ottawashooting-all-rnr-threads,rumours,2,1,136.0,136.0,0.0073529411764705,1,1,1.0
graph_001734.json,524980744658382848,true,ottawashooting-all-rnr-threads,rumours,10,9,15044.0,268.0,0.0005982451475671,1,9,9.0
graph_001735.json,524980775741956097,non-rumour,ottawashooting-all-rnr-threads,non-rumours,11,10,12137.0,211.0,0.000823926835297,2,9,5.0
graph_001736.json,524981223291383809,unverified,ottawashooting-all-rnr-threads,rumours,10,9,1675.0,13.0,0.0053731343283582,1,9,9.0
graph_001737.json,524981427260366848,non-rumour,ottawashooting-all-rnr-threads,non-rumours,7,6,69140.0,101.0,8.678044547295343e-05,1,6,6.0
graph_001738.json,524981436252950528,unverified,ottawashooting-all-rnr-threads,rumours,8,7,136521.0,82.0,5.1274162949289855e-05,1,7,7.0
graph_001739.json,524981463033581568,non-rumour,ottawashooting-all-rnr-threads,non-rumours,8,7,1386.0,149.0,0.005050505050505,1,7,7.0
graph_001740.json,524981513637888000,false,ottawashooting-all-rnr-threads,rumours,15,14,198094.0,41.0,7.067351863256838e-05,3,10,2.8
graph_001741.json,524981557770350592,false,ottawashooting-all-rnr-threads,rumours,20,19,5930.0,40.0,0.0032040472175379,2,18,9.5
graph_001742.json,524981565462704129,non-rumour,ottawashooting-all-rnr-threads,non-rumours,4,3,4923.0,245.0,0.0006093845216331,1,3,3.0
graph_001743.json,524981689781870593,true,ottawashooting-all-rnr-threads,rumours,16,15,119264.0,82.0,0.0001257713979071,2,14,7.5
graph_001744.json,524981890567385088,non-rumour,ottawashooting-all-rnr-threads,non-rumours,10,9,8115.0,230.0,0.0011090573012939,2,8,4.5
graph_001745.json,524981945131102211,true,ottawashooting-all-rnr-threads,rumours,6,5,3484.0,72.0,0.0014351320321469,1,5,5.0
graph_001746.json,524982066564567040,true,ottawashooting-all-rnr-threads,rumours,28,20,3989.0,22.0,0.006768613687641,3,14,6.666666666666667
graph_001747.json,524982531075371008,true,ottawashooting-all-rnr-threads,rumours,3,2,986.0,167.0,0.0020283975659229,1,2,2.0
graph_001748.json,524982608716120065,false,ottawashooting-all-rnr-threads,rumours,2,1,19100.0,19100.0,5.2356020942408376e-05,1,1,1.0
graph_001749.json,524982699220803586,true,ottawashooting-all-rnr-threads,rumours,12,11,3531.0,67.0,0.0031152647975077,2,10,5.5
graph_001750.json,524982907052765184,non-rumour,ottawashooting-all-rnr-threads,non-rumours,22,21,2024.0,53.0,0.0103754940711462,4,16,4.2
graph_001751.json,524982954880413696,non-rumour,ottawashooting-all-rnr-threads,non-rumours,7,6,4095.0,38.0,0.0014652014652014,1,6,6.0
graph_001752.json,524983050187579393,false,ottawashooting-all-rnr-threads,rumours,12,11,5284.0,63.0,0.0020817562452687,2,10,5.5
graph_001753.json,524983146266505216,true,ottawashooting-all-rnr-threads,rumours,4,3,8086.0,1936.0,0.0003710116250309,1,3,3.0
graph_001754.json,524983236712476672,non-rumour,ottawashooting-all-rnr-threads,non-rumours,23,22,62383.0,59.0,0.0003526601798566,3,18,5.5
graph_001755.json,524983325275197440,true,ottawashooting-all-rnr-threads,rumours,4,3,1812.0,442.0,0.0016556291390728,1,3,3.0
graph_001756.json,524983366261936130,true,ottawashooting-all-rnr-threads,rumours,20,19,104029.0,19.0,0.0001826413788462,4,13,3.8
graph_001757.json,524983395026497536,non-rumour,ottawashooting-all-rnr-threads,non-rumours,19,18,11604.0,175.0,0.0015511892450879,4,13,3.6
graph_001758.json,524983403775799297,true,ottawashooting-all-rnr-threads,rumours,4,3,7571.0,100.0,0.0003962488442742,1,3,3.0
graph_001759.json,524983581983375360,false,ottawashooting-all-rnr-threads,rumours,19,18,17438.0,32.0,0.0010322284665672,3,14,3.6
graph_001760.json,524983599851130880,non-rumour,ottawashooting-all-rnr-threads,non-rumours,8,7,3167.0,100.0,0.0022102936532996,1,7,7.0
graph_001761.json,524983828000276480,non-rumour,ottawashooting-all-rnr-threads,non-rumours,7,6,149923.0,931.0,4.002054387919132e-05,2,5,3.0
graph_001762.json,524984209505812480,non-rumour,ottawashooting-all-rnr-threads,non-rumours,88,87,102621.0,26.0,0.0008477796942146,18,19,1.6415094339622642
graph_001763.json,524984505376182272,non-rumour,ottawashooting-all-rnr-threads,non-rumours,1,0,0.0,0.0,0.0,0,0,0.0
graph_001764.json,524984773211860994,true,ottawashooting-all-rnr-threads,rumours,39,38,6412.0,66.0,0.0059263880224578,7,12,2.7142857142857144
graph_001765.json,524985046198157313,non-rumour,ottawashooting-all-rnr-threads,non-rumours,6,5,10125.0,90.0,0.0004938271604938,1,5,5.0
graph_001766.json,524985092343889920,non-rumour,ottawashooting-all-rnr-threads,non-rumours,65,63,83630.0,8.0,0.000765275618797,7,15,1.6578947368421053
graph_001767.json,524985325190656000,true,ottawashooting-all-rnr-threads,rumours,8,7,17030.0,80.0,0.000411039342337,1,7,7.0
graph_001768.json,524985687704338432,false,ottawashooting-all-rnr-threads,rumours,21,20,25769.0,157.0,0.0007761263533703,2,19,10.0
graph_001769.json,524985689905967105,non-rumour,ottawashooting-all-rnr-threads,non-rumours,1,0,0.0,0.0,0.0,0,0,0.0
graph_001770.json,524986210402705408,non-rumour,ottawashooting-all-rnr-threads,non-rumours,27,26,88009.0,75.0,0.0002954243316024,10,10,1.8571428571428572
graph_001771.json,524986649315667968,non-rumour,ottawashooting-all-rnr-threads,non-rumours,19,18,597.0,26.0,0.0301507537688442,3,14,3.6
graph_001772.json,524986820850106370,non-rumour,ottawashooting-all-rnr-threads,non-rumours,2,1,6530.0,6530.0,0.0001531393568147,1,1,1.0
graph_001773.json,524987107081977856,true,ottawashooting-all-rnr-threads,rumours,15,14,32112.0,63.0,0.0004359740906826,4,11,3.5
graph_001774.json,524987150413336576,non-rumour,ottawashooting-all-rnr-threads,non-rumours,5,4,12142.0,4634.0,0.0003294350189425,1,4,4.0
graph_001775.json,524987184836005889,true,ottawashooting-all-rnr-threads,rumours,3,2,967.0,568.0,0.0020682523267838,1,2,2.0
graph_001776.json,524987263835721728,non-rumour,ottawashooting-all-rnr-threads,non-rumours,3,2,1283.0,24.0,0.0015588464536243,1,2,2.0
graph_001777.json,524987432656453632,true,ottawashooting-all-rnr-threads,rumours,29,28,7295.0,12.0,0.0038382453735435,6,11,1.8666666666666667
graph_001778.json,524987851046658048,true,ottawashooting-all-rnr-threads,rumours,28,8,71767.0,70.0,0.0003762174815723,2,7,4.0
graph_001779.json,524987990524047361,true,ottawashooting-all-rnr-threads,rumours,4,3,8989.0,20.0,0.0003337412392924,1,3,3.0
graph_001780.json,524988027425554432,non-rumour,ottawashooting-all-rnr-threads,non-rumours,2,1,15007.0,15007.0,6.663557006730193e-05,1,1,1.0
graph_001781.json,524988555178045440,non-rumour,ottawashooting-all-rnr-threads,non-rumours,2,1,19182.0,19182.0,5.2132207277656134e-05,1,1,1.0
graph_001782.json,524988712367955970,true,ottawashooting-all-rnr-threads,rumours,28,27,4233.0,44.0,0.0063784549964564,10,9,2.25
graph_001783.json,524988783213547520,non-rumour,ottawashooting-all-rnr-threads,non-rumours,27,26,49965.0,85.0,0.0005203642549784,12,6,1.625
graph_001784.json,524989654995849216,true,ottawashooting-all-rnr-threads,rumours,7,6,3576.0,51.0,0.0016778523489932,1,6,6.0
graph_001785.json,524989886483673088,non-rumour,ottawashooting-all-rnr-threads,non-rumours,6,5,916.0,80.0,0.0054585152838427,1,5,5.0
graph_001786.json,524990163446140928,false,ottawashooting-all-rnr-threads,rumours,6,5,3258.0,95.0,0.0015346838551258,1,5,5.0
graph_001787.json,524990180034609152,true,ottawashooting-all-rnr-threads,rumours,19,15,36078.0,71.0,0.0004989190088142,4,11,3.75
graph_001788.json,524990519777443840,non-rumour,ottawashooting-all-rnr-threads,non-rumours,10,9,1649.0,54.0,0.0054578532443905,1,9,9.0
graph_001789.json,524991067675189250,true,ottawashooting-all-rnr-threads,rumours,26,25,108433.0,45.0,0.0002305571182204,7,14,3.125
graph_001790.json,524991119164473344,non-rumour,ottawashooting-all-rnr-threads,non-rumours,17,16,96869.0,21.0,0.0001651715203006,1,16,16.0
graph_001791.json,524991452527722496,true,ottawashooting-all-rnr-threads,rumours,1,0,0.0,0.0,0.0,0,0,0.0
graph_001792.json,524991470416461824,non-rumour,ottawashooting-all-rnr-threads,non-rumours,6,5,180761.0,110.0,2.7660833918820983e-05,1,5,5.0
graph_001793.json,524991576163250176,false,ottawashooting-all-rnr-threads,rumours,10,9,539.0,22.0,0.0166975881261595,2,8,4.5
graph_001794.json,524991832451981312,non-rumour,ottawashooting-all-rnr-threads,non-rumours,22,21,17304.0,55.0,0.0012135922330097,2,18,5.25
graph_001795.json,524991844292521984,false,ottawashooting-all-rnr-threads,rumours,12,11,7264.0,132.0,0.0015143171806167,2,10,5.5
graph_001796.json,524992063553953792,non-rumour,ottawashooting-all-rnr-threads,non-rumours,8,7,9509.0,1517.0,0.0007361447050163,3,4,2.3333333333333335
graph_001797.json,524993009440403456,non-rumour,ottawashooting-all-rnr-threads,non-rumours,22,21,5975.0,61.0,0.0035146443514644,5,10,2.3333333333333335
graph_001798.json,524993166651318273,non-rumour,ottawashooting-all-rnr-threads,non-rumours,3,2,15466.0,10554.0,0.0001293159187896,2,1,1.0
graph_001799.json,524993172271665153,non-rumour,ottawashooting-all-rnr-threads,non-rumours,8,7,20588.0,121.0,0.0003400038857586,1,7,7.0
graph_001800.json,524993523746373633,non-rumour,ottawashooting-all-rnr-threads,non-rumours,18,17,7767.0,165.0,0.0021887472640659,5,12,3.4
graph_001801.json,524993533212897281,unverified,ottawashooting-all-rnr-threads,rumours,7,6,9115.0,61.0,0.0006582556226001,2,4,3.0
graph_001802.json,524993612279336960,non-rumour,ottawashooting-all-rnr-threads,non-rumours,23,22,743.0,57.0,0.0296096904441453,3,16,3.6666666666666665
graph_001803.json,524994218964815873,non-rumour,ottawashooting-all-rnr-threads,non-rumours,6,5,15756.0,52.0,0.0003173394262503,1,5,5.0
graph_001804.json,524994747883323392,true,ottawashooting-all-rnr-threads,rumours,4,3,7237.0,1259.0,0.0004145364101146,1,3,3.0
graph_001805.json,524994809912504321,true,ottawashooting-all-rnr-threads,rumours,1,0,0.0,0.0,0.0,0,0,0.0
graph_001806.json,524994965366382593,non-rumour,ottawashooting-all-rnr-threads,non-rumours,38,37,81547.0,66.0,0.0004537260720811,8,11,1.761904761904762
graph_001807.json,524995166953033729,non-rumour,ottawashooting-all-rnr-threads,non-rumours,9,8,10743.0,272.0,0.0007446709485246,1,8,8.0
graph_001808.json,524995375468249088,non-rumour,ottawashooting-all-rnr-threads,non-rumours,9,8,185876.0,549.0,4.3039445651940005e-05,1,8,8.0
graph_001809.json,524995620088864768,non-rumour,ottawashooting-all-rnr-threads,non-rumours,37,36,14378.0,37.0,0.0025038252886354,19,6,1.565217391304348
graph_001810.json,524995771587108864,true,ottawashooting-all-rnr-threads,rumours,7,6,72323.0,1119.0,8.29611603500961e-05,2,5,3.0
graph_001811.json,524995776578330624,non-rumour,ottawashooting-all-rnr-threads,non-rumours,19,10,77107.0,396.0,0.0002334418405592,2,7,4.0
graph_001812.json,524995812854489089,non-rumour,ottawashooting-all-rnr-threads,non-rumours,19,18,6144.0,425.0,0.0029296875,5,13,3.0
graph_001813.json,524995942995746819,non-rumour,ottawashooting-all-rnr-threads,non-rumours,6,5,31245.0,263.0,0.0001600256040966,2,4,2.5
graph_001814.json,524996383120818176,true,ottawashooting-all-rnr-threads,rumours,8,7,96799.0,78.0,7.231479664046116e-05,1,7,7.0
graph_001815.json,524996756220956672,non-rumour,ottawashooting-all-rnr-threads,non-rumours,20,19,3512.0,513.0,0.0054100227790432,2,17,6.333333333333333
graph_001816.json,524997030536830976,non-rumour,ottawashooting-all-rnr-threads,non-rumours,2,1,9178.0,9178.0,0.0001089561996077,1,1,1.0
graph_001817.json,524997921042071553,non-rumour,ottawashooting-all-rnr-threads,non-rumours,5,4,2908.0,65.0,0.0013755158184319,1,4,4.0
graph_001818.json,524998110268096513,non-rumour,ottawashooting-all-rnr-threads,non-rumours,10,9,21277.0,109.0,0.0004229919631527,2,8,4.5
graph_001819.json,524998460848611328,non-rumour,ottawashooting-all-rnr-threads,non-rumours,34,33,23715.0,32.0,0.0013915243516761,4,18,2.0625
graph_001820.json,524998881676107776,non-rumour,ottawashooting-all-rnr-threads,non-rumours,26,24,69429.0,96.0,0.0003600800818101,5,15,3.0
graph_001821.json,524998906799988736,true,ottawashooting-all-rnr-threads,rumours,4,3,1952.0,1244.0,0.0015368852459016,2,2,1.5
graph_001822.json,524999079127162880,non-rumour,ottawashooting-all-rnr-threads,non-rumours,19,18,912.0,16.0,0.0197368421052631,3,15,6.0
graph_001823.json,524999488067633152,true,ottawashooting-all-rnr-threads,rumours,2,1,948.0,948.0,0.0010548523206751,1,1,1.0
graph_001824.json,525000220371734528,non-rumour,ottawashooting-all-rnr-threads,non-rumours,10,9,22055.0,1690.0,0.0004080707322602,1,9,9.0
graph_001825.json,525000349648949250,non-rumour,ottawashooting-all-rnr-threads,non-rumours,18,17,4797.0,36.0,0.003543881592662,1,17,17.0
graph_001826.json,525001708318240768,non-rumour,ottawashooting-all-rnr-threads,non-rumours,17,16,119651.0,268.0,0.0001337222421876,5,6,2.0
graph_001827.json,525001895631654912,true,ottawashooting-all-rnr-threads,rumours,23,21,3864.0,47.0,0.0056935817805383,6,11,2.1
graph_001828.json,525002243100401664,unverified,ottawashooting-all-rnr-threads,rumours,13,12,3967.0,51.0,0.0030249558860599,3,6,2.0
graph_001829.json,525002842021445632,true,ottawashooting-all-rnr-threads,rumours,3,2,3356.0,305.0,0.000595947556615,1,2,2.0
graph_001830.json,525003253185277952,non-rumour,ottawashooting-all-rnr-threads,non-rumours,26,21,72940.0,9.0,0.0003427474636687,4,17,5.25
graph_001831.json,525003468659228672,false,ottawashooting-all-rnr-threads,rumours,26,16,27969.0,785.0,0.0008938467589116,6,8,2.2857142857142856
graph_001832.json,525005134624215041,non-rumour,ottawashooting-all-rnr-threads,non-rumours,19,17,439.0,31.0,0.041002277904328,1,17,17.0
graph_001833.json,525005137405018112,non-rumour,ottawashooting-all-rnr-threads,non-rumours,8,7,17188.0,180.0,0.0004072608796835,1,7,7.0
graph_001834.json,525005886272843776,true,ottawashooting-all-rnr-threads,rumours,15,14,14112.0,133.0,0.0009920634920634,1,14,14.0
graph_001835.json,525006356731166720,true,ottawashooting-all-rnr-threads,rumours,6,5,6833.0,190.0,0.0007317430118542,1,5,5.0
graph_001836.json,525006847095615489,non-rumour,ottawashooting-all-rnr-threads,non-rumours,7,6,18943.0,185.0,0.0003167396927624,1,6,6.0
graph_001837.json,525006853626159105,non-rumour,ottawashooting-all-rnr-threads,non-rumours,20,19,61837.0,156.0,0.0003072594077979,3,8,3.8
graph_001838.json,525007169956347904,non-rumour,ottawashooting-all-rnr-threads,non-rumours,28,26,81803.0,206.0,0.0003300612446976,8,11,1.8571428571428572
graph_001839.json,525007337724325889,non-rumour,ottawashooting-all-rnr-threads,non-rumours,21,20,13937.0,702.0,0.0014350290593384,6,6,2.5
graph_001840.json,525007664544493569,true,ottawashooting-all-rnr-threads,rumours,2,1,1066.0,1066.0,0.0009380863039399,1,1,1.0
graph_001841.json,525007810871164929,non-rumour,ottawashooting-all-rnr-threads,non-rumours,21,20,18678.0,172.0,0.0010707784559374,4,15,4.0
graph_001842.json,525008463819464704,true,ottawashooting-all-rnr-threads,rumours,10,9,70110.0,952.0,0.0001283697047496,5,5,1.8
graph_001843.json,525008469385302017,non-rumour,ottawashooting-all-rnr-threads,non-rumours,23,22,59482.0,36.0,0.0003698597895161,4,12,2.75
graph_001844.json,525008613392515073,true,ottawashooting-all-rnr-threads,rumours,3,2,12353.0,9585.0,0.0001619039909333,1,2,2.0
graph_001845.json,525009541671702528,non-rumour,ottawashooting-all-rnr-threads,non-rumours,9,8,8685.0,2300.0,0.0009211283822682,1,8,8.0
graph_001846.json,525009850104037376,true,ottawashooting-all-rnr-threads,rumours,17,16,11323.0,188.0,0.0014130530778062,1,16,16.0
graph_001847.json,525010084003213312,non-rumour,ottawashooting-all-rnr-threads,non-rumours,14,13,34783.0,134.0,0.0003737457953598,2,12,6.5
graph_001848.json,525010245811466240,true,ottawashooting-all-rnr-threads,rumours,4,3,1665.0,261.0,0.0018018018018018,1,3,3.0
graph_001849.json,525011494896148480,true,ottawashooting-all-rnr-threads,rumours,8,7,12280.0,359.0,0.0005700325732899,4,4,1.75
graph_001850.json,525011747007377408,non-rumour,ottawashooting-all-rnr-threads,non-rumours,23,22,150153.0,97.0,0.0001465172191031,5,13,2.75
graph_001851.json,525012247249428482,non-rumour,ottawashooting-all-rnr-threads,non-rumours,23,22,2157.0,99.0,0.010199350950394,7,14,2.75
graph_001852.json,525012561214058496,non-rumour,ottawashooting-all-rnr-threads,non-rumours,20,19,55348.0,83.0,0.0003432825034328,4,13,2.7142857142857144
graph_001853.json,525012689568161792,non-rumour,ottawashooting-all-rnr-threads,non-rumours,19,18,12765.0,88.0,0.0014101057579318,5,14,3.6
graph_001854.json,525012738280792065,non-rumour,ottawashooting-all-rnr-threads,non-rumours,13,12,9428.0,268.0,0.0012728044123886,2,11,6.0
graph_001855.json,525012912562536448,non-rumour,ottawashooting-all-rnr-threads,non-rumours,17,16,84700.0,20.0,0.0001889020070838,1,16,16.0
graph_001856.json,525013278343581696,true,ottawashooting-all-rnr-threads,rumours,31,30,91622.0,661.0,0.0003274322760908,5,15,2.142857142857143
graph_001857.json,525015193425031168,non-rumour,ottawashooting-all-rnr-threads,non-rumours,14,13,36459.0,101.0,0.0003565649085273,4,7,2.6
graph_001858.json,525015836226895875,non-rumour,ottawashooting-all-rnr-threads,non-rumours,4,3,64141.0,925.0,4.677195553546094e-05,1,3,3.0
graph_001859.json,525016728091500545,non-rumour,ottawashooting-all-rnr-threads,non-rumours,5,4,4084.0,157.0,0.0009794319294809,1,4,4.0
graph_001860.json,525016983646244865,non-rumour,ottawashooting-all-rnr-threads,non-rumours,10,9,9455.0,91.0,0.0009518773135906,1,9,9.0
graph_001861.json,525017500061536258,true,ottawashooting-all-rnr-threads,rumours,46,45,117505.0,101.0,0.0003829624271307,6,18,2.6470588235294117
graph_001862.json,525018288330272768,non-rumour,ottawashooting-all-rnr-threads,non-rumours,8,7,1600.0,53.0,0.004375,2,6,3.5
graph_001863.json,525018717038854144,non-rumour,ottawashooting-all-rnr-threads,non-rumours,33,32,124639.0,50.0,0.0002567414693635,3,18,3.5555555555555554
graph_001864.json,525018799347875841,true,ottawashooting-all-rnr-threads,rumours,8,7,18197.0,1645.0,0.0003846787932076,1,7,7.0
graph_001865.json,525019265888702464,non-rumour,ottawashooting-all-rnr-threads,non-rumours,31,27,8781.0,79.0,0.0034164673727365,6,14,2.25
graph_001866.json,525019469983531008,non-rumour,ottawashooting-all-rnr-threads,non-rumours,40,39,268179.0,33.0,0.0001454252570111,7,12,2.7857142857142856
graph_001867.json,525019752507658240,true,ottawashooting-all-rnr-threads,rumours,35,34,154438.0,145.0,0.0002201530711353,6,13,2.0
graph_001868.json,525019992337551360,non-rumour,ottawashooting-all-rnr-threads,non-rumours,29,28,81047.0,60.0,0.0003454785494836,6,16,2.5454545454545454
graph_001869.json,525020326816927744,true,ottawashooting-all-rnr-threads,rumours,25,24,11994.0,23.0,0.0020010005002501,4,19,4.8
graph_001870.json,525020620636307456,true,ottawashooting-all-rnr-threads,rumours,10,9,10633.0,809.0,0.0008464215179159,1,9,9.0
graph_001871.json,525020733622464512,non-rumour,ottawashooting-all-rnr-threads,non-rumours,13,12,21841.0,95.0,0.0005494253926102,1,12,12.0
graph_001872.json,525020980037816320,non-rumour,ottawashooting-all-rnr-threads,non-rumours,19,18,1583.0,44.0,0.0113708149084017,3,14,3.6
graph_001873.json,525021050627973120,non-rumour,ottawashooting-all-rnr-threads,non-rumours,20,19,1425.0,18.0,0.0133333333333333,1,19,19.0
graph_001874.json,525021083892994049,true,ottawashooting-all-rnr-threads,rumours,7,6,21893.0,1436.0,0.000274060201891,1,6,6.0
graph_001875.json,525021103559696384,non-rumour,ottawashooting-all-rnr-threads,non-rumours,67,66,159554.0,31.0,0.0004136530578988,12,7,1.5714285714285714
graph_001876.json,525021132022628353,true,ottawashooting-all-rnr-threads,rumours,4,3,9335.0,470.0,0.0003213711837171,1,3,3.0
graph_001877.json,525021358879936512,true,ottawashooting-all-rnr-threads,rumours,16,15,13807.0,737.0,0.0010864054465126,2,14,7.5
graph_001878.json,525021697003782145,true,ottawashooting-all-rnr-threads,rumours,9,8,31074.0,354.0,0.0002574499581643,1,8,8.0
graph_001879.json,525022663102963712,true,ottawashooting-all-rnr-threads,rumours,7,6,2111.0,50.0,0.0028422548555187,1,6,6.0
graph_001880.json,525022700923019264,true,ottawashooting-all-rnr-threads,rumours,23,22,96802.0,79.0,0.0002272680316522,4,18,4.4
graph_001881.json,525022821534429185,non-rumour,ottawashooting-all-rnr-threads,non-rumours,23,22,11068.0,34.0,0.0019877123238164,3,16,7.333333333333333
graph_001882.json,525023025792835585,true,ottawashooting-all-rnr-threads,rumours,12,10,6263.0,84.0,0.0017563467986587,1,10,10.0
graph_001883.json,525023057526947840,true,ottawashooting-all-rnr-threads,rumours,4,3,1161.0,125.0,0.0025839793281653,1,3,3.0
graph_001884.json,525023610243928064,true,ottawashooting-all-rnr-threads,rumours,21,20,199976.0,51.0,0.0001000120014401,5,14,2.857142857142857
graph_001885.json,525023642007371776,true,ottawashooting-all-rnr-threads,rumours,20,19,1299.0,181.0,0.014626635873749,1,19,19.0
graph_001886.json,525023858831523841,true,ottawashooting-all-rnr-threads,rumours,17,16,75920.0,141.0,0.0002107481559536,4,11,2.6666666666666665
graph_001887.json,525023912221212672,true,ottawashooting-all-rnr-threads,rumours,17,16,3754.0,51.0,0.0042621204049014,3,11,3.2
graph_001888.json,525024066152169473,true,ottawashooting-all-rnr-threads,rumours,18,17,526.0,80.0,0.0323193916349809,1,17,17.0
graph_001889.json,525024181218725888,true,ottawashooting-all-rnr-threads,rumours,19,18,3628.0,162.0,0.0049614112458654,9,8,1.6363636363636365
graph_001890.json,525024518713397249,true,ottawashooting-all-rnr-threads,rumours,20,19,8057.0,334.0,0.0023581978403872,1,19,19.0
graph_001891.json,525025114111635456,non-rumour,ottawashooting-all-rnr-threads,non-rumours,47,45,227211.0,3497.0,0.0002024549867744,9,10,2.0454545454545454
graph_001892.json,525025279803424768,true,ottawashooting-all-rnr-threads,rumours,9,8,2683.0,296.0,0.0029817368617219,1,8,8.0
graph_001893.json,525025329916948481,true,ottawashooting-all-rnr-threads,rumours,8,7,407.0,86.0,0.0171990171990172,1,7,7.0
graph_001894.json,525025463648137216,true,ottawashooting-all-rnr-threads,rumours,11,10,2903.0,62.0,0.0034447123665173,1,10,10.0
graph_001895.json,525025552634494976,true,ottawashooting-all-rnr-threads,rumours,10,9,9953.0,47.0,0.0009042499748819,1,9,9.0
graph_001896.json,525025695425380352,true,ottawashooting-all-rnr-threads,rumours,5,4,34551.0,329.0,0.0001157708894098,1,4,4.0
graph_001897.json,525025806079504385,true,ottawashooting-all-rnr-threads,rumours,26,25,67614.0,92.0,0.0003697459106102,7,15,2.5
graph_001898.json,525026031833718785,non-rumour,ottawashooting-all-rnr-threads,non-rumours,6,5,6039.0,34.0,0.0008279516476237,1,5,5.0
graph_001899.json,525026066944262144,non-rumour,ottawashooting-all-rnr-threads,non-rumours,6,5,21227.0,662.0,0.0002355490648702,1,5,5.0
graph_001900.json,525026219100995584,true,ottawashooting-all-rnr-threads,rumours,25,24,13854.0,841.0,0.0017323516673884,4,15,2.6666666666666665
graph_001901.json,525026592788348929,true,ottawashooting-all-rnr-threads,rumours,17,16,6519.0,164.0,0.0024543641662831,8,6,2.0
graph_001902.json,525026715123601408,true,ottawashooting-all-rnr-threads,rumours,12,11,4695.0,48.0,0.00234291799787,1,11,11.0
graph_001903.json,525026947307700225,true,ottawashooting-all-rnr-threads,rumours,9,8,66967.0,202.0,0.0001194618244807,4,5,2.0
graph_001904.json,525026973459165184,non-rumour,ottawashooting-all-rnr-threads,non-rumours,19,18,13597.0,16.0,0.001323821431198,2,15,6.0
graph_001905.json,525027116287811584,true,ottawashooting-all-rnr-threads,rumours,2,1,299.0,299.0,0.0033444816053511,1,1,1.0
graph_001906.json,525027317551079424,true,ottawashooting-all-rnr-threads,rumours,12,11,32097.0,172.0,0.0003427111568059,3,7,2.2
graph_001907.json,525027539845410816,true,ottawashooting-all-rnr-threads,rumours,21,12,12603.0,79.0,0.0015869237483138,2,11,6.0
graph_001908.json,525027651908800512,true,ottawashooting-all-rnr-threads,rumours,33,32,36701.0,410.0,0.0008719108471158,11,6,1.6
graph_001909.json,525027873867198465,true,ottawashooting-all-rnr-threads,rumours,7,6,105981.0,6334.0,5.6613921363263226e-05,1,6,6.0
graph_001910.json,525027958835408896,non-rumour,ottawashooting-all-rnr-threads,non-rumours,4,3,10832.0,718.0,0.0002769571639586,1,3,3.0
graph_001911.json,525028171549523971,true,ottawashooting-all-rnr-threads,rumours,40,39,29395.0,76.0,0.0013267562510631,12,9,1.8571428571428572
graph_001912.json,525028522361114625,true,ottawashooting-all-rnr-threads,rumours,19,18,17534.0,250.0,0.0010265769362381,3,13,3.0
graph_001913.json,525028734991343617,true,ottawashooting-all-rnr-threads,rumours,6,5,1848.0,341.0,0.0027056277056277,2,4,2.5
graph_001914.json,525028955049320448,non-rumour,ottawashooting-all-rnr-threads,non-rumours,21,20,2700.0,28.0,0.0074074074074074,3,16,4.0
graph_001915.json,525029016001318913,true,ottawashooting-all-rnr-threads,rumours,56,55,6789.0,97.0,0.008101340403594,14,4,1.4473684210526316
graph_001916.json,525029232691650561,true,ottawashooting-all-rnr-threads,rumours,6,5,1852.0,85.0,0.0026997840172786,1,5,5.0
graph_001917.json,525029433632366592,true,ottawashooting-all-rnr-threads,rumours,3,2,10398.0,1291.0,0.0001923446816695,1,2,2.0
graph_001918.json,525029913230053377,true,ottawashooting-all-rnr-threads,rumours,9,8,22811.0,168.0,0.0003507079917583,1,8,8.0
graph_001919.json,525029954908860417,true,ottawashooting-all-rnr-threads,rumours,20,19,18332.0,272.0,0.0010364390137464,2,17,6.333333333333333
graph_001920.json,525030117014507523,true,ottawashooting-all-rnr-threads,rumours,20,19,5783.0,68.0,0.0032854919591907,2,18,9.5
graph_001921.json,525030165190303744,non-rumour,ottawashooting-all-rnr-threads,non-rumours,5,4,29607.0,1299.0,0.0001351031850575,1,4,4.0
graph_001922.json,525030331775463424,non-rumour,ottawashooting-all-rnr-threads,non-rumours,6,5,1557.0,83.0,0.0032113037893384,1,5,5.0
graph_001923.json,525030416261337089,true,ottawashooting-all-rnr-threads,rumours,3,2,3878.0,1170.0,0.000515729757607,1,2,2.0
graph_001924.json,525030696738652160,true,ottawashooting-all-rnr-threads,rumours,19,18,85511.0,35.0,0.0002104992340166,2,17,9.0
graph_001925.json,525030963781595136,true,ottawashooting-all-rnr-threads,rumours,15,14,18151.0,237.0,0.0007713073659853,1,14,14.0
graph_001926.json,525031558949134336,true,ottawashooting-all-rnr-threads,rumours,35,34,9442.0,41.0,0.0036009320059309,7,9,1.8888888888888888
graph_001927.json,525031610136014848,non-rumour,ottawashooting-all-rnr-threads,non-rumours,20,19,2897.0,362.0,0.0065585088022091,3,11,2.111111111111111
graph_001928.json,525031823504850944,non-rumour,ottawashooting-all-rnr-threads,non-rumours,12,11,25129.0,13.0,0.0004377412551235,1,11,11.0
graph_001929.json,525032458417610752,non-rumour,ottawashooting-all-rnr-threads,non-rumours,7,6,1974.0,38.0,0.0030395136778115,1,6,6.0
graph_001930.json,525032520124207104,true,ottawashooting-all-rnr-threads,rumours,14,11,1678.0,83.0,0.0077473182359952,4,5,2.2
graph_001931.json,525032872647065600,unverified,ottawashooting-all-rnr-threads,rumours,16,15,7133.0,152.0,0.0021029020047665,3,10,2.5
graph_001932.json,525033278555033601,true,ottawashooting-all-rnr-threads,rumours,28,27,4750.0,34.0,0.0056842105263157,7,12,2.25
graph_001933.json,525033357722550272,true,ottawashooting-all-rnr-threads,rumours,8,7,7581.0,51.0,0.0009233610341643,1,7,7.0
graph_001934.json,525033443076628480,non-rumour,ottawashooting-all-rnr-threads,non-rumours,11,10,7488.0,457.0,0.00133547008547,4,5,1.6666666666666667
graph_001935.json,525033625788907520,unverified,ottawashooting-all-rnr-threads,rumours,13,12,114878.0,81.0,0.0001044586430822,2,10,4.0
graph_001936.json,525033697045925888,non-rumour,ottawashooting-all-rnr-threads,non-rumours,5,4,5801.0,1453.0,0.000689536286847,1,4,4.0
graph_001937.json,525033778637721600,true,ottawashooting-all-rnr-threads,rumours,108,29,8002.0,69.0,0.0133716570857285,6,7,2.0714285714285716
graph_001938.json,525034332474601472,non-rumour,ottawashooting-all-rnr-threads,non-rumours,8,5,9849.0,103.0,0.0007107320540156,1,5,5.0
graph_001939.json,525034457086959616,non-rumour,ottawashooting-all-rnr-threads,non-rumours,9,8,16945.0,265.0,0.0004721156683387,1,8,8.0
graph_001940.json,525034687245582337,true,ottawashooting-all-rnr-threads,rumours,12,11,197158.0,984.0,5.5792815914139925e-05,3,6,2.75
graph_001941.json,525035552643751936,true,ottawashooting-all-rnr-threads,rumours,4,3,271.0,101.0,0.011070110701107,1,3,3.0
graph_001942.json,525035564014526464,unverified,ottawashooting-all-rnr-threads,rumours,19,17,7329.0,92.0,0.0024559967253376,4,12,3.4
graph_001943.json,525035832336736257,non-rumour,ottawashooting-all-rnr-threads,non-rumours,12,11,10354.0,283.0,0.0010623913463395,2,10,5.5
graph_001944.json,525036180379676673,non-rumour,ottawashooting-all-rnr-threads,non-rumours,23,22,22124.0,113.0,0.0009943952269029,3,13,4.4
graph_001945.json,525036214286815232,true,ottawashooting-all-rnr-threads,rumours,22,21,3210.0,74.0,0.0065420560747663,3,15,4.2
graph_001946.json,525036240848945152,true,ottawashooting-all-rnr-threads,rumours,17,16,20130.0,347.0,0.0007948335817188,1,16,16.0
graph_001947.json,525036393983381504,true,ottawashooting-all-rnr-threads,rumours,23,22,5889.0,88.0,0.0037357785702156,5,15,3.6666666666666665
graph_001948.json,525036457732231169,true,ottawashooting-all-rnr-threads,rumours,8,7,93817.0,870.0,7.461334299753776e-05,1,7,7.0
graph_001949.json,525037540508594176,non-rumour,ottawashooting-all-rnr-threads,non-rumours,2,1,336.0,336.0,0.0029761904761904,1,1,1.0
graph_001950.json,525037656820826112,true,ottawashooting-all-rnr-threads,rumours,19,18,50476.0,582.0,0.0003566051192646,3,14,3.6
graph_001951.json,525038096086499328,true,ottawashooting-all-rnr-threads,rumours,16,15,8007.0,807.0,0.0018733608092918,4,12,3.75
graph_001952.json,525038296921960449,non-rumour,ottawashooting-all-rnr-threads,non-rumours,14,13,18151.0,434.0,0.0007162139827006,3,10,3.25
graph_001953.json,525038517844709376,true,ottawashooting-all-rnr-threads,rumours,6,5,3345.0,573.0,0.0014947683109118,1,5,5.0
graph_001954.json,525039002307424256,true,ottawashooting-all-rnr-threads,rumours,20,19,3243.0,89.0,0.0058587727412889,2,14,3.1666666666666665
graph_001955.json,525039208139087872,true,ottawashooting-all-rnr-threads,rumours,1,0,0.0,0.0,0.0,0,0,0.0
graph_001956.json,525039242771464193,true,ottawashooting-all-rnr-threads,rumours,17,16,3861.0,68.0,0.0041440041440041,2,15,8.0
graph_001957.json,525039686931075072,true,ottawashooting-all-rnr-threads,rumours,9,8,3816.0,72.0,0.0020964360587002,1,8,8.0
graph_001958.json,525039876366798849,true,ottawashooting-all-rnr-threads,rumours,8,7,30283.0,554.0,0.0002311527919955,1,7,7.0
graph_001959.json,525040097272819712,unverified,ottawashooting-all-rnr-threads,rumours,36,35,13227.0,33.0,0.0026461026687835,10,14,1.75
graph_001960.json,525040252948189186,non-rumour,ottawashooting-all-rnr-threads,non-rumours,30,29,9655.0,191.0,0.0030036250647332,8,11,1.9333333333333331
graph_001961.json,525040408653754368,true,ottawashooting-all-rnr-threads,rumours,12,11,102447.0,60.0,0.0001073725926576,3,9,3.6666666666666665
graph_001962.json,525040492388823041,non-rumour,ottawashooting-all-rnr-threads,non-rumours,18,17,61280.0,162.0,0.0002774151436031,3,11,2.8333333333333335
graph_001963.json,525040509937795072,true,ottawashooting-all-rnr-threads,rumours,1,0,0.0,0.0,0.0,0,0,0.0
graph_001964.json,525040545870385153,true,ottawashooting-all-rnr-threads,rumours,17,16,4527.0,69.0,0.0035343494588027,2,14,5.333333333333333
graph_001965.json,525040767317082113,true,ottawashooting-all-rnr-threads,rumours,6,5,5130.0,71.0,0.0009746588693957,1,5,5.0
graph_001966.json,525041091507388416,true,ottawashooting-all-rnr-threads,rumours,19,18,4753.0,48.0,0.0037870818430464,3,16,6.0
graph_001967.json,525041399344168961,non-rumour,ottawashooting-all-rnr-threads,non-rumours,21,20,68462.0,103.0,0.0002921328620256,5,11,2.0
graph_001968.json,525041601890881536,non-rumour,ottawashooting-all-rnr-threads,non-rumours,25,24,79369.0,426.0,0.0003023850621779,5,9,2.4
graph_001969.json,525042177643016192,true,ottawashooting-all-rnr-threads,rumours,23,22,3156.0,275.0,0.0069708491761723,7,8,2.4444444444444446
graph_001970.json,525044004287971329,true,ottawashooting-all-rnr-threads,rumours,13,12,33474.0,224.0,0.0003584871840831,2,11,6.0
graph_001971.json,525044166519451648,non-rumour,ottawashooting-all-rnr-threads,non-rumours,30,29,4224.0,3242.0,0.0068655303030303,6,11,3.2222222222222223
graph_001972.json,525044262648676353,true,ottawashooting-all-rnr-threads,rumours,13,12,8891.0,755.0,0.0013496794511303,1,12,12.0
graph_001973.json,525044678765187072,non-rumour,ottawashooting-all-rnr-threads,non-rumours,13,12,179759.0,21.0,6.675604559437914e-05,1,12,12.0
graph_001974.json,525044725926330368,non-rumour,ottawashooting-all-rnr-threads,non-rumours,28,27,9789.0,274.0,0.0027581979773214,4,17,3.375
graph_001975.json,525045145079533568,true,ottawashooting-all-rnr-threads,rumours,18,17,1406.0,59.0,0.0120910384068278,1,17,17.0
graph_001976.json,525045203648790528,non-rumour,ottawashooting-all-rnr-threads,non-rumours,21,20,55837.0,77.0,0.0003581854325984,6,12,2.5
graph_001977.json,525045709402148864,non-rumour,ottawashooting-all-rnr-threads,non-rumours,29,28,5706.0,128.0,0.0049071153172099,5,10,2.0
graph_001978.json,525046232209956865,non-rumour,ottawashooting-all-rnr-threads,non-rumours,25,24,64033.0,69.0,0.0003748067402745,3,15,8.0
graph_001979.json,525046432085327872,true,ottawashooting-all-rnr-threads,rumours,2,1,2727.0,2727.0,0.0003667033370003,1,1,1.0
graph_001980.json,525046443103354880,true,ottawashooting-all-rnr-threads,rumours,57,56,221491.0,55.0,0.0002528319435101,9,9,2.24
graph_001981.json,525046462460477440,true,ottawashooting-all-rnr-threads,rumours,23,22,63667.0,8023.0,0.0003455479290684,3,16,3.6666666666666665
graph_001982.json,525047079325155329,non-rumour,ottawashooting-all-rnr-threads,non-rumours,7,6,6348.0,942.0,0.0009451795841209,3,4,2.0
graph_001983.json,525047104239333377,non-rumour,ottawashooting-all-rnr-threads,non-rumours,9,8,90111.0,535.0,8.877939430258238e-05,3,4,1.6
graph_001984.json,525047349757100034,true,ottawashooting-all-rnr-threads,rumours,11,10,8615.0,145.0,0.0011607661056297,1,10,10.0
graph_001985.json,525047767325220865,true,ottawashooting-all-rnr-threads,rumours,6,5,4348.0,370.0,0.0011499540018399,2,4,2.5
graph_001986.json,525048410831736832,non-rumour,ottawashooting-all-rnr-threads,non-rumours,8,7,52563.0,46.0,0.0001331735251032,1,7,7.0
graph_001987.json,525048557569454080,true,ottawashooting-all-rnr-threads,rumours,7,6,73316.0,2638.0,8.183752523323694e-05,1,6,6.0
graph_001988.json,525048987649576960,true,ottawashooting-all-rnr-threads,rumours,12,11,96890.0,4290.0,0.0001135308081329,2,8,2.75
graph_001989.json,525049044201377793,non-rumour,ottawashooting-all-rnr-threads,non-rumours,19,18,1733.0,87.0,0.0103866128101558,4,12,3.0
graph_001990.json,525049481679892481,non-rumour,ottawashooting-all-rnr-threads,non-rumours,4,3,60956.0,22911.0,4.9215827810223766e-05,3,1,1.0
graph_001991.json,525049639016615937,true,ottawashooting-all-rnr-threads,rumours,7,6,7485.0,610.0,0.0008016032064128,1,6,6.0
graph_001992.json,525049831312875521,true,ottawashooting-all-rnr-threads,rumours,49,48,195019.0,63.0,0.0002461298642696,9,15,1.8461538461538465
graph_001993.json,525050193360613376,non-rumour,ottawashooting-all-rnr-threads,non-rumours,60,58,57170.0,85.0,0.0010320097953472,10,17,2.230769230769231
graph_001994.json,525050632211021825,non-rumour,ottawashooting-all-rnr-threads,non-rumours,19,17,1023.0,158.0,0.0175953079178885,1,17,17.0
graph_001995.json,525051210349289472,unverified,ottawashooting-all-rnr-threads,rumours,88,87,173423.0,64.0,0.0005016635625032,16,12,1.74
graph_001996.json,525051365195014144,unverified,ottawashooting-all-rnr-threads,rumours,5,4,1240.0,24.0,0.0032258064516129,1,4,4.0
graph_001997.json,525052223030845440,true,ottawashooting-all-rnr-threads,rumours,28,27,59358.0,35.0,0.0004548670777317,6,16,2.7
graph_001998.json,525052332116312064,unverified,ottawashooting-all-rnr-threads,rumours,7,6,116596.0,56.0,5.1459741329033584e-05,1,6,6.0
graph_001999.json,525052526593601537,non-rumour,ottawashooting-all-rnr-threads,non-rumours,11,10,15903.0,71.0,0.0006288121738036,1,10,10.0
graph_002000.json,525052976562712576,non-rumour,ottawashooting-all-rnr-threads,non-rumours,21,20,10003.0,45.0,0.001999400179946,3,16,4.0
graph_002001.json,525053517531062272,non-rumour,ottawashooting-all-rnr-threads,non-rumours,8,7,14342.0,49.0,0.0004880769767117,3,5,2.3333333333333335
graph_002002.json,525055052801515521,true,ottawashooting-all-rnr-threads,rumours,10,9,32327.0,1583.0,0.0002784050484115,3,7,3.0
graph_002003.json,525055273816555520,non-rumour,ottawashooting-all-rnr-threads,non-rumours,1,0,0.0,0.0,0.0,0,0,0.0
graph_002004.json,525055879545380864,true,ottawashooting-all-rnr-threads,rumours,3,2,1719.0,933.0,0.0011634671320535,1,2,2.0
graph_002005.json,525055967076290560,non-rumour,ottawashooting-all-rnr-threads,non-rumours,13,12,11270.0,345.0,0.0010647737355811,1,12,12.0
graph_002006.json,525056022046851074,non-rumour,ottawashooting-all-rnr-threads,non-rumours,5,4,6708.0,2772.0,0.0005963029218843,2,2,2.0
graph_002007.json,525056576038518785,true,ottawashooting-all-rnr-threads,rumours,24,23,52908.0,120.0,0.0004347168670144,3,19,4.6
graph_002008.json,525057025785356288,true,ottawashooting-all-rnr-threads,rumours,24,23,4879.0,45.0,0.0047140807542529,4,13,2.5555555555555554
graph_002009.json,525057374965739520,true,ottawashooting-all-rnr-threads,rumours,12,11,4889.0,176.0,0.0022499488647985,2,7,2.2
graph_002010.json,525057606151602176,true,ottawashooting-all-rnr-threads,rumours,4,3,548.0,372.0,0.0054744525547445,1,3,3.0
graph_002011.json,525058578365698048,non-rumour,ottawashooting-all-rnr-threads,non-rumours,10,9,2729.0,75.0,0.0032979113228288,2,8,4.5
graph_002012.json,525058633730891776,true,ottawashooting-all-rnr-threads,rumours,13,12,3794.0,92.0,0.0031628887717448,2,9,3.0
graph_002013.json,525058825909731328,unverified,ottawashooting-all-rnr-threads,rumours,17,16,24921.0,130.0,0.0006420288110428,3,9,2.2857142857142856
graph_002014.json,525058976376193024,true,ottawashooting-all-rnr-threads,rumours,5,4,12999.0,1440.0,0.0003077159781521,1,4,4.0
graph_002015.json,525059193074487296,non-rumour,ottawashooting-all-rnr-threads,non-rumours,23,22,4604.0,55.0,0.0047784535186794,4,15,4.4
graph_002016.json,525059348574130176,unverified,ottawashooting-all-rnr-threads,rumours,15,14,41225.0,71.0,0.0003395997574287,1,14,14.0
graph_002017.json,525059810312847360,non-rumour,ottawashooting-all-rnr-threads,non-rumours,22,21,8899.0,150.0,0.0023598157096302,4,15,3.0
graph_002018.json,525060022569422849,non-rumour,ottawashooting-all-rnr-threads,non-rumours,21,20,1771.0,60.0,0.0112930547713156,2,17,6.666666666666667
graph_002019.json,525060425184858112,true,ottawashooting-all-rnr-threads,rumours,22,21,5513.0,24.0,0.0038091783058226,2,18,7.0
graph_002020.json,525061246702587904,non-rumour,ottawashooting-all-rnr-threads,non-rumours,5,4,678.0,241.0,0.0058997050147492,3,2,1.3333333333333333
graph_002021.json,525061787860103169,true,ottawashooting-all-rnr-threads,rumours,7,6,141179.0,811.0,4.2499238555309215e-05,1,6,6.0
graph_002022.json,525062013551001600,true,ottawashooting-all-rnr-threads,rumours,21,20,1713.0,61.0,0.0116754232340922,6,10,2.5
graph_002023.json,525062993898635264,true,ottawashooting-all-rnr-threads,rumours,17,16,104537.0,930.0,0.0001530558558213,3,13,4.0
graph_002024.json,525063393309630464,non-rumour,ottawashooting-all-rnr-threads,non-rumours,15,14,14958.0,117.0,0.000935954004546,3,9,3.5
graph_002025.json,525063740769972224,non-rumour,ottawashooting-all-rnr-threads,non-rumours,5,4,15265.0,179.0,0.0002620373403209,1,4,4.0
graph_002026.json,525065123917221888,non-rumour,ottawashooting-all-rnr-threads,non-rumours,19,18,23530.0,181.0,0.0007649808754781,4,13,3.6
graph_002027.json,525065430713790465,true,ottawashooting-all-rnr-threads,rumours,13,12,12764.0,186.0,0.0009401441554371,1,12,12.0
graph_002028.json,525066628359127041,non-rumour,ottawashooting-all-rnr-threads,non-rumours,20,19,7701.0,442.0,0.002467212050383,5,14,3.8
graph_002029.json,525066876058361856,true,ottawashooting-all-rnr-threads,rumours,18,17,45956.0,73.0,0.0003699190530072,1,17,17.0
graph_002030.json,525067386849091584,true,ottawashooting-all-rnr-threads,rumours,21,20,9610.0,49.0,0.0020811654526534,2,18,6.666666666666667
graph_002031.json,525067419635576834,true,ottawashooting-all-rnr-threads,rumours,6,5,10082.0,1319.0,0.0004959333465582,1,5,5.0
graph_002032.json,525067500447612929,true,ottawashooting-all-rnr-threads,rumours,14,13,77653.0,164.0,0.000167411432913,2,9,6.5
graph_002033.json,525068253341970432,non-rumour,ottawashooting-all-rnr-threads,non-rumours,2,1,34.0,34.0,0.0294117647058823,1,1,1.0
graph_002034.json,525068387899031552,non-rumour,ottawashooting-all-rnr-threads,non-rumours,15,7,89823.0,491.0,0.0001558620843213,1,7,7.0
graph_002035.json,525068915068923904,true,ottawashooting-all-rnr-threads,rumours,4,3,193997.0,431.0,1.5464156662216426e-05,2,2,1.5
graph_002036.json,525069189447704576,non-rumour,ottawashooting-all-rnr-threads,non-rumours,20,19,278.0,30.0,0.0683453237410072,1,19,19.0
graph_002037.json,525069509342683137,non-rumour,ottawashooting-all-rnr-threads,non-rumours,5,4,4164.0,462.0,0.0009606147934678,1,4,4.0
graph_002038.json,525069752566575104,non-rumour,ottawashooting-all-rnr-threads,non-rumours,17,16,44779.0,364.0,0.0003573103463677,2,15,8.0
graph_002039.json,525069912679923712,non-rumour,ottawashooting-all-rnr-threads,non-rumours,14,13,88744.0,59.0,0.000146488776706,1,13,13.0
graph_002040.json,525070461936222208,non-rumour,ottawashooting-all-rnr-threads,non-rumours,7,6,66212.0,304.0,9.061801486135444e-05,2,5,3.0
graph_002041.json,525070811439579138,non-rumour,ottawashooting-all-rnr-threads,non-rumours,4,3,20961.0,6538.0,0.0001431229426077,1,3,3.0
graph_002042.json,525070912199335937,non-rumour,ottawashooting-all-rnr-threads,non-rumours,7,6,14398.0,585.0,0.0004167245450757,2,5,3.0
graph_002043.json,525070933556350977,true,ottawashooting-all-rnr-threads,rumours,20,19,9996.0,194.0,0.0019007603041216,1,19,19.0
graph_002044.json,525071376084791297,true,ottawashooting-all-rnr-threads,rumours,14,13,6829.0,69.0,0.0019036462146727,3,11,4.333333333333333
graph_002045.json,525071638464049152,true,ottawashooting-all-rnr-threads,rumours,12,11,6217.0,128.0,0.0017693421264275,1,11,11.0
graph_002046.json,525071809226346496,non-rumour,ottawashooting-all-rnr-threads,non-rumours,1,0,0.0,0.0,0.0,0,0,0.0
graph_002047.json,525072912957452289,true,ottawashooting-all-rnr-threads,rumours,21,16,16102.0,42.0,0.0012420817289777,4,8,2.6666666666666665
graph_002048.json,529399936434327552,false,prince-toronto-all-rnr-threads,rumours,18,17,60464.0,611.0,0.0002811590367822,4,13,4.25
graph_002049.json,529446466541326336,false,prince-toronto-all-rnr-threads,rumours,2,1,2843.0,2843.0,0.0003517411185367,1,1,1.0
graph_002050.json,529540733020405760,false,prince-toronto-all-rnr-threads,rumours,15,14,28813.0,71.0,0.0004858917849581,7,3,1.2727272727272727
graph_002051.json,529541962639355904,false,prince-toronto-all-rnr-threads,rumours,1,0,0.0,0.0,0.0,0,0,0.0
graph_002052.json,529572620782825473,false,prince-toronto-all-rnr-threads,rumours,2,1,1027.0,1027.0,0.0009737098344693,1,1,1.0
graph_002053.json,529578734102523904,false,prince-toronto-all-rnr-threads,rumours,2,1,1454.0,1454.0,0.0006877579092159,1,1,1.0
graph_002054.json,529590474005544960,false,prince-toronto-all-rnr-threads,rumours,8,7,3482.0,487.0,0.0020103388856978,6,2,1.1666666666666667
graph_002055.json,529590949136326656,non-rumour,prince-toronto-all-rnr-threads,non-rumours,2,1,167.0,167.0,0.0059880239520958,1,1,1.0
graph_002056.json,529621484130828290,false,prince-toronto-all-rnr-threads,rumours,1,0,0.0,0.0,0.0,0,0,0.0
graph_002057.json,529627432996044801,false,prince-toronto-all-rnr-threads,rumours,5,4,6072.0,446.0,0.0006587615283267,2,3,2.0
graph_002058.json,529627706057834496,false,prince-toronto-all-rnr-threads,rumours,7,6,8069.0,56.0,0.0007435865658693,2,4,2.0
graph_002059.json,529627707382853632,false,prince-toronto-all-rnr-threads,rumours,6,5,29467.0,2286.0,0.0001696813384463,1,5,5.0
graph_002060.json,529627936622931968,false,prince-toronto-all-rnr-threads,rumours,8,5,2578.0,159.0,0.0027152831652443,3,3,1.6666666666666667
graph_002061.json,529628988683976704,false,prince-toronto-all-rnr-threads,rumours,6,5,34270.0,19.0,0.0001459002042602,1,5,5.0
graph_002062.json,529630665168281601,false,prince-toronto-all-rnr-threads,rumours,1,0,0.0,0.0,0.0,0,0,0.0
graph_002063.json,529634428734423042,false,prince-toronto-all-rnr-threads,rumours,1,0,0.0,0.0,0.0,0,0,0.0
graph_002064.json,529637014527029248,false,prince-toronto-all-rnr-threads,rumours,3,1,20469.0,15017.0,9.770873027505007e-05,1,1,1.0
graph_002065.json,529637341645008896,false,prince-toronto-all-rnr-threads,rumours,2,1,756.0,756.0,0.0013227513227513,1,1,1.0
graph_002066.json,529637505981624320,false,prince-toronto-all-rnr-threads,rumours,1,0,0.0,0.0,0.0,0,0,0.0
graph_002067.json,529638205013123073,false,prince-toronto-all-rnr-threads,rumours,8,5,15155.0,49.0,0.0004618937644341,1,5,5.0
graph_002068.json,529638427462217728,false,prince-toronto-all-rnr-threads,rumours,1,0,0.0,0.0,0.0,0,0,0.0
graph_002069.json,529641857513308160,false,prince-toronto-all-rnr-threads,rumours,2,1,2705.0,2705.0,0.0003696857670979,1,1,1.0
graph_002070.json,529642612618035202,false,prince-toronto-all-rnr-threads,rumours,2,1,12343.0,12343.0,8.101758081503687e-05,1,1,1.0
graph_002071.json,529643568873230337,false,prince-toronto-all-rnr-threads,rumours,4,3,19355.0,1664.0,0.000154998708344,2,2,1.5
graph_002072.json,529644561770217473,false,prince-toronto-all-rnr-threads,rumours,13,12,93924.0,30.0,0.0001277628721093,1,12,12.0
graph_002073.json,529644676333453312,false,prince-toronto-all-rnr-threads,rumours,1,0,0.0,0.0,0.0,0,0,0.0
graph_002074.json,529645026452979712,false,prince-toronto-all-rnr-threads,rumours,6,5,1784.0,367.0,0.0028026905829596,2,4,2.5
graph_002075.json,529645279159779329,false,prince-toronto-all-rnr-threads,rumours,1,0,0.0,0.0,0.0,0,0,0.0
graph_002076.json,529646030472904704,false,prince-toronto-all-rnr-threads,rumours,19,15,6745.0,328.0,0.0026686434395848,1,15,15.0
graph_002077.json,529647261689864192,false,prince-toronto-all-rnr-threads,rumours,1,0,0.0,0.0,0.0,0,0,0.0
graph_002078.json,529647809243648001,false,prince-toronto-all-rnr-threads,rumours,1,0,0.0,0.0,0.0,0,0,0.0
graph_002079.json,529648202379964416,false,prince-toronto-all-rnr-threads,rumours,1,0,0.0,0.0,0.0,0,0,0.0
graph_002080.json,529648452511473666,false,prince-toronto-all-rnr-threads,rumours,11,10,22176.0,1282.0,0.0004509379509379,5,4,1.6666666666666667
graph_002081.json,529648547864399872,false,prince-toronto-all-rnr-threads,rumours,6,5,10166.0,131.0,0.0004918355301987,1,5,5.0
graph_002082.json,529649368656134144,false,prince-toronto-all-rnr-threads,rumours,8,7,11495.0,79.0,0.0006089604175728,1,7,7.0
graph_002083.json,529651454832037888,false,prince-toronto-all-rnr-threads,rumours,2,1,675.0,675.0,0.0014814814814814,1,1,1.0
graph_002084.json,529652269105815553,false,prince-toronto-all-rnr-threads,rumours,8,7,9054.0,61.0,0.000773138944113,1,7,7.0
graph_002085.json,529652689471569920,false,prince-toronto-all-rnr-threads,rumours,1,0,0.0,0.0,0.0,0,0,0.0
graph_002086.json,529652829536141314,false,prince-toronto-all-rnr-threads,rumours,1,0,0.0,0.0,0.0,0,0,0.0
graph_002087.json,529652940869738496,false,prince-toronto-all-rnr-threads,rumours,1,0,0.0,0.0,0.0,0,0,0.0
graph_002088.json,529653029747064832,false,prince-toronto-all-rnr-threads,rumours,7,6,54286.0,746.0,0.000110525734075,5,2,1.2
graph_002089.json,529653880196698112,false,prince-toronto-all-rnr-threads,rumours,1,0,0.0,0.0,0.0,0,0,0.0
graph_002090.json,529654186791944192,false,prince-toronto-all-rnr-threads,rumours,11,10,6350.0,35.0,0.0015748031496062,2,9,5.0
graph_002091.json,529654321873715200,false,prince-toronto-all-rnr-threads,rumours,12,11,20134.0,737.0,0.0005463395251812,6,3,1.375
graph_002092.json,529654388269535232,false,prince-toronto-all-rnr-threads,rumours,4,3,6376.0,203.0,0.0004705144291091,1,3,3.0
graph_002093.json,529654486974099456,false,prince-toronto-all-rnr-threads,rumours,2,1,6288.0,6288.0,0.0001590330788804,1,1,1.0
graph_002094.json,529654489356070912,false,prince-toronto-all-rnr-threads,rumours,5,4,19540.0,2357.0,0.0002047082906857,4,1,1.0
graph_002095.json,529654835537518592,false,prince-toronto-all-rnr-threads,rumours,1,0,0.0,0.0,0.0,0,0,0.0
graph_002096.json,529654845838741504,false,prince-toronto-all-rnr-threads,rumours,15,14,2927.0,198.0,0.0047830543218312,8,4,1.2727272727272727
graph_002097.json,529655582882791424,false,prince-toronto-all-rnr-threads,rumours,1,0,0.0,0.0,0.0,0,0,0.0
graph_002098.json,529655746074779648,false,prince-toronto-all-rnr-threads,rumours,5,4,26772.0,290.0,0.0001494098311668,1,4,4.0
graph_002099.json,529655766509445122,false,prince-toronto-all-rnr-threads,rumours,1,0,0.0,0.0,0.0,0,0,0.0
graph_002100.json,529657139959451648,false,prince-toronto-all-rnr-threads,rumours,2,1,201.0,201.0,0.0049751243781094,1,1,1.0
graph_002101.json,529657418985525248,false,prince-toronto-all-rnr-threads,rumours,1,0,0.0,0.0,0.0,0,0,0.0
graph_002102.json,529658492391813120,false,prince-toronto-all-rnr-threads,rumours,1,0,0.0,0.0,0.0,0,0,0.0
graph_002103.json,529659390664908801,false,prince-toronto-all-rnr-threads,rumours,1,0,0.0,0.0,0.0,0,0,0.0
graph_002104.json,529660101683318785,false,prince-toronto-all-rnr-threads,rumours,1,0,0.0,0.0,0.0,0,0,0.0
graph_002105.json,529660296080916480,false,prince-toronto-all-rnr-threads,rumours,5,4,1539.0,244.0,0.0025990903183885,2,2,1.3333333333333333
graph_002106.json,529660692832739328,false,prince-toronto-all-rnr-threads,rumours,1,0,0.0,0.0,0.0,0,0,0.0
graph_002107.json,529660746645647360,false,prince-toronto-all-rnr-threads,rumours,2,1,8452.0,8452.0,0.0001183151916706,1,1,1.0
graph_002108.json,529663474079920128,false,prince-toronto-all-rnr-threads,rumours,3,2,1577.0,974.0,0.0012682308180088,1,2,2.0
graph_002109.json,529664525768077314,false,prince-toronto-all-rnr-threads,rumours,1,0,0.0,0.0,0.0,0,0,0.0
graph_002110.json,529664568772292610,false,prince-toronto-all-rnr-threads,rumours,1,0,0.0,0.0,0.0,0,0,0.0
graph_002111.json,529664593921314816,false,prince-toronto-all-rnr-threads,rumours,1,0,0.0,0.0,0.0,0,0,0.0
graph_002112.json,529664783599943680,false,prince-toronto-all-rnr-threads,rumours,4,3,1427.0,512.0,0.0021023125437981,2,2,1.5
graph_002113.json,529664917239250946,false,prince-toronto-all-rnr-threads,rumours,1,0,0.0,0.0,0.0,0,0,0.0
graph_002114.json,529664974978023425,false,prince-toronto-all-rnr-threads,rumours,1,0,0.0,0.0,0.0,0,0,0.0
graph_002115.json,529665662856495104,false,prince-toronto-all-rnr-threads,rumours,1,0,0.0,0.0,0.0,0,0,0.0
graph_002116.json,529666235710332928,false,prince-toronto-all-rnr-threads,rumours,3,2,4012.0,3979.0,0.0004985044865403,2,1,1.0
graph_002117.json,529667041142124544,false,prince-toronto-all-rnr-threads,rumours,8,7,24883.0,46.0,0.0002813165615078,2,6,3.5
graph_002118.json,529667934697029632,false,prince-toronto-all-rnr-threads,rumours,1,0,0.0,0.0,0.0,0,0,0.0
graph_002119.json,529669184670941184,false,prince-toronto-all-rnr-threads,rumours,1,0,0.0,0.0,0.0,0,0,0.0
graph_002120.json,529669581506236416,false,prince-toronto-all-rnr-threads,rumours,1,0,0.0,0.0,0.0,0,0,0.0
graph_002121.json,529669611030331392,false,prince-toronto-all-rnr-threads,rumours,12,11,7371.0,106.0,0.0014923348256681,4,5,1.8333333333333333
graph_002122.json,529670383629520896,false,prince-toronto-all-rnr-threads,rumours,2,1,2595.0,2595.0,0.0003853564547206,1,1,1.0
graph_002123.json,529670566031421440,false,prince-toronto-all-rnr-threads,rumours,7,6,28798.0,57.0,0.0002083478019306,1,6,6.0
graph_002124.json,529671440829005825,false,prince-toronto-all-rnr-threads,rumours,5,4,1277.0,139.0,0.0031323414252153,2,2,2.0
graph_002125.json,529671638539698178,false,prince-toronto-all-rnr-threads,rumours,5,4,320.0,72.0,0.0125,2,2,1.3333333333333333
graph_002126.json,529671725865111552,false,prince-toronto-all-rnr-threads,rumours,1,0,0.0,0.0,0.0,0,0,0.0
graph_002127.json,529674135098900481,false,prince-toronto-all-rnr-threads,rumours,8,7,7970.0,676.0,0.0008782936010037,2,6,3.5
graph_002128.json,529674474019651584,false,prince-toronto-all-rnr-threads,rumours,9,8,8479.0,535.0,0.0009435074890906,2,7,4.0
graph_002129.json,529676682622664704,false,prince-toronto-all-rnr-threads,rumours,3,0,702.0,173.0,0.0028490028490028,0,0,0.0
graph_002130.json,529679172650942465,false,prince-toronto-all-rnr-threads,rumours,1,0,0.0,0.0,0.0,0,0,0.0
graph_002131.json,529679359301648384,false,prince-toronto-all-rnr-threads,rumours,1,0,0.0,0.0,0.0,0,0,0.0
graph_002132.json,529679551631089664,false,prince-toronto-all-rnr-threads,rumours,3,2,130.0,110.0,0.0153846153846153,1,2,2.0
graph_002133.json,529679889923076096,false,prince-toronto-all-rnr-threads,rumours,18,17,23030.0,114.0,0.0007381676074685,8,9,2.125
graph_002134.json,529679905483915264,false,prince-toronto-all-rnr-threads,rumours,2,1,4546.0,4546.0,0.0002199736031676,1,1,1.0
graph_002135.json,529680484402749440,false,prince-toronto-all-rnr-threads,rumours,1,0,0.0,0.0,0.0,0,0,0.0
graph_002136.json,529681320965079041,false,prince-toronto-all-rnr-threads,rumours,1,0,0.0,0.0,0.0,0,0,0.0
graph_002137.json,529683211774083073,false,prince-toronto-all-rnr-threads,rumours,1,0,0.0,0.0,0.0,0,0,0.0
graph_002138.json,529684962778570753,false,prince-toronto-all-rnr-threads,rumours,6,5,3714.0,652.0,0.0013462574044157,2,3,1.6666666666666667
graph_002139.json,529687410611728384,false,prince-toronto-all-rnr-threads,rumours,6,5,844.0,130.0,0.0059241706161137,1,5,5.0
graph_002140.json,529688713253494785,false,prince-toronto-all-rnr-threads,rumours,6,5,1007.0,111.0,0.0049652432969215,3,3,1.6666666666666667
graph_002141.json,529689679411810304,false,prince-toronto-all-rnr-threads,rumours,6,5,1347.0,26.0,0.0037119524870081,4,2,1.25
graph_002142.json,529689763230797824,false,prince-toronto-all-rnr-threads,rumours,10,9,38064.0,152.0,0.0002364438839848,3,5,1.8
graph_002143.json,529691342168141824,false,prince-toronto-all-rnr-threads,rumours,1,0,0.0,0.0,0.0,0,0,0.0
graph_002144.json,529691396098510848,false,prince-toronto-all-rnr-threads,rumours,1,0,0.0,0.0,0.0,0,0,0.0
graph_002145.json,529691396169809921,false,prince-toronto-all-rnr-threads,rumours,1,0,0.0,0.0,0.0,0,0,0.0
graph_002146.json,529692457337118721,false,prince-toronto-all-rnr-threads,rumours,1,0,0.0,0.0,0.0,0,0,0.0
graph_002147.json,529692613780439040,false,prince-toronto-all-rnr-threads,rumours,1,0,0.0,0.0,0.0,0,0,0.0
graph_002148.json,529694805010685952,false,prince-toronto-all-rnr-threads,rumours,11,10,9725.0,116.0,0.0010282776349614,4,3,1.4285714285714286
graph_002149.json,529695075560071168,non-rumour,prince-toronto-all-rnr-threads,non-rumours,3,2,689.0,348.0,0.0029027576197387,1,2,2.0
graph_002150.json,529695299200360448,false,prince-toronto-all-rnr-threads,rumours,1,0,0.0,0.0,0.0,0,0,0.0
graph_002151.json,529695308302000128,false,prince-toronto-all-rnr-threads,rumours,1,0,0.0,0.0,0.0,0,0,0.0
graph_002152.json,529695367680761856,false,prince-toronto-all-rnr-threads,rumours,9,8,1364.0,52.0,0.0058651026392961,3,6,2.6666666666666665
graph_002153.json,529695483661664257,false,prince-toronto-all-rnr-threads,rumours,11,6,6964.0,585.0,0.001435956346927,2,4,3.0
graph_002154.json,529696730607271936,false,prince-toronto-all-rnr-threads,rumours,22,14,9940.0,486.0,0.002112676056338,4,7,2.0
graph_002155.json,529697032659673088,false,prince-toronto-all-rnr-threads,rumours,1,0,0.0,0.0,0.0,0,0,0.0
graph_002156.json,529698410879025153,unverified,prince-toronto-all-rnr-threads,rumours,1,0,0.0,0.0,0.0,0,0,0.0
graph_002157.json,529700827557285889,false,prince-toronto-all-rnr-threads,rumours,1,0,0.0,0.0,0.0,0,0,0.0
graph_002158.json,529700937053773824,false,prince-toronto-all-rnr-threads,rumours,1,0,0.0,0.0,0.0,0,0,0.0
graph_002159.json,529701740925698048,false,prince-toronto-all-rnr-threads,rumours,3,2,1510.0,436.0,0.0013245033112582,1,2,2.0
graph_002160.json,529702197916090370,false,prince-toronto-all-rnr-threads,rumours,5,4,3645.0,32.0,0.0010973936899862,1,4,4.0
graph_002161.json,529702439164067840,unverified,prince-toronto-all-rnr-threads,rumours,9,8,8235.0,123.0,0.0009714632665452,6,3,1.3333333333333333
graph_002162.json,529702456348139520,false,prince-toronto-all-rnr-threads,rumours,1,0,0.0,0.0,0.0,0,0,0.0
graph_002163.json,529702797349253121,false,prince-toronto-all-rnr-threads,rumours,2,1,11956.0,11956.0,8.364001338240214e-05,1,1,1.0
graph_002164.json,529704637301923840,false,prince-toronto-all-rnr-threads,rumours,1,0,0.0,0.0,0.0,0,0,0.0
graph_002165.json,529705050453835776,false,prince-toronto-all-rnr-threads,rumours,1,0,0.0,0.0,0.0,0,0,0.0
graph_002166.json,529706188032999425,false,prince-toronto-all-rnr-threads,rumours,1,0,0.0,0.0,0.0,0,0,0.0
graph_002167.json,529707148537004033,false,prince-toronto-all-rnr-threads,rumours,10,9,5514.0,278.0,0.0016322089227421,4,3,1.8
graph_002168.json,529708410464636929,false,prince-toronto-all-rnr-threads,rumours,2,1,81.0,81.0,0.0123456790123456,1,1,1.0
graph_002169.json,529710975730323457,false,prince-toronto-all-rnr-threads,rumours,5,4,2425.0,85.0,0.0016494845360824,2,2,1.3333333333333333
graph_002170.json,529712119391199232,false,prince-toronto-all-rnr-threads,rumours,2,1,90.0,90.0,0.0111111111111111,1,1,1.0
graph_002171.json,529713467184676864,false,prince-toronto-all-rnr-threads,rumours,6,5,6315.0,285.0,0.0007917656373713,3,3,1.6666666666666667
graph_002172.json,529714629745082369,false,prince-toronto-all-rnr-threads,rumours,1,0,0.0,0.0,0.0,0,0,0.0
graph_002173.json,529714770422022146,false,prince-toronto-all-rnr-threads,rumours,1,0,0.0,0.0,0.0,0,0,0.0
graph_002174.json,529715547538485248,false,prince-toronto-all-rnr-threads,rumours,1,0,0.0,0.0,0.0,0,0,0.0
graph_002175.json,529716182438653952,false,prince-toronto-all-rnr-threads,rumours,1,0,0.0,0.0,0.0,0,0,0.0
graph_002176.json,529716453792956416,false,prince-toronto-all-rnr-threads,rumours,3,2,19266.0,19244.0,0.000103809820409,1,2,2.0
graph_002177.json,529720273285566464,false,prince-toronto-all-rnr-threads,rumours,21,18,3347.0,56.0,0.0059755004481625,3,12,3.0
graph_002178.json,529720675272249344,false,prince-toronto-all-rnr-threads,rumours,1,0,0.0,0.0,0.0,0,0,0.0
graph_002179.json,529721745486659584,false,prince-toronto-all-rnr-threads,rumours,5,4,604.0,97.0,0.0066225165562913,1,4,4.0
graph_002180.json,529722176380076032,false,prince-toronto-all-rnr-threads,rumours,2,1,305.0,305.0,0.0032786885245901,1,1,1.0
graph_002181.json,529722264615673856,false,prince-toronto-all-rnr-threads,rumours,4,2,6077.0,2595.0,0.0004936646371564,1,2,2.0
graph_002182.json,529722288971984897,false,prince-toronto-all-rnr-threads,rumours,1,0,0.0,0.0,0.0,0,0,0.0
graph_002183.json,529722357267857408,false,prince-toronto-all-rnr-threads,rumours,5,3,3214.0,520.0,0.0012445550715619,1,3,3.0
graph_002184.json,529722630363181056,false,prince-toronto-all-rnr-threads,rumours,1,0,0.0,0.0,0.0,0,0,0.0
graph_002185.json,529723023184498688,false,prince-toronto-all-rnr-threads,rumours,2,1,1403.0,1403.0,0.0007127583749109,1,1,1.0
graph_002186.json,529723023591743488,false,prince-toronto-all-rnr-threads,rumours,1,0,0.0,0.0,0.0,0,0,0.0
graph_002187.json,529723362894176256,false,prince-toronto-all-rnr-threads,rumours,1,0,0.0,0.0,0.0,0,0,0.0
graph_002188.json,529723420268068865,false,prince-toronto-all-rnr-threads,rumours,2,1,1209.0,1209.0,0.0008271298593879,1,1,1.0
graph_002189.json,529723420993683457,false,prince-toronto-all-rnr-threads,rumours,16,15,69973.0,120.0,0.0002143683992397,15,1,1.0
graph_002190.json,529723684454666240,false,prince-toronto-all-rnr-threads,rumours,14,12,921.0,40.0,0.014115092290988,2,9,6.0
graph_002191.json,529723708207030274,false,prince-toronto-all-rnr-threads,rumours,2,1,27837.0,27837.0,3.5923411287135827e-05,1,1,1.0
graph_002192.json,529723761428557824,false,prince-toronto-all-rnr-threads,rumours,1,0,0.0,0.0,0.0,0,0,0.0
graph_002193.json,529723807591038977,false,prince-toronto-all-rnr-threads,rumours,2,1,144.0,144.0,0.0069444444444444,1,1,1.0
graph_002194.json,529724254183780355,false,prince-toronto-all-rnr-threads,rumours,1,0,0.0,0.0,0.0,0,0,0.0
graph_002195.json,529724755906400256,false,prince-toronto-all-rnr-threads,rumours,1,0,0.0,0.0,0.0,0,0,0.0
graph_002196.json,529724757366022145,false,prince-toronto-all-rnr-threads,rumours,8,7,2104.0,271.0,0.0033269961977186,2,6,3.5
graph_002197.json,529724985775235072,false,prince-toronto-all-rnr-threads,rumours,2,1,2090.0,2090.0,0.0004784688995215,1,1,1.0
graph_002198.json,529725387400835072,false,prince-toronto-all-rnr-threads,rumours,4,3,2194.0,165.0,0.0013673655423883,1,3,3.0
graph_002199.json,529725420162539520,false,prince-toronto-all-rnr-threads,rumours,1,0,0.0,0.0,0.0,0,0,0.0
graph_002200.json,529725532569886720,false,prince-toronto-all-rnr-threads,rumours,2,1,63.0,63.0,0.0158730158730158,1,1,1.0
graph_002201.json,529725730603925505,false,prince-toronto-all-rnr-threads,rumours,6,5,7784.0,516.0,0.0006423432682425,1,5,5.0
graph_002202.json,529725862246375424,false,prince-toronto-all-rnr-threads,rumours,1,0,0.0,0.0,0.0,0,0,0.0
graph_002203.json,529726211241803776,false,prince-toronto-all-rnr-threads,rumours,2,1,239.0,239.0,0.00418410041841,1,1,1.0
graph_002204.json,529726244834017280,false,prince-toronto-all-rnr-threads,rumours,2,1,561.0,561.0,0.0017825311942959,1,1,1.0
graph_002205.json,529726566646177794,false,prince-toronto-all-rnr-threads,rumours,2,1,767.0,767.0,0.0013037809647979,1,1,1.0
graph_002206.json,529726642902810625,false,prince-toronto-all-rnr-threads,rumours,10,9,4498.0,41.0,0.0020008892841262,3,5,1.8
graph_002207.json,529726656941162496,false,prince-toronto-all-rnr-threads,rumours,3,2,226.0,18.0,0.0088495575221238,1,2,2.0
graph_002208.json,529726825938030592,false,prince-toronto-all-rnr-threads,rumours,1,0,0.0,0.0,0.0,0,0,0.0
graph_002209.json,529726966178787328,false,prince-toronto-all-rnr-threads,rumours,2,1,234.0,234.0,0.0042735042735042,1,1,1.0
graph_002210.json,529727006427340801,false,prince-toronto-all-rnr-threads,rumours,1,0,0.0,0.0,0.0,0,0,0.0
graph_002211.json,529727601280307201,false,prince-toronto-all-rnr-threads,rumours,4,3,236.0,68.0,0.0127118644067796,1,3,3.0
graph_002212.json,529727794826457089,false,prince-toronto-all-rnr-threads,rumours,2,1,46.0,46.0,0.0217391304347826,1,1,1.0
graph_002213.json,529727813239451649,false,prince-toronto-all-rnr-threads,rumours,1,0,0.0,0.0,0.0,0,0,0.0
graph_002214.json,529728291545284608,false,prince-toronto-all-rnr-threads,rumours,13,12,4216.0,64.0,0.0028462998102466,3,7,2.0
graph_002215.json,529728664137904128,false,prince-toronto-all-rnr-threads,rumours,2,1,3007.0,3007.0,0.0003325573661456,1,1,1.0
graph_002216.json,529728722963034113,false,prince-toronto-all-rnr-threads,rumours,4,3,13178.0,171.0,0.0002276521475185,2,2,1.5
graph_002217.json,529729144536723456,false,prince-toronto-all-rnr-threads,rumours,1,0,0.0,0.0,0.0,0,0,0.0
graph_002218.json,529729262593773568,false,prince-toronto-all-rnr-threads,rumours,3,2,820.0,323.0,0.0024390243902439,2,1,1.0
graph_002219.json,529729911926583296,false,prince-toronto-all-rnr-threads,rumours,1,0,0.0,0.0,0.0,0,0,0.0
graph_002220.json,529729927835557888,false,prince-toronto-all-rnr-threads,rumours,10,9,219.0,61.0,0.0410958904109589,5,4,1.5
graph_002221.json,529730384989544449,false,prince-toronto-all-rnr-threads,rumours,1,0,0.0,0.0,0.0,0,0,0.0
graph_002222.json,529730550169624579,false,prince-toronto-all-rnr-threads,rumours,4,3,6769.0,1110.0,0.0004431969271679,2,2,1.5
graph_002223.json,529730804688375809,false,prince-toronto-all-rnr-threads,rumours,1,0,0.0,0.0,0.0,0,0,0.0
graph_002224.json,529731160025612288,false,prince-toronto-all-rnr-threads,rumours,1,0,0.0,0.0,0.0,0,0,0.0
graph_002225.json,529731332717678593,false,prince-toronto-all-rnr-threads,rumours,1,0,0.0,0.0,0.0,0,0,0.0
graph_002226.json,529731453865955328,false,prince-toronto-all-rnr-threads,rumours,2,1,3097.0,3097.0,0.0003228931223764,1,1,1.0
graph_002227.json,529731513613836288,false,prince-toronto-all-rnr-threads,rumours,7,5,4758.0,2675.0,0.0012610340479192,5,1,1.0
graph_002228.json,529732310099578880,false,prince-toronto-all-rnr-threads,rumours,1,0,0.0,0.0,0.0,0,0,0.0
graph_002229.json,529732350402646016,false,prince-toronto-all-rnr-threads,rumours,1,0,0.0,0.0,0.0,0,0,0.0
graph_002230.json,529733015862513664,false,prince-toronto-all-rnr-threads,rumours,2,1,1265.0,1265.0,0.000790513833992,1,1,1.0
graph_002231.json,529733645435949056,false,prince-toronto-all-rnr-threads,rumours,1,0,0.0,0.0,0.0,0,0,0.0
graph_002232.json,529733930199814144,false,prince-toronto-all-rnr-threads,rumours,2,1,187.0,187.0,0.0053475935828877,1,1,1.0
graph_002233.json,529733937170771969,unverified,prince-toronto-all-rnr-threads,rumours,3,2,2079.0,1919.0,0.0009620009620009,2,1,1.0
graph_002234.json,529734113608359936,false,prince-toronto-all-rnr-threads,rumours,1,0,0.0,0.0,0.0,0,0,0.0
graph_002235.json,529734565599121410,false,prince-toronto-all-rnr-threads,rumours,2,1,73312.0,73312.0,1.3640331732867745e-05,1,1,1.0
graph_002236.json,529734612998955008,false,prince-toronto-all-rnr-threads,rumours,8,7,15050.0,54.0,0.0004651162790697,1,7,7.0
graph_002237.json,529734972249505795,false,prince-toronto-all-rnr-threads,rumours,1,0,0.0,0.0,0.0,0,0,0.0
graph_002238.json,529735459069788161,unverified,prince-toronto-all-rnr-threads,rumours,12,10,19380.0,216.0,0.0005675954592363,4,4,1.4285714285714286
graph_002239.json,529735608676413441,false,prince-toronto-all-rnr-threads,rumours,3,2,5013.0,293.0,0.0003989626969878,1,2,2.0
graph_002240.json,529735664347406339,false,prince-toronto-all-rnr-threads,rumours,1,0,0.0,0.0,0.0,0,0,0.0
graph_002241.json,529735674405326848,false,prince-toronto-all-rnr-threads,rumours,1,0,0.0,0.0,0.0,0,0,0.0
graph_002242.json,529735706386898944,false,prince-toronto-all-rnr-threads,rumours,2,1,2439.0,2439.0,0.000410004100041,1,1,1.0
graph_002243.json,529736110667468800,false,prince-toronto-all-rnr-threads,rumours,1,0,0.0,0.0,0.0,0,0,0.0
graph_002244.json,529736435780583424,false,prince-toronto-all-rnr-threads,rumours,1,0,0.0,0.0,0.0,0,0,0.0
graph_002245.json,529738126026358784,false,prince-toronto-all-rnr-threads,rumours,2,1,315.0,315.0,0.0031746031746031,1,1,1.0
graph_002246.json,529738310022090752,false,prince-toronto-all-rnr-threads,rumours,1,0,0.0,0.0,0.0,0,0,0.0
graph_002247.json,529738730748534786,false,prince-toronto-all-rnr-threads,rumours,2,1,320.0,320.0,0.003125,1,1,1.0
graph_002248.json,529739770524860418,false,prince-toronto-all-rnr-threads,rumours,3,2,346.0,185.0,0.0057803468208092,2,1,1.0
graph_002249.json,529739968470867968,false,prince-toronto-all-rnr-threads,rumours,12,9,20932.0,200.0,0.0005255111790559,1,9,9.0
graph_002250.json,529740161144602624,false,prince-toronto-all-rnr-threads,rumours,1,0,0.0,0.0,0.0,0,0,0.0
graph_002251.json,529742159352975362,false,prince-toronto-all-rnr-threads,rumours,4,3,3356.0,138.0,0.0008939213349225,1,3,3.0
graph_002252.json,529742801274429440,false,prince-toronto-all-rnr-threads,rumours,1,0,0.0,0.0,0.0,0,0,0.0
graph_002253.json,529743499588276226,false,prince-toronto-all-rnr-threads,rumours,1,0,0.0,0.0,0.0,0,0,0.0
graph_002254.json,529745609969131522,false,prince-toronto-all-rnr-threads,rumours,3,2,251.0,185.0,0.0079681274900398,2,1,1.0
graph_002255.json,529746217098825728,unverified,prince-toronto-all-rnr-threads,rumours,4,2,15554.0,1310.0,0.0001928764305001,2,1,1.0
graph_002256.json,529746982106324992,false,prince-toronto-all-rnr-threads,rumours,2,1,90.0,90.0,0.0111111111111111,1,1,1.0
graph_002257.json,529749273211330562,false,prince-toronto-all-rnr-threads,rumours,4,3,1649.0,848.0,0.0018192844147968,2,2,1.5
graph_002258.json,529749285198655488,false,prince-toronto-all-rnr-threads,rumours,1,0,0.0,0.0,0.0,0,0,0.0
graph_002259.json,529752475541442560,unverified,prince-toronto-all-rnr-threads,rumours,1,0,0.0,0.0,0.0,0,0,0.0
graph_002260.json,529755373721632768,non-rumour,prince-toronto-all-rnr-threads,non-rumours,1,0,0.0,0.0,0.0,0,0,0.0
graph_002261.json,529756814175633411,false,prince-toronto-all-rnr-threads,rumours,1,0,0.0,0.0,0.0,0,0,0.0
graph_002262.json,529757077200449536,false,prince-toronto-all-rnr-threads,rumours,1,0,0.0,0.0,0.0,0,0,0.0
graph_002263.json,529757088881573889,false,prince-toronto-all-rnr-threads,rumours,6,5,2292.0,24.0,0.0021815008726003,5,1,1.0
graph_002264.json,529758256596787200,false,prince-toronto-all-rnr-threads,rumours,4,3,5655.0,58.0,0.0005305039787798,1,3,3.0
graph_002265.json,529761572881985536,non-rumour,prince-toronto-all-rnr-threads,non-rumours,1,0,0.0,0.0,0.0,0,0,0.0
graph_002266.json,529762820108607489,false,prince-toronto-all-rnr-threads,rumours,2,1,67.0,67.0,0.0149253731343283,1,1,1.0
graph_002267.json,529763844176896000,false,prince-toronto-all-rnr-threads,rumours,15,14,21804.0,603.0,0.0006420840212804,5,7,1.75
graph_002268.json,529763954231607297,false,prince-toronto-all-rnr-threads,rumours,6,5,15683.0,207.0,0.0003188165529554,3,3,1.6666666666666667
graph_002269.json,529765936199647233,false,prince-toronto-all-rnr-threads,rumours,5,4,4690.0,825.0,0.0008528784648187,2,3,2.0
graph_002270.json,529771847186124800,false,prince-toronto-all-rnr-threads,rumours,16,15,10811.0,67.0,0.0013874757191749,6,8,2.142857142857143
graph_002271.json,529773194027073537,false,prince-toronto-all-rnr-threads,rumours,5,4,9466.0,616.0,0.000422564969364,4,1,1.0
graph_002272.json,529773317889064960,false,prince-toronto-all-rnr-threads,rumours,1,0,0.0,0.0,0.0,0,0,0.0
graph_002273.json,529775258698399746,false,prince-toronto-all-rnr-threads,rumours,1,0,0.0,0.0,0.0,0,0,0.0
graph_002274.json,529775890767437825,false,prince-toronto-all-rnr-threads,rumours,1,0,0.0,0.0,0.0,0,0,0.0
graph_002275.json,529776116773298176,false,prince-toronto-all-rnr-threads,rumours,3,2,2386.0,153.0,0.0008382229673093,2,1,1.0
graph_002276.json,529778109290012673,false,prince-toronto-all-rnr-threads,rumours,2,1,301.0,301.0,0.0033222591362126,1,1,1.0
graph_002277.json,529818929607475201,false,prince-toronto-all-rnr-threads,rumours,14,13,174674.0,427.0,7.442435622931862e-05,2,12,6.5
graph_002278.json,529828486975066112,false,prince-toronto-all-rnr-threads,rumours,7,6,61637.0,920.0,9.734412771549556e-05,1,6,6.0
graph_002279.json,529830319982407680,false,prince-toronto-all-rnr-threads,rumours,1,0,0.0,0.0,0.0,0,0,0.0
graph_002280.json,529830606210093058,unverified,prince-toronto-all-rnr-threads,rumours,5,4,2900.0,243.0,0.0013793103448275,2,3,2.0
graph_002281.json,535241189234982912,true,gurlitt-all-rnr-threads,rumours,1,0,0.0,0.0,0.0,0,0,0.0
graph_002282.json,535270217689993216,unverified,gurlitt-all-rnr-threads,rumours,1,0,0.0,0.0,0.0,0,0,0.0
graph_002283.json,535342545283588096,true,gurlitt-all-rnr-threads,rumours,1,0,0.0,0.0,0.0,0,0,0.0
graph_002284.json,535386605666979840,non-rumour,gurlitt-all-rnr-threads,non-rumours,1,0,0.0,0.0,0.0,0,0,0.0
graph_002285.json,535391478969675776,non-rumour,gurlitt-all-rnr-threads,non-rumours,1,0,0.0,0.0,0.0,0,0,0.0
graph_002286.json,535397927548878849,unverified,gurlitt-all-rnr-threads,rumours,1,0,0.0,0.0,0.0,0,0,0.0
graph_002287.json,535415010361487360,non-rumour,gurlitt-all-rnr-threads,non-rumours,1,0,0.0,0.0,0.0,0,0,0.0
graph_002288.json,535415869862473729,non-rumour,gurlitt-all-rnr-threads,non-rumours,1,0,0.0,0.0,0.0,0,0,0.0
graph_002289.json,535425236871544832,non-rumour,gurlitt-all-rnr-threads,non-rumours,1,0,0.0,0.0,0.0,0,0,0.0
graph_002290.json,535434467696189440,true,gurlitt-all-rnr-threads,rumours,2,1,634.0,634.0,0.001577287066246,1,1,1.0
graph_002291.json,535438499432771584,true,gurlitt-all-rnr-threads,rumours,1,0,0.0,0.0,0.0,0,0,0.0
graph_002292.json,535439290667241472,non-rumour,gurlitt-all-rnr-threads,non-rumours,1,0,0.0,0.0,0.0,0,0,0.0
graph_002293.json,535440024930902017,non-rumour,gurlitt-all-rnr-threads,non-rumours,1,0,0.0,0.0,0.0,0,0,0.0
graph_002294.json,535449972913614848,non-rumour,gurlitt-all-rnr-threads,non-rumours,1,0,0.0,0.0,0.0,0,0,0.0
graph_002295.json,535450182142672897,non-rumour,gurlitt-all-rnr-threads,non-rumours,5,4,470.0,230.0,0.0085106382978723,3,2,1.3333333333333333
graph_002296.json,535450705134649345,non-rumour,gurlitt-all-rnr-threads,non-rumours,2,1,200.0,200.0,0.005,1,1,1.0
graph_002297.json,535463053190778880,non-rumour,gurlitt-all-rnr-threads,non-rumours,1,0,0.0,0.0,0.0,0,0,0.0
graph_002298.json,535472483756154880,non-rumour,gurlitt-all-rnr-threads,non-rumours,1,0,0.0,0.0,0.0,0,0,0.0
graph_002299.json,535482306585042944,non-rumour,gurlitt-all-rnr-threads,non-rumours,1,0,0.0,0.0,0.0,0,0,0.0
graph_002300.json,535517405921804288,non-rumour,gurlitt-all-rnr-threads,non-rumours,1,0,0.0,0.0,0.0,0,0,0.0
graph_002301.json,535524640031256576,non-rumour,gurlitt-all-rnr-threads,non-rumours,1,0,0.0,0.0,0.0,0,0,0.0
graph_002302.json,535552999624826882,non-rumour,gurlitt-all-rnr-threads,non-rumours,1,0,0.0,0.0,0.0,0,0,0.0
graph_002303.json,535556368552714240,non-rumour,gurlitt-all-rnr-threads,non-rumours,1,0,0.0,0.0,0.0,0,0,0.0
graph_002304.json,535656301833895937,non-rumour,gurlitt-all-rnr-threads,non-rumours,1,0,0.0,0.0,0.0,0,0,0.0
graph_002305.json,535708968837206016,non-rumour,gurlitt-all-rnr-threads,non-rumours,1,0,0.0,0.0,0.0,0,0,0.0
graph_002306.json,535711053686898689,non-rumour,gurlitt-all-rnr-threads,non-rumours,1,0,0.0,0.0,0.0,0,0,0.0
graph_002307.json,535721996391178242,true,gurlitt-all-rnr-threads,rumours,1,0,0.0,0.0,0.0,0,0,0.0
graph_002308.json,535772174053687297,non-rumour,gurlitt-all-rnr-threads,non-rumours,1,0,0.0,0.0,0.0,0,0,0.0
graph_002309.json,535792764135280640,non-rumour,gurlitt-all-rnr-threads,non-rumours,1,0,0.0,0.0,0.0,0,0,0.0
graph_002310.json,535804563832315904,non-rumour,gurlitt-all-rnr-threads,non-rumours,1,0,0.0,0.0,0.0,0,0,0.0
graph_002311.json,535818207542923265,non-rumour,gurlitt-all-rnr-threads,non-rumours,1,0,0.0,0.0,0.0,0,0,0.0
graph_002312.json,535822193150537728,non-rumour,gurlitt-all-rnr-threads,non-rumours,1,0,0.0,0.0,0.0,0,0,0.0
graph_002313.json,535828163402543104,non-rumour,gurlitt-all-rnr-threads,non-rumours,8,7,10510.0,8688.0,0.0006660323501427,7,1,1.0
graph_002314.json,535919972439322624,non-rumour,gurlitt-all-rnr-threads,non-rumours,1,0,0.0,0.0,0.0,0,0,0.0
graph_002315.json,535926525422358528,non-rumour,gurlitt-all-rnr-threads,non-rumours,1,0,0.0,0.0,0.0,0,0,0.0
graph_002316.json,535936169196810240,non-rumour,gurlitt-all-rnr-threads,non-rumours,1,0,0.0,0.0,0.0,0,0,0.0
graph_002317.json,535942066694803456,non-rumour,gurlitt-all-rnr-threads,non-rumours,2,1,40.0,40.0,0.025,1,1,1.0
graph_002318.json,535951209316642816,non-rumour,gurlitt-all-rnr-threads,non-rumours,1,0,0.0,0.0,0.0,0,0,0.0
graph_002319.json,535952893589725184,non-rumour,gurlitt-all-rnr-threads,non-rumours,1,0,0.0,0.0,0.0,0,0,0.0
graph_002320.json,535960367055118337,non-rumour,gurlitt-all-rnr-threads,non-rumours,1,0,0.0,0.0,0.0,0,0,0.0
graph_002321.json,535966185477931010,non-rumour,gurlitt-all-rnr-threads,non-rumours,1,0,0.0,0.0,0.0,0,0,0.0
graph_002322.json,535967306799538176,non-rumour,gurlitt-all-rnr-threads,non-rumours,1,0,0.0,0.0,0.0,0,0,0.0
graph_002323.json,535986492879810560,non-rumour,gurlitt-all-rnr-threads,non-rumours,1,0,0.0,0.0,0.0,0,0,0.0
graph_002324.json,536050365406253056,non-rumour,gurlitt-all-rnr-threads,non-rumours,1,0,0.0,0.0,0.0,0,0,0.0
graph_002325.json,536127932918681602,non-rumour,gurlitt-all-rnr-threads,non-rumours,1,0,0.0,0.0,0.0,0,0,0.0
graph_002326.json,536141476460507136,non-rumour,gurlitt-all-rnr-threads,non-rumours,1,0,0.0,0.0,0.0,0,0,0.0
graph_002327.json,536223820131360769,non-rumour,gurlitt-all-rnr-threads,non-rumours,1,0,0.0,0.0,0.0,0,0,0.0
graph_002328.json,536228944299958272,non-rumour,gurlitt-all-rnr-threads,non-rumours,1,0,0.0,0.0,0.0,0,0,0.0
graph_002329.json,536323971239903234,non-rumour,gurlitt-all-rnr-threads,non-rumours,1,0,0.0,0.0,0.0,0,0,0.0
graph_002330.json,536333336353193985,non-rumour,gurlitt-all-rnr-threads,non-rumours,1,0,0.0,0.0,0.0,0,0,0.0
graph_002331.json,536425735771414528,non-rumour,gurlitt-all-rnr-threads,non-rumours,1,0,0.0,0.0,0.0,0,0,0.0
graph_002332.json,536439239118831617,non-rumour,gurlitt-all-rnr-threads,non-rumours,1,0,0.0,0.0,0.0,0,0,0.0
graph_002333.json,536464887015567360,non-rumour,gurlitt-all-rnr-threads,non-rumours,1,0,0.0,0.0,0.0,0,0,0.0
graph_002334.json,536489596423774208,non-rumour,gurlitt-all-rnr-threads,non-rumours,2,1,188.0,188.0,0.0053191489361702,1,1,1.0
graph_002335.json,536504937401049089,non-rumour,gurlitt-all-rnr-threads,non-rumours,1,0,0.0,0.0,0.0,0,0,0.0
graph_002336.json,536514538850750464,non-rumour,gurlitt-all-rnr-threads,non-rumours,1,0,0.0,0.0,0.0,0,0,0.0
graph_002337.json,536532934014926849,non-rumour,gurlitt-all-rnr-threads,non-rumours,1,0,0.0,0.0,0.0,0,0,0.0
graph_002338.json,536666052277448704,non-rumour,gurlitt-all-rnr-threads,non-rumours,1,0,0.0,0.0,0.0,0,0,0.0
graph_002339.json,536696108823896065,non-rumour,gurlitt-all-rnr-threads,non-rumours,1,0,0.0,0.0,0.0,0,0,0.0
graph_002340.json,536733651544072192,non-rumour,gurlitt-all-rnr-threads,non-rumours,1,0,0.0,0.0,0.0,0,0,0.0
graph_002341.json,536760961692999680,non-rumour,gurlitt-all-rnr-threads,non-rumours,1,0,0.0,0.0,0.0,0,0,0.0
graph_002342.json,536777819204775936,non-rumour,gurlitt-all-rnr-threads,non-rumours,1,0,0.0,0.0,0.0,0,0,0.0
graph_002343.json,536778036180680704,non-rumour,gurlitt-all-rnr-threads,non-rumours,1,0,0.0,0.0,0.0,0,0,0.0
graph_002344.json,536782128109740032,non-rumour,gurlitt-all-rnr-threads,non-rumours,1,0,0.0,0.0,0.0,0,0,0.0
graph_002345.json,536783143865688064,non-rumour,gurlitt-all-rnr-threads,non-rumours,2,1,10729.0,10729.0,9.320533134495293e-05,1,1,1.0
graph_002346.json,536787694169632768,non-rumour,gurlitt-all-rnr-threads,non-rumours,1,0,0.0,0.0,0.0,0,0,0.0
graph_002347.json,536805431360749568,non-rumour,gurlitt-all-rnr-threads,non-rumours,1,0,0.0,0.0,0.0,0,0,0.0
graph_002348.json,536805993334571008,non-rumour,gurlitt-all-rnr-threads,non-rumours,1,0,0.0,0.0,0.0,0,0,0.0
graph_002349.json,536809338766364672,non-rumour,gurlitt-all-rnr-threads,non-rumours,1,0,0.0,0.0,0.0,0,0,0.0
graph_002350.json,536810390739755009,non-rumour,gurlitt-all-rnr-threads,non-rumours,1,0,0.0,0.0,0.0,0,0,0.0
graph_002351.json,536812027571109888,non-rumour,gurlitt-all-rnr-threads,non-rumours,1,0,0.0,0.0,0.0,0,0,0.0
graph_002352.json,536822580720984064,non-rumour,gurlitt-all-rnr-threads,non-rumours,1,0,0.0,0.0,0.0,0,0,0.0
graph_002353.json,536824260615237632,true,gurlitt-all-rnr-threads,rumours,2,1,337.0,337.0,0.0029673590504451,1,1,1.0
graph_002354.json,536824581341073408,non-rumour,gurlitt-all-rnr-threads,non-rumours,1,0,0.0,0.0,0.0,0,0,0.0
graph_002355.json,536824745459998720,true,gurlitt-all-rnr-threads,rumours,1,0,0.0,0.0,0.0,0,0,0.0
graph_002356.json,536824746298843136,true,gurlitt-all-rnr-threads,rumours,1,0,0.0,0.0,0.0,0,0,0.0
graph_002357.json,536825153372831744,true,gurlitt-all-rnr-threads,rumours,1,0,0.0,0.0,0.0,0,0,0.0
graph_002358.json,536825222050365440,true,gurlitt-all-rnr-threads,rumours,1,0,0.0,0.0,0.0,0,0,0.0
graph_002359.json,536825222608203776,true,gurlitt-all-rnr-threads,rumours,1,0,0.0,0.0,0.0,0,0,0.0
graph_002360.json,536825223061180416,true,gurlitt-all-rnr-threads,rumours,4,3,10690.0,195.0,0.0002806361085126,1,3,3.0
graph_002361.json,536825223526756352,true,gurlitt-all-rnr-threads,rumours,1,0,0.0,0.0,0.0,0,0,0.0
graph_002362.json,536825396990607360,non-rumour,gurlitt-all-rnr-threads,non-rumours,1,0,0.0,0.0,0.0,0,0,0.0
graph_002363.json,536825651463217152,non-rumour,gurlitt-all-rnr-threads,non-rumours,1,0,0.0,0.0,0.0,0,0,0.0
graph_002364.json,536825848624865280,true,gurlitt-all-rnr-threads,rumours,1,0,0.0,0.0,0.0,0,0,0.0
graph_002365.json,536825996985790465,true,gurlitt-all-rnr-threads,rumours,1,0,0.0,0.0,0.0,0,0,0.0
graph_002366.json,536826273667227649,non-rumour,gurlitt-all-rnr-threads,non-rumours,1,0,0.0,0.0,0.0,0,0,0.0
graph_002367.json,536826643122503680,true,gurlitt-all-rnr-threads,rumours,17,16,2535.0,261.0,0.0063116370808678,3,14,5.333333333333333
graph_002368.json,536826754770685952,non-rumour,gurlitt-all-rnr-threads,non-rumours,1,0,0.0,0.0,0.0,0,0,0.0
graph_002369.json,536826824219959296,true,gurlitt-all-rnr-threads,rumours,1,0,0.0,0.0,0.0,0,0,0.0
graph_002370.json,536827540829384704,true,gurlitt-all-rnr-threads,rumours,1,0,0.0,0.0,0.0,0,0,0.0
graph_002371.json,536827886926565376,true,gurlitt-all-rnr-threads,rumours,1,0,0.0,0.0,0.0,0,0,0.0
graph_002372.json,536828314783346688,true,gurlitt-all-rnr-threads,rumours,1,0,0.0,0.0,0.0,0,0,0.0
graph_002373.json,536828694107803651,non-rumour,gurlitt-all-rnr-threads,non-rumours,1,0,0.0,0.0,0.0,0,0,0.0
graph_002374.json,536829324092268544,non-rumour,gurlitt-all-rnr-threads,non-rumours,1,0,0.0,0.0,0.0,0,0,0.0
graph_002375.json,536830361817595905,true,gurlitt-all-rnr-threads,rumours,1,0,0.0,0.0,0.0,0,0,0.0
graph_002376.json,536830857403961345,true,gurlitt-all-rnr-threads,rumours,1,0,0.0,0.0,0.0,0,0,0.0
graph_002377.json,536830979714056192,non-rumour,gurlitt-all-rnr-threads,non-rumours,1,0,0.0,0.0,0.0,0,0,0.0
graph_002378.json,536831367959420929,true,gurlitt-all-rnr-threads,rumours,2,1,305.0,305.0,0.0032786885245901,1,1,1.0
graph_002379.json,536831866721280000,true,gurlitt-all-rnr-threads,rumours,1,0,0.0,0.0,0.0,0,0,0.0
graph_002380.json,536831867329466369,true,gurlitt-all-rnr-threads,rumours,1,0,0.0,0.0,0.0,0,0,0.0
graph_002381.json,536832547062165504,true,gurlitt-all-rnr-threads,rumours,1,0,0.0,0.0,0.0,0,0,0.0
graph_002382.json,536833104280055808,true,gurlitt-all-rnr-threads,rumours,1,0,0.0,0.0,0.0,0,0,0.0
graph_002383.json,536833763326820352,true,gurlitt-all-rnr-threads,rumours,1,0,0.0,0.0,0.0,0,0,0.0
graph_002384.json,536834351246225408,true,gurlitt-all-rnr-threads,rumours,1,0,0.0,0.0,0.0,0,0,0.0
graph_002385.json,536835011941396481,true,gurlitt-all-rnr-threads,rumours,1,0,0.0,0.0,0.0,0,0,0.0
graph_002386.json,536835327584141312,true,gurlitt-all-rnr-threads,rumours,2,1,1195.0,1195.0,0.000836820083682,1,1,1.0
graph_002387.json,536835870293512192,non-rumour,gurlitt-all-rnr-threads,non-rumours,1,0,0.0,0.0,0.0,0,0,0.0
graph_002388.json,536835870897479680,non-rumour,gurlitt-all-rnr-threads,non-rumours,1,0,0.0,0.0,0.0,0,0,0.0
graph_002389.json,536836468816498688,non-rumour,gurlitt-all-rnr-threads,non-rumours,1,0,0.0,0.0,0.0,0,0,0.0
graph_002390.json,536836469542105088,non-rumour,gurlitt-all-rnr-threads,non-rumours,1,0,0.0,0.0,0.0,0,0,0.0
graph_002391.json,536836675226177538,true,gurlitt-all-rnr-threads,rumours,1,0,0.0,0.0,0.0,0,0,0.0
graph_002392.json,536836729190105089,true,gurlitt-all-rnr-threads,rumours,1,0,0.0,0.0,0.0,0,0,0.0
graph_002393.json,536837309078200320,true,gurlitt-all-rnr-threads,rumours,2,1,119.0,119.0,0.0084033613445378,1,1,1.0
graph_002394.json,536837509167480832,true,gurlitt-all-rnr-threads,rumours,1,0,0.0,0.0,0.0,0,0,0.0
graph_002395.json,536837810805039104,true,gurlitt-all-rnr-threads,rumours,1,0,0.0,0.0,0.0,0,0,0.0
graph_002396.json,536839580419231745,true,gurlitt-all-rnr-threads,rumours,1,0,0.0,0.0,0.0,0,0,0.0
graph_002397.json,536841860049043457,true,gurlitt-all-rnr-threads,rumours,1,0,0.0,0.0,0.0,0,0,0.0
graph_002398.json,536842041586876416,true,gurlitt-all-rnr-threads,rumours,1,0,0.0,0.0,0.0,0,0,0.0
graph_002399.json,536842936667750402,true,gurlitt-all-rnr-threads,rumours,1,0,0.0,0.0,0.0,0,0,0.0
graph_002400.json,536843350281060353,true,gurlitt-all-rnr-threads,rumours,1,0,0.0,0.0,0.0,0,0,0.0
graph_002401.json,536844180887449600,true,gurlitt-all-rnr-threads,rumours,1,0,0.0,0.0,0.0,0,0,0.0
graph_002402.json,536844209982959616,true,gurlitt-all-rnr-threads,rumours,1,0,0.0,0.0,0.0,0,0,0.0
graph_002403.json,536844214202400768,true,gurlitt-all-rnr-threads,rumours,1,0,0.0,0.0,0.0,0,0,0.0
graph_002404.json,536844329000906752,true,gurlitt-all-rnr-threads,rumours,1,0,0.0,0.0,0.0,0,0,0.0
graph_002405.json,536844860058529792,true,gurlitt-all-rnr-threads,rumours,1,0,0.0,0.0,0.0,0,0,0.0
graph_002406.json,536844922088091648,true,gurlitt-all-rnr-threads,rumours,1,0,0.0,0.0,0.0,0,0,0.0
graph_002407.json,536844923774205952,true,gurlitt-all-rnr-threads,rumours,1,0,0.0,0.0,0.0,0,0,0.0
graph_002408.json,536845577938432000,true,gurlitt-all-rnr-threads,rumours,1,0,0.0,0.0,0.0,0,0,0.0
graph_002409.json,536845700835733504,true,gurlitt-all-rnr-threads,rumours,1,0,0.0,0.0,0.0,0,0,0.0
graph_002410.json,536845753394536448,true,gurlitt-all-rnr-threads,rumours,1,0,0.0,0.0,0.0,0,0,0.0
graph_002411.json,536846436537999360,true,gurlitt-all-rnr-threads,rumours,1,0,0.0,0.0,0.0,0,0,0.0
graph_002412.json,536847243631149056,true,gurlitt-all-rnr-threads,rumours,1,0,0.0,0.0,0.0,0,0,0.0
graph_002413.json,536847375802052609,true,gurlitt-all-rnr-threads,rumours,1,0,0.0,0.0,0.0,0,0,0.0
graph_002414.json,536848134681690112,true,gurlitt-all-rnr-threads,rumours,1,0,0.0,0.0,0.0,0,0,0.0
graph_002415.json,536848139836481536,true,gurlitt-all-rnr-threads,rumours,1,0,0.0,0.0,0.0,0,0,0.0
graph_002416.json,536848241556721665,true,gurlitt-all-rnr-threads,rumours,2,1,1614.0,1614.0,0.0006195786864931,1,1,1.0
graph_002417.json,536848662135980032,true,gurlitt-all-rnr-threads,rumours,1,0,0.0,0.0,0.0,0,0,0.0
graph_002418.json,536848962775678976,true,gurlitt-all-rnr-threads,rumours,2,1,2890.0,2890.0,0.0003460207612456,1,1,1.0
graph_002419.json,544266241511133186,non-rumour,sydneysiege-all-rnr-threads,non-rumours,8,7,6800.0,912.0,0.0010294117647058,1,7,7.0
graph_002420.json,544267656597995521,false,sydneysiege-all-rnr-threads,rumours,26,25,5664.0,357.0,0.0044138418079096,6,13,2.5
graph_002421.json,544268186292867072,true,sydneysiege-all-rnr-threads,rumours,20,19,8746.0,769.0,0.0021724216784815,9,6,1.5833333333333333
graph_002422.json,544268637134393344,false,sydneysiege-all-rnr-threads,rumours,19,17,3098.0,98.0,0.0058102001291155,2,16,8.5
graph_002423.json,544268732046913536,true,sydneysiege-all-rnr-threads,rumours,9,8,10244.0,38.0,0.0007809449433814,3,6,2.6666666666666665
graph_002424.json,544268900351766528,non-rumour,sydneysiege-all-rnr-threads,non-rumours,9,8,28953.0,512.0,0.0002763098815321,4,5,2.0
graph_002425.json,544269221564137472,false,sydneysiege-all-rnr-threads,rumours,24,23,2145.0,335.0,0.0107226107226107,5,15,2.5555555555555554
graph_002426.json,544269749405097984,true,sydneysiege-all-rnr-threads,rumours,16,15,2587.0,189.0,0.0057982218786238,2,14,7.5
graph_002427.json,544269997745242112,false,sydneysiege-all-rnr-threads,rumours,27,26,14195.0,185.0,0.0018316308559351,8,9,1.7333333333333334
graph_002428.json,544270745744846848,false,sydneysiege-all-rnr-threads,rumours,18,17,77937.0,73.0,0.0002181248957491,1,17,17.0
graph_002429.json,544271069146656768,false,sydneysiege-all-rnr-threads,rumours,13,12,34095.0,214.0,0.0003519577650681,3,9,3.0
graph_002430.json,544271185903484929,true,sydneysiege-all-rnr-threads,rumours,5,4,18247.0,116.0,0.0002192141173891,1,4,4.0
graph_002431.json,544271284796784640,true,sydneysiege-all-rnr-threads,rumours,9,8,1974.0,94.0,0.0040526849037487,1,8,8.0
graph_002432.json,544271362022338560,true,sydneysiege-all-rnr-threads,rumours,19,17,3859.0,317.0,0.004664420834413,11,7,1.5454545454545454
graph_002433.json,544271743331078144,true,sydneysiege-all-rnr-threads,rumours,35,34,7924.0,28.0,0.0042907622412922,7,10,1.7
graph_002434.json,544271815007145984,false,sydneysiege-all-rnr-threads,rumours,22,21,44575.0,122.0,0.0004711160964666,5,9,1.9090909090909092
graph_002435.json,544271815044894720,false,sydneysiege-all-rnr-threads,rumours,11,10,37439.0,672.0,0.0002671011512059,3,7,2.5
graph_002436.json,544272134764122112,true,sydneysiege-all-rnr-threads,rumours,18,15,12775.0,26.0,0.00133072407045,3,12,5.0
graph_002437.json,544272155144646656,false,sydneysiege-all-rnr-threads,rumours,18,17,1926.0,19.0,0.0088265835929387,2,13,3.4
graph_002438.json,544272537341812736,false,sydneysiege-all-rnr-threads,rumours,22,12,68499.0,77.0,0.0003065738185958,3,9,3.0
graph_002439.json,544272561266503681,true,sydneysiege-all-rnr-threads,rumours,10,9,3581.0,261.0,0.0025132644512705,1,9,9.0
graph_002440.json,544272701108797440,false,sydneysiege-all-rnr-threads,rumours,11,10,2553.0,101.0,0.0039169604386995,3,6,3.3333333333333335
graph_002441.json,544273050188148736,false,sydneysiege-all-rnr-threads,rumours,20,19,8294.0,264.0,0.0022908126356402,4,14,3.1666666666666665
graph_002442.json,544273220128739329,false,sydneysiege-all-rnr-threads,rumours,40,39,12143.0,9.0,0.0032117269208597,18,10,1.5
graph_002443.json,544273256174198785,true,sydneysiege-all-rnr-threads,rumours,38,37,74543.0,98.0,0.0004963578069033,7,12,1.761904761904762
graph_002444.json,544273427075710976,false,sydneysiege-all-rnr-threads,rumours,23,22,6880.0,43.0,0.0031976744186046,2,17,4.4
graph_002445.json,544273459199893505,true,sydneysiege-all-rnr-threads,rumours,26,24,6833.0,20.0,0.0036587150592711,6,11,2.1818181818181817
graph_002446.json,544273563872538624,false,sydneysiege-all-rnr-threads,rumours,11,10,61424.0,69.0,0.0001628028132326,2,9,5.0
graph_002447.json,544273885437652992,false,sydneysiege-all-rnr-threads,rumours,8,7,5464.0,1209.0,0.0012811127379209,1,7,7.0
graph_002448.json,544273888725577729,true,sydneysiege-all-rnr-threads,rumours,18,17,1174.0,41.0,0.014480408858603,7,11,2.4285714285714284
graph_002449.json,544274364288364544,false,sydneysiege-all-rnr-threads,rumours,12,11,57706.0,92.0,0.0001906214258482,3,7,2.75
graph_002450.json,544274544174071809,false,sydneysiege-all-rnr-threads,rumours,31,30,7367.0,98.0,0.0040722139269716,6,7,2.142857142857143
graph_002451.json,544274585697280000,true,sydneysiege-all-rnr-threads,rumours,4,3,619.0,39.0,0.0048465266558966,1,3,3.0
graph_002452.json,544274757689307136,unverified,sydneysiege-all-rnr-threads,rumours,21,20,4641.0,198.0,0.0043094160741219,5,12,2.857142857142857
graph_002453.json,544274797640044544,non-rumour,sydneysiege-all-rnr-threads,non-rumours,11,10,6703.0,50.0,0.0014918693122482,2,9,5.0
graph_002454.json,544274879055675392,true,sydneysiege-all-rnr-threads,rumours,19,16,29970.0,30.0,0.0006006006006006,4,10,2.2857142857142856
graph_002455.json,544274934835707905,true,sydneysiege-all-rnr-threads,rumours,42,41,10880.0,48.0,0.0037683823529411,10,8,1.4642857142857142
graph_002456.json,544275138712469504,false,sydneysiege-all-rnr-threads,rumours,25,24,43734.0,18.0,0.0005487721223761,5,13,2.0
graph_002457.json,544275574642835456,non-rumour,sydneysiege-all-rnr-threads,non-rumours,23,22,9180.0,132.0,0.00239651416122,8,11,2.4444444444444446
graph_002458.json,544275597464444929,true,sydneysiege-all-rnr-threads,rumours,3,2,873.0,825.0,0.0022909507445589,1,2,2.0
graph_002459.json,544275733607366656,non-rumour,sydneysiege-all-rnr-threads,non-rumours,50,48,45873.0,77.0,0.0010681664595731,7,8,1.7777777777777777
graph_002460.json,544276027644850176,non-rumour,sydneysiege-all-rnr-threads,non-rumours,49,48,50620.0,99.0,0.0009482418016594,10,12,2.2857142857142856
graph_002461.json,544276998017646593,false,sydneysiege-all-rnr-threads,rumours,21,20,914.0,58.0,0.0218818380743982,3,17,6.666666666666667
graph_002462.json,544277113683980288,true,sydneysiege-all-rnr-threads,rumours,23,19,5830.0,96.0,0.0037735849056603,2,14,3.8
graph_002463.json,544277117039837184,true,sydneysiege-all-rnr-threads,rumours,31,30,43668.0,57.0,0.0006870019236053,5,16,2.5
graph_002464.json,544277336422486016,true,sydneysiege-all-rnr-threads,rumours,20,19,1633.0,181.0,0.0116350275566442,3,16,4.75
graph_002465.json,544277516773380097,true,sydneysiege-all-rnr-threads,rumours,21,20,28835.0,246.0,0.0006936015259233,8,12,2.2222222222222223
graph_002466.json,544277526248304640,true,sydneysiege-all-rnr-threads,rumours,31,30,4148.0,25.0,0.0072324011571841,8,10,2.142857142857143
graph_002467.json,544277607723048961,non-rumour,sydneysiege-all-rnr-threads,non-rumours,11,10,1838.0,368.0,0.0054406964091403,3,7,3.3333333333333335
graph_002468.json,544277650714677249,true,sydneysiege-all-rnr-threads,rumours,13,12,17468.0,74.0,0.0006869704602702,3,8,3.0
graph_002469.json,544277728930062336,false,sydneysiege-all-rnr-threads,rumours,34,33,2418.0,11.0,0.0136476426799007,8,12,1.65
graph_002470.json,544277817987330049,true,sydneysiege-all-rnr-threads,rumours,19,18,62018.0,62.0,0.0002902383179077,2,17,9.0
graph_002471.json,544277852968210432,false,sydneysiege-all-rnr-threads,rumours,12,11,31939.0,74.0,0.0003444065249381,3,9,3.6666666666666665
graph_002472.json,544277860555710464,false,sydneysiege-all-rnr-threads,rumours,15,14,39810.0,40.0,0.0003516704345641,9,4,1.4
graph_002473.json,544278202743402496,non-rumour,sydneysiege-all-rnr-threads,non-rumours,12,11,5170.0,207.0,0.002127659574468,4,5,1.5714285714285714
graph_002474.json,544278335455776769,true,sydneysiege-all-rnr-threads,rumours,19,16,403.0,25.0,0.0446650124069478,2,14,5.333333333333333
graph_002475.json,544278913883447298,false,sydneysiege-all-rnr-threads,rumours,23,22,125429.0,40.0,0.0001753980339474,4,14,3.142857142857143
graph_002476.json,544278985249550337,true,sydneysiege-all-rnr-threads,rumours,19,18,97367.0,97.0,0.0001848675629319,2,16,9.0
graph_002477.json,544279103864860674,false,sydneysiege-all-rnr-threads,rumours,22,21,3711.0,34.0,0.0056588520614389,5,16,3.5
graph_002478.json,544279262547935232,false,sydneysiege-all-rnr-threads,rumours,11,10,1378.0,72.0,0.0072568940493468,5,6,2.0
graph_002479.json,544279603259248640,non-rumour,sydneysiege-all-rnr-threads,non-rumours,4,3,14418.0,455.0,0.0002080732417811,1,3,3.0
graph_002480.json,544279776765431809,false,sydneysiege-all-rnr-threads,rumours,14,13,2920.0,157.0,0.0044520547945205,4,10,3.25
graph_002481.json,544279945128591360,false,sydneysiege-all-rnr-threads,rumours,19,18,37845.0,354.0,0.000475624256837,3,10,2.5714285714285716
graph_002482.json,544279950929321984,non-rumour,sydneysiege-all-rnr-threads,non-rumours,21,20,2886.0,64.0,0.0069300069300069,2,19,10.0
graph_002483.json,544280077778055168,true,sydneysiege-all-rnr-threads,rumours,24,22,227541.0,84.0,0.0001010806843601,8,12,2.4444444444444446
graph_002484.json,544280217104031744,false,sydneysiege-all-rnr-threads,rumours,9,8,11303.0,41.0,0.0007077766964522,1,8,8.0
graph_002485.json,544280391226761218,non-rumour,sydneysiege-all-rnr-threads,non-rumours,24,22,2208.0,34.0,0.0104166666666666,5,9,2.0
graph_002486.json,544280397472088064,unverified,sydneysiege-all-rnr-threads,rumours,11,10,13963.0,346.0,0.0007161784716751,3,6,3.3333333333333335
graph_002487.json,544280399044960256,true,sydneysiege-all-rnr-threads,rumours,16,15,15776.0,77.0,0.0009508113590263,4,11,3.0
graph_002488.json,544280516821024769,true,sydneysiege-all-rnr-threads,rumours,10,9,133293.0,107.0,6.752042492854089e-05,3,7,3.0
graph_002489.json,544280617160949760,non-rumour,sydneysiege-all-rnr-threads,non-rumours,74,73,41051.0,93.0,0.0017782758032691,19,8,1.738095238095238
graph_002490.json,544280650455728129,non-rumour,sydneysiege-all-rnr-threads,non-rumours,13,12,3109.0,148.0,0.0038597619813444,2,9,4.0
graph_002491.json,544280707800264704,unverified,sydneysiege-all-rnr-threads,rumours,10,9,85581.0,119.0,0.000105163529288,2,8,4.5
graph_002492.json,544280739290677249,true,sydneysiege-all-rnr-threads,rumours,1,0,0.0,0.0,0.0,0,0,0.0
graph_002493.json,544280765111218176,true,sydneysiege-all-rnr-threads,rumours,21,20,8329.0,45.0,0.0024012486492976,5,15,4.0
graph_002494.json,544280873806610433,unverified,sydneysiege-all-rnr-threads,rumours,7,6,772.0,45.0,0.0077720207253886,2,5,3.0
graph_002495.json,544280923923959808,false,sydneysiege-all-rnr-threads,rumours,14,13,9835.0,207.0,0.0013218098627351,2,6,4.333333333333333
graph_002496.json,544280929154637825,non-rumour,sydneysiege-all-rnr-threads,non-rumours,10,9,2951.0,63.0,0.0030498136225008,1,9,9.0
graph_002497.json,544281012708970497,non-rumour,sydneysiege-all-rnr-threads,non-rumours,2,1,584.0,584.0,0.0017123287671232,1,1,1.0
graph_002498.json,544281014768795649,unverified,sydneysiege-all-rnr-threads,rumours,7,6,774.0,92.0,0.0077519379844961,3,4,2.0
graph_002499.json,544281235271745537,false,sydneysiege-all-rnr-threads,rumours,35,31,7653.0,363.0,0.0044427022082843,10,9,1.8235294117647056
graph_002500.json,544281589749137408,false,sydneysiege-all-rnr-threads,rumours,15,14,62403.0,184.0,0.0002243481883883,3,10,2.8
graph_002501.json,544281591833317377,false,sydneysiege-all-rnr-threads,rumours,8,7,4377.0,68.0,0.0015992689056431,1,7,7.0
graph_002502.json,544281689233850370,true,sydneysiege-all-rnr-threads,rumours,19,17,3027.0,68.0,0.0059464816650148,2,14,4.25
graph_002503.json,544282005941530624,true,sydneysiege-all-rnr-threads,rumours,15,14,12341.0,101.0,0.0011344299489506,5,10,2.8
graph_002504.json,544282015487787008,non-rumour,sydneysiege-all-rnr-threads,non-rumours,39,38,66544.0,1551.0,0.0005710507333493,8,5,1.52
graph_002505.json,544282127404388353,unverified,sydneysiege-all-rnr-threads,rumours,6,4,109011.0,263.0,4.586693086018842e-05,1,4,4.0
graph_002506.json,544282227035869184,true,sydneysiege-all-rnr-threads,rumours,19,15,694.0,23.0,0.0259365994236311,2,14,7.5
graph_002507.json,544282250503012352,non-rumour,sydneysiege-all-rnr-threads,non-rumours,20,19,1334.0,30.0,0.0142428785607196,2,18,9.5
graph_002508.json,544282355989753857,true,sydneysiege-all-rnr-threads,rumours,22,21,389.0,40.0,0.0539845758354755,4,14,3.0
graph_002509.json,544282393801007104,non-rumour,sydneysiege-all-rnr-threads,non-rumours,71,70,317867.0,37.0,0.0002202178898721,16,12,1.794871794871795
graph_002510.json,544282449388519424,true,sydneysiege-all-rnr-threads,rumours,29,28,12109.0,37.0,0.0023123296721446,12,16,2.1538461538461537
graph_002511.json,544282714237448192,non-rumour,sydneysiege-all-rnr-threads,non-rumours,8,7,9067.0,151.0,0.0007720304400573,1,7,7.0
graph_002512.json,544282877278814208,false,sydneysiege-all-rnr-threads,rumours,38,36,4878.0,88.0,0.0075850758507585,19,12,1.7142857142857142
graph_002513.json,544283374911627264,non-rumour,sydneysiege-all-rnr-threads,non-rumours,72,71,84733.0,126.0,0.0008379261916844,18,19,1.7317073170731707
graph_002514.json,544283387087691776,unverified,sydneysiege-all-rnr-threads,rumours,26,9,8522.0,400.0,0.0029335836658061,3,4,2.25
graph_002515.json,544283714751328256,non-rumour,sydneysiege-all-rnr-threads,non-rumours,79,73,56514.0,58.0,0.0013801889797218,10,9,1.738095238095238
graph_002516.json,544283745939767296,true,sydneysiege-all-rnr-threads,rumours,4,3,16884.0,483.0,0.0001776830135039,1,3,3.0
graph_002517.json,544283772569788416,true,sydneysiege-all-rnr-threads,rumours,20,19,7863.0,71.0,0.0024163805163423,2,17,6.333333333333333
graph_002518.json,544284078330376192,true,sydneysiege-all-rnr-threads,rumours,13,12,33067.0,19.0,0.0003628995675446,1,12,12.0
graph_002519.json,544284455909998592,true,sydneysiege-all-rnr-threads,rumours,23,22,4364.0,263.0,0.0050412465627864,8,5,1.8333333333333333
graph_002520.json,544284483453595648,non-rumour,sydneysiege-all-rnr-threads,non-rumours,19,18,37861.0,93.0,0.0004754232587623,2,13,3.6
graph_002521.json,544284526684286976,non-rumour,sydneysiege-all-rnr-threads,non-rumours,32,31,9632.0,28.0,0.0032184385382059,5,19,3.4444444444444446
graph_002522.json,544284577318318080,true,sydneysiege-all-rnr-threads,rumours,15,14,5135.0,60.0,0.0027263875365141,1,14,14.0
graph_002523.json,544284599996526592,non-rumour,sydneysiege-all-rnr-threads,non-rumours,18,17,10734.0,125.0,0.0015837525619526,2,15,5.666666666666667
graph_002524.json,544284823041212416,false,sydneysiege-all-rnr-threads,rumours,11,6,7451.0,39.0,0.0013421017313112,2,5,3.0
graph_002525.json,544284859628523521,unverified,sydneysiege-all-rnr-threads,rumours,16,15,8089.0,25.0,0.0018543701322784,2,12,3.75
graph_002526.json,544284957766463488,true,sydneysiege-all-rnr-threads,rumours,12,11,2918.0,498.0,0.0037697052775873,5,5,1.5714285714285714
graph_002527.json,544285194815942657,false,sydneysiege-all-rnr-threads,rumours,14,13,11593.0,48.0,0.0011213663417579,2,12,6.5
graph_002528.json,544285213891629056,non-rumour,sydneysiege-all-rnr-threads,non-rumours,3,2,23443.0,2351.0,8.531331314251589e-05,1,2,2.0
graph_002529.json,544285245600989184,true,sydneysiege-all-rnr-threads,rumours,27,26,87346.0,27.0,0.0002976667506239,2,15,5.2
graph_002530.json,544285296565948416,true,sydneysiege-all-rnr-threads,rumours,32,31,60243.0,81.0,0.0005145826071078,8,7,2.066666666666667
graph_002531.json,544285508441231361,false,sydneysiege-all-rnr-threads,rumours,20,19,7486.0,94.0,0.0025380710659898,2,17,6.333333333333333
graph_002532.json,544285712653500419,true,sydneysiege-all-rnr-threads,rumours,29,28,5715.0,40.0,0.0048993875765529,11,5,1.3333333333333333
graph_002533.json,544285819108741120,true,sydneysiege-all-rnr-threads,rumours,9,8,2769.0,148.0,0.002889129649693,1,8,8.0
graph_002534.json,544286172109758464,true,sydneysiege-all-rnr-threads,rumours,23,22,11616.0,88.0,0.0018939393939393,6,12,2.2
graph_002535.json,544286537299787777,true,sydneysiege-all-rnr-threads,rumours,19,18,60150.0,70.0,0.0002992518703241,1,18,18.0
graph_002536.json,544286686142685184,false,sydneysiege-all-rnr-threads,rumours,16,15,19110.0,49.0,0.0007849293563579,2,12,5.0
graph_002537.json,544286688436969472,non-rumour,sydneysiege-all-rnr-threads,non-rumours,134,133,82347.0,4.0,0.0016151165191203,19,19,1.5465116279069768
graph_002538.json,544286724831318017,non-rumour,sydneysiege-all-rnr-threads,non-rumours,10,9,700.0,45.0,0.0128571428571428,1,9,9.0
graph_002539.json,544286833362747392,non-rumour,sydneysiege-all-rnr-threads,non-rumours,18,17,25668.0,1222.0,0.0006623032569736,4,11,2.8333333333333335
graph_002540.json,544287083343671296,true,sydneysiege-all-rnr-threads,rumours,5,4,29035.0,127.0,0.0001377647666609,1,4,4.0
graph_002541.json,544287165912735744,true,sydneysiege-all-rnr-threads,rumours,19,18,7438.0,38.0,0.0024200053777897,4,11,3.0
graph_002542.json,544287203728556032,unverified,sydneysiege-all-rnr-threads,rumours,37,36,53867.0,133.0,0.0006683126960848,7,11,1.894736842105263
graph_002543.json,544287209730236416,unverified,sydneysiege-all-rnr-threads,rumours,11,10,12156.0,1104.0,0.0008226390259953,2,7,2.5
graph_002544.json,544287252306997249,false,sydneysiege-all-rnr-threads,rumours,12,11,7095.0,60.0,0.0015503875968992,2,10,5.5
graph_002545.json,544287332061298688,non-rumour,sydneysiege-all-rnr-threads,non-rumours,4,3,9975.0,728.0,0.0003007518796992,1,3,3.0
graph_002546.json,544287425380360193,true,sydneysiege-all-rnr-threads,rumours,2,1,2231.0,2231.0,0.0004482294935006,1,1,1.0
graph_002547.json,544287499397242880,true,sydneysiege-all-rnr-threads,rumours,6,5,3609.0,439.0,0.0013854253255749,1,5,5.0
graph_002548.json,544287796719288321,false,sydneysiege-all-rnr-threads,rumours,11,10,15496.0,75.0,0.0006453278265358,3,7,2.5
graph_002549.json,544287815790755840,true,sydneysiege-all-rnr-threads,rumours,10,7,21305.0,66.0,0.000422436047876,1,7,7.0
graph_002550.json,544287902079803392,non-rumour,sydneysiege-all-rnr-threads,non-rumours,11,10,158043.0,93.0,6.327391912327658e-05,2,7,3.3333333333333335
graph_002551.json,544287922166726657,false,sydneysiege-all-rnr-threads,rumours,55,54,3910.0,140.0,0.0138107416879795,18,5,1.6875
graph_002552.json,544287991959539713,true,sydneysiege-all-rnr-threads,rumours,3,2,904.0,255.0,0.0022123893805309,1,2,2.0
graph_002553.json,544288009747566592,non-rumour,sydneysiege-all-rnr-threads,non-rumours,18,16,5471.0,61.0,0.0031072929994516,2,15,8.0
graph_002554.json,544288135564107776,false,sydneysiege-all-rnr-threads,rumours,19,18,37006.0,46.0,0.0004864076095768,3,16,6.0
graph_002555.json,544288302254137345,non-rumour,sydneysiege-all-rnr-threads,non-rumours,3,2,46737.0,51.0,4.279264822303528e-05,2,1,1.0
graph_002556.json,544288661253398528,false,sydneysiege-all-rnr-threads,rumours,49,48,4713.0,2219.0,0.0101845957988542,19,3,1.3714285714285714
graph_002557.json,544288681021145090,false,sydneysiege-all-rnr-threads,rumours,18,17,2617.0,29.0,0.0064959877722583,2,15,8.5
graph_002558.json,544288773023203328,true,sydneysiege-all-rnr-threads,rumours,15,14,24312.0,240.0,0.0005758473181967,4,8,2.8
graph_002559.json,544288799711592448,true,sydneysiege-all-rnr-threads,rumours,6,5,3473.0,68.0,0.0014396775122372,1,5,5.0
graph_002560.json,544288856263360512,non-rumour,sydneysiege-all-rnr-threads,non-rumours,10,9,70402.0,135.0,0.00012783727735,2,8,4.5
graph_002561.json,544288968624578560,non-rumour,sydneysiege-all-rnr-threads,non-rumours,26,25,5730.0,72.0,0.0043630017452006,9,12,2.0833333333333335
graph_002562.json,544289311504355328,true,sydneysiege-all-rnr-threads,rumours,3,2,2578.0,935.0,0.0007757951900698,1,2,2.0
graph_002563.json,544289409294553088,true,sydneysiege-all-rnr-threads,rumours,12,11,28253.0,26.0,0.0003893391852192,2,10,5.5
graph_002564.json,544289448150986752,true,sydneysiege-all-rnr-threads,rumours,16,14,1676.0,191.0,0.0089498806682577,3,8,2.0
graph_002565.json,544289880805605376,true,sydneysiege-all-rnr-threads,rumours,21,20,22498.0,54.0,0.0008889679082585,3,9,2.2222222222222223
graph_002566.json,544289941996326912,true,sydneysiege-all-rnr-threads,rumours,5,4,27033.0,342.0,0.0001479672992268,1,4,4.0
graph_002567.json,544290258951892992,true,sydneysiege-all-rnr-threads,rumours,11,10,2282.0,23.0,0.0043821209465381,1,10,10.0
graph_002568.json,544290611856408576,false,sydneysiege-all-rnr-threads,rumours,16,15,9116.0,24.0,0.0016454585344449,2,13,5.0
graph_002569.json,544290646010261504,true,sydneysiege-all-rnr-threads,rumours,14,13,5807.0,24.0,0.00223867745824,2,12,6.5
graph_002570.json,544290752533393408,true,sydneysiege-all-rnr-threads,rumours,32,31,15136.0,29.0,0.0020480972515856,6,14,1.8235294117647056
graph_002571.json,544290780991725568,false,sydneysiege-all-rnr-threads,rumours,12,11,11832.0,141.0,0.0009296822177146,2,8,2.75
graph_002572.json,544290967369428992,non-rumour,sydneysiege-all-rnr-threads,non-rumours,34,32,9445.0,335.0,0.0034939121228163,7,15,2.2857142857142856
graph_002573.json,544290995462889472,non-rumour,sydneysiege-all-rnr-threads,non-rumours,19,18,11766.0,28.0,0.0015298317185109,2,17,9.0
graph_002574.json,544291619084959744,true,sydneysiege-all-rnr-threads,rumours,16,15,1001.0,31.0,0.0149850149850149,3,13,5.0
graph_002575.json,544291804057960448,true,sydneysiege-all-rnr-threads,rumours,11,10,57834.0,76.0,0.0001729086696406,1,10,10.0
graph_002576.json,544291829290508289,true,sydneysiege-all-rnr-threads,rumours,15,14,66233.0,76.0,0.0002113749943381,3,11,3.5
graph_002577.json,544291853227786240,non-rumour,sydneysiege-all-rnr-threads,non-rumours,52,51,40257.0,64.0,0.0012668604217899,12,13,2.125
graph_002578.json,544291965513134080,true,sydneysiege-all-rnr-threads,rumours,25,23,1353.0,36.0,0.0177383592017738,3,15,4.6
graph_002579.json,544291966536523776,non-rumour,sydneysiege-all-rnr-threads,non-rumours,10,9,2394.0,55.0,0.0037593984962406,2,8,4.5
graph_002580.json,544292129972170752,false,sydneysiege-all-rnr-threads,rumours,15,14,1598.0,32.0,0.0087609511889862,9,5,1.5555555555555556
graph_002581.json,544292146342531072,true,sydneysiege-all-rnr-threads,rumours,9,8,3989.0,29.0,0.0020055151667084,2,7,4.0
graph_002582.json,544292342430449664,non-rumour,sydneysiege-all-rnr-threads,non-rumours,17,16,1402.0,15.0,0.0114122681883024,4,9,2.6666666666666665
graph_002583.json,544292670336925696,false,sydneysiege-all-rnr-threads,rumours,7,6,2653.0,20.0,0.0022615906520919,1,6,6.0
graph_002584.json,544292798887784449,non-rumour,sydneysiege-all-rnr-threads,non-rumours,10,9,13235.0,139.0,0.0006800151114469,4,6,2.25
graph_002585.json,544292910578278400,false,sydneysiege-all-rnr-threads,rumours,10,9,9126.0,23.0,0.0009861932938856,1,9,9.0
graph_002586.json,544293021995393024,non-rumour,sydneysiege-all-rnr-threads,non-rumours,24,23,23788.0,45.0,0.0009668740541449,5,5,1.9166666666666667
graph_002587.json,544293069957259264,non-rumour,sydneysiege-all-rnr-threads,non-rumours,12,11,39484.0,53.0,0.0002785938608043,2,9,5.5
graph_002588.json,544293177596067840,non-rumour,sydneysiege-all-rnr-threads,non-rumours,20,19,15321.0,54.0,0.0012401279289863,1,19,19.0
graph_002589.json,544293261506928640,non-rumour,sydneysiege-all-rnr-threads,non-rumours,6,5,11019.0,519.0,0.0004537616843633,1,5,5.0
graph_002590.json,544293291785596928,false,sydneysiege-all-rnr-threads,rumours,1,0,0.0,0.0,0.0,0,0,0.0
graph_002591.json,544293694166536192,true,sydneysiege-all-rnr-threads,rumours,10,9,41315.0,93.0,0.0002178385574246,1,9,9.0
graph_002592.json,544293716140126208,non-rumour,sydneysiege-all-rnr-threads,non-rumours,11,10,2499.0,562.0,0.0040016006402561,2,5,3.3333333333333335
graph_002593.json,544293739221368832,non-rumour,sydneysiege-all-rnr-threads,non-rumours,4,3,4636.0,196.0,0.0006471095772217,1,3,3.0
graph_002594.json,544293753130082305,false,sydneysiege-all-rnr-threads,rumours,11,10,24174.0,59.0,0.0004136675767353,4,7,2.5
graph_002595.json,544293770926120960,non-rumour,sydneysiege-all-rnr-threads,non-rumours,8,7,5741.0,97.0,0.0012192997735586,2,6,3.5
graph_002596.json,544293783702364162,true,sydneysiege-all-rnr-threads,rumours,9,8,5125.0,108.0,0.001560975609756,1,8,8.0
graph_002597.json,544294274674593792,non-rumour,sydneysiege-all-rnr-threads,non-rumours,10,9,1376.0,73.0,0.0065406976744186,2,8,4.5
graph_002598.json,544294402366394369,false,sydneysiege-all-rnr-threads,rumours,17,15,44474.0,282.0,0.0003597607590952,3,11,5.0
graph_002599.json,544294618758520832,non-rumour,sydneysiege-all-rnr-threads,non-rumours,16,15,8633.0,102.0,0.0017375188231205,4,10,2.5
graph_002600.json,544294639805923328,true,sydneysiege-all-rnr-threads,rumours,5,4,780.0,131.0,0.0051282051282051,1,4,4.0
graph_002601.json,544294692456628224,true,sydneysiege-all-rnr-threads,rumours,20,19,3142.0,143.0,0.0060471037555697,6,6,3.1666666666666665
graph_002602.json,544294794139533313,true,sydneysiege-all-rnr-threads,rumours,20,19,2260.0,65.0,0.0084070796460176,5,9,1.9
graph_002603.json,544294890343915520,non-rumour,sydneysiege-all-rnr-threads,non-rumours,7,6,1225.0,128.0,0.0048979591836734,1,6,6.0
graph_002604.json,544294893146091520,true,sydneysiege-all-rnr-threads,rumours,29,28,7152.0,154.0,0.0039149888143176,4,13,3.111111111111111
graph_002605.json,544295667112230912,non-rumour,sydneysiege-all-rnr-threads,non-rumours,1,0,0.0,0.0,0.0,0,0,0.0
graph_002606.json,544295871592951808,non-rumour,sydneysiege-all-rnr-threads,non-rumours,11,10,12211.0,29.0,0.0008189337482597,2,9,5.0
graph_002607.json,544295960449265664,non-rumour,sydneysiege-all-rnr-threads,non-rumours,4,3,5782.0,436.0,0.0005188516084399,1,3,3.0
graph_002608.json,544296007589433344,false,sydneysiege-all-rnr-threads,rumours,5,4,3237.0,334.0,0.0012357120790855,2,3,2.0
graph_002609.json,544296096244441089,true,sydneysiege-all-rnr-threads,rumours,6,5,1844.0,42.0,0.0027114967462039,2,4,2.5
graph_002610.json,544296158206894081,true,sydneysiege-all-rnr-threads,rumours,8,7,26318.0,614.0,0.0002659776578767,1,7,7.0
graph_002611.json,544296373466562560,non-rumour,sydneysiege-all-rnr-threads,non-rumours,17,16,42086.0,125.0,0.0003801739295727,1,16,16.0
graph_002612.json,544296463027961856,non-rumour,sydneysiege-all-rnr-threads,non-rumours,51,50,57128.0,62.0,0.0008752275591653,12,14,1.7857142857142858
graph_002613.json,544296465619619840,non-rumour,sydneysiege-all-rnr-threads,non-rumours,54,53,97523.0,213.0,0.0005434615424053,15,6,1.394736842105263
graph_002614.json,544296671950020609,false,sydneysiege-all-rnr-threads,rumours,10,9,4665.0,401.0,0.0019292604501607,2,8,4.5
graph_002615.json,544296672608534528,unverified,sydneysiege-all-rnr-threads,rumours,1,0,0.0,0.0,0.0,0,0,0.0
graph_002616.json,544296772592336896,true,sydneysiege-all-rnr-threads,rumours,4,3,899.0,112.0,0.0033370411568409,1,3,3.0
graph_002617.json,544296985910861824,false,sydneysiege-all-rnr-threads,rumours,10,9,2413.0,84.0,0.003729796933278,3,7,3.0
graph_002618.json,544297247567917056,non-rumour,sydneysiege-all-rnr-threads,non-rumours,17,16,81464.0,11.0,0.0001964057743297,1,16,16.0
graph_002619.json,544297331906973696,non-rumour,sydneysiege-all-rnr-threads,non-rumours,3,2,129996.0,109738.0,1.5385088771962213e-05,1,2,2.0
graph_002620.json,544297696308518912,false,sydneysiege-all-rnr-threads,rumours,24,23,86487.0,35.0,0.0002659359210054,2,17,3.8333333333333335
graph_002621.json,544297827258888192,false,sydneysiege-all-rnr-threads,rumours,23,22,79508.0,138.0,0.0002767017155506,7,10,2.2
graph_002622.json,544297950134816768,true,sydneysiege-all-rnr-threads,rumours,27,26,41258.0,73.0,0.000630180813418,5,13,2.363636363636364
graph_002623.json,544298121379852289,non-rumour,sydneysiege-all-rnr-threads,non-rumours,5,4,24922.0,239.0,0.0001605007623786,1,4,4.0
graph_002624.json,544298334354411521,non-rumour,sydneysiege-all-rnr-threads,non-rumours,33,22,7391.0,33.0,0.0043295900419429,5,9,1.8333333333333333
graph_002625.json,544298346345947136,true,sydneysiege-all-rnr-threads,rumours,19,18,19799.0,141.0,0.0009091368250921,3,14,3.6
graph_002626.json,544298354029506560,non-rumour,sydneysiege-all-rnr-threads,non-rumours,19,18,1205.0,20.0,0.0149377593360995,1,18,18.0
graph_002627.json,544298376851111936,true,sydneysiege-all-rnr-threads,rumours,11,10,24204.0,377.0,0.0004131548504379,2,7,5.0
graph_002628.json,544298507868200961,non-rumour,sydneysiege-all-rnr-threads,non-rumours,11,10,1663.0,67.0,0.0060132291040288,4,6,2.0
graph_002629.json,544298663061643264,non-rumour,sydneysiege-all-rnr-threads,non-rumours,35,34,39296.0,6.0,0.0008652280130293,3,19,2.125
graph_002630.json,544298959993200640,non-rumour,sydneysiege-all-rnr-threads,non-rumours,28,27,82683.0,1660.0,0.0003265483835855,5,14,2.4545454545454546
graph_002631.json,544299029601861632,non-rumour,sydneysiege-all-rnr-threads,non-rumours,39,38,93258.0,215.0,0.0004074717450513,7,10,2.0
graph_002632.json,544299273664593920,non-rumour,sydneysiege-all-rnr-threads,non-rumours,12,11,52896.0,138.0,0.0002079552329098,3,5,1.5714285714285714
graph_002633.json,544299439087550464,true,sydneysiege-all-rnr-threads,rumours,17,14,35183.0,9.0,0.0004547650854105,2,12,4.666666666666667
graph_002634.json,544299916252573698,non-rumour,sydneysiege-all-rnr-threads,non-rumours,116,115,46304.0,320.0,0.0024835867311679,17,8,1.5753424657534247
graph_002635.json,544300088747884544,true,sydneysiege-all-rnr-threads,rumours,19,18,2287.0,70.0,0.0078705728027984,4,13,3.6
graph_002636.json,544300178443100160,true,sydneysiege-all-rnr-threads,rumours,25,24,268512.0,256.0,8.93814801573114e-05,5,11,2.4
graph_002637.json,544300256981430272,non-rumour,sydneysiege-all-rnr-threads,non-rumours,21,17,29159.0,72.0,0.0006858945780033,8,5,1.8888888888888888
graph_002638.json,544300361360498688,true,sydneysiege-all-rnr-threads,rumours,5,4,5357.0,103.0,0.0007466865783087,2,3,2.0
graph_002639.json,544300369765859328,non-rumour,sydneysiege-all-rnr-threads,non-rumours,22,20,37298.0,71.0,0.0005630328703951,3,14,3.3333333333333335
graph_002640.json,544300674448887809,unverified,sydneysiege-all-rnr-threads,rumours,51,50,7987.0,1134.0,0.0062601727807687,19,4,1.5625
graph_002641.json,544300945820352512,true,sydneysiege-all-rnr-threads,rumours,18,17,1478.0,83.0,0.0115020297699594,3,15,5.666666666666667
graph_002642.json,544301012492632064,non-rumour,sydneysiege-all-rnr-threads,non-rumours,7,6,10290.0,444.0,0.0005830903790087,1,6,6.0
graph_002643.json,544301025079730176,non-rumour,sydneysiege-all-rnr-threads,non-rumours,20,19,570.0,81.0,0.0333333333333333,1,19,19.0
graph_002644.json,544301149348982784,non-rumour,sydneysiege-all-rnr-threads,non-rumours,47,46,34724.0,7.0,0.0013247321737127,7,19,2.3
graph_002645.json,544301235596054528,true,sydneysiege-all-rnr-threads,rumours,5,4,3031.0,123.0,0.0013196964698119,1,4,4.0
graph_002646.json,544301296099270656,false,sydneysiege-all-rnr-threads,rumours,22,21,32199.0,158.0,0.0006521941675207,2,19,7.0
graph_002647.json,544301313459101696,non-rumour,sydneysiege-all-rnr-threads,non-rumours,9,8,28063.0,394.0,0.0002850728717528,2,6,4.0
graph_002648.json,544301338935312384,non-rumour,sydneysiege-all-rnr-threads,non-rumours,23,22,435.0,19.0,0.0505747126436781,3,15,3.142857142857143
graph_002649.json,544301449845305344,non-rumour,sydneysiege-all-rnr-threads,non-rumours,35,34,9158.0,225.0,0.0037126010045861,6,10,2.0
graph_002650.json,544301453717041152,true,sydneysiege-all-rnr-threads,rumours,24,23,1731.0,46.0,0.0132871172732524,4,16,2.875
graph_002651.json,544301455952588801,true,sydneysiege-all-rnr-threads,rumours,22,21,3490.0,16.0,0.0060171919770773,3,16,3.5
graph_002652.json,544301589931241472,non-rumour,sydneysiege-all-rnr-threads,non-rumours,5,4,1226.0,182.0,0.0032626427406199,1,4,4.0
graph_002653.json,544301609472122881,non-rumour,sydneysiege-all-rnr-threads,non-rumours,14,13,3911.0,16.0,0.0033239580669905,1,13,13.0
graph_002654.json,544301624814870530,true,sydneysiege-all-rnr-threads,rumours,18,17,1645.0,71.0,0.0103343465045592,4,12,3.4
graph_002655.json,544301786849640448,false,sydneysiege-all-rnr-threads,rumours,20,18,4193.0,53.0,0.0045313617934652,1,18,18.0
graph_002656.json,544301900682629121,true,sydneysiege-all-rnr-threads,rumours,21,20,771.0,164.0,0.0259403372243839,4,11,3.3333333333333335
graph_002657.json,544301925735202816,non-rumour,sydneysiege-all-rnr-threads,non-rumours,19,18,38428.0,132.0,0.0004684084521702,3,11,2.5714285714285716
graph_002658.json,544301961638457344,non-rumour,sydneysiege-all-rnr-threads,non-rumours,20,19,116674.0,31.0,0.0001628469067658,1,19,19.0
graph_002659.json,544302448522035202,true,sydneysiege-all-rnr-threads,rumours,21,20,849.0,68.0,0.0235571260306242,5,15,4.0
graph_002660.json,544302821450207233,true,sydneysiege-all-rnr-threads,rumours,19,18,1417.0,38.0,0.0127028934368383,4,15,4.5
graph_002661.json,544302827330224128,true,sydneysiege-all-rnr-threads,rumours,16,15,3945.0,72.0,0.0038022813688212,2,14,7.5
graph_002662.json,544302851158470657,true,sydneysiege-all-rnr-threads,rumours,4,3,9323.0,83.0,0.0003217848332081,1,3,3.0
graph_002663.json,544302938374426624,false,sydneysiege-all-rnr-threads,rumours,5,4,2676.0,683.0,0.0014947683109118,2,3,2.0
graph_002664.json,544303499756855297,non-rumour,sydneysiege-all-rnr-threads,non-rumours,18,16,353.0,16.0,0.0481586402266288,1,16,16.0
graph_002665.json,544304200423723008,true,sydneysiege-all-rnr-threads,rumours,3,2,11855.0,193.0,0.0001687051876845,1,2,2.0
graph_002666.json,544304298243653632,true,sydneysiege-all-rnr-threads,rumours,18,17,6797.0,12.0,0.0025011034279829,4,13,4.25
graph_002667.json,544304742743044096,true,sydneysiege-all-rnr-threads,rumours,55,54,10695.0,508.0,0.0050490883590462,8,7,1.8
graph_002668.json,544305018439204864,non-rumour,sydneysiege-all-rnr-threads,non-rumours,107,106,134068.0,33.0,0.0007906435540173,19,17,1.413333333333333
graph_002669.json,544305463048015872,true,sydneysiege-all-rnr-threads,rumours,18,17,74486.0,67.0,0.000228230808474,4,11,2.8333333333333335
graph_002670.json,544305540286148609,true,sydneysiege-all-rnr-threads,rumours,16,15,6555.0,110.0,0.0022883295194508,4,12,3.75
graph_002671.json,544305672372772865,non-rumour,sydneysiege-all-rnr-threads,non-rumours,7,6,2706.0,146.0,0.0022172949002217,1,6,6.0
graph_002672.json,544305673287524353,false,sydneysiege-all-rnr-threads,rumours,26,25,17896.0,63.0,0.001396960214573,7,16,2.7777777777777777
graph_002673.json,544305745416581120,false,sydneysiege-all-rnr-threads,rumours,4,3,2776.0,955.0,0.0010806916426512,1,3,3.0
graph_002674.json,544305859904286720,non-rumour,sydneysiege-all-rnr-threads,non-rumours,24,23,2339.0,49.0,0.009833262077811,4,12,2.090909090909091
graph_002675.json,544305913260433408,unverified,sydneysiege-all-rnr-threads,rumours,12,11,244109.0,203.0,4.506183713013449e-05,4,7,2.75
graph_002676.json,544305999994421249,non-rumour,sydneysiege-all-rnr-threads,non-rumours,20,14,2196.0,143.0,0.0086520947176684,3,12,4.666666666666667
graph_002677.json,544306118273794048,non-rumour,sydneysiege-all-rnr-threads,non-rumours,8,7,3646.0,1205.0,0.0019199122325836,2,6,3.5
graph_002678.json,544306402731507712,false,sydneysiege-all-rnr-threads,rumours,4,3,42038.0,1722.0,7.136400399638423e-05,1,3,3.0
graph_002679.json,544306591235710976,non-rumour,sydneysiege-all-rnr-threads,non-rumours,19,18,312.0,48.0,0.0576923076923076,1,18,18.0
graph_002680.json,544306616137293824,non-rumour,sydneysiege-all-rnr-threads,non-rumours,39,38,64879.0,133.0,0.0005857056982999,5,10,2.923076923076923
graph_002681.json,544306719686656000,unverified,sydneysiege-all-rnr-threads,rumours,17,16,10767.0,456.0,0.0014860221045788,3,10,3.2
graph_002682.json,544306732475105283,non-rumour,sydneysiege-all-rnr-threads,non-rumours,13,12,43848.0,45.0,0.0002736726874657,2,11,6.0
graph_002683.json,544307028815253504,false,sydneysiege-all-rnr-threads,rumours,48,47,29058.0,35.0,0.001617454745681,10,10,1.7407407407407407
graph_002684.json,544307040932601857,false,sydneysiege-all-rnr-threads,rumours,19,18,819.0,19.0,0.0219780219780219,6,10,2.0
graph_002685.json,544307161589772290,false,sydneysiege-all-rnr-threads,rumours,27,26,117470.0,45.0,0.000221333106325,7,14,2.363636363636364
graph_002686.json,544307417677189121,true,sydneysiege-all-rnr-threads,rumours,4,3,89019.0,2241.0,3.37006706433458e-05,2,2,1.5
graph_002687.json,544307547390607361,unverified,sydneysiege-all-rnr-threads,rumours,17,16,9872.0,23.0,0.0016207455429497,1,16,16.0
graph_002688.json,544307589245587457,non-rumour,sydneysiege-all-rnr-threads,non-rumours,21,18,48475.0,117.0,0.0004125838060856,2,14,3.6
graph_002689.json,544307776135364608,false,sydneysiege-all-rnr-threads,rumours,29,26,1283.0,71.0,0.0218238503507404,7,14,2.6
graph_002690.json,544307871853592576,non-rumour,sydneysiege-all-rnr-threads,non-rumours,35,34,41594.0,271.0,0.0008174255902293,4,11,3.4
graph_002691.json,544308031446872065,non-rumour,sydneysiege-all-rnr-threads,non-rumours,17,15,780.0,33.0,0.0205128205128205,1,15,15.0
graph_002692.json,544308156625481728,non-rumour,sydneysiege-all-rnr-threads,non-rumours,11,10,23317.0,57.0,0.0004288716387185,1,10,10.0
graph_002693.json,544308188909027328,non-rumour,sydneysiege-all-rnr-threads,non-rumours,21,20,113558.0,83.0,0.0001761214533542,3,14,2.857142857142857
graph_002694.json,544308490840195072,non-rumour,sydneysiege-all-rnr-threads,non-rumours,14,13,23226.0,178.0,0.0005597175579092,1,13,13.0
graph_002695.json,544308531684335617,false,sydneysiege-all-rnr-threads,rumours,20,19,4538.0,119.0,0.004186866460996,2,17,6.333333333333333
graph_002696.json,544308749725626368,non-rumour,sydneysiege-all-rnr-threads,non-rumours,43,42,278332.0,137.0,0.0001508989264619,13,15,1.826086956521739
graph_002697.json,544308793623207936,non-rumour,sydneysiege-all-rnr-threads,non-rumours,49,40,101365.0,69.0,0.0004735362304542,7,14,2.2222222222222223
graph_002698.json,544308888628387840,non-rumour,sydneysiege-all-rnr-threads,non-rumours,22,21,1238.0,9.0,0.0169628432956381,3,19,7.0
graph_002699.json,544309006500888576,unverified,sydneysiege-all-rnr-threads,rumours,8,7,4569.0,47.0,0.0015320639089516,2,6,3.5
graph_002700.json,544309060883845120,unverified,sydneysiege-all-rnr-threads,rumours,19,18,754.0,43.0,0.0238726790450928,2,16,6.0
graph_002701.json,544309096351268864,non-rumour,sydneysiege-all-rnr-threads,non-rumours,20,19,19306.0,88.0,0.0009841500051797,1,19,19.0
graph_002702.json,544309113694740480,non-rumour,sydneysiege-all-rnr-threads,non-rumours,22,21,16082.0,21.0,0.0013058077353562,4,15,4.2
graph_002703.json,544309177859203073,unverified,sydneysiege-all-rnr-threads,rumours,7,6,5340.0,35.0,0.0011235955056179,1,6,6.0
graph_002704.json,544309275141885952,false,sydneysiege-all-rnr-threads,rumours,33,32,12164.0,69.0,0.0026307135810588,15,12,1.7777777777777777
graph_002705.json,544309283048144897,non-rumour,sydneysiege-all-rnr-threads,non-rumours,10,9,38416.0,21.0,0.0002342773844231,2,8,4.5
graph_002706.json,544309497041133568,non-rumour,sydneysiege-all-rnr-threads,non-rumours,14,13,158400.0,1342.0,8.207070707070707e-05,3,8,2.6
graph_002707.json,544309893969092608,non-rumour,sydneysiege-all-rnr-threads,non-rumours,10,9,5694.0,100.0,0.0015806111696522,1,9,9.0
graph_002708.json,544309943533600769,non-rumour,sydneysiege-all-rnr-threads,non-rumours,7,6,1393.0,80.0,0.0043072505384063,1,6,6.0
graph_002709.json,544309956250320897,non-rumour,sydneysiege-all-rnr-threads,non-rumours,6,5,5986.0,171.0,0.0008352823254259,2,4,2.5
graph_002710.json,544310166242734080,non-rumour,sydneysiege-all-rnr-threads,non-rumours,34,33,47667.0,106.0,0.000692302851029,3,15,6.6
graph_002711.json,544310222547087361,non-rumour,sydneysiege-all-rnr-threads,non-rumours,20,19,702.0,44.0,0.027065527065527,3,16,4.75
graph_002712.json,544310691600302080,non-rumour,sydneysiege-all-rnr-threads,non-rumours,22,21,5576.0,147.0,0.0037661406025824,2,18,5.25
graph_002713.json,544310849784274945,non-rumour,sydneysiege-all-rnr-threads,non-rumours,1,0,0.0,0.0,0.0,0,0,0.0
graph_002714.json,544310853613281281,false,sydneysiege-all-rnr-threads,rumours,20,19,10544.0,238.0,0.0018019726858877,3,15,4.75
graph_002715.json,544311814649942016,non-rumour,sydneysiege-all-rnr-threads,non-rumours,12,11,2599.0,73.0,0.0042323970757983,3,9,3.6666666666666665
graph_002716.json,544311959483473920,non-rumour,sydneysiege-all-rnr-threads,non-rumours,7,6,5207.0,55.0,0.0011522949875168,1,6,6.0
graph_002717.json,544312065637097472,non-rumour,sydneysiege-all-rnr-threads,non-rumours,17,16,49842.0,184.0,0.0003210144055214,4,11,3.2
graph_002718.json,544312118497914880,non-rumour,sydneysiege-all-rnr-threads,non-rumours,25,24,3249.0,156.0,0.0073868882733148,7,9,1.8461538461538465
graph_002719.json,544312732443348995,non-rumour,sydneysiege-all-rnr-threads,non-rumours,12,11,9404.0,97.0,0.0011697150148872,1,11,11.0
graph_002720.json,544312876245057536,true,sydneysiege-all-rnr-threads,rumours,9,8,151171.0,147.0,5.292020294897831e-05,2,7,4.0
graph_002721.json,544313008642461697,non-rumour,sydneysiege-all-rnr-threads,non-rumours,20,19,86775.0,703.0,0.0002189570728896,5,11,2.7142857142857144
graph_002722.json,544313043463987201,unverified,sydneysiege-all-rnr-threads,rumours,18,17,6793.0,59.0,0.0025025761813631,2,15,5.666666666666667
graph_002723.json,544313132865159169,non-rumour,sydneysiege-all-rnr-threads,non-rumours,22,21,24044.0,149.0,0.0008733987689236,4,12,3.0
graph_002724.json,544313370892324864,false,sydneysiege-all-rnr-threads,rumours,18,17,9472.0,95.0,0.0017947635135135,4,13,4.25
graph_002725.json,544313592477384704,non-rumour,sydneysiege-all-rnr-threads,non-rumours,22,21,3476.0,135.0,0.0060414269275028,6,16,3.5
graph_002726.json,544314020539289600,non-rumour,sydneysiege-all-rnr-threads,non-rumours,20,19,16345.0,555.0,0.0011624349954114,3,12,2.7142857142857144
graph_002727.json,544314234541469696,true,sydneysiege-all-rnr-threads,rumours,21,20,887.0,51.0,0.0225479143179255,2,16,4.0
graph_002728.json,544314301067304960,non-rumour,sydneysiege-all-rnr-threads,non-rumours,21,20,759.0,37.0,0.0263504611330698,3,14,2.857142857142857
graph_002729.json,544314464569675776,non-rumour,sydneysiege-all-rnr-threads,non-rumours,23,22,1106.0,18.0,0.0198915009041591,6,14,2.75
graph_002730.json,544314810884562946,non-rumour,sydneysiege-all-rnr-threads,non-rumours,5,4,1675.0,73.0,0.0023880597014925,1,4,4.0
graph_002731.json,544315187608973312,true,sydneysiege-all-rnr-threads,rumours,19,17,8894.0,45.0,0.0020238362941308,4,12,2.8333333333333335
graph_002732.json,544315472075042818,unverified,sydneysiege-all-rnr-threads,rumours,27,26,63551.0,178.0,0.0004091202341426,9,13,1.8571428571428572
graph_002733.json,544315864397258752,true,sydneysiege-all-rnr-threads,rumours,38,37,45474.0,58.0,0.0008136517570479,9,11,2.176470588235294
graph_002734.json,544316046379716608,non-rumour,sydneysiege-all-rnr-threads,non-rumours,25,19,2427.0,99.0,0.0098887515451174,4,11,2.7142857142857144
graph_002735.json,544316384273248256,true,sydneysiege-all-rnr-threads,rumours,3,2,1852.0,1044.0,0.0010799136069114,1,2,2.0
graph_002736.json,544316500002484226,true,sydneysiege-all-rnr-threads,rumours,2,1,331.0,331.0,0.0030211480362537,1,1,1.0
graph_002737.json,544316576645017600,true,sydneysiege-all-rnr-threads,rumours,18,17,13479.0,58.0,0.0012612211588396,3,14,5.666666666666667
graph_002738.json,544316684736028673,non-rumour,sydneysiege-all-rnr-threads,non-rumours,20,19,5888.0,69.0,0.003226902173913,1,19,19.0
graph_002739.json,544316814856306688,unverified,sydneysiege-all-rnr-threads,rumours,17,16,46382.0,53.0,0.0003449614074425,2,15,8.0
graph_002740.json,544316904861478912,unverified,sydneysiege-all-rnr-threads,rumours,8,7,7110.0,284.0,0.00098452883263,1,7,7.0
graph_002741.json,544316978278592512,non-rumour,sydneysiege-all-rnr-threads,non-rumours,9,8,2379.0,36.0,0.0033627574611181,1,8,8.0
graph_002742.json,544317139323473920,non-rumour,sydneysiege-all-rnr-threads,non-rumours,18,17,15680.0,181.0,0.0010841836734693,2,11,2.4285714285714284
graph_002743.json,544317165965303808,true,sydneysiege-all-rnr-threads,rumours,20,19,4193.0,102.0,0.0045313617934652,5,12,3.1666666666666665
graph_002744.json,544317301064208384,non-rumour,sydneysiege-all-rnr-threads,non-rumours,117,116,6492.0,63.0,0.017868145409735,19,11,1.7313432835820894
graph_002745.json,544317438079139841,true,sydneysiege-all-rnr-threads,rumours,14,13,2410.0,41.0,0.0053941908713692,3,11,4.333333333333333
graph_002746.json,544317474498703360,non-rumour,sydneysiege-all-rnr-threads,non-rumours,28,26,32896.0,68.0,0.0008207684824902,6,8,1.625
graph_002747.json,544317494379294721,non-rumour,sydneysiege-all-rnr-threads,non-rumours,163,162,63523.0,69.0,0.0025502573870881,19,14,1.862068965517241
graph_002748.json,544317609718865920,true,sydneysiege-all-rnr-threads,rumours,25,24,27864.0,180.0,0.0008613264427217,6,19,4.0
graph_002749.json,544317709396496384,unverified,sydneysiege-all-rnr-threads,rumours,21,20,4497.0,84.0,0.0044474093840338,3,16,4.0
graph_002750.json,544318036715782144,true,sydneysiege-all-rnr-threads,rumours,13,12,1959.0,121.0,0.006125574272588,3,7,2.4
graph_002751.json,544318880001560576,false,sydneysiege-all-rnr-threads,rumours,18,17,692.0,49.0,0.0245664739884393,1,17,17.0
graph_002752.json,544319274072817664,true,sydneysiege-all-rnr-threads,rumours,14,13,1222.0,77.0,0.0106382978723404,1,13,13.0
graph_002753.json,544319395619958784,non-rumour,sydneysiege-all-rnr-threads,non-rumours,5,4,9160.0,219.0,0.0004366812227074,1,4,4.0
graph_002754.json,544319450569134081,non-rumour,sydneysiege-all-rnr-threads,non-rumours,15,14,3867.0,274.0,0.0036203775536591,3,10,2.8
graph_002755.json,544319667364708352,non-rumour,sydneysiege-all-rnr-threads,non-rumours,20,19,1850.0,25.0,0.0102702702702702,7,9,1.9
graph_002756.json,544319832486064128,true,sydneysiege-all-rnr-threads,rumours,28,27,4862.0,38.0,0.0055532702591526,4,15,3.0
graph_002757.json,544319905076903936,non-rumour,sydneysiege-all-rnr-threads,non-rumours,21,20,43752.0,247.0,0.0004571219601389,6,5,1.4285714285714286
graph_002758.json,544320179560525824,true,sydneysiege-all-rnr-threads,rumours,21,20,7021.0,10.0,0.002848597065945,4,14,4.0
graph_002759.json,544320939245043712,false,sydneysiege-all-rnr-threads,rumours,21,20,4465.0,69.0,0.0044792833146696,4,15,3.3333333333333335
graph_002760.json,544320992361721856,true,sydneysiege-all-rnr-threads,rumours,6,5,5613.0,490.0,0.0008907892392659,1,5,5.0
graph_002761.json,544321103875694593,true,sydneysiege-all-rnr-threads,rumours,45,43,10139.0,95.0,0.004339678469277,9,11,1.9545454545454544
graph_002762.json,544321311250468865,non-rumour,sydneysiege-all-rnr-threads,non-rumours,16,15,41623.0,318.0,0.0003603776758042,5,6,1.875
graph_002763.json,544321631976296449,non-rumour,sydneysiege-all-rnr-threads,non-rumours,16,15,9024.0,430.0,0.0016622340425531,2,13,5.0
graph_002764.json,544321934410788865,true,sydneysiege-all-rnr-threads,rumours,15,14,32461.0,131.0,0.0004312867748991,2,13,7.0
graph_002765.json,544323086841954304,non-rumour,sydneysiege-all-rnr-threads,non-rumours,8,7,19913.0,365.0,0.0003515291518103,2,5,3.5
graph_002766.json,544323127522906112,non-rumour,sydneysiege-all-rnr-threads,non-rumours,26,25,6331.0,39.0,0.0039488232506713,5,12,3.5714285714285716
graph_002767.json,544323358327070720,non-rumour,sydneysiege-all-rnr-threads,non-rumours,20,19,8166.0,229.0,0.0023267205486162,5,11,2.111111111111111
graph_002768.json,544323450270392322,non-rumour,sydneysiege-all-rnr-threads,non-rumours,21,20,72.0,14.0,0.2777777777777778,2,19,10.0
graph_002769.json,544323933634564098,unverified,sydneysiege-all-rnr-threads,rumours,22,21,4744.0,48.0,0.0044266441821247,4,13,3.5
graph_002770.json,544324444773433348,true,sydneysiege-all-rnr-threads,rumours,22,21,7196.0,39.0,0.0029182879377431,2,19,7.0
graph_002771.json,544324741239037952,non-rumour,sydneysiege-all-rnr-threads,non-rumours,55,54,157884.0,914.0,0.0003420232575815,13,10,1.542857142857143
graph_002772.json,544325779199258626,true,sydneysiege-all-rnr-threads,rumours,2,1,131310.0,131310.0,7.6155662173482594e-06,1,1,1.0
graph_002773.json,544325896661114881,non-rumour,sydneysiege-all-rnr-threads,non-rumours,6,5,10829.0,173.0,0.0004617231507987,1,5,5.0
graph_002774.json,544325938826076161,non-rumour,sydneysiege-all-rnr-threads,non-rumours,12,11,36703.0,160.0,0.0002997030215513,1,11,11.0
graph_002775.json,544326461952241664,false,sydneysiege-all-rnr-threads,rumours,1,0,0.0,0.0,0.0,0,0,0.0
graph_002776.json,544326597055369216,true,sydneysiege-all-rnr-threads,rumours,30,29,53293.0,28.0,0.0005441615221511,6,17,3.2222222222222223
graph_002777.json,544326741674967042,true,sydneysiege-all-rnr-threads,rumours,39,38,9157.0,42.0,0.0041498307305886,15,13,1.9
graph_002778.json,544326782334558208,non-rumour,sydneysiege-all-rnr-threads,non-rumours,20,19,3991.0,35.0,0.0047607116011024,2,18,9.5
graph_002779.json,544327278469988352,non-rumour,sydneysiege-all-rnr-threads,non-rumours,17,16,1833.0,187.0,0.0087288597926895,2,15,8.0
graph_002780.json,544327577406410752,non-rumour,sydneysiege-all-rnr-threads,non-rumours,20,19,14078.0,32.0,0.001349623526069,1,19,19.0
graph_002781.json,544328059482939392,non-rumour,sydneysiege-all-rnr-threads,non-rumours,10,9,10446.0,282.0,0.0008615738081562,1,9,9.0
graph_002782.json,544328324601114625,true,sydneysiege-all-rnr-threads,rumours,8,7,2444.0,277.0,0.0028641571194762,2,6,3.5
graph_002783.json,544328351939186689,non-rumour,sydneysiege-all-rnr-threads,non-rumours,49,48,73947.0,4.0,0.0006491135543024,7,12,1.6
graph_002784.json,544328673097039873,non-rumour,sydneysiege-all-rnr-threads,non-rumours,20,19,5139.0,43.0,0.0036972173574625,2,17,6.333333333333333
graph_002785.json,544328894812549121,unverified,sydneysiege-all-rnr-threads,rumours,37,36,40158.0,122.0,0.0008964589870013,6,12,2.1176470588235294
graph_002786.json,544329092100005888,non-rumour,sydneysiege-all-rnr-threads,non-rumours,20,7,52007.0,575.0,0.0003653354356144,2,6,3.5
graph_002787.json,544329204314406912,true,sydneysiege-all-rnr-threads,rumours,19,16,314.0,69.0,0.0573248407643312,3,11,3.2
graph_002788.json,544329251487756288,non-rumour,sydneysiege-all-rnr-threads,non-rumours,26,25,7602.0,555.0,0.0032886082609839,4,14,3.5714285714285716
graph_002789.json,544329393737170944,true,sydneysiege-all-rnr-threads,rumours,3,2,1215.0,1033.0,0.0016460905349794,1,2,2.0
graph_002790.json,544329431998038016,non-rumour,sydneysiege-all-rnr-threads,non-rumours,24,23,2165.0,24.0,0.0106235565819861,2,19,4.6
graph_002791.json,544329896529760256,non-rumour,sydneysiege-all-rnr-threads,non-rumours,52,51,132033.0,122.0,0.0003862670695962,14,5,1.59375
graph_002792.json,544329935943237632,true,sydneysiege-all-rnr-threads,rumours,103,102,25868.0,112.0,0.0039430957167156,15,14,1.6721311475409837
graph_002793.json,544330052796559360,non-rumour,sydneysiege-all-rnr-threads,non-rumours,29,28,15266.0,118.0,0.0018341412288746,4,15,3.111111111111111
graph_002794.json,544330174351679489,non-rumour,sydneysiege-all-rnr-threads,non-rumours,26,25,87521.0,46.0,0.0002856457307389,4,13,2.7777777777777777
graph_002795.json,544330542871633920,non-rumour,sydneysiege-all-rnr-threads,non-rumours,13,12,77656.0,1222.0,0.0001545276604512,3,9,4.0
graph_002796.json,544330861680664576,non-rumour,sydneysiege-all-rnr-threads,non-rumours,24,23,170185.0,271.0,0.0001351470458618,5,13,2.5555555555555554
graph_002797.json,544331022104395777,non-rumour,sydneysiege-all-rnr-threads,non-rumours,17,16,36866.0,21.0,0.0004340042315412,4,13,4.0
graph_002798.json,544331094523662337,non-rumour,sydneysiege-all-rnr-threads,non-rumours,10,9,72732.0,509.0,0.0001237419567728,2,7,4.5
graph_002799.json,544331918506872832,non-rumour,sydneysiege-all-rnr-threads,non-rumours,1,0,0.0,0.0,0.0,0,0,0.0
graph_002800.json,544332254068350978,true,sydneysiege-all-rnr-threads,rumours,14,13,10650.0,66.0,0.0012206572769953,2,12,6.5
graph_002801.json,544332510440595456,true,sydneysiege-all-rnr-threads,rumours,7,6,13545.0,131.0,0.0004429678848283,1,6,6.0
graph_002802.json,544332519861022720,non-rumour,sydneysiege-all-rnr-threads,non-rumours,17,16,4435.0,44.0,0.003607666290868,2,14,5.333333333333333
graph_002803.json,544332610097676288,non-rumour,sydneysiege-all-rnr-threads,non-rumours,13,12,61611.0,221.0,0.000194770414374,2,10,4.0
graph_002804.json,544332613532811264,true,sydneysiege-all-rnr-threads,rumours,8,7,2265.0,347.0,0.0030905077262693,1,7,7.0
graph_002805.json,544332847050670080,non-rumour,sydneysiege-all-rnr-threads,non-rumours,342,341,111354.0,154.0,0.0030623057995222,19,15,1.586046511627907
graph_002806.json,544333020023754752,true,sydneysiege-all-rnr-threads,rumours,18,17,11474.0,55.0,0.0014816105978734,3,11,2.8333333333333335
graph_002807.json,544333172180537344,unverified,sydneysiege-all-rnr-threads,rumours,16,15,6376.0,57.0,0.0023525721455457,2,14,7.5
graph_002808.json,544333236243947520,non-rumour,sydneysiege-all-rnr-threads,non-rumours,22,21,9338.0,31.0,0.0022488755622188,2,18,7.0
graph_002809.json,544333302178799617,non-rumour,sydneysiege-all-rnr-threads,non-rumours,10,7,54426.0,65.0,0.0001653621430933,1,7,7.0
graph_002810.json,544333764814323713,unverified,sydneysiege-all-rnr-threads,rumours,24,23,35575.0,200.0,0.000646521433591,5,13,2.5555555555555554
graph_002811.json,544334394912014336,non-rumour,sydneysiege-all-rnr-threads,non-rumours,39,32,13165.0,150.0,0.0028864413216862,5,8,2.0
graph_002812.json,544334431830286336,non-rumour,sydneysiege-all-rnr-threads,non-rumours,12,11,42061.0,160.0,0.0002615249280806,3,6,1.8333333333333333
graph_002813.json,544334477011349505,false,sydneysiege-all-rnr-threads,rumours,32,31,10606.0,96.0,0.0029228738449933,10,17,2.2142857142857144
graph_002814.json,544334554631536640,true,sydneysiege-all-rnr-threads,rumours,35,34,149573.0,45.0,0.0002273137531506,11,13,1.8888888888888888
graph_002815.json,544334612718055424,non-rumour,sydneysiege-all-rnr-threads,non-rumours,17,16,30182.0,55.0,0.00053011728845,2,13,4.0
graph_002816.json,544334623023452160,non-rumour,sydneysiege-all-rnr-threads,non-rumours,38,37,9333.0,64.0,0.003964427300975,11,10,1.608695652173913
graph_002817.json,544334939374641152,true,sydneysiege-all-rnr-threads,rumours,15,14,26987.0,144.0,0.0005187682958461,4,10,2.8
graph_002818.json,544335202923737089,non-rumour,sydneysiege-all-rnr-threads,non-rumours,24,23,1655.0,169.0,0.0138972809667673,11,8,1.5333333333333334
graph_002819.json,544336408144781313,non-rumour,sydneysiege-all-rnr-threads,non-rumours,7,6,38830.0,179.0,0.0001545197012619,1,6,6.0
graph_002820.json,544336432609775618,non-rumour,sydneysiege-all-rnr-threads,non-rumours,6,5,3513.0,101.0,0.0014232849416453,1,5,5.0
graph_002821.json,544336537870434304,true,sydneysiege-all-rnr-threads,rumours,19,18,62400.0,52.0,0.0002884615384615,4,13,3.0
graph_002822.json,544336572141694976,non-rumour,sydneysiege-all-rnr-threads,non-rumours,13,12,140912.0,53.0,8.515953219030317e-05,1,12,12.0
graph_002823.json,544336585052160001,non-rumour,sydneysiege-all-rnr-threads,non-rumours,23,22,20463.0,153.0,0.0010751111762693,3,14,4.4
graph_002824.json,544336736948473856,non-rumour,sydneysiege-all-rnr-threads,non-rumours,67,66,159625.0,164.0,0.0004134690681284,9,13,1.736842105263158
graph_002825.json,544337283801829376,non-rumour,sydneysiege-all-rnr-threads,non-rumours,9,8,1655.0,27.0,0.004833836858006,4,5,2.0
graph_002826.json,544337383215226880,non-rumour,sydneysiege-all-rnr-threads,non-rumours,26,25,14562.0,193.0,0.0017167971432495,7,6,1.6666666666666667
graph_002827.json,544337689676636161,non-rumour,sydneysiege-all-rnr-threads,non-rumours,16,15,7630.0,26.0,0.0019659239842726,7,8,2.142857142857143
graph_002828.json,544337761600557056,non-rumour,sydneysiege-all-rnr-threads,non-rumours,65,64,137839.0,148.0,0.0004643098107212,18,10,1.6842105263157894
graph_002829.json,544337816298070017,non-rumour,sydneysiege-all-rnr-threads,non-rumours,22,21,1595.0,215.0,0.0131661442006269,9,6,1.5
graph_002830.json,544338575240609792,false,sydneysiege-all-rnr-threads,rumours,20,19,1284.0,96.0,0.0147975077881619,2,17,6.333333333333333
graph_002831.json,544338622078410752,true,sydneysiege-all-rnr-threads,rumours,1,0,0.0,0.0,0.0,0,0,0.0
graph_002832.json,544338622422335489,non-rumour,sydneysiege-all-rnr-threads,non-rumours,40,26,67668.0,15.0,0.0005763433232842,5,15,2.888888888888889
graph_002833.json,544338676835041280,non-rumour,sydneysiege-all-rnr-threads,non-rumours,92,91,89233.0,25.0,0.0010198020911546,19,12,1.5166666666666666
graph_002834.json,544338698750664704,non-rumour,sydneysiege-all-rnr-threads,non-rumours,16,15,1321.0,48.0,0.0113550340651021,6,8,2.142857142857143
graph_002835.json,544338731210399744,true,sydneysiege-all-rnr-threads,rumours,19,18,4578.0,22.0,0.0039318479685452,2,13,3.0
graph_002836.json,544339368823894019,true,sydneysiege-all-rnr-threads,rumours,18,15,4685.0,106.0,0.0036286019210245,1,15,15.0
graph_002837.json,544340091615715329,true,sydneysiege-all-rnr-threads,rumours,20,19,5458.0,45.0,0.0034811286185415,3,16,6.333333333333333
graph_002838.json,544340578528272385,non-rumour,sydneysiege-all-rnr-threads,non-rumours,18,17,17664.0,105.0,0.0009624094202898,5,10,2.125
graph_002839.json,544340812448804864,non-rumour,sydneysiege-all-rnr-threads,non-rumours,71,70,28659.0,78.0,0.0024425136955232,17,13,1.627906976744186
graph_002840.json,544340943965409281,non-rumour,sydneysiege-all-rnr-threads,non-rumours,20,19,1024.0,58.0,0.0185546875,5,13,3.1666666666666665
graph_002841.json,544341124614459393,non-rumour,sydneysiege-all-rnr-threads,non-rumours,3,2,1254.0,1252.0,0.0015948963317384,2,1,1.0
graph_002842.json,544341194822520832,true,sydneysiege-all-rnr-threads,rumours,39,38,12291.0,5944.0,0.0030916931087787,19,3,1.1875
graph_002843.json,544341255174356992,non-rumour,sydneysiege-all-rnr-threads,non-rumours,7,3,9947.0,304.0,0.0006031969438021,1,3,3.0
graph_002844.json,544341369762742272,non-rumour,sydneysiege-all-rnr-threads,non-rumours,48,44,1648.0,258.0,0.0285194174757281,10,11,1.8333333333333333
graph_002845.json,544341406094213121,unverified,sydneysiege-all-rnr-threads,rumours,11,10,42700.0,127.0,0.0002341920374707,3,8,3.3333333333333335
graph_002846.json,544342204576038912,true,sydneysiege-all-rnr-threads,rumours,34,33,84671.0,50.0,0.0003897438320085,8,18,3.0
graph_002847.json,544342743003045888,non-rumour,sydneysiege-all-rnr-threads,non-rumours,8,7,2761.0,98.0,0.0025353132922854,3,5,2.3333333333333335
graph_002848.json,544343299138392065,non-rumour,sydneysiege-all-rnr-threads,non-rumours,18,17,22870.0,127.0,0.0007433318758198,2,15,5.666666666666667
graph_002849.json,544343367279456256,true,sydneysiege-all-rnr-threads,rumours,24,23,6156.0,20.0,0.0037361923326835,2,17,3.8333333333333335
graph_002850.json,544343410849886209,true,sydneysiege-all-rnr-threads,rumours,23,22,84676.0,16.0,0.000259813878785,3,15,4.4
graph_002851.json,544343625069379584,non-rumour,sydneysiege-all-rnr-threads,non-rumours,20,19,431.0,51.0,0.0440835266821345,4,13,3.1666666666666665
graph_002852.json,544344684685189120,non-rumour,sydneysiege-all-rnr-threads,non-rumours,18,17,11394.0,301.0,0.0014920133403545,7,9,1.8888888888888888
graph_002853.json,544345074960584704,non-rumour,sydneysiege-all-rnr-threads,non-rumours,2,1,669.0,669.0,0.0014947683109118,1,1,1.0
graph_002854.json,544345465311879170,non-rumour,sydneysiege-all-rnr-threads,non-rumours,28,27,7236.0,118.0,0.003731343283582,9,6,1.6875
graph_002855.json,544345939054710785,non-rumour,sydneysiege-all-rnr-threads,non-rumours,20,19,4142.0,67.0,0.0045871559633027,2,14,9.5
graph_002856.json,544346107900207105,non-rumour,sydneysiege-all-rnr-threads,non-rumours,23,22,12602.0,161.0,0.0017457546421202,4,11,3.142857142857143
graph_002857.json,544346261365600257,non-rumour,sydneysiege-all-rnr-threads,non-rumours,57,56,274183.0,34.0,0.0002042431514718,19,12,1.6
graph_002858.json,544346359948910592,true,sydneysiege-all-rnr-threads,rumours,28,15,225698.0,78.0,0.0001196288846157,1,15,15.0
graph_002859.json,544346361101963265,non-rumour,sydneysiege-all-rnr-threads,non-rumours,43,42,62472.0,7.0,0.0006723011909335,6,19,2.4705882352941178
graph_002860.json,544347292493705216,non-rumour,sydneysiege-all-rnr-threads,non-rumours,23,22,7173.0,13.0,0.0030670570193782,7,14,2.4444444444444446
graph_002861.json,544348392944463872,non-rumour,sydneysiege-all-rnr-threads,non-rumours,7,6,5220.0,399.0,0.0011494252873563,2,5,3.0
graph_002862.json,544348632980676608,non-rumour,sydneysiege-all-rnr-threads,non-rumours,43,42,57585.0,41.0,0.0007293566032821,10,6,1.4
graph_002863.json,544348695076954114,non-rumour,sydneysiege-all-rnr-threads,non-rumours,10,9,3805.0,45.0,0.0023653088042049,1,9,9.0
graph_002864.json,544349042952916993,true,sydneysiege-all-rnr-threads,rumours,55,54,57580.0,820.0,0.0009378256339006,15,8,2.0
graph_002865.json,544349773676179456,non-rumour,sydneysiege-all-rnr-threads,non-rumours,44,43,137952.0,36.0,0.0003117026212015,9,19,1.9545454545454544
graph_002866.json,544350087020019712,non-rumour,sydneysiege-all-rnr-threads,non-rumours,15,14,11845.0,66.0,0.001181933305192,2,13,7.0
graph_002867.json,544350480780914688,true,sydneysiege-all-rnr-threads,rumours,22,19,859.0,57.0,0.0244470314318975,4,11,2.7142857142857144
graph_002868.json,544350565283532800,true,sydneysiege-all-rnr-threads,rumours,6,5,1434.0,133.0,0.003486750348675,1,5,5.0
graph_002869.json,544350567183556608,true,sydneysiege-all-rnr-threads,rumours,3,2,136.0,128.0,0.0147058823529411,1,2,2.0
graph_002870.json,544350712365207552,true,sydneysiege-all-rnr-threads,rumours,19,3,3912.0,129.0,0.004601226993865,1,3,3.0
graph_002871.json,544350803125735424,non-rumour,sydneysiege-all-rnr-threads,non-rumours,16,15,49639.0,564.0,0.0003021817522512,1,15,15.0
graph_002872.json,544350985142173697,true,sydneysiege-all-rnr-threads,rumours,13,12,21538.0,76.0,0.0005571547961742,1,12,12.0
graph_002873.json,544351015936331777,true,sydneysiege-all-rnr-threads,rumours,10,9,4080.0,51.0,0.0022058823529411,5,4,1.5
graph_002874.json,544351133120987136,true,sydneysiege-all-rnr-threads,rumours,12,11,2195.0,43.0,0.00501138952164,3,8,3.6666666666666665
graph_002875.json,544351179044425729,non-rumour,sydneysiege-all-rnr-threads,non-rumours,1,0,0.0,0.0,0.0,0,0,0.0
graph_002876.json,544351356824604673,true,sydneysiege-all-rnr-threads,rumours,4,3,404.0,32.0,0.0074257425742574,1,3,3.0
graph_002877.json,544351486956670976,true,sydneysiege-all-rnr-threads,rumours,9,8,6904.0,139.0,0.0011587485515643,4,5,2.0
graph_002878.json,544351832483450880,true,sydneysiege-all-rnr-threads,rumours,1,0,0.0,0.0,0.0,0,0,0.0
graph_002879.json,544351885298130945,true,sydneysiege-all-rnr-threads,rumours,26,25,6469.0,180.0,0.003864584943577,7,11,1.9230769230769231
graph_002880.json,544351967829839873,true,sydneysiege-all-rnr-threads,rumours,4,3,23688.0,74.0,0.0001266464032421,1,3,3.0
graph_002881.json,544351969658564608,unverified,sydneysiege-all-rnr-threads,rumours,2,1,533.0,533.0,0.0018761726078799,1,1,1.0
graph_002882.json,544352188210745344,true,sydneysiege-all-rnr-threads,rumours,3,2,69546.0,6678.0,2.8757944382135565e-05,1,2,2.0
graph_002883.json,544352649978843136,non-rumour,sydneysiege-all-rnr-threads,non-rumours,21,20,3162.0,144.0,0.006325110689437,4,8,2.2222222222222223
graph_002884.json,544352727971954690,true,sydneysiege-all-rnr-threads,rumours,9,8,3598.0,16.0,0.0022234574763757,2,6,2.6666666666666665
graph_002885.json,544352874969698305,true,sydneysiege-all-rnr-threads,rumours,8,7,1592.0,74.0,0.0043969849246231,4,3,1.75
graph_002886.json,544353257175654400,non-rumour,sydneysiege-all-rnr-threads,non-rumours,124,123,85038.0,130.0,0.0014464121921964,19,13,1.5769230769230769
graph_002887.json,544353303468199936,unverified,sydneysiege-all-rnr-threads,rumours,3,2,157.0,107.0,0.0127388535031847,1,2,2.0
graph_002888.json,544353502689251329,true,sydneysiege-all-rnr-threads,rumours,12,11,26787.0,16.0,0.0004106469556127,2,9,3.6666666666666665
graph_002889.json,544353552177455104,true,sydneysiege-all-rnr-threads,rumours,1,0,0.0,0.0,0.0,0,0,0.0
graph_002890.json,544353600273518592,true,sydneysiege-all-rnr-threads,rumours,1,0,0.0,0.0,0.0,0,0,0.0
graph_002891.json,544353793270243328,true,sydneysiege-all-rnr-threads,rumours,6,5,25010.0,714.0,0.0001999200319872,1,5,5.0
graph_002892.json,544353918315397121,true,sydneysiege-all-rnr-threads,rumours,19,18,4682.0,18.0,0.0038445108927808,3,13,3.6
graph_002893.json,544354175900196864,true,sydneysiege-all-rnr-threads,rumours,2,0,238.0,238.0,0.0042016806722689,0,0,0.0
graph_002894.json,544354418938740736,non-rumour,sydneysiege-all-rnr-threads,non-rumours,27,26,15937.0,3886.0,0.0016314237309405,9,9,1.7333333333333334
graph_002895.json,544354657385316352,true,sydneysiege-all-rnr-threads,rumours,20,19,198.0,26.0,0.0959595959595959,3,15,3.8
graph_002896.json,544354840042680320,non-rumour,sydneysiege-all-rnr-threads,non-rumours,22,21,17585.0,118.0,0.0011941996019334,5,13,2.625
graph_002897.json,544355197435142145,true,sydneysiege-all-rnr-threads,rumours,7,6,133293.0,139.0,4.501361661902726e-05,1,6,6.0
graph_002898.json,544355218251452416,true,sydneysiege-all-rnr-threads,rumours,7,6,14509.0,64.0,0.0004135364256668,1,6,6.0
graph_002899.json,544355417900716032,true,sydneysiege-all-rnr-threads,rumours,12,11,14725.0,60.0,0.0007470288624787,2,6,2.75
graph_002900.json,544355845489065984,true,sydneysiege-all-rnr-threads,rumours,25,16,40685.0,83.0,0.0005898979968047,5,7,2.0
graph_002901.json,544355924224532481,true,sydneysiege-all-rnr-threads,rumours,3,2,1377.0,332.0,0.0014524328249818,1,2,2.0
graph_002902.json,544355987608444929,non-rumour,sydneysiege-all-rnr-threads,non-rumours,39,38,6909.0,15.0,0.0055000723693732,5,15,2.0
graph_002903.json,544356122082410496,unverified,sydneysiege-all-rnr-threads,rumours,22,21,1543.0,19.0,0.0136098509397278,6,12,2.1
graph_002904.json,544356213837017089,non-rumour,sydneysiege-all-rnr-threads,non-rumours,11,10,6342.0,28.0,0.0015767896562598,1,10,10.0
graph_002905.json,544356579098001408,true,sydneysiege-all-rnr-threads,rumours,3,2,5492.0,392.0,0.0003641660597232,1,2,2.0
graph_002906.json,544356724871036928,true,sydneysiege-all-rnr-threads,rumours,8,7,1521.0,27.0,0.0046022353714661,2,6,3.5
graph_002907.json,544356997718900736,true,sydneysiege-all-rnr-threads,rumours,19,18,8695.0,31.0,0.0020701552616446,2,16,6.0
graph_002908.json,544357264333615104,non-rumour,sydneysiege-all-rnr-threads,non-rumours,6,5,876.0,334.0,0.0057077625570776,3,3,1.6666666666666667
graph_002909.json,544357487911395329,true,sydneysiege-all-rnr-threads,rumours,25,24,69458.0,43.0,0.0003455325520458,4,15,3.4285714285714284
graph_002910.json,544357563534680064,true,sydneysiege-all-rnr-threads,rumours,11,10,11256.0,65.0,0.0008884150675195,2,9,5.0
graph_002911.json,544357899783655424,non-rumour,sydneysiege-all-rnr-threads,non-rumours,26,25,33985.0,126.0,0.000735618655289,6,14,2.7777777777777777
graph_002912.json,544357935439417345,non-rumour,sydneysiege-all-rnr-threads,non-rumours,17,13,65898.0,1066.0,0.0002427994779811,5,8,2.1666666666666665
graph_002913.json,544358533819420672,true,sydneysiege-all-rnr-threads,rumours,19,18,22375.0,26.0,0.000804469273743,2,17,9.0
graph_002914.json,544358564484378624,true,sydneysiege-all-rnr-threads,rumours,3,2,2603.0,91.0,0.0007683442182097,1,2,2.0
graph_002915.json,544358920869789696,true,sydneysiege-all-rnr-threads,rumours,17,16,184288.0,393.0,8.682062858135092e-05,3,10,2.6666666666666665
graph_002916.json,544359422726664192,true,sydneysiege-all-rnr-threads,rumours,20,18,1842.0,293.0,0.010314875135722,4,12,2.5714285714285716
graph_002917.json,544359578612559872,true,sydneysiege-all-rnr-threads,rumours,12,11,1742.0,177.0,0.0063145809414466,2,9,3.6666666666666665
graph_002918.json,544359670480379905,non-rumour,sydneysiege-all-rnr-threads,non-rumours,5,4,4886.0,394.0,0.0008186655751125,2,3,2.0
graph_002919.json,544360342995099648,non-rumour,sydneysiege-all-rnr-threads,non-rumours,27,26,150941.0,93.0,0.0001722527345121,9,10,2.1666666666666665
graph_002920.json,544360851646709760,non-rumour,sydneysiege-all-rnr-threads,non-rumours,19,18,9330.0,69.0,0.0019292604501607,2,16,6.0
graph_002921.json,544360928603799552,true,sydneysiege-all-rnr-threads,rumours,22,17,5036.0,57.0,0.0041699761715647,3,11,3.4
graph_002922.json,544361266718846977,true,sydneysiege-all-rnr-threads,rumours,8,7,8938.0,103.0,0.0007831729693443,2,4,1.75
graph_002923.json,544361776020586496,true,sydneysiege-all-rnr-threads,rumours,4,3,4036.0,44.0,0.0007433102081268,2,2,1.5
graph_002924.json,544362279006113792,true,sydneysiege-all-rnr-threads,rumours,20,19,1016.0,36.0,0.0187007874015748,4,13,2.7142857142857144
graph_002925.json,544362543997665280,non-rumour,sydneysiege-all-rnr-threads,non-rumours,13,12,97721.0,419.0,0.0001227985796297,3,9,3.0
graph_002926.json,544363222296297473,non-rumour,sydneysiege-all-rnr-threads,non-rumours,16,15,6528.0,76.0,0.002297794117647,1,15,15.0
graph_002927.json,544363391641341952,non-rumour,sydneysiege-all-rnr-threads,non-rumours,20,19,11153.0,38.0,0.0017035775127768,3,15,3.8
graph_002928.json,544363471660277760,non-rumour,sydneysiege-all-rnr-threads,non-rumours,7,6,27376.0,319.0,0.0002191700759789,1,6,6.0
graph_002929.json,544363757493702656,true,sydneysiege-all-rnr-threads,rumours,1,0,0.0,0.0,0.0,0,0,0.0
graph_002930.json,544364000897945600,true,sydneysiege-all-rnr-threads,rumours,13,12,2416.0,405.0,0.0049668874172185,6,6,2.0
graph_002931.json,544364507342979072,non-rumour,sydneysiege-all-rnr-threads,non-rumours,3,2,371.0,200.0,0.0053908355795148,1,2,2.0
graph_002932.json,544365039663083521,non-rumour,sydneysiege-all-rnr-threads,non-rumours,19,14,6946.0,209.0,0.002591419522027,2,13,7.0
graph_002933.json,544365130138808321,non-rumour,sydneysiege-all-rnr-threads,non-rumours,8,7,14163.0,59.0,0.0004942455694415,1,7,7.0
graph_002934.json,544365585417527296,non-rumour,sydneysiege-all-rnr-threads,non-rumours,5,4,609.0,136.0,0.0065681444991789,1,4,4.0
graph_002935.json,544366036498542592,true,sydneysiege-all-rnr-threads,rumours,25,24,162433.0,17.0,0.0001477532274845,6,13,2.6666666666666665
graph_002936.json,544366723067957249,non-rumour,sydneysiege-all-rnr-threads,non-rumours,24,23,17726.0,100.0,0.0012975290533679,3,17,3.8333333333333335
graph_002937.json,544366824997912576,true,sydneysiege-all-rnr-threads,rumours,16,15,23112.0,331.0,0.0006490134994807,3,12,5.0
graph_002938.json,544366894107480064,true,sydneysiege-all-rnr-threads,rumours,40,39,16229.0,53.0,0.00240310555179,13,11,2.1666666666666665
graph_002939.json,544366934154678272,true,sydneysiege-all-rnr-threads,rumours,4,3,6334.0,2304.0,0.0004736343542784,1,3,3.0
graph_002940.json,544367010894086145,true,sydneysiege-all-rnr-threads,rumours,1,0,0.0,0.0,0.0,0,0,0.0
graph_002941.json,544367253857525761,true,sydneysiege-all-rnr-threads,rumours,21,20,11577.0,38.0,0.0017275632720048,2,18,6.666666666666667
graph_002942.json,544367462012432384,true,sydneysiege-all-rnr-threads,rumours,13,12,1082.0,16.0,0.011090573012939,2,11,6.0
graph_002943.json,544367862211952641,non-rumour,sydneysiege-all-rnr-threads,non-rumours,10,9,83314.0,442.0,0.0001080250618143,4,6,2.25
graph_002944.json,544368246271406080,non-rumour,sydneysiege-all-rnr-threads,non-rumours,19,18,2526.0,211.0,0.007125890736342,4,15,4.5
graph_002945.json,544369229987078145,non-rumour,sydneysiege-all-rnr-threads,non-rumours,8,7,8611.0,219.0,0.0008129137150156,1,7,7.0
graph_002946.json,544369501857263616,non-rumour,sydneysiege-all-rnr-threads,non-rumours,29,27,3940.0,112.0,0.0071065989847715,6,8,1.9285714285714288
graph_002947.json,544369574842347520,non-rumour,sydneysiege-all-rnr-threads,non-rumours,20,19,12804.0,153.0,0.0014839112777257,3,15,3.8
graph_002948.json,544369653015801856,non-rumour,sydneysiege-all-rnr-threads,non-rumours,19,18,440.0,56.0,0.0409090909090909,2,16,6.0
graph_002949.json,544369667096477696,true,sydneysiege-all-rnr-threads,rumours,17,16,24539.0,85.0,0.0006520233098333,2,13,4.0
graph_002950.json,544370072018378752,non-rumour,sydneysiege-all-rnr-threads,non-rumours,4,3,1239.0,760.0,0.0024213075060532,1,3,3.0
graph_002951.json,544370712639590400,true,sydneysiege-all-rnr-threads,rumours,6,5,255.0,23.0,0.0196078431372549,1,5,5.0
graph_002952.json,544371668131393537,true,sydneysiege-all-rnr-threads,rumours,6,5,3854.0,71.0,0.0012973533990659,1,5,5.0
graph_002953.json,544372177965834240,true,sydneysiege-all-rnr-threads,rumours,28,27,17686.0,21.0,0.0015266312337442,5,15,2.7
graph_002954.json,544372222400671744,true,sydneysiege-all-rnr-threads,rumours,8,7,22701.0,597.0,0.0003083564600678,3,5,2.3333333333333335
graph_002955.json,544372257674788864,true,sydneysiege-all-rnr-threads,rumours,8,7,32149.0,210.0,0.0002177361659771,1,7,7.0
graph_002956.json,544372384690872321,non-rumour,sydneysiege-all-rnr-threads,non-rumours,2,1,34208.0,34208.0,2.923292797006548e-05,1,1,1.0
graph_002957.json,544372465078505472,true,sydneysiege-all-rnr-threads,rumours,3,1,1294.0,190.0,0.0015455950540958,1,1,1.0
graph_002958.json,544372545219489792,true,sydneysiege-all-rnr-threads,rumours,7,6,7591.0,105.0,0.0007904096956922,2,5,3.0
graph_002959.json,544372701285351424,non-rumour,sydneysiege-all-rnr-threads,non-rumours,21,20,3406.0,199.0,0.005871990604815,2,18,6.666666666666667
graph_002960.json,544373504419069952,true,sydneysiege-all-rnr-threads,rumours,3,2,7895.0,1197.0,0.0002533248891703,1,2,2.0
graph_002961.json,544373513407062016,non-rumour,sydneysiege-all-rnr-threads,non-rumours,6,5,7155.0,213.0,0.0006988120195667,1,5,5.0
graph_002962.json,544373515067998208,true,sydneysiege-all-rnr-threads,rumours,19,18,6436.0,41.0,0.0027967681789931,2,17,9.0
graph_002963.json,544373593841623040,true,sydneysiege-all-rnr-threads,rumours,19,18,23302.0,42.0,0.0007724658827568,3,12,3.0
graph_002964.json,544373676842311681,true,sydneysiege-all-rnr-threads,rumours,21,18,9071.0,49.0,0.0022048285745783,3,14,4.5
graph_002965.json,544373694068686848,true,sydneysiege-all-rnr-threads,rumours,17,12,49399.0,127.0,0.0003238931962185,2,11,6.0
graph_002966.json,544373839548145664,true,sydneysiege-all-rnr-threads,rumours,17,16,5670.0,92.0,0.0028218694885361,4,11,3.2
graph_002967.json,544373945206460416,non-rumour,sydneysiege-all-rnr-threads,non-rumours,1,0,0.0,0.0,0.0,0,0,0.0
graph_002968.json,544374018661687296,true,sydneysiege-all-rnr-threads,rumours,17,16,37425.0,86.0,0.0004275217100868,6,11,2.6666666666666665
graph_002969.json,544374313848430592,true,sydneysiege-all-rnr-threads,rumours,10,9,796.0,40.0,0.0113065326633165,3,5,1.8
graph_002970.json,544374395540881408,true,sydneysiege-all-rnr-threads,rumours,13,12,10809.0,101.0,0.0011101859561476,4,9,3.0
graph_002971.json,544374422056882176,true,sydneysiege-all-rnr-threads,rumours,21,20,4471.0,43.0,0.0044732721986132,5,15,3.3333333333333335
graph_002972.json,544374511194632192,true,sydneysiege-all-rnr-threads,rumours,10,8,10748.0,135.0,0.0008373650911797,1,8,8.0
graph_002973.json,544374563539140608,true,sydneysiege-all-rnr-threads,rumours,15,14,15136.0,104.0,0.0009249471458773,3,11,3.5
graph_002974.json,544374569016885248,non-rumour,sydneysiege-all-rnr-threads,non-rumours,10,5,6634.0,175.0,0.0013566475731082,2,4,2.5
graph_002975.json,544374871812472832,true,sydneysiege-all-rnr-threads,rumours,34,33,21846.0,82.0,0.0015105740181268,11,7,1.5714285714285714
graph_002976.json,544375969687953410,non-rumour,sydneysiege-all-rnr-threads,non-rumours,16,11,3649.0,107.0,0.004110715264456,3,6,2.75
graph_002977.json,544376073685712896,non-rumour,sydneysiege-all-rnr-threads,non-rumours,14,13,2281.0,111.0,0.0056992547128452,7,6,1.625
graph_002978.json,544376300417585152,true,sydneysiege-all-rnr-threads,rumours,7,6,9360.0,146.0,0.0006410256410256,1,6,6.0
graph_002979.json,544376469279875072,non-rumour,sydneysiege-all-rnr-threads,non-rumours,31,30,237537.0,235.0,0.0001262961138685,5,18,3.0
graph_002980.json,544376532161298432,non-rumour,sydneysiege-all-rnr-threads,non-rumours,19,18,10703.0,122.0,0.0016817714659441,2,16,6.0
graph_002981.json,544376732649013248,true,sydneysiege-all-rnr-threads,rumours,19,17,31498.0,128.0,0.0005714648549114,4,13,3.4
graph_002982.json,544377046030635008,true,sydneysiege-all-rnr-threads,rumours,10,9,1841.0,15.0,0.0048886474741988,2,7,3.0
graph_002983.json,544377326122057728,non-rumour,sydneysiege-all-rnr-threads,non-rumours,20,19,10426.0,801.0,0.0018223671590255,5,9,1.9
graph_002984.json,544377463581581314,true,sydneysiege-all-rnr-threads,rumours,21,20,13290.0,113.0,0.00150489089541,3,15,6.666666666666667
graph_002985.json,544377502563459072,true,sydneysiege-all-rnr-threads,rumours,18,17,146771.0,186.0,0.0001158266960094,2,16,8.5
graph_002986.json,544377700677615616,true,sydneysiege-all-rnr-threads,rumours,17,16,9007.0,193.0,0.0017763961363384,1,16,16.0
graph_002987.json,544377870554898432,true,sydneysiege-all-rnr-threads,rumours,18,17,4817.0,48.0,0.0035291675316587,2,15,5.666666666666667
graph_002988.json,544378232624410624,non-rumour,sydneysiege-all-rnr-threads,non-rumours,21,20,24771.0,60.0,0.0008073957450244,8,9,1.6666666666666667
graph_002989.json,544378468931076097,true,sydneysiege-all-rnr-threads,rumours,7,6,41333.0,179.0,0.0001451624609875,2,5,3.0
graph_002990.json,544378515378814977,true,sydneysiege-all-rnr-threads,rumours,22,21,22005.0,127.0,0.0009543285616905,3,14,3.0
graph_002991.json,544378769952505856,true,sydneysiege-all-rnr-threads,rumours,8,7,1960.0,49.0,0.0035714285714285,1,7,7.0
graph_002992.json,544379143136497664,non-rumour,sydneysiege-all-rnr-threads,non-rumours,75,69,59138.0,151.0,0.0012513104940985,13,11,1.5333333333333334
graph_002993.json,544379366474403840,true,sydneysiege-all-rnr-threads,rumours,15,14,24014.0,150.0,0.0005829932539352,1,14,14.0
graph_002994.json,544379489263042561,true,sydneysiege-all-rnr-threads,rumours,16,15,34124.0,56.0,0.0004395733208299,2,14,7.5
graph_002995.json,544379738240720896,true,sydneysiege-all-rnr-threads,rumours,34,33,78764.0,12.0,0.0004189731349347,14,13,1.8333333333333333
graph_002996.json,544379787246981122,non-rumour,sydneysiege-all-rnr-threads,non-rumours,12,11,16947.0,294.0,0.000649082433469,1,11,11.0
graph_002997.json,544380433014591488,true,sydneysiege-all-rnr-threads,rumours,28,27,65049.0,48.0,0.0004150717151685,9,13,2.076923076923077
graph_002998.json,544380441210277888,non-rumour,sydneysiege-all-rnr-threads,non-rumours,24,23,15024.0,56.0,0.0015308839190628,5,17,3.2857142857142856
graph_002999.json,544380742076088320,true,sydneysiege-all-rnr-threads,rumours,20,19,4022.0,145.0,0.0047240179015415,5,11,2.375
graph_003000.json,544380899639689216,true,sydneysiege-all-rnr-threads,rumours,11,10,5066.0,353.0,0.0019739439399921,1,10,10.0
graph_003001.json,544380980677857280,true,sydneysiege-all-rnr-threads,rumours,11,10,35623.0,166.0,0.0002807175139656,4,7,2.5
graph_003002.json,544381029537312769,non-rumour,sydneysiege-all-rnr-threads,non-rumours,10,9,31465.0,106.0,0.0002860320991577,1,9,9.0
graph_003003.json,544381144620216320,true,sydneysiege-all-rnr-threads,rumours,10,9,11722.0,117.0,0.0007677870670534,3,7,3.0
graph_003004.json,544381485591982083,true,sydneysiege-all-rnr-threads,rumours,22,12,1981.0,81.0,0.0106007067137809,2,11,6.0
graph_003005.json,544381860214603776,true,sydneysiege-all-rnr-threads,rumours,18,17,8402.0,128.0,0.0020233277791002,2,16,8.5
graph_003006.json,544382249178001408,true,sydneysiege-all-rnr-threads,rumours,17,16,16245.0,15.0,0.0009849184364419,1,16,16.0
graph_003007.json,544382740750024704,true,sydneysiege-all-rnr-threads,rumours,1,0,0.0,0.0,0.0,0,0,0.0
graph_003008.json,544382795099799553,non-rumour,sydneysiege-all-rnr-threads,non-rumours,20,19,502.0,8.0,0.0378486055776892,1,19,19.0
graph_003009.json,544382892378714113,true,sydneysiege-all-rnr-threads,rumours,9,8,38409.0,161.0,0.0002082845166497,3,6,2.6666666666666665
graph_003010.json,544383022876065792,true,sydneysiege-all-rnr-threads,rumours,30,29,28495.0,79.0,0.0010177224074399,9,17,2.636363636363636
graph_003011.json,544383230091464704,true,sydneysiege-all-rnr-threads,rumours,12,11,9552.0,55.0,0.0011515912897822,1,11,11.0
graph_003012.json,544383383095508992,true,sydneysiege-all-rnr-threads,rumours,20,19,20727.0,32.0,0.0009166787282288,3,17,6.333333333333333
graph_003013.json,544383649131806722,non-rumour,sydneysiege-all-rnr-threads,non-rumours,19,18,17962.0,433.0,0.0010021155773299,2,16,6.0
graph_003014.json,544384041391517697,true,sydneysiege-all-rnr-threads,rumours,49,48,78184.0,343.0,0.0006139363552645,16,4,1.7777777777777777
graph_003015.json,544384255825289216,true,sydneysiege-all-rnr-threads,rumours,6,5,619.0,17.0,0.0080775444264943,1,5,5.0
graph_003016.json,544384349395628033,true,sydneysiege-all-rnr-threads,rumours,10,9,17294.0,337.0,0.0005204117034809,3,5,1.8
graph_003017.json,544384394337611776,true,sydneysiege-all-rnr-threads,rumours,30,29,10429.0,138.0,0.0027807076421516,6,7,2.0714285714285716
graph_003018.json,544384467809230848,non-rumour,sydneysiege-all-rnr-threads,non-rumours,21,20,10795.0,49.0,0.0018527095877721,5,16,4.0
graph_003019.json,544384498947719169,true,sydneysiege-all-rnr-threads,rumours,7,6,11509.0,104.0,0.0005213311321574,1,6,6.0
graph_003020.json,544384662765068288,true,sydneysiege-all-rnr-threads,rumours,35,33,79898.0,52.0,0.0004255425667726,9,9,1.65
graph_003021.json,544384680376532992,non-rumour,sydneysiege-all-rnr-threads,non-rumours,30,29,55668.0,132.0,0.0005209456060932,10,15,2.230769230769231
graph_003022.json,544384825332101120,non-rumour,sydneysiege-all-rnr-threads,non-rumours,23,8,10191.0,142.0,0.0021587675399862,4,4,2.0
graph_003023.json,544384839906906113,non-rumour,sydneysiege-all-rnr-threads,non-rumours,20,19,39238.0,31.0,0.000484224476273,2,18,9.5
graph_003024.json,544385086955589632,true,sydneysiege-all-rnr-threads,rumours,25,24,17752.0,130.0,0.0013519603424966,2,19,4.8
graph_003025.json,544385535909715968,true,sydneysiege-all-rnr-threads,rumours,2,1,3216.0,3216.0,0.0003109452736318,1,1,1.0
graph_003026.json,544385641975676929,true,sydneysiege-all-rnr-threads,rumours,29,20,6733.0,72.0,0.0041586217139462,4,9,2.2222222222222223
graph_003027.json,544385829180035072,true,sydneysiege-all-rnr-threads,rumours,46,45,92891.0,73.0,0.0004844387507939,15,9,1.9565217391304348
graph_003028.json,544386515171020801,non-rumour,sydneysiege-all-rnr-threads,non-rumours,22,20,32438.0,85.0,0.0006473888649115,7,7,1.5384615384615383
graph_003029.json,544387390752567297,non-rumour,sydneysiege-all-rnr-threads,non-rumours,58,57,139749.0,437.0,0.0004078741171672,19,3,1.2391304347826086
graph_003030.json,544387669766451200,non-rumour,sydneysiege-all-rnr-threads,non-rumours,10,9,20114.0,244.0,0.0004474495376354,1,9,9.0
graph_003031.json,544387886611570688,true,sydneysiege-all-rnr-threads,rumours,21,20,11246.0,160.0,0.0017784101013693,5,15,3.3333333333333335
graph_003032.json,544387967037763584,true,sydneysiege-all-rnr-threads,rumours,13,12,15086.0,141.0,0.0007954394803128,1,12,12.0
graph_003033.json,544388013141143552,false,sydneysiege-all-rnr-threads,rumours,23,22,9306.0,60.0,0.0023640661938534,6,11,1.8333333333333333
graph_003034.json,544388092552294400,non-rumour,sydneysiege-all-rnr-threads,non-rumours,8,7,3160.0,47.0,0.0022151898734177,2,6,3.5
graph_003035.json,544388259359387648,non-rumour,sydneysiege-all-rnr-threads,non-rumours,30,29,53661.0,151.0,0.0005404297348167,5,19,4.833333333333333
graph_003036.json,544388329094270976,true,sydneysiege-all-rnr-threads,rumours,27,26,11748.0,24.0,0.0022131426625808,3,18,3.7142857142857144
graph_003037.json,544388658334146561,true,sydneysiege-all-rnr-threads,rumours,6,5,3885.0,262.0,0.0012870012870012,1,5,5.0
graph_003038.json,544389259491172353,non-rumour,sydneysiege-all-rnr-threads,non-rumours,8,7,21116.0,215.0,0.0003315021784428,3,5,2.3333333333333335
graph_003039.json,544389493273276416,non-rumour,sydneysiege-all-rnr-threads,non-rumours,19,18,101502.0,104.0,0.0001773364071643,3,12,3.0
graph_003040.json,544389506569220096,non-rumour,sydneysiege-all-rnr-threads,non-rumours,20,19,6512.0,93.0,0.0029176904176904,2,13,6.333333333333333
graph_003041.json,544389639046721537,non-rumour,sydneysiege-all-rnr-threads,non-rumours,33,32,23842.0,40.0,0.0013421692811005,6,19,2.909090909090909
graph_003042.json,544389770009276416,non-rumour,sydneysiege-all-rnr-threads,non-rumours,37,35,30794.0,206.0,0.0011690589075793,19,11,1.5909090909090908
graph_003043.json,544389893120856064,true,sydneysiege-all-rnr-threads,rumours,39,37,63040.0,40.0,0.0006027918781725,7,9,2.642857142857143
graph_003044.json,544389911630340096,non-rumour,sydneysiege-all-rnr-threads,non-rumours,52,47,6645.0,47.0,0.0076749435665914,18,5,1.46875
graph_003045.json,544389986809036800,non-rumour,sydneysiege-all-rnr-threads,non-rumours,19,18,3132.0,135.0,0.0057471264367816,1,18,18.0
graph_003046.json,544390017930383360,true,sydneysiege-all-rnr-threads,rumours,6,5,20177.0,155.0,0.0002478069088566,1,5,5.0
graph_003047.json,544390130682068993,true,sydneysiege-all-rnr-threads,rumours,24,21,7439.0,39.0,0.0030918134157816,5,12,2.3333333333333335
graph_003048.json,544390550497947649,non-rumour,sydneysiege-all-rnr-threads,non-rumours,20,19,1696.0,73.0,0.0112028301886792,2,18,9.5
graph_003049.json,544390718253699072,non-rumour,sydneysiege-all-rnr-threads,non-rumours,11,10,9486.0,408.0,0.0010541851149061,2,9,5.0
graph_003050.json,544390903839088640,false,sydneysiege-all-rnr-threads,rumours,18,17,1759.0,95.0,0.0096645821489482,2,12,3.4
graph_003051.json,544391063742332928,true,sydneysiege-all-rnr-threads,rumours,1,0,0.0,0.0,0.0,0,0,0.0
graph_003052.json,544391085150457856,false,sydneysiege-all-rnr-threads,rumours,14,13,7813.0,42.0,0.0016638935108153,1,13,13.0
graph_003053.json,544391176137089024,true,sydneysiege-all-rnr-threads,rumours,23,22,82058.0,36.0,0.0002681030490628,4,14,3.142857142857143
graph_003054.json,544391323214573568,non-rumour,sydneysiege-all-rnr-threads,non-rumours,22,21,42805.0,587.0,0.0004905968928863,11,4,1.4
graph_003055.json,544391412075069440,non-rumour,sydneysiege-all-rnr-threads,non-rumours,112,111,50455.0,56.0,0.0021999801803587,19,16,1.88135593220339
graph_003056.json,544391471458451456,non-rumour,sydneysiege-all-rnr-threads,non-rumours,9,8,1631.0,42.0,0.0049049662783568,1,8,8.0
graph_003057.json,544391533240516608,true,sydneysiege-all-rnr-threads,rumours,5,4,1936.0,250.0,0.0020661157024793,1,4,4.0
graph_003058.json,544391789789331456,false,sydneysiege-all-rnr-threads,rumours,11,9,4713.0,93.0,0.0021217907914279,1,9,9.0
graph_003059.json,544391790615605249,non-rumour,sydneysiege-all-rnr-threads,non-rumours,28,27,10573.0,82.0,0.0025536744537974,6,16,3.375
graph_003060.json,544391946513305600,non-rumour,sydneysiege-all-rnr-threads,non-rumours,1,0,0.0,0.0,0.0,0,0,0.0
graph_003061.json,544392353717317632,non-rumour,sydneysiege-all-rnr-threads,non-rumours,23,22,14433.0,81.0,0.0015242846255109,6,10,2.0
graph_003062.json,544392718601183232,true,sydneysiege-all-rnr-threads,rumours,20,19,18223.0,41.0,0.0010426384239697,3,15,3.8
graph_003063.json,544392801836728321,non-rumour,sydneysiege-all-rnr-threads,non-rumours,16,15,10051.0,99.0,0.0014923888170331,2,13,7.5
graph_003064.json,544393165101613056,non-rumour,sydneysiege-all-rnr-threads,non-rumours,17,16,205726.0,76.0,7.777334901762539e-05,5,7,1.6
graph_003065.json,544393504768925697,non-rumour,sydneysiege-all-rnr-threads,non-rumours,29,27,7268.0,416.0,0.0038525041276829,5,12,2.076923076923077
graph_003066.json,544393723099238400,non-rumour,sydneysiege-all-rnr-threads,non-rumours,21,20,8998.0,100.0,0.0022227161591464,2,15,4.0
graph_003067.json,544393766287970304,non-rumour,sydneysiege-all-rnr-threads,non-rumours,41,40,15410.0,176.0,0.0025957170668397,10,7,1.818181818181818
graph_003068.json,544393889113600000,non-rumour,sydneysiege-all-rnr-threads,non-rumours,24,23,950.0,38.0,0.0242105263157894,6,12,2.090909090909091
graph_003069.json,544394005182963712,non-rumour,sydneysiege-all-rnr-threads,non-rumours,29,28,104035.0,92.0,0.0002691401932042,5,17,2.8
graph_003070.json,544394858405060608,non-rumour,sydneysiege-all-rnr-threads,non-rumours,18,17,21972.0,155.0,0.0007737119970872,3,12,3.4
graph_003071.json,544395106426425345,non-rumour,sydneysiege-all-rnr-threads,non-rumours,18,17,27125.0,3748.0,0.000626728110599,8,7,2.125
graph_003072.json,544395562666037248,non-rumour,sydneysiege-all-rnr-threads,non-rumours,20,19,4841.0,141.0,0.003924808923776,3,15,4.75
graph_003073.json,544395613043818496,non-rumour,sydneysiege-all-rnr-threads,non-rumours,17,16,36487.0,165.0,0.0004385123468632,2,14,8.0
graph_003074.json,544395712130449408,true,sydneysiege-all-rnr-threads,rumours,17,16,76316.0,411.0,0.0002096545940562,5,8,2.0
graph_003075.json,544395804190855168,non-rumour,sydneysiege-all-rnr-threads,non-rumours,24,23,56007.0,51.0,0.0004106629528451,3,18,4.6
graph_003076.json,544396078125039617,non-rumour,sydneysiege-all-rnr-threads,non-rumours,15,14,5735.0,80.0,0.0024411508282476,2,11,3.5
graph_003077.json,544396260740845568,true,sydneysiege-all-rnr-threads,rumours,5,4,15809.0,2893.0,0.0002530204313998,1,4,4.0
graph_003078.json,544396563116589056,true,sydneysiege-all-rnr-threads,rumours,8,7,3464.0,74.0,0.0020207852193995,1,7,7.0
graph_003079.json,544396587192311808,non-rumour,sydneysiege-all-rnr-threads,non-rumours,6,5,2595.0,207.0,0.001926782273603,2,4,2.5
graph_003080.json,544396608704901120,non-rumour,sydneysiege-all-rnr-threads,non-rumours,13,12,11987.0,233.0,0.0010010845082172,1,12,12.0
graph_003081.json,544396816083468290,non-rumour,sydneysiege-all-rnr-threads,non-rumours,56,41,34283.0,128.0,0.0016042936732491,11,7,1.8636363636363635
graph_003082.json,544397240601563137,non-rumour,sydneysiege-all-rnr-threads,non-rumours,3,2,30622.0,7874.0,6.531252041016262e-05,1,2,2.0
graph_003083.json,544398512931086336,non-rumour,sydneysiege-all-rnr-threads,non-rumours,11,10,6681.0,53.0,0.0014967819188744,3,6,2.5
graph_003084.json,544398776236904448,non-rumour,sydneysiege-all-rnr-threads,non-rumours,20,19,2014.0,60.0,0.0094339622641509,5,11,2.375
graph_003085.json,544399562866053120,non-rumour,sydneysiege-all-rnr-threads,non-rumours,133,132,95540.0,122.0,0.0013816202637638,19,8,1.5529411764705885
graph_003086.json,544399649025433601,non-rumour,sydneysiege-all-rnr-threads,non-rumours,55,54,12713.0,225.0,0.0042476205458978,19,4,1.3846153846153846
graph_003087.json,544399927045283840,true,sydneysiege-all-rnr-threads,rumours,32,31,49440.0,226.0,0.0006270226537216,9,13,2.5833333333333335
graph_003088.json,544400775775289344,true,sydneysiege-all-rnr-threads,rumours,30,27,14367.0,373.0,0.0020185146516322,7,9,1.588235294117647
graph_003089.json,544400801083686912,non-rumour,sydneysiege-all-rnr-threads,non-rumours,4,3,13934.0,9418.0,0.0002153007033156,2,2,1.5
graph_003090.json,544400809182523392,non-rumour,sydneysiege-all-rnr-threads,non-rumours,60,59,80375.0,148.0,0.0007340590979782,13,10,1.4390243902439024
graph_003091.json,544400853298184194,true,sydneysiege-all-rnr-threads,rumours,10,9,6839.0,210.0,0.0013159818686942,4,5,1.8
graph_003092.json,544401029211496449,non-rumour,sydneysiege-all-rnr-threads,non-rumours,9,8,11501.0,256.0,0.0006955916876793,1,8,8.0
graph_003093.json,544401106617786370,non-rumour,sydneysiege-all-rnr-threads,non-rumours,148,147,297458.0,71.0,0.0004941874146938,17,14,1.6333333333333333
graph_003094.json,544401367540834304,non-rumour,sydneysiege-all-rnr-threads,non-rumours,15,14,918.0,10.0,0.0152505446623093,1,14,14.0
graph_003095.json,544401374675341312,non-rumour,sydneysiege-all-rnr-threads,non-rumours,13,12,105210.0,73.0,0.0001140575990875,1,12,12.0
graph_003096.json,544401468875616257,true,sydneysiege-all-rnr-threads,rumours,1,0,0.0,0.0,0.0,0,0,0.0
graph_003097.json,544401573968097280,non-rumour,sydneysiege-all-rnr-threads,non-rumours,10,9,15029.0,697.0,0.0005988422383392,4,5,1.8
graph_003098.json,544401577113845760,non-rumour,sydneysiege-all-rnr-threads,non-rumours,1,0,0.0,0.0,0.0,0,0,0.0
graph_003099.json,544401599414943744,true,sydneysiege-all-rnr-threads,rumours,13,12,12853.0,165.0,0.0009336341710106,2,11,6.0
graph_003100.json,544401675789033473,true,sydneysiege-all-rnr-threads,rumours,15,14,16977.0,45.0,0.0008246451080874,4,9,2.8
graph_003101.json,544402012570284032,non-rumour,sydneysiege-all-rnr-threads,non-rumours,10,9,5856.0,250.0,0.0015368852459016,3,6,2.25
graph_003102.json,544402024524038144,non-rumour,sydneysiege-all-rnr-threads,non-rumours,6,5,12601.0,294.0,0.0003967939052456,1,5,5.0
graph_003103.json,544402515085623296,non-rumour,sydneysiege-all-rnr-threads,non-rumours,20,19,42139.0,76.0,0.0004508887254087,2,18,9.5
graph_003104.json,544402785966772224,true,sydneysiege-all-rnr-threads,rumours,5,4,19234.0,1370.0,0.0002079650618696,1,4,4.0
graph_003105.json,544403112656527360,non-rumour,sydneysiege-all-rnr-threads,non-rumours,32,31,180538.0,32.0,0.0001717090030907,5,13,2.5833333333333335
graph_003106.json,544403526773125120,non-rumour,sydneysiege-all-rnr-threads,non-rumours,3,2,5168.0,884.0,0.0003869969040247,1,2,2.0
graph_003107.json,544403564077260800,non-rumour,sydneysiege-all-rnr-threads,non-rumours,15,14,6082.0,38.0,0.0023018743834265,1,14,14.0
graph_003108.json,544403765575839744,non-rumour,sydneysiege-all-rnr-threads,non-rumours,21,20,3855.0,128.0,0.0051880674448767,2,18,6.666666666666667
graph_003109.json,544403913076924417,true,sydneysiege-all-rnr-threads,rumours,10,9,10497.0,113.0,0.0008573878250928,2,8,4.5
graph_003110.json,544404072179060736,non-rumour,sydneysiege-all-rnr-threads,non-rumours,13,12,6865.0,199.0,0.0017479970866715,2,11,6.0
graph_003111.json,544404673357021184,non-rumour,sydneysiege-all-rnr-threads,non-rumours,21,20,10460.0,48.0,0.0019120458891013,2,18,6.666666666666667
graph_003112.json,544404937380093952,non-rumour,sydneysiege-all-rnr-threads,non-rumours,20,19,2287.0,99.0,0.0083078268473983,2,18,9.5
graph_003113.json,544405761925738496,non-rumour,sydneysiege-all-rnr-threads,non-rumours,27,26,10230.0,185.0,0.0025415444770283,9,8,1.625
graph_003114.json,544405871703240704,true,sydneysiege-all-rnr-threads,rumours,9,8,11858.0,285.0,0.0006746500252993,1,8,8.0
graph_003115.json,544406212461473792,non-rumour,sydneysiege-all-rnr-threads,non-rumours,35,34,54060.0,37.0,0.00062893081761,16,12,1.619047619047619
graph_003116.json,544406288231174144,non-rumour,sydneysiege-all-rnr-threads,non-rumours,20,19,82973.0,933.0,0.0002289901534234,4,15,3.8
graph_003117.json,544406665223999488,non-rumour,sydneysiege-all-rnr-threads,non-rumours,11,10,7607.0,236.0,0.0013145786775338,1,10,10.0
graph_003118.json,544406832073416704,non-rumour,sydneysiege-all-rnr-threads,non-rumours,32,31,128666.0,116.0,0.0002409338908491,10,11,1.9375
graph_003119.json,544406902990323712,non-rumour,sydneysiege-all-rnr-threads,non-rumours,20,19,1803.0,331.0,0.0105379922351636,9,8,2.111111111111111
graph_003120.json,544406931897479168,non-rumour,sydneysiege-all-rnr-threads,non-rumours,21,20,1649.0,165.0,0.0121285627653123,4,9,1.818181818181818
graph_003121.json,544407139205132288,true,sydneysiege-all-rnr-threads,rumours,14,13,21091.0,81.0,0.0006163766535489,4,6,2.6
graph_003122.json,544407157077467136,false,sydneysiege-all-rnr-threads,rumours,19,18,678.0,35.0,0.0265486725663716,1,18,18.0
graph_003123.json,544407300329709568,false,sydneysiege-all-rnr-threads,rumours,22,21,2507.0,29.0,0.008376545672118,3,14,3.5
graph_003124.json,544407393451646976,non-rumour,sydneysiege-all-rnr-threads,non-rumours,106,105,98588.0,113.0,0.0010650383413802,12,13,1.6666666666666667
graph_003125.json,544408293192368128,non-rumour,sydneysiege-all-rnr-threads,non-rumours,22,21,1927.0,48.0,0.0108977685521536,3,19,7.0
graph_003126.json,544408496918499329,true,sydneysiege-all-rnr-threads,rumours,20,19,4669.0,65.0,0.0040693938744913,2,15,4.75
graph_003127.json,544408991649251329,non-rumour,sydneysiege-all-rnr-threads,non-rumours,37,36,144369.0,39.0,0.0002493610124057,8,17,2.1176470588235294
graph_003128.json,544409400941625344,non-rumour,sydneysiege-all-rnr-threads,non-rumours,12,11,4146.0,59.0,0.0026531596719729,2,10,5.5
graph_003129.json,544409432600223744,true,sydneysiege-all-rnr-threads,rumours,4,3,2239.0,1915.0,0.0013398838767306,1,3,3.0
graph_003130.json,544409517224898560,true,sydneysiege-all-rnr-threads,rumours,21,20,229717.0,67.0,8.706364787978251e-05,3,14,4.0
graph_003131.json,544409519380758528,true,sydneysiege-all-rnr-threads,rumours,15,14,17315.0,146.0,0.0008085475021657,2,11,4.666666666666667
graph_003132.json,544409532324413440,non-rumour,sydneysiege-all-rnr-threads,non-rumours,20,19,815.0,8.0,0.0233128834355828,2,18,9.5
graph_003133.json,544409869990633473,non-rumour,sydneysiege-all-rnr-threads,non-rumours,24,23,10064.0,76.0,0.002285373608903,5,14,2.875
graph_003134.json,544410050572582912,non-rumour,sydneysiege-all-rnr-threads,non-rumours,22,21,6035.0,16.0,0.0034797017398508,3,19,7.0
graph_003135.json,544410079043551232,non-rumour,sydneysiege-all-rnr-threads,non-rumours,13,12,12714.0,177.0,0.0009438414346389,2,11,6.0
graph_003136.json,544410576894427136,true,sydneysiege-all-rnr-threads,rumours,20,19,25135.0,413.0,0.0007559180425701,5,8,1.9
graph_003137.json,544410806167678976,non-rumour,sydneysiege-all-rnr-threads,non-rumours,31,29,77215.0,25.0,0.0003885255455546,7,9,1.8125
graph_003138.json,544410895602839552,non-rumour,sydneysiege-all-rnr-threads,non-rumours,4,3,11906.0,10156.0,0.0002519737947253,2,2,1.5
graph_003139.json,544410900854091776,non-rumour,sydneysiege-all-rnr-threads,non-rumours,36,35,7951.0,220.0,0.0044019620173563,6,14,3.888888888888889
graph_003140.json,544410907204259840,non-rumour,sydneysiege-all-rnr-threads,non-rumours,9,8,177662.0,985.0,4.502932534813297e-05,3,5,2.0
graph_003141.json,544411097797644288,true,sydneysiege-all-rnr-threads,rumours,19,18,1944.0,64.0,0.0092592592592592,2,16,6.0
graph_003142.json,544411313779126272,true,sydneysiege-all-rnr-threads,rumours,37,36,45780.0,112.0,0.000786369593709,6,11,2.25
graph_003143.json,544411561205301248,non-rumour,sydneysiege-all-rnr-threads,non-rumours,10,9,73448.0,873.0,0.0001225356714954,5,4,1.5
graph_003144.json,544411585070911488,true,sydneysiege-all-rnr-threads,rumours,1,0,0.0,0.0,0.0,0,0,0.0
graph_003145.json,544411992279093248,non-rumour,sydneysiege-all-rnr-threads,non-rumours,54,51,25610.0,226.0,0.0020695040999609,7,9,1.9615384615384617
graph_003146.json,544412083714928640,non-rumour,sydneysiege-all-rnr-threads,non-rumours,27,26,14432.0,27.0,0.0018015521064301,4,11,2.363636363636364
graph_003147.json,544412767240085504,non-rumour,sydneysiege-all-rnr-threads,non-rumours,41,40,20915.0,99.0,0.0019125029882859,15,12,1.818181818181818
graph_003148.json,544413195884974080,non-rumour,sydneysiege-all-rnr-threads,non-rumours,1,0,0.0,0.0,0.0,0,0,0.0
graph_003149.json,544414028752121856,non-rumour,sydneysiege-all-rnr-threads,non-rumours,1,0,0.0,0.0,0.0,0,0,0.0
graph_003150.json,544414430025371649,non-rumour,sydneysiege-all-rnr-threads,non-rumours,26,25,72520.0,193.0,0.0003447324875896,5,17,4.166666666666667
graph_003151.json,544414634308939776,non-rumour,sydneysiege-all-rnr-threads,non-rumours,4,3,9633.0,1655.0,0.000311429461227,1,3,3.0
graph_003152.json,544414686935285760,non-rumour,sydneysiege-all-rnr-threads,non-rumours,17,14,100703.0,107.0,0.0001588830521434,3,10,4.666666666666667
graph_003153.json,544415105358643200,non-rumour,sydneysiege-all-rnr-threads,non-rumours,28,27,109341.0,87.0,0.000246933904025,3,19,3.857142857142857
graph_003154.json,544415156659175424,non-rumour,sydneysiege-all-rnr-threads,non-rumours,13,12,5963.0,485.0,0.0020124098608083,4,5,3.0
graph_003155.json,544415318345396224,non-rumour,sydneysiege-all-rnr-threads,non-rumours,1,0,0.0,0.0,0.0,0,0,0.0
graph_003156.json,544415425140776961,non-rumour,sydneysiege-all-rnr-threads,non-rumours,18,17,2117.0,8.0,0.0080302314596126,1,17,17.0
graph_003157.json,544415616753745920,non-rumour,sydneysiege-all-rnr-threads,non-rumours,11,10,23585.0,272.0,0.0004239983040067,3,6,2.0
graph_003158.json,544415816851021824,non-rumour,sydneysiege-all-rnr-threads,non-rumours,8,7,119866.0,298.0,5.8398545041963526e-05,3,5,2.3333333333333335
graph_003159.json,544416309266898944,non-rumour,sydneysiege-all-rnr-threads,non-rumours,17,16,89803.0,193.0,0.0001781677672238,2,14,8.0
graph_003160.json,544416436374892544,non-rumour,sydneysiege-all-rnr-threads,non-rumours,20,19,25992.0,24693.0,0.0007309941520467,14,2,1.1875
graph_003161.json,544416582256967680,non-rumour,sydneysiege-all-rnr-threads,non-rumours,6,5,1522.0,59.0,0.0032851511169513,2,4,2.5
graph_003162.json,544416818711252992,non-rumour,sydneysiege-all-rnr-threads,non-rumours,32,31,3930.0,80.0,0.0078880407124681,8,8,1.9375
graph_003163.json,544416937178976256,non-rumour,sydneysiege-all-rnr-threads,non-rumours,4,3,2542.0,58.0,0.0011801730920535,1,3,3.0
graph_003164.json,544416939867529216,non-rumour,sydneysiege-all-rnr-threads,non-rumours,42,41,46031.0,35.0,0.0008907040907214,9,9,1.3666666666666667
graph_003165.json,544417650680823808,non-rumour,sydneysiege-all-rnr-threads,non-rumours,5,4,6021.0,281.0,0.0006643414715163,1,4,4.0
graph_003166.json,544417680284192768,non-rumour,sydneysiege-all-rnr-threads,non-rumours,48,47,148063.0,31.0,0.0003174324442973,8,13,1.8076923076923077
graph_003167.json,544418204508893184,non-rumour,sydneysiege-all-rnr-threads,non-rumours,11,8,19391.0,2249.0,0.0005157031612603,1,8,8.0
graph_003168.json,544419008615702528,non-rumour,sydneysiege-all-rnr-threads,non-rumours,11,10,7046.0,244.0,0.0014192449616803,2,9,5.0
graph_003169.json,544419029905985536,non-rumour,sydneysiege-all-rnr-threads,non-rumours,4,3,4625.0,629.0,0.0006486486486486,1,3,3.0
graph_003170.json,544419162001383424,non-rumour,sydneysiege-all-rnr-threads,non-rumours,2,1,198.0,198.0,0.005050505050505,1,1,1.0
graph_003171.json,544419416578850818,non-rumour,sydneysiege-all-rnr-threads,non-rumours,27,26,1836.0,382.0,0.0141612200435729,6,13,2.888888888888889
graph_003172.json,544419497667751937,non-rumour,sydneysiege-all-rnr-threads,non-rumours,36,34,7022.0,120.0,0.0049843349473084,5,17,4.25
graph_003173.json,544419788739461121,non-rumour,sydneysiege-all-rnr-threads,non-rumours,30,29,18338.0,188.0,0.0015814156396553,19,10,1.5263157894736843
graph_003174.json,544420067774316544,non-rumour,sydneysiege-all-rnr-threads,non-rumours,20,19,46959.0,143.0,0.0004046082753039,2,15,6.333333333333333
graph_003175.json,544420349052342272,non-rumour,sydneysiege-all-rnr-threads,non-rumours,25,24,19617.0,58.0,0.0012234286588163,8,9,2.0
graph_003176.json,544420375224791040,non-rumour,sydneysiege-all-rnr-threads,non-rumours,21,14,2231.0,90.0,0.0089645898700134,3,11,3.5
graph_003177.json,544420376424353792,non-rumour,sydneysiege-all-rnr-threads,non-rumours,21,20,8275.0,45.0,0.002416918429003,5,16,4.0
graph_003178.json,544420432099545089,non-rumour,sydneysiege-all-rnr-threads,non-rumours,4,3,8692.0,958.0,0.0003451449608835,2,2,1.5
graph_003179.json,544420963429797889,non-rumour,sydneysiege-all-rnr-threads,non-rumours,2,1,3935.0,3935.0,0.0002541296060991,1,1,1.0
graph_003180.json,544421207115051008,non-rumour,sydneysiege-all-rnr-threads,non-rumours,21,20,2233.0,62.0,0.0089565606806986,2,18,10.0
graph_003181.json,544421245698056194,non-rumour,sydneysiege-all-rnr-threads,non-rumours,10,9,92985.0,224.0,9.678980480722698e-05,2,7,3.0
graph_003182.json,544421653128556544,non-rumour,sydneysiege-all-rnr-threads,non-rumours,15,13,9218.0,122.0,0.0015187676285528,2,12,6.5
graph_003183.json,544422134127525888,non-rumour,sydneysiege-all-rnr-threads,non-rumours,29,28,188523.0,83.0,0.0001485229918895,6,8,1.8666666666666667
graph_003184.json,544422678119981056,true,sydneysiege-all-rnr-threads,rumours,5,4,20501.0,372.0,0.0001951124335398,1,4,4.0
graph_003185.json,544423787949600768,non-rumour,sydneysiege-all-rnr-threads,non-rumours,21,20,10254.0,621.0,0.001950458357714,3,11,3.3333333333333335
graph_003186.json,544423869981802496,non-rumour,sydneysiege-all-rnr-threads,non-rumours,7,6,37824.0,26359.0,0.0001586294416243,2,3,2.0
graph_003187.json,544424261163569152,non-rumour,sydneysiege-all-rnr-threads,non-rumours,47,44,48587.0,94.0,0.0009467553049169,8,14,1.76
graph_003188.json,544424408027115520,true,sydneysiege-all-rnr-threads,rumours,1,0,0.0,0.0,0.0,0,0,0.0
graph_003189.json,544424775939293184,true,sydneysiege-all-rnr-threads,rumours,10,9,8150.0,51.0,0.0011042944785276,2,8,4.5
graph_003190.json,544425457471725568,non-rumour,sydneysiege-all-rnr-threads,non-rumours,46,38,51294.0,172.0,0.0008772955901275,13,13,1.8095238095238095
graph_003191.json,544425492971941888,non-rumour,sydneysiege-all-rnr-threads,non-rumours,60,59,8776.0,49.0,0.0067228805834092,16,5,1.5945945945945943
graph_003192.json,544425494763302913,non-rumour,sydneysiege-all-rnr-threads,non-rumours,9,8,13047.0,199.0,0.0006131677780332,1,8,8.0
graph_003193.json,544425928290750464,true,sydneysiege-all-rnr-threads,rumours,14,13,169960.0,306.0,7.648858554954107e-05,1,13,13.0
graph_003194.json,544426163964096513,non-rumour,sydneysiege-all-rnr-threads,non-rumours,3,2,67450.0,1700.0,2.9651593773165308e-05,1,2,2.0
graph_003195.json,544426421331169280,non-rumour,sydneysiege-all-rnr-threads,non-rumours,20,19,59554.0,59538.0,0.0003190381838331,1,19,19.0
graph_003196.json,544426670095368192,non-rumour,sydneysiege-all-rnr-threads,non-rumours,16,15,247253.0,409.0,6.0666604651915246e-05,9,6,1.6666666666666667
graph_003197.json,544427042616254465,non-rumour,sydneysiege-all-rnr-threads,non-rumours,16,15,213544.0,2387.0,7.024313490428203e-05,4,12,3.75
graph_003198.json,544427133398175744,non-rumour,sydneysiege-all-rnr-threads,non-rumours,17,16,14837.0,148.0,0.0010783851182853,3,11,4.0
graph_003199.json,544427216516698113,non-rumour,sydneysiege-all-rnr-threads,non-rumours,19,18,16198.0,29.0,0.0011112483022595,1,18,18.0
graph_003200.json,544427255439425536,non-rumour,sydneysiege-all-rnr-threads,non-rumours,8,6,12142.0,181.0,0.0005765112831493,1,6,6.0
graph_003201.json,544427333969805312,non-rumour,sydneysiege-all-rnr-threads,non-rumours,24,23,7727.0,38.0,0.0029765756438462,4,14,3.2857142857142856
graph_003202.json,544427461136502784,non-rumour,sydneysiege-all-rnr-threads,non-rumours,26,25,9840.0,19.0,0.002540650406504,6,9,1.9230769230769231
graph_003203.json,544427543336464384,non-rumour,sydneysiege-all-rnr-threads,non-rumours,23,21,3116.0,67.0,0.0070603337612323,5,16,3.5
graph_003204.json,544427753785659393,non-rumour,sydneysiege-all-rnr-threads,non-rumours,12,11,905.0,35.0,0.0121546961325966,3,8,2.75
graph_003205.json,544427938372792321,non-rumour,sydneysiege-all-rnr-threads,non-rumours,4,3,1332.0,144.0,0.0022522522522522,1,3,3.0
graph_003206.json,544428008258297856,non-rumour,sydneysiege-all-rnr-threads,non-rumours,1,0,0.0,0.0,0.0,0,0,0.0
graph_003207.json,544428082749132800,non-rumour,sydneysiege-all-rnr-threads,non-rumours,5,4,66419.0,336.0,6.02237311612641e-05,1,4,4.0
graph_003208.json,544428261602623488,non-rumour,sydneysiege-all-rnr-threads,non-rumours,57,56,11586.0,143.0,0.0048334196443984,19,8,1.4
graph_003209.json,544428421745741824,true,sydneysiege-all-rnr-threads,rumours,19,18,6695.0,182.0,0.0026885735623599,2,15,4.5
graph_003210.json,544428943080951808,non-rumour,sydneysiege-all-rnr-threads,non-rumours,27,26,36043.0,131.0,0.0007213605970646,5,9,3.7142857142857144
graph_003211.json,544429185255481344,non-rumour,sydneysiege-all-rnr-threads,non-rumours,1,0,0.0,0.0,0.0,0,0,0.0
graph_003212.json,544429350376861696,non-rumour,sydneysiege-all-rnr-threads,non-rumours,5,4,38284.0,71.0,0.0001044822902518,1,4,4.0
graph_003213.json,544429467968339970,non-rumour,sydneysiege-all-rnr-threads,non-rumours,9,8,24570.0,116.0,0.0003256003256003,2,7,4.0
graph_003214.json,544429514525507585,non-rumour,sydneysiege-all-rnr-threads,non-rumours,16,15,4897.0,408.0,0.0030630998570553,2,12,5.0
graph_003215.json,544429942323167233,non-rumour,sydneysiege-all-rnr-threads,non-rumours,16,15,23597.0,96.0,0.0006356740263592,4,11,3.75
graph_003216.json,544430771688439808,true,sydneysiege-all-rnr-threads,rumours,174,170,29603.0,65.0,0.0058440022970644,19,9,1.5315315315315314
graph_003217.json,544430900235075584,non-rumour,sydneysiege-all-rnr-threads,non-rumours,15,14,84696.0,134.0,0.000165297062435,4,5,2.0
graph_003218.json,544430910511140865,non-rumour,sydneysiege-all-rnr-threads,non-rumours,1,0,0.0,0.0,0.0,0,0,0.0
graph_003219.json,544431559320014848,non-rumour,sydneysiege-all-rnr-threads,non-rumours,65,42,57129.0,271.0,0.0011202716658789,7,15,2.4705882352941178
graph_003220.json,544432190281359360,non-rumour,sydneysiege-all-rnr-threads,non-rumours,13,12,7155.0,56.0,0.0016771488469601,2,11,6.0
graph_003221.json,544432661419155456,non-rumour,sydneysiege-all-rnr-threads,non-rumours,44,43,27849.0,89.0,0.0015440410786742,19,12,1.72
graph_003222.json,544432946841538560,non-rumour,sydneysiege-all-rnr-threads,non-rumours,26,25,246565.0,349.0,0.0001013931417678,5,9,1.7857142857142858
graph_003223.json,544433367765110784,non-rumour,sydneysiege-all-rnr-threads,non-rumours,1,0,0.0,0.0,0.0,0,0,0.0
graph_003224.json,544433739539812353,unverified,sydneysiege-all-rnr-threads,rumours,15,14,39368.0,162.0,0.0003556187766714,2,10,2.8
graph_003225.json,544434192478519297,non-rumour,sydneysiege-all-rnr-threads,non-rumours,7,6,7539.0,2866.0,0.0007958615200955,2,5,3.0
graph_003226.json,544434195469045761,non-rumour,sydneysiege-all-rnr-threads,non-rumours,21,20,2048.0,122.0,0.009765625,3,15,3.3333333333333335
graph_003227.json,544434450918932480,non-rumour,sydneysiege-all-rnr-threads,non-rumours,46,45,12016.0,247.0,0.0037450066577896,19,7,1.5
graph_003228.json,544434475807936512,non-rumour,sydneysiege-all-rnr-threads,non-rumours,10,9,3143.0,24.0,0.0028635062042634,4,5,2.25
graph_003229.json,544434964985421824,non-rumour,sydneysiege-all-rnr-threads,non-rumours,4,3,60830.0,10491.0,4.9317770836758175e-05,1,3,3.0
graph_003230.json,544435023282470912,non-rumour,sydneysiege-all-rnr-threads,non-rumours,9,8,14088.0,679.0,0.0005678591709256,3,6,2.6666666666666665
graph_003231.json,544435030127161344,non-rumour,sydneysiege-all-rnr-threads,non-rumours,21,20,35273.0,848.0,0.0005670059252119,9,4,1.3333333333333333
graph_003232.json,544435176479027200,non-rumour,sydneysiege-all-rnr-threads,non-rumours,10,9,7075.0,81.0,0.0012720848056537,3,6,2.25
graph_003233.json,544435685864660992,non-rumour,sydneysiege-all-rnr-threads,non-rumours,38,37,8393.0,211.0,0.0044084356010961,19,8,1.4230769230769231
graph_003234.json,544435708299972608,non-rumour,sydneysiege-all-rnr-threads,non-rumours,11,10,11441.0,108.0,0.0008740494712,1,10,10.0
graph_003235.json,544435863946416129,non-rumour,sydneysiege-all-rnr-threads,non-rumours,9,8,3820.0,377.0,0.0020942408376963,3,6,2.6666666666666665
graph_003236.json,544436172999495680,non-rumour,sydneysiege-all-rnr-threads,non-rumours,6,5,24612.0,371.0,0.0002031529335283,1,5,5.0
graph_003237.json,544436279442546688,non-rumour,sydneysiege-all-rnr-threads,non-rumours,3,2,3556.0,368.0,0.0005624296962879,1,2,2.0
graph_003238.json,544436330856329216,non-rumour,sydneysiege-all-rnr-threads,non-rumours,8,7,7390.0,504.0,0.0009472259810554,1,7,7.0
graph_003239.json,544436666661085184,non-rumour,sydneysiege-all-rnr-threads,non-rumours,5,4,9079.0,3261.0,0.0004405771560744,1,4,4.0
graph_003240.json,544436750097973250,non-rumour,sydneysiege-all-rnr-threads,non-rumours,2,1,48.0,48.0,0.0208333333333333,1,1,1.0
graph_003241.json,544437117963616256,non-rumour,sydneysiege-all-rnr-threads,non-rumours,18,17,137920.0,132.0,0.0001232598607888,2,15,5.666666666666667
graph_003242.json,544437156505067520,non-rumour,sydneysiege-all-rnr-threads,non-rumours,5,4,1667.0,184.0,0.0023995200959808,1,4,4.0
graph_003243.json,544437375003131904,non-rumour,sydneysiege-all-rnr-threads,non-rumours,24,23,151151.0,93.0,0.0001521657150796,9,13,2.3
graph_003244.json,544437798426509312,non-rumour,sydneysiege-all-rnr-threads,non-rumours,3,2,7026.0,6807.0,0.000284656988329,2,1,1.0
graph_003245.json,544438309267578880,non-rumour,sydneysiege-all-rnr-threads,non-rumours,20,19,26820.0,233.0,0.0007084265473527,3,13,2.7142857142857144
graph_003246.json,544438499642847232,non-rumour,sydneysiege-all-rnr-threads,non-rumours,21,20,8995.0,93.0,0.0022234574763757,4,13,4.0
graph_003247.json,544438653410639872,non-rumour,sydneysiege-all-rnr-threads,non-rumours,13,12,25852.0,235.0,0.0004641807210273,4,8,3.0
graph_003248.json,544439077756755969,non-rumour,sydneysiege-all-rnr-threads,non-rumours,1,0,0.0,0.0,0.0,0,0,0.0
graph_003249.json,544439380329644032,non-rumour,sydneysiege-all-rnr-threads,non-rumours,23,15,28607.0,171.0,0.0007690425420351,7,9,2.142857142857143
graph_003250.json,544439521236893696,non-rumour,sydneysiege-all-rnr-threads,non-rumours,18,17,7650.0,1494.0,0.0022222222222222,2,14,4.25
graph_003251.json,544439832466817024,non-rumour,sydneysiege-all-rnr-threads,non-rumours,30,16,3068.0,187.0,0.0094524119947848,6,6,1.6
graph_003252.json,544440498594017280,non-rumour,sydneysiege-all-rnr-threads,non-rumours,20,19,1774.0,20.0,0.0107102593010146,1,19,19.0
graph_003253.json,544440724192628736,non-rumour,sydneysiege-all-rnr-threads,non-rumours,24,20,1407.0,70.0,0.0163468372423596,7,11,2.2222222222222223
graph_003254.json,544440749387808768,non-rumour,sydneysiege-all-rnr-threads,non-rumours,13,12,4551.0,127.0,0.002636783124588,2,9,3.0
graph_003255.json,544441034948636672,non-rumour,sydneysiege-all-rnr-threads,non-rumours,15,14,6594.0,11.0,0.0021231422505307,2,13,7.0
graph_003256.json,544442068639416320,non-rumour,sydneysiege-all-rnr-threads,non-rumours,8,7,11808.0,265.0,0.0005928184281842,1,7,7.0
graph_003257.json,544442206832963584,non-rumour,sydneysiege-all-rnr-threads,non-rumours,9,8,31997.0,246.0,0.0002500234396974,2,6,2.6666666666666665
graph_003258.json,544442448965947392,non-rumour,sydneysiege-all-rnr-threads,non-rumours,11,10,40622.0,581.0,0.000246172025011,2,9,5.0
graph_003259.json,544442676410867712,non-rumour,sydneysiege-all-rnr-threads,non-rumours,25,24,28628.0,73.0,0.0008383400866284,5,11,3.4285714285714284
graph_003260.json,544443027570556928,true,sydneysiege-all-rnr-threads,rumours,7,6,8278.0,2155.0,0.0007248127567045,2,5,3.0
graph_003261.json,544443154964152320,non-rumour,sydneysiege-all-rnr-threads,non-rumours,31,30,6038.0,77.0,0.0049685326266975,15,8,1.4285714285714286
graph_003262.json,544443259804598272,non-rumour,sydneysiege-all-rnr-threads,non-rumours,19,18,1315.0,182.0,0.0136882129277566,2,17,9.0
graph_003263.json,544443266926931968,non-rumour,sydneysiege-all-rnr-threads,non-rumours,4,3,4598.0,676.0,0.0006524575902566,1,3,3.0
graph_003264.json,544443377643954176,non-rumour,sydneysiege-all-rnr-threads,non-rumours,5,4,7150.0,293.0,0.0005594405594405,1,4,4.0
graph_003265.json,544443739800731648,false,sydneysiege-all-rnr-threads,rumours,22,21,6957.0,330.0,0.0030185424752048,3,16,4.2
graph_003266.json,544443959662358528,non-rumour,sydneysiege-all-rnr-threads,non-rumours,12,11,10775.0,61.0,0.0010208816705336,2,10,5.5
graph_003267.json,544444021066563584,non-rumour,sydneysiege-all-rnr-threads,non-rumours,25,24,47144.0,50.0,0.0005090785677922,6,17,4.0
graph_003268.json,544444148234076160,non-rumour,sydneysiege-all-rnr-threads,non-rumours,9,8,8375.0,114.0,0.000955223880597,2,7,4.0
graph_003269.json,544444189078208512,non-rumour,sydneysiege-all-rnr-threads,non-rumours,5,4,6428.0,133.0,0.0006222775357809,2,3,2.0
graph_003270.json,544444261027299328,non-rumour,sydneysiege-all-rnr-threads,non-rumours,38,37,4196.0,37.0,0.0088179218303145,9,18,2.176470588235294
graph_003271.json,544444409769512960,non-rumour,sydneysiege-all-rnr-threads,non-rumours,5,4,979.0,169.0,0.0040858018386108,1,4,4.0
graph_003272.json,544444539092488192,non-rumour,sydneysiege-all-rnr-threads,non-rumours,37,36,34453.0,45.0,0.0010449017502104,12,13,1.8
graph_003273.json,544444661859749890,non-rumour,sydneysiege-all-rnr-threads,non-rumours,13,12,3950.0,220.0,0.0030379746835443,2,11,6.0
graph_003274.json,544445364322197504,true,sydneysiege-all-rnr-threads,rumours,111,56,31366.0,94.0,0.0035069820825097,15,7,1.6470588235294117
graph_003275.json,544445607717261314,non-rumour,sydneysiege-all-rnr-threads,non-rumours,18,17,17005.0,60.0,0.0009997059688326,5,12,3.4
graph_003276.json,544446269968908289,non-rumour,sydneysiege-all-rnr-threads,non-rumours,29,28,12161.0,128.0,0.0023024422333689,8,8,1.75
graph_003277.json,544446282559799296,false,sydneysiege-all-rnr-threads,rumours,4,3,31111.0,2179.0,9.64289158175565e-05,2,2,1.5
graph_003278.json,544446667312091136,non-rumour,sydneysiege-all-rnr-threads,non-rumours,38,37,5907.0,123.0,0.0062637548671068,14,9,2.0555555555555554
graph_003279.json,544446828654366720,true,sydneysiege-all-rnr-threads,rumours,21,20,8410.0,87.0,0.0023781212841854,3,17,5.0
graph_003280.json,544446973667860480,non-rumour,sydneysiege-all-rnr-threads,non-rumours,22,21,46512.0,99.0,0.0004514963880288,6,15,3.5
graph_003281.json,544447054034919424,non-rumour,sydneysiege-all-rnr-threads,non-rumours,23,22,40121.0,114.0,0.0005483412676653,4,14,2.75
graph_003282.json,544447757860483072,non-rumour,sydneysiege-all-rnr-threads,non-rumours,21,20,34632.0,120.0,0.0005775005775005,3,17,5.0
graph_003283.json,544447768354639872,non-rumour,sydneysiege-all-rnr-threads,non-rumours,5,4,5913.0,69.0,0.0006764755623203,1,4,4.0
graph_003284.json,544448652886818816,non-rumour,sydneysiege-all-rnr-threads,non-rumours,12,11,32260.0,521.0,0.0003409795412275,2,10,5.5
graph_003285.json,544448991518130176,non-rumour,sydneysiege-all-rnr-threads,non-rumours,50,49,66409.0,49.0,0.0007378517971961,9,7,1.75
graph_003286.json,544449039433883650,non-rumour,sydneysiege-all-rnr-threads,non-rumours,8,7,10941.0,712.0,0.000639795265515,3,5,2.3333333333333335
graph_003287.json,544449562552045568,non-rumour,sydneysiege-all-rnr-threads,non-rumours,48,47,41130.0,77.0,0.0011427182105519,8,11,1.7407407407407407
graph_003288.json,544449632131375104,non-rumour,sydneysiege-all-rnr-threads,non-rumours,19,18,523.0,18.0,0.034416826003824,1,18,18.0
graph_003289.json,544450135988899840,non-rumour,sydneysiege-all-rnr-threads,non-rumours,12,11,11961.0,74.0,0.000919655547195,1,11,11.0
graph_003290.json,544450560460480512,non-rumour,sydneysiege-all-rnr-threads,non-rumours,16,15,14923.0,12.0,0.0010051598204114,1,15,15.0
graph_003291.json,544450580367024128,non-rumour,sydneysiege-all-rnr-threads,non-rumours,20,19,509.0,9.0,0.037328094302554,2,18,9.5
graph_003292.json,544450710926934017,non-rumour,sydneysiege-all-rnr-threads,non-rumours,9,8,9717.0,1693.0,0.0008232993722342,3,4,2.0
graph_003293.json,544451041396531200,non-rumour,sydneysiege-all-rnr-threads,non-rumours,27,26,41330.0,127.0,0.0006290829905637,5,10,1.8571428571428572
graph_003294.json,544451052679204864,non-rumour,sydneysiege-all-rnr-threads,non-rumours,29,28,32670.0,79.0,0.0008570554025099,4,14,2.3333333333333335
graph_003295.json,544451181754744832,false,sydneysiege-all-rnr-threads,rumours,7,6,77048.0,393.0,7.787353338178797e-05,2,5,3.0
graph_003296.json,544452087468150784,non-rumour,sydneysiege-all-rnr-threads,non-rumours,17,16,8850.0,91.0,0.0018079096045197,5,12,3.2
graph_003297.json,544452299641192448,non-rumour,sydneysiege-all-rnr-threads,non-rumours,64,58,105202.0,201.0,0.0005988479306477,14,7,1.6571428571428573
graph_003298.json,544452969702236161,non-rumour,sydneysiege-all-rnr-threads,non-rumours,24,4,4220.0,349.0,0.0054502369668246,3,2,1.3333333333333333
graph_003299.json,544453205682556928,non-rumour,sydneysiege-all-rnr-threads,non-rumours,41,40,6391.0,187.0,0.0062588014395243,11,5,1.7391304347826086
graph_003300.json,544453251068743681,non-rumour,sydneysiege-all-rnr-threads,non-rumours,7,6,6961.0,56.0,0.0008619451228271,1,6,6.0
graph_003301.json,544453564718804992,non-rumour,sydneysiege-all-rnr-threads,non-rumours,16,15,21901.0,66.0,0.000684900232866,1,15,15.0
graph_003302.json,544454229960974336,true,sydneysiege-all-rnr-threads,rumours,92,91,34339.0,132.0,0.0026500480503217,16,14,1.5423728813559323
graph_003303.json,544455370476109824,non-rumour,sydneysiege-all-rnr-threads,non-rumours,19,18,765.0,191.0,0.0235294117647058,2,16,6.0
graph_003304.json,544455530756841474,non-rumour,sydneysiege-all-rnr-threads,non-rumours,27,26,12615.0,142.0,0.002061038446294,4,17,3.25
graph_003305.json,544456216907636736,non-rumour,sydneysiege-all-rnr-threads,non-rumours,45,41,2103.0,56.0,0.0209224916785544,14,10,1.5185185185185186
graph_003306.json,544457324211879937,non-rumour,sydneysiege-all-rnr-threads,non-rumours,72,71,189906.0,0.0,0.0003738691773824,15,15,1.7317073170731707
graph_003307.json,544457877688430593,non-rumour,sydneysiege-all-rnr-threads,non-rumours,7,6,9758.0,36.0,0.0006148800983808,1,6,6.0
graph_003308.json,544457904422531072,non-rumour,sydneysiege-all-rnr-threads,non-rumours,23,22,2606.0,49.0,0.0084420567920184,2,16,7.333333333333333
graph_003309.json,544458083129229312,non-rumour,sydneysiege-all-rnr-threads,non-rumours,19,18,21050.0,818.0,0.000855106888361,4,14,3.6
graph_003310.json,544458427263512576,non-rumour,sydneysiege-all-rnr-threads,non-rumours,15,14,6438.0,120.0,0.0021745883814849,1,14,14.0
graph_003311.json,544458445764968448,non-rumour,sydneysiege-all-rnr-threads,non-rumours,1,0,0.0,0.0,0.0,0,0,0.0
graph_003312.json,544458458527834112,non-rumour,sydneysiege-all-rnr-threads,non-rumours,19,18,1082.0,159.0,0.0166358595194085,2,17,9.0
graph_003313.json,544458558432350208,non-rumour,sydneysiege-all-rnr-threads,non-rumours,22,21,122691.0,209.0,0.0001711616989021,4,8,3.0
graph_003314.json,544459137674125312,non-rumour,sydneysiege-all-rnr-threads,non-rumours,19,17,17277.0,281.0,0.0010418475429762,6,10,2.8333333333333335
graph_003315.json,544459333983948800,non-rumour,sydneysiege-all-rnr-threads,non-rumours,20,19,36928.0,36.0,0.0005145147313691,2,17,6.333333333333333
graph_003316.json,544459726948286464,non-rumour,sydneysiege-all-rnr-threads,non-rumours,7,6,6218.0,95.0,0.0009649404953361,1,6,6.0
graph_003317.json,544459882075017216,non-rumour,sydneysiege-all-rnr-threads,non-rumours,9,8,11444.0,177.0,0.00069905627403,1,8,8.0
graph_003318.json,544459886365376515,non-rumour,sydneysiege-all-rnr-threads,non-rumours,21,20,189578.0,50.0,0.0001054974733355,2,18,6.666666666666667
graph_003319.json,544460097146331136,non-rumour,sydneysiege-all-rnr-threads,non-rumours,132,131,35485.0,459.0,0.0036917007186134,19,7,1.617283950617284
graph_003320.json,544461231549992962,non-rumour,sydneysiege-all-rnr-threads,non-rumours,9,8,3905.0,257.0,0.0020486555697823,2,6,2.6666666666666665
graph_003321.json,544461661055098881,non-rumour,sydneysiege-all-rnr-threads,non-rumours,20,19,46166.0,128.0,0.0004115582896503,6,3,1.3571428571428572
graph_003322.json,544461947882586112,non-rumour,sydneysiege-all-rnr-threads,non-rumours,31,30,4528.0,90.0,0.006625441696113,11,14,1.875
graph_003323.json,544462330105712640,false,sydneysiege-all-rnr-threads,rumours,34,33,73792.0,191.0,0.0004472029488291,10,7,1.9411764705882353
graph_003324.json,544462438310375425,non-rumour,sydneysiege-all-rnr-threads,non-rumours,10,9,35480.0,161.0,0.0002536640360766,1,9,9.0
graph_003325.json,544462825952133121,non-rumour,sydneysiege-all-rnr-threads,non-rumours,12,11,5094.0,145.0,0.0021594032194738,4,8,2.75
graph_003326.json,544462911729455104,non-rumour,sydneysiege-all-rnr-threads,non-rumours,19,18,93097.0,74.0,0.0001933467243842,2,15,6.0
graph_003327.json,544462912644214785,true,sydneysiege-all-rnr-threads,rumours,19,18,15642.0,75.0,0.001150747986191,4,14,4.5
graph_003328.json,544462918465503233,non-rumour,sydneysiege-all-rnr-threads,non-rumours,14,13,207131.0,92.0,6.276221328531219e-05,3,6,1.8571428571428572
graph_003329.json,544463189447294976,non-rumour,sydneysiege-all-rnr-threads,non-rumours,31,30,13358.0,17.0,0.0022458451864051,7,18,2.5
graph_003330.json,544463201875025921,non-rumour,sydneysiege-all-rnr-threads,non-rumours,16,15,6189.0,174.0,0.0024236548715462,5,9,2.142857142857143
graph_003331.json,544463701030354944,non-rumour,sydneysiege-all-rnr-threads,non-rumours,46,43,72382.0,269.0,0.0006217015280041,14,7,1.6538461538461535
graph_003332.json,544463778780557312,non-rumour,sydneysiege-all-rnr-threads,non-rumours,87,86,53972.0,292.0,0.0015934188097532,19,12,1.6226415094339623
graph_003333.json,544464445787750401,non-rumour,sydneysiege-all-rnr-threads,non-rumours,1,0,0.0,0.0,0.0,0,0,0.0
graph_003334.json,544464695646617600,non-rumour,sydneysiege-all-rnr-threads,non-rumours,17,14,19259.0,432.0,0.0008307804143517,1,14,14.0
graph_003335.json,544464731449196544,non-rumour,sydneysiege-all-rnr-threads,non-rumours,20,19,814.0,19.0,0.0233415233415233,1,19,19.0
graph_003336.json,544464812621578243,non-rumour,sydneysiege-all-rnr-threads,non-rumours,12,11,26256.0,137.0,0.0004189518586227,4,7,2.75
graph_003337.json,544465040666288129,non-rumour,sydneysiege-all-rnr-threads,non-rumours,19,18,4257.0,48.0,0.0042283298097251,2,17,9.0
graph_003338.json,544465862942797825,non-rumour,sydneysiege-all-rnr-threads,non-rumours,20,19,68118.0,159.0,0.0002789277430341,5,13,3.1666666666666665
graph_003339.json,544465890218369024,non-rumour,sydneysiege-all-rnr-threads,non-rumours,19,18,9892.0,59.0,0.0018196522442377,3,13,4.5
graph_003340.json,544465934149513216,non-rumour,sydneysiege-all-rnr-threads,non-rumours,16,14,5482.0,374.0,0.0027362276541408,5,9,2.3333333333333335
graph_003341.json,544466608450580481,non-rumour,sydneysiege-all-rnr-threads,non-rumours,10,9,6505.0,42.0,0.0013835511145272,1,9,9.0
graph_003342.json,544466903364673536,non-rumour,sydneysiege-all-rnr-threads,non-rumours,36,35,109244.0,104.0,0.0003203837281681,5,10,2.3333333333333335
graph_003343.json,544466920880492544,non-rumour,sydneysiege-all-rnr-threads,non-rumours,27,26,13875.0,91.0,0.0018738738738738,9,9,2.0
graph_003344.json,544467005655748608,non-rumour,sydneysiege-all-rnr-threads,non-rumours,17,16,12096.0,48.0,0.0013227513227513,2,15,8.0
graph_003345.json,544467299218886656,non-rumour,sydneysiege-all-rnr-threads,non-rumours,35,27,18718.0,198.0,0.0018164333796345,5,10,1.8
graph_003346.json,544467710923395073,non-rumour,sydneysiege-all-rnr-threads,non-rumours,17,16,148091.0,93.0,0.0001080416770769,1,16,16.0
graph_003347.json,544467822168920064,non-rumour,sydneysiege-all-rnr-threads,non-rumours,1,0,0.0,0.0,0.0,0,0,0.0
graph_003348.json,544467919003213824,non-rumour,sydneysiege-all-rnr-threads,non-rumours,46,45,4650.0,68.0,0.0096774193548387,13,13,1.8
graph_003349.json,544468178961592321,non-rumour,sydneysiege-all-rnr-threads,non-rumours,25,24,149841.0,48.0,0.0001601697799667,4,13,3.0
graph_003350.json,544468997916614656,non-rumour,sydneysiege-all-rnr-threads,non-rumours,34,33,37846.0,63.0,0.0008719547640437,11,10,2.2
graph_003351.json,544469470568148992,true,sydneysiege-all-rnr-threads,rumours,18,17,110283.0,435.0,0.0001541488715395,3,15,5.666666666666667
graph_003352.json,544469609433563136,non-rumour,sydneysiege-all-rnr-threads,non-rumours,36,28,124281.0,189.0,0.0002816198775355,4,16,2.5454545454545454
graph_003353.json,544469768745398272,non-rumour,sydneysiege-all-rnr-threads,non-rumours,2,1,925.0,925.0,0.001081081081081,1,1,1.0
graph_003354.json,544470398881259520,non-rumour,sydneysiege-all-rnr-threads,non-rumours,13,12,9093.0,32.0,0.0013196964698119,1,12,12.0
graph_003355.json,544470708093747202,non-rumour,sydneysiege-all-rnr-threads,non-rumours,18,17,4162.0,226.0,0.0040845747236905,3,13,3.4
graph_003356.json,544470843997564928,non-rumour,sydneysiege-all-rnr-threads,non-rumours,7,6,2246.0,36.0,0.0026714158504007,4,3,1.5
graph_003357.json,544470979842281472,non-rumour,sydneysiege-all-rnr-threads,non-rumours,20,19,58801.0,346.0,0.0003231237563987,2,18,9.5
graph_003358.json,544471218951581696,non-rumour,sydneysiege-all-rnr-threads,non-rumours,27,26,11301.0,31.0,0.0023006813556322,7,15,2.6
graph_003359.json,544471469527691264,true,sydneysiege-all-rnr-threads,rumours,1,0,0.0,0.0,0.0,0,0,0.0
graph_003360.json,544472530921480192,non-rumour,sydneysiege-all-rnr-threads,non-rumours,26,25,33139.0,122.0,0.0007543981411629,4,14,2.272727272727273
graph_003361.json,544472595140063232,non-rumour,sydneysiege-all-rnr-threads,non-rumours,2,1,291.0,291.0,0.0034364261168384,1,1,1.0
graph_003362.json,544472800379940864,non-rumour,sydneysiege-all-rnr-threads,non-rumours,21,20,1001.0,39.0,0.0199800199800199,3,18,6.666666666666667
graph_003363.json,544473507594113024,non-rumour,sydneysiege-all-rnr-threads,non-rumours,8,7,61031.0,93.0,0.0001146958103258,1,7,7.0
graph_003364.json,544474138287812608,non-rumour,sydneysiege-all-rnr-threads,non-rumours,10,9,120675.0,22.0,7.458048477315103e-05,1,9,9.0
graph_003365.json,544474153646956547,non-rumour,sydneysiege-all-rnr-threads,non-rumours,9,8,3393.0,17.0,0.0023577954612437,2,7,4.0
graph_003366.json,544474960602083328,non-rumour,sydneysiege-all-rnr-threads,non-rumours,17,16,37872.0,192.0,0.0004224757076468,4,11,3.2
graph_003367.json,544475686740967424,non-rumour,sydneysiege-all-rnr-threads,non-rumours,20,19,2154.0,35.0,0.0088207985143918,6,11,2.375
graph_003368.json,544475892685099008,non-rumour,sydneysiege-all-rnr-threads,non-rumours,11,10,23413.0,137.0,0.0004271131422713,3,6,2.5
graph_003369.json,544475905926524928,non-rumour,sydneysiege-all-rnr-threads,non-rumours,18,17,8228.0,319.0,0.0020661157024793,1,17,17.0
graph_003370.json,544476492281827328,non-rumour,sydneysiege-all-rnr-threads,non-rumours,9,8,17271.0,177.0,0.0004632042151583,1,8,8.0
graph_003371.json,544476533302505472,non-rumour,sydneysiege-all-rnr-threads,non-rumours,23,22,4388.0,95.0,0.0050136736554238,4,14,2.75
graph_003372.json,544476597512699904,non-rumour,sydneysiege-all-rnr-threads,non-rumours,1,0,0.0,0.0,0.0,0,0,0.0
graph_003373.json,544476808566276097,true,sydneysiege-all-rnr-threads,rumours,32,31,128997.0,44.0,0.0002403156662558,7,15,2.2142857142857144
graph_003374.json,544477019472289792,non-rumour,sydneysiege-all-rnr-threads,non-rumours,1,0,0.0,0.0,0.0,0,0,0.0
graph_003375.json,544477048048082945,non-rumour,sydneysiege-all-rnr-threads,non-rumours,24,23,3641.0,47.0,0.0063169458939851,4,17,3.8333333333333335
graph_003376.json,544477097016578048,non-rumour,sydneysiege-all-rnr-threads,non-rumours,13,12,3633.0,52.0,0.0033030553261767,3,7,3.0
graph_003377.json,544477404342018048,non-rumour,sydneysiege-all-rnr-threads,non-rumours,1,0,0.0,0.0,0.0,0,0,0.0
graph_003378.json,544477802255630336,non-rumour,sydneysiege-all-rnr-threads,non-rumours,22,19,13237.0,82.0,0.0015864621893178,8,8,1.5833333333333333
graph_003379.json,544477834396577793,non-rumour,sydneysiege-all-rnr-threads,non-rumours,25,24,5503.0,4.0,0.0043612574959113,3,19,4.0
graph_003380.json,544478071340806146,non-rumour,sydneysiege-all-rnr-threads,non-rumours,19,17,13789.0,9.0,0.001305388353035,2,14,4.25
graph_003381.json,544478625383608320,non-rumour,sydneysiege-all-rnr-threads,non-rumours,18,17,76465.0,789.0,0.000222323939057,2,16,8.5
graph_003382.json,544478708741201920,true,sydneysiege-all-rnr-threads,rumours,6,5,3701.0,201.0,0.0013509862199405,1,5,5.0
graph_003383.json,544479045149130753,non-rumour,sydneysiege-all-rnr-threads,non-rumours,11,10,4536.0,165.0,0.0022045855379188,2,9,5.0
graph_003384.json,544480083982168064,non-rumour,sydneysiege-all-rnr-threads,non-rumours,25,24,40727.0,10.0,0.0005892896604218,7,17,3.0
graph_003385.json,544480905532669952,non-rumour,sydneysiege-all-rnr-threads,non-rumours,15,14,51888.0,331.0,0.0002698119025593,2,13,7.0
graph_003386.json,544480936960606210,non-rumour,sydneysiege-all-rnr-threads,non-rumours,2,1,476.0,476.0,0.0021008403361344,1,1,1.0
graph_003387.json,544482233038286848,non-rumour,sydneysiege-all-rnr-threads,non-rumours,4,3,57455.0,2446.0,5.221477678182926e-05,1,3,3.0
graph_003388.json,544482559900393472,non-rumour,sydneysiege-all-rnr-threads,non-rumours,24,23,92478.0,170.0,0.0002487078007742,3,15,3.8333333333333335
graph_003389.json,544482664515121153,non-rumour,sydneysiege-all-rnr-threads,non-rumours,18,17,3038.0,25.0,0.0055957867017774,9,5,1.8888888888888888
graph_003390.json,544482745637158912,non-rumour,sydneysiege-all-rnr-threads,non-rumours,9,8,105464.0,132.0,7.58552681483729e-05,3,4,2.6666666666666665
graph_003391.json,544483003758419969,non-rumour,sydneysiege-all-rnr-threads,non-rumours,19,18,3132.0,30.0,0.0057471264367816,2,17,9.0
graph_003392.json,544483282352889857,unverified,sydneysiege-all-rnr-threads,rumours,31,30,13277.0,25.0,0.0022595465843187,12,8,1.875
graph_003393.json,544483404528775168,non-rumour,sydneysiege-all-rnr-threads,non-rumours,4,3,3592.0,608.0,0.0008351893095768,1,3,3.0
graph_003394.json,544483913830531073,non-rumour,sydneysiege-all-rnr-threads,non-rumours,11,10,23576.0,1311.0,0.0004241601628775,2,9,5.0
graph_003395.json,544483951524737024,non-rumour,sydneysiege-all-rnr-threads,non-rumours,19,18,78893.0,143.0,0.0002281571242062,3,15,4.5
graph_003396.json,544484477930467328,non-rumour,sydneysiege-all-rnr-threads,non-rumours,1,0,0.0,0.0,0.0,0,0,0.0
graph_003397.json,544484515742482432,non-rumour,sydneysiege-all-rnr-threads,non-rumours,22,21,3269.0,102.0,0.006423982869379,2,18,5.25
graph_003398.json,544484918567239681,non-rumour,sydneysiege-all-rnr-threads,non-rumours,9,8,7641.0,395.0,0.0010469833791388,2,7,4.0
graph_003399.json,544486142763347969,non-rumour,sydneysiege-all-rnr-threads,non-rumours,26,25,52112.0,34.0,0.0004797359533312,6,12,2.272727272727273
graph_003400.json,544486187478433793,non-rumour,sydneysiege-all-rnr-threads,non-rumours,1,0,0.0,0.0,0.0,0,0,0.0
graph_003401.json,544487291465392128,non-rumour,sydneysiege-all-rnr-threads,non-rumours,67,66,115596.0,124.0,0.0005709540122495,10,8,1.736842105263158
graph_003402.json,544487535418687488,true,sydneysiege-all-rnr-threads,rumours,1,0,0.0,0.0,0.0,0,0,0.0
graph_003403.json,544487556700598272,non-rumour,sydneysiege-all-rnr-threads,non-rumours,1,0,0.0,0.0,0.0,0,0,0.0
graph_003404.json,544487579048222721,non-rumour,sydneysiege-all-rnr-threads,non-rumours,2,1,3781.0,3781.0,0.0002644802962179,1,1,1.0
graph_003405.json,544487672145018880,non-rumour,sydneysiege-all-rnr-threads,non-rumours,65,64,25055.0,127.0,0.0025543803632009,19,4,1.3617021276595744
graph_003406.json,544488899100147713,non-rumour,sydneysiege-all-rnr-threads,non-rumours,22,21,16642.0,99.0,0.0012618675639947,3,14,3.5
graph_003407.json,544489340584222720,true,sydneysiege-all-rnr-threads,rumours,28,27,7578.0,33.0,0.003562945368171,4,12,2.25
graph_003408.json,544489539348471808,non-rumour,sydneysiege-all-rnr-threads,non-rumours,14,13,45230.0,62.0,0.0002874198540791,1,13,13.0
graph_003409.json,544490782183657474,true,sydneysiege-all-rnr-threads,rumours,15,14,2050.0,63.0,0.0068292682926829,2,9,7.0
graph_003410.json,544490976253726720,non-rumour,sydneysiege-all-rnr-threads,non-rumours,22,21,1842.0,26.0,0.011400651465798,4,14,2.625
graph_003411.json,544491151118860289,true,sydneysiege-all-rnr-threads,rumours,9,8,4586.0,103.0,0.0017444395987788,3,5,2.0
graph_003412.json,544491160803106816,true,sydneysiege-all-rnr-threads,rumours,27,26,5863.0,95.0,0.0044345898004434,6,18,3.7142857142857144
graph_003413.json,544491410439667713,true,sydneysiege-all-rnr-threads,rumours,9,8,2117.0,56.0,0.0037789324515824,1,8,8.0
graph_003414.json,544492053900836864,true,sydneysiege-all-rnr-threads,rumours,25,21,3299.0,59.0,0.0072749317975143,4,15,3.5
graph_003415.json,544492209861836800,true,sydneysiege-all-rnr-threads,rumours,18,12,2457.0,77.0,0.0069190069190069,2,11,6.0
graph_003416.json,544492372088717312,non-rumour,sydneysiege-all-rnr-threads,non-rumours,5,4,1493.0,58.0,0.0026791694574681,1,4,4.0
graph_003417.json,544492454016475137,true,sydneysiege-all-rnr-threads,rumours,14,13,2734.0,27.0,0.0047549378200438,2,11,4.333333333333333
graph_003418.json,544492465185898496,non-rumour,sydneysiege-all-rnr-threads,non-rumours,7,6,14280.0,326.0,0.0004201680672268,1,6,6.0
graph_003419.json,544492614838673408,non-rumour,sydneysiege-all-rnr-threads,non-rumours,16,15,86103.0,17.0,0.0001742099578411,3,13,5.0
graph_003420.json,544492843499540480,true,sydneysiege-all-rnr-threads,rumours,22,21,2985.0,272.0,0.0070351758793969,5,10,2.3333333333333335
graph_003421.json,544492919567417344,non-rumour,sydneysiege-all-rnr-threads,non-rumours,1,0,0.0,0.0,0.0,0,0,0.0
graph_003422.json,544492984880754688,true,sydneysiege-all-rnr-threads,rumours,24,23,53770.0,24.0,0.0004277478147665,4,15,2.875
graph_003423.json,544493466836017154,true,sydneysiege-all-rnr-threads,rumours,13,12,15624.0,78.0,0.0007680491551459,2,9,6.0
graph_003424.json,544493536771854336,non-rumour,sydneysiege-all-rnr-threads,non-rumours,8,7,10096.0,335.0,0.0006933438985736,2,6,3.5
graph_003425.json,544494058287423489,non-rumour,sydneysiege-all-rnr-threads,non-rumours,5,4,48474.0,642.0,8.251846350620951e-05,1,4,4.0
graph_003426.json,544494273924562944,non-rumour,sydneysiege-all-rnr-threads,non-rumours,2,1,121.0,121.0,0.0082644628099173,1,1,1.0
graph_003427.json,544494312206000128,non-rumour,sydneysiege-all-rnr-threads,non-rumours,20,19,10804.0,84.0,0.0017586079229914,3,11,3.1666666666666665
graph_003428.json,544494408515608576,non-rumour,sydneysiege-all-rnr-threads,non-rumours,28,26,64438.0,58.0,0.0004190074179831,6,13,2.363636363636364
graph_003429.json,544494652418949120,non-rumour,sydneysiege-all-rnr-threads,non-rumours,16,14,1991.0,32.0,0.0075339025615268,4,11,3.5
graph_003430.json,544494721872433152,non-rumour,sydneysiege-all-rnr-threads,non-rumours,19,18,16080.0,167.0,0.0011194029850746,3,14,4.5
graph_003431.json,544494787168972800,non-rumour,sydneysiege-all-rnr-threads,non-rumours,10,9,53826.0,472.0,0.0001672054397503,3,6,2.25
graph_003432.json,544495066258362368,non-rumour,sydneysiege-all-rnr-threads,non-rumours,48,47,7473.0,75.0,0.0062893081761006,15,13,1.8076923076923077
graph_003433.json,544495155198181376,non-rumour,sydneysiege-all-rnr-threads,non-rumours,19,18,4223.0,143.0,0.0042623727208145,3,12,3.0
graph_003434.json,544495167836016640,non-rumour,sydneysiege-all-rnr-threads,non-rumours,19,18,27371.0,218.0,0.0006576303386796,2,16,6.0
graph_003435.json,544495240640757760,non-rumour,sydneysiege-all-rnr-threads,non-rumours,1,0,0.0,0.0,0.0,0,0,0.0
graph_003436.json,544495359800930304,non-rumour,sydneysiege-all-rnr-threads,non-rumours,22,21,17359.0,129.0,0.0012097471052479,3,15,4.2
graph_003437.json,544495737770618880,non-rumour,sydneysiege-all-rnr-threads,non-rumours,24,23,21107.0,40.0,0.0010896858861988,5,14,2.5555555555555554
graph_003438.json,544495975083941889,non-rumour,sydneysiege-all-rnr-threads,non-rumours,39,26,19634.0,82.0,0.0019354181521849,5,8,1.5294117647058822
graph_003439.json,544496062321664001,non-rumour,sydneysiege-all-rnr-threads,non-rumours,39,25,199015.0,96.0,0.0001909403813782,5,12,2.5
graph_003440.json,544496262629036032,true,sydneysiege-all-rnr-threads,rumours,19,18,14876.0,51.0,0.0012100026888948,5,9,2.0
graph_003441.json,544496602262806528,non-rumour,sydneysiege-all-rnr-threads,non-rumours,8,7,20780.0,185.0,0.0003368623676612,3,4,1.75
graph_003442.json,544496648445890561,non-rumour,sydneysiege-all-rnr-threads,non-rumours,21,16,10713.0,75.0,0.0018668906935498,2,13,5.333333333333333
graph_003443.json,544497137221136384,non-rumour,sydneysiege-all-rnr-threads,non-rumours,21,20,4027.0,40.0,0.0049664762850757,3,18,6.666666666666667
graph_003444.json,544497191155290112,non-rumour,sydneysiege-all-rnr-threads,non-rumours,18,17,116370.0,160.0,0.0001460857609349,2,16,8.5
graph_003445.json,544497307933474816,non-rumour,sydneysiege-all-rnr-threads,non-rumours,21,20,5818.0,89.0,0.003437607425232,3,17,5.0
graph_003446.json,544497405237161984,non-rumour,sydneysiege-all-rnr-threads,non-rumours,21,18,3940.0,27.0,0.0050761421319796,2,12,6.0
graph_003447.json,544499381731622912,non-rumour,sydneysiege-all-rnr-threads,non-rumours,3,2,1268.0,165.0,0.001577287066246,1,2,2.0
graph_003448.json,544499449645768706,non-rumour,sydneysiege-all-rnr-threads,non-rumours,20,19,6653.0,90.0,0.0028558545017285,6,14,3.1666666666666665
graph_003449.json,544499780479893504,non-rumour,sydneysiege-all-rnr-threads,non-rumours,30,27,182252.0,1086.0,0.0001591203388714,6,10,2.25
graph_003450.json,544499892010635264,non-rumour,sydneysiege-all-rnr-threads,non-rumours,17,16,8838.0,86.0,0.0018103643358225,2,15,8.0
graph_003451.json,544499931101548544,non-rumour,sydneysiege-all-rnr-threads,non-rumours,20,19,1724.0,109.0,0.0110208816705336,3,14,3.8
graph_003452.json,544500288183607296,non-rumour,sydneysiege-all-rnr-threads,non-rumours,12,11,62148.0,185.0,0.000176996846238,2,10,5.5
graph_003453.json,544500527720325120,non-rumour,sydneysiege-all-rnr-threads,non-rumours,20,19,50087.0,32.0,0.0003793399484896,3,15,3.8
graph_003454.json,544500883963518976,non-rumour,sydneysiege-all-rnr-threads,non-rumours,17,16,36142.0,248.0,0.0004426982458082,1,16,16.0
graph_003455.json,544501464849059840,non-rumour,sydneysiege-all-rnr-threads,non-rumours,20,19,3446.0,44.0,0.0055136390017411,6,10,2.375
graph_003456.json,544502782267752449,non-rumour,sydneysiege-all-rnr-threads,non-rumours,30,29,98904.0,75.0,0.0002932136212893,5,11,2.230769230769231
graph_003457.json,544503037973528577,true,sydneysiege-all-rnr-threads,rumours,13,12,7657.0,122.0,0.0015671934177876,3,10,4.0
graph_003458.json,544503217107648513,non-rumour,sydneysiege-all-rnr-threads,non-rumours,8,7,4860.0,110.0,0.0014403292181069,1,7,7.0
graph_003459.json,544503425082613761,non-rumour,sydneysiege-all-rnr-threads,non-rumours,12,11,27422.0,104.0,0.0004011377725913,1,11,11.0
graph_003460.json,544503881527742464,non-rumour,sydneysiege-all-rnr-threads,non-rumours,26,25,7954.0,71.0,0.00314307266784,4,18,3.5714285714285716
graph_003461.json,544504183341064192,true,sydneysiege-all-rnr-threads,rumours,19,18,72109.0,187.0,0.0002496220998765,9,7,1.6363636363636365
graph_003462.json,544504859290906624,non-rumour,sydneysiege-all-rnr-threads,non-rumours,21,20,91198.0,77.0,0.0002193030548915,2,17,5.0
graph_003463.json,544504889746149377,non-rumour,sydneysiege-all-rnr-threads,non-rumours,7,6,1025.0,133.0,0.0058536585365853,4,3,1.5
graph_003464.json,544504954334224384,non-rumour,sydneysiege-all-rnr-threads,non-rumours,15,12,29880.0,156.0,0.0004685408299866,1,12,12.0
graph_003465.json,544505129810944001,non-rumour,sydneysiege-all-rnr-threads,non-rumours,20,19,349.0,19.0,0.0544412607449856,1,19,19.0
graph_003466.json,544505447911149569,non-rumour,sydneysiege-all-rnr-threads,non-rumours,21,20,7728.0,159.0,0.0025879917184265,7,7,1.5384615384615383
graph_003467.json,544506347438735361,non-rumour,sydneysiege-all-rnr-threads,non-rumours,6,5,27447.0,707.0,0.0001821692716872,4,2,1.25
graph_003468.json,544506443626741762,non-rumour,sydneysiege-all-rnr-threads,non-rumours,20,19,2749.0,28.0,0.0069116042197162,4,15,3.8
graph_003469.json,544506628239028224,non-rumour,sydneysiege-all-rnr-threads,non-rumours,22,21,3407.0,46.0,0.0061637804520105,5,16,4.2
graph_003470.json,544506678922977280,non-rumour,sydneysiege-all-rnr-threads,non-rumours,13,12,17204.0,335.0,0.0006975122064636,2,11,6.0
graph_003471.json,544508035113439232,non-rumour,sydneysiege-all-rnr-threads,non-rumours,7,6,31981.0,72.0,0.0001876113942653,1,6,6.0
graph_003472.json,544508313220567041,non-rumour,sydneysiege-all-rnr-threads,non-rumours,11,10,28501.0,46.0,0.0003508648819339,1,10,10.0
graph_003473.json,544508411178536960,unverified,sydneysiege-all-rnr-threads,rumours,14,13,1279.0,68.0,0.0101641907740422,1,13,13.0
graph_003474.json,544508479675711489,unverified,sydneysiege-all-rnr-threads,rumours,17,16,5059.0,206.0,0.0031626803716149,8,4,1.7777777777777777
graph_003475.json,544508543152304128,non-rumour,sydneysiege-all-rnr-threads,non-rumours,33,32,14798.0,79.0,0.0021624543857278,4,12,2.909090909090909
graph_003476.json,544508666724876288,unverified,sydneysiege-all-rnr-threads,rumours,5,4,166.0,27.0,0.0240963855421686,1,4,4.0
graph_003477.json,544508725420380160,non-rumour,sydneysiege-all-rnr-threads,non-rumours,61,60,271696.0,32.0,0.0002208350509392,13,16,2.2222222222222223
graph_003478.json,544508900595499009,unverified,sydneysiege-all-rnr-threads,rumours,12,11,4404.0,140.0,0.0024977293369663,1,11,11.0
graph_003479.json,544508995361202176,unverified,sydneysiege-all-rnr-threads,rumours,6,5,757.0,126.0,0.0066050198150594,2,4,2.5
graph_003480.json,544509086998749186,unverified,sydneysiege-all-rnr-threads,rumours,12,11,4468.0,243.0,0.002461951656222,2,9,3.6666666666666665
graph_003481.json,544509140911919104,unverified,sydneysiege-all-rnr-threads,rumours,22,21,4669.0,47.0,0.0044977511244377,5,15,3.5
graph_003482.json,544509519179816960,unverified,sydneysiege-all-rnr-threads,rumours,1,0,0.0,0.0,0.0,0,0,0.0
graph_003483.json,544509652390924290,non-rumour,sydneysiege-all-rnr-threads,non-rumours,19,18,24377.0,38.0,0.0007384009517167,2,17,9.0
graph_003484.json,544510219401703425,unverified,sydneysiege-all-rnr-threads,rumours,11,10,24280.0,65.0,0.0004118616144975,1,10,10.0
graph_003485.json,544510345289924608,true,sydneysiege-all-rnr-threads,rumours,13,12,6166.0,47.0,0.001946156341226,4,5,1.7142857142857142
graph_003486.json,544510402454110208,unverified,sydneysiege-all-rnr-threads,rumours,10,9,931.0,126.0,0.0096670247046186,3,6,3.0
graph_003487.json,544510450101415936,unverified,sydneysiege-all-rnr-threads,rumours,12,11,987.0,45.0,0.011144883485309,1,11,11.0
graph_003488.json,544510453201006592,unverified,sydneysiege-all-rnr-threads,rumours,18,17,2454.0,45.0,0.0069274653626731,1,17,17.0
graph_003489.json,544510784366080000,non-rumour,sydneysiege-all-rnr-threads,non-rumours,57,56,73476.0,97.0,0.0007621536283956,4,11,2.5454545454545454
graph_003490.json,544510827433558016,true,sydneysiege-all-rnr-threads,rumours,11,10,78653.0,36.0,0.0001271407320763,2,8,3.3333333333333335
graph_003491.json,544511112654618624,true,sydneysiege-all-rnr-threads,rumours,4,3,2307.0,671.0,0.0013003901170351,1,3,3.0
graph_003492.json,544511130249744384,true,sydneysiege-all-rnr-threads,rumours,20,17,1350.0,59.0,0.014074074074074,5,11,2.4285714285714284
graph_003493.json,544511151900753921,true,sydneysiege-all-rnr-threads,rumours,18,17,6263.0,18.0,0.0027143541433817,5,9,2.8333333333333335
graph_003494.json,544511199702822913,true,sydneysiege-all-rnr-threads,rumours,9,8,25597.0,112.0,0.0003125366253857,1,8,8.0
graph_003495.json,544511263788003329,true,sydneysiege-all-rnr-threads,rumours,7,6,9857.0,223.0,0.0006087044739778,1,6,6.0
graph_003496.json,544511300630753280,true,sydneysiege-all-rnr-threads,rumours,5,4,7774.0,174.0,0.0005145356315924,1,4,4.0
graph_003497.json,544511391349354496,non-rumour,sydneysiege-all-rnr-threads,non-rumours,10,9,2217.0,51.0,0.0040595399188092,1,9,9.0
graph_003498.json,544511434840113152,true,sydneysiege-all-rnr-threads,rumours,20,19,11219.0,38.0,0.0016935555753632,1,19,19.0
graph_003499.json,544511489869373440,true,sydneysiege-all-rnr-threads,rumours,2,1,376.0,376.0,0.0026595744680851,1,1,1.0
graph_003500.json,544511558173601792,true,sydneysiege-all-rnr-threads,rumours,9,8,1761.0,91.0,0.0045428733674048,5,4,1.6
graph_003501.json,544511560249790464,true,sydneysiege-all-rnr-threads,rumours,5,4,3426.0,182.0,0.0011675423234092,1,4,4.0
graph_003502.json,544511676088066048,true,sydneysiege-all-rnr-threads,rumours,22,17,4923.0,75.0,0.004265691651432,2,15,5.666666666666667
graph_003503.json,544511693204647936,unverified,sydneysiege-all-rnr-threads,rumours,10,9,7207.0,47.0,0.0012487859025946,2,8,4.5
graph_003504.json,544511736465072128,true,sydneysiege-all-rnr-threads,rumours,9,8,6969.0,59.0,0.0011479408810446,1,8,8.0
graph_003505.json,544511773223968768,true,sydneysiege-all-rnr-threads,rumours,4,3,17732.0,328.0,0.0001691856530566,1,3,3.0
graph_003506.json,544511783940403201,true,sydneysiege-all-rnr-threads,rumours,6,5,2758.0,132.0,0.0018129079042784,1,5,5.0
graph_003507.json,544511811404705792,true,sydneysiege-all-rnr-threads,rumours,28,27,14505.0,61.0,0.0018614270941054,7,14,2.4545454545454546
graph_003508.json,544511865729323009,true,sydneysiege-all-rnr-threads,rumours,14,7,1358.0,62.0,0.0095729013254786,1,7,7.0
graph_003509.json,544511915158810624,true,sydneysiege-all-rnr-threads,rumours,20,19,406.0,32.0,0.0467980295566502,1,19,19.0
graph_003510.json,544512064694546432,true,sydneysiege-all-rnr-threads,rumours,10,9,15213.0,17.0,0.0005915992900808,2,8,4.5
graph_003511.json,544512078518968320,non-rumour,sydneysiege-all-rnr-threads,non-rumours,20,19,1937.0,42.0,0.0098089829633453,2,17,6.333333333333333
graph_003512.json,544512108885725184,true,sydneysiege-all-rnr-threads,rumours,20,19,3161.0,75.0,0.0060107560898449,6,8,2.7142857142857144
graph_003513.json,544512187171995649,true,sydneysiege-all-rnr-threads,rumours,6,5,616.0,122.0,0.0081168831168831,2,4,2.5
graph_003514.json,544512398628241408,true,sydneysiege-all-rnr-threads,rumours,23,22,3968.0,54.0,0.0055443548387096,3,18,4.4
graph_003515.json,544512465099587584,non-rumour,sydneysiege-all-rnr-threads,non-rumours,14,13,4279.0,21.0,0.003038093012386,5,8,2.1666666666666665
graph_003516.json,544512514651066368,unverified,sydneysiege-all-rnr-threads,rumours,15,14,11285.0,23.0,0.0012405848471422,1,14,14.0
graph_003517.json,544512664769396736,true,sydneysiege-all-rnr-threads,rumours,6,5,2563.0,143.0,0.0019508388607101,1,5,5.0
graph_003518.json,544512676643500033,true,sydneysiege-all-rnr-threads,rumours,4,3,2302.0,206.0,0.0013032145960034,1,3,3.0
graph_003519.json,544512691948498944,true,sydneysiege-all-rnr-threads,rumours,29,28,10241.0,52.0,0.0027341079972658,3,19,4.666666666666667
graph_003520.json,544512867144192000,non-rumour,sydneysiege-all-rnr-threads,non-rumours,24,23,50262.0,42.0,0.0004576021646571,3,13,2.5555555555555554
graph_003521.json,544512910538838016,unverified,sydneysiege-all-rnr-threads,rumours,15,14,16282.0,59.0,0.0008598452278589,3,12,4.666666666666667
graph_003522.json,544513035118075904,non-rumour,sydneysiege-all-rnr-threads,non-rumours,28,27,53993.0,3.0,0.0005000648232178,4,18,3.857142857142857
graph_003523.json,544513072006967297,true,sydneysiege-all-rnr-threads,rumours,6,5,322.0,214.0,0.015527950310559,2,4,2.5
graph_003524.json,544513199375384576,non-rumour,sydneysiege-all-rnr-threads,non-rumours,22,21,9370.0,145.0,0.0022411953041622,4,15,4.2
graph_003525.json,544513292576641025,true,sydneysiege-all-rnr-threads,rumours,17,10,13397.0,132.0,0.0011942972307232,1,10,10.0
graph_003526.json,544513339544838147,true,sydneysiege-all-rnr-threads,rumours,3,2,64.0,45.0,0.03125,1,2,2.0
graph_003527.json,544513407400304640,non-rumour,sydneysiege-all-rnr-threads,non-rumours,19,18,37815.0,37.0,0.0004760015866719,5,12,2.5714285714285716
graph_003528.json,544513510450155520,non-rumour,sydneysiege-all-rnr-threads,non-rumours,21,20,8071.0,95.0,0.0024780076818238,4,13,2.857142857142857
graph_003529.json,544513517706305536,unverified,sydneysiege-all-rnr-threads,rumours,7,6,7211.0,51.0,0.0008320621273055,1,6,6.0
graph_003530.json,544513524438155264,true,sydneysiege-all-rnr-threads,rumours,3,2,160.0,109.0,0.0125,1,2,2.0
graph_003531.json,544513557912879105,true,sydneysiege-all-rnr-threads,rumours,4,3,872.0,56.0,0.003440366972477,1,3,3.0
graph_003532.json,544514127197388801,true,sydneysiege-all-rnr-threads,rumours,9,7,2533.0,41.0,0.0031583103039873,2,6,3.5
graph_003533.json,544514207933542401,true,sydneysiege-all-rnr-threads,rumours,6,5,1190.0,82.0,0.0042016806722689,1,5,5.0
graph_003534.json,544514249356484608,non-rumour,sydneysiege-all-rnr-threads,non-rumours,6,5,5083.0,152.0,0.0009836710603974,1,5,5.0
graph_003535.json,544514474963922944,true,sydneysiege-all-rnr-threads,rumours,27,26,19579.0,15.0,0.00132795341948,4,16,2.6
graph_003536.json,544514538797035520,true,sydneysiege-all-rnr-threads,rumours,14,13,25967.0,69.0,0.0005006354218816,2,12,6.5
graph_003537.json,544514564407427072,true,sydneysiege-all-rnr-threads,rumours,5,4,284.0,121.0,0.0140845070422535,1,4,4.0
graph_003538.json,544514569339953154,true,sydneysiege-all-rnr-threads,rumours,16,15,12473.0,191.0,0.0012025976108394,1,15,15.0
graph_003539.json,544514570367168512,unverified,sydneysiege-all-rnr-threads,rumours,16,15,962.0,34.0,0.0155925155925155,3,12,3.75
graph_003540.json,544514645571420160,true,sydneysiege-all-rnr-threads,rumours,19,18,39638.0,31.0,0.0004541096927191,8,6,1.8
graph_003541.json,544514782456729600,non-rumour,sydneysiege-all-rnr-threads,non-rumours,8,7,2024.0,73.0,0.0034584980237154,1,7,7.0
graph_003542.json,544514883484520448,unverified,sydneysiege-all-rnr-threads,rumours,13,12,1125.0,25.0,0.0106666666666666,2,10,6.0
graph_003543.json,544514988078280704,non-rumour,sydneysiege-all-rnr-threads,non-rumours,24,23,9198.0,12.0,0.002500543596434,9,12,2.3
graph_003544.json,544515072203444224,non-rumour,sydneysiege-all-rnr-threads,non-rumours,20,19,2516.0,14.0,0.0075516693163751,3,15,4.75
graph_003545.json,544515097625108480,unverified,sydneysiege-all-rnr-threads,rumours,22,21,76274.0,26.0,0.0002753231769672,2,18,5.25
graph_003546.json,544515174376701952,non-rumour,sydneysiege-all-rnr-threads,non-rumours,92,91,5311.0,150.0,0.0171342496704951,19,11,1.6851851851851851
graph_003547.json,544515215576948736,non-rumour,sydneysiege-all-rnr-threads,non-rumours,24,23,1206.0,58.0,0.0190713101160862,3,16,3.8333333333333335
graph_003548.json,544515446100090881,true,sydneysiege-all-rnr-threads,rumours,8,7,5350.0,74.0,0.0013084112149532,2,6,3.5
graph_003549.json,544515489016594432,non-rumour,sydneysiege-all-rnr-threads,non-rumours,16,14,6366.0,80.0,0.0023562676720075,2,12,4.666666666666667
graph_003550.json,544515517546254338,non-rumour,sydneysiege-all-rnr-threads,non-rumours,25,24,58332.0,64.0,0.0004114379757251,10,13,2.1818181818181817
graph_003551.json,544515538383564801,true,sydneysiege-all-rnr-threads,rumours,20,19,5835.0,325.0,0.0032562125107112,4,16,4.75
graph_003552.json,544515546633355264,non-rumour,sydneysiege-all-rnr-threads,non-rumours,3,2,1077.0,485.0,0.0018570102135561,1,2,2.0
graph_003553.json,544515584931528704,true,sydneysiege-all-rnr-threads,rumours,3,2,224.0,190.0,0.0089285714285714,1,2,2.0
graph_003554.json,544515665319976960,non-rumour,sydneysiege-all-rnr-threads,non-rumours,14,13,25722.0,47.0,0.0005054039343752,1,13,13.0
graph_003555.json,544515671347200001,non-rumour,sydneysiege-all-rnr-threads,non-rumours,20,19,103356.0,1740.0,0.0001838306436007,6,9,2.111111111111111
graph_003556.json,544515781367582720,non-rumour,sydneysiege-all-rnr-threads,non-rumours,8,7,55227.0,49.0,0.0001267495971173,1,7,7.0
graph_003557.json,544515850963648512,true,sydneysiege-all-rnr-threads,rumours,4,3,1181.0,53.0,0.0025402201524132,1,3,3.0
graph_003558.json,544515971637968898,non-rumour,sydneysiege-all-rnr-threads,non-rumours,27,26,8174.0,76.0,0.0031808172253486,11,9,1.625
graph_003559.json,544515999161393152,true,sydneysiege-all-rnr-threads,rumours,7,6,2272.0,184.0,0.0026408450704225,1,6,6.0
graph_003560.json,544516079129993216,unverified,sydneysiege-all-rnr-threads,rumours,16,15,1812.0,34.0,0.0082781456953642,2,14,7.5
graph_003561.json,544516101556961280,true,sydneysiege-all-rnr-threads,rumours,9,8,1789.0,60.0,0.004471771939631,1,8,8.0
graph_003562.json,544516142983684097,non-rumour,sydneysiege-all-rnr-threads,non-rumours,19,17,45654.0,22.0,0.0003942699434879,2,14,4.25
graph_003563.json,544516164333080577,non-rumour,sydneysiege-all-rnr-threads,non-rumours,4,3,642.0,165.0,0.0046728971962616,2,2,1.5
graph_003564.json,544516240572940289,non-rumour,sydneysiege-all-rnr-threads,non-rumours,6,5,1054.0,182.0,0.0047438330170777,1,5,5.0
graph_003565.json,544516381031792642,true,sydneysiege-all-rnr-threads,rumours,8,7,3946.0,177.0,0.001773948302078,1,7,7.0
graph_003566.json,544516427827249153,true,sydneysiege-all-rnr-threads,rumours,7,6,481.0,58.0,0.0124740124740124,1,6,6.0
graph_003567.json,544516478821613569,non-rumour,sydneysiege-all-rnr-threads,non-rumours,21,20,32588.0,79.0,0.0006137228427642,2,18,6.666666666666667
graph_003568.json,544516514519343104,unverified,sydneysiege-all-rnr-threads,rumours,5,4,324.0,59.0,0.0123456790123456,1,4,4.0
graph_003569.json,544516530160300032,true,sydneysiege-all-rnr-threads,rumours,3,2,1388.0,210.0,0.0014409221902017,2,1,1.0
graph_003570.json,544516739178827776,non-rumour,sydneysiege-all-rnr-threads,non-rumours,16,15,15128.0,3189.0,0.0009915388683236,10,5,1.3636363636363635
graph_003571.json,544516940367413248,non-rumour,sydneysiege-all-rnr-threads,non-rumours,5,4,606.0,361.0,0.0066006600660066,1,4,4.0
graph_003572.json,544517264054423552,true,sydneysiege-all-rnr-threads,rumours,18,16,219.0,32.0,0.0776255707762557,1,16,16.0
graph_003573.json,544517264725516288,true,sydneysiege-all-rnr-threads,rumours,19,18,242.0,36.0,0.0743801652892562,1,18,18.0
graph_003574.json,544517440332627968,true,sydneysiege-all-rnr-threads,rumours,15,14,451.0,14.0,0.0310421286031042,2,12,7.0
graph_003575.json,544517500118249472,non-rumour,sydneysiege-all-rnr-threads,non-rumours,34,33,46841.0,128.0,0.0007045110053158,10,7,2.2
graph_003576.json,544517624114081793,true,sydneysiege-all-rnr-threads,rumours,8,7,2943.0,105.0,0.0023785253143051,1,7,7.0
graph_003577.json,544517721757847552,non-rumour,sydneysiege-all-rnr-threads,non-rumours,18,16,3894.0,71.0,0.0043656908063687,1,16,16.0
graph_003578.json,544517991086710784,true,sydneysiege-all-rnr-threads,rumours,1,0,0.0,0.0,0.0,0,0,0.0
graph_003579.json,544518033902149632,true,sydneysiege-all-rnr-threads,rumours,6,5,3926.0,93.0,0.0012735608762098,1,5,5.0
graph_003580.json,544518036255150080,non-rumour,sydneysiege-all-rnr-threads,non-rumours,13,12,3209.0,36.0,0.0037394827048924,2,11,6.0
graph_003581.json,544518044643770368,non-rumour,sydneysiege-all-rnr-threads,non-rumours,5,4,226.0,43.0,0.0176991150442477,1,4,4.0
graph_003582.json,544518088117329920,non-rumour,sydneysiege-all-rnr-threads,non-rumours,20,19,835.0,8.0,0.022754491017964,1,19,19.0
graph_003583.json,544518128798294016,non-rumour,sydneysiege-all-rnr-threads,non-rumours,12,11,626.0,55.0,0.0175718849840255,2,10,5.5
graph_003584.json,544518335019229184,true,sydneysiege-all-rnr-threads,rumours,17,16,4600.0,56.0,0.0034782608695652,2,15,8.0
graph_003585.json,544518337498058753,non-rumour,sydneysiege-all-rnr-threads,non-rumours,83,82,8147.0,25.0,0.010065054621333,19,18,1.9523809523809523
graph_003586.json,544518415952539649,non-rumour,sydneysiege-all-rnr-threads,non-rumours,4,3,11992.0,383.0,0.0002501667778519,1,3,3.0
graph_003587.json,544518445870497793,non-rumour,sydneysiege-all-rnr-threads,non-rumours,2,1,88.0,88.0,0.0113636363636363,1,1,1.0
graph_003588.json,544518583112314880,non-rumour,sydneysiege-all-rnr-threads,non-rumours,16,15,48060.0,70.0,0.0003121098626716,1,15,15.0
graph_003589.json,544518590104621058,true,sydneysiege-all-rnr-threads,rumours,35,34,25226.0,120.0,0.0013478157456592,11,8,2.4285714285714284
graph_003590.json,544518647881170945,true,sydneysiege-all-rnr-threads,rumours,4,3,573.0,24.0,0.0052356020942408,1,3,3.0
graph_003591.json,544518696463765505,non-rumour,sydneysiege-all-rnr-threads,non-rumours,19,18,278.0,23.0,0.0647482014388489,1,18,18.0
graph_003592.json,544518707825750016,non-rumour,sydneysiege-all-rnr-threads,non-rumours,8,7,7471.0,87.0,0.0009369562307589,1,7,7.0
graph_003593.json,544518803225604096,non-rumour,sydneysiege-all-rnr-threads,non-rumours,69,68,282091.0,47.0,0.0002410569638875,19,13,1.7894736842105263
graph_003594.json,544518841020473345,true,sydneysiege-all-rnr-threads,rumours,22,21,8160.0,266.0,0.0025735294117647,3,17,4.2
graph_003595.json,544518859290464256,non-rumour,sydneysiege-all-rnr-threads,non-rumours,18,17,166291.0,98.0,0.0001022304273833,2,15,5.666666666666667
graph_003596.json,544519021702311936,non-rumour,sydneysiege-all-rnr-threads,non-rumours,8,7,1772.0,70.0,0.0039503386004514,1,7,7.0
graph_003597.json,544519024156360704,non-rumour,sydneysiege-all-rnr-threads,non-rumours,26,25,13705.0,41.0,0.0018241517694272,5,19,3.5714285714285716
graph_003598.json,544519083300241408,non-rumour,sydneysiege-all-rnr-threads,non-rumours,21,20,884.0,17.0,0.0226244343891402,3,17,5.0
graph_003599.json,544519140552507392,true,sydneysiege-all-rnr-threads,rumours,1,0,0.0,0.0,0.0,0,0,0.0
graph_003600.json,544519166582337536,true,sydneysiege-all-rnr-threads,rumours,12,11,72113.0,119.0,0.000152538377269,6,5,1.8333333333333333
graph_003601.json,544519245087121408,true,sydneysiege-all-rnr-threads,rumours,13,12,6232.0,21.0,0.0019255455712451,1,12,12.0
graph_003602.json,544519284740079616,non-rumour,sydneysiege-all-rnr-threads,non-rumours,20,19,7840.0,96.0,0.0024234693877551,2,18,9.5
graph_003603.json,544519298015039489,non-rumour,sydneysiege-all-rnr-threads,non-rumours,13,12,7606.0,84.0,0.001577701814357,2,11,6.0
graph_003604.json,544519358090084354,non-rumour,sydneysiege-all-rnr-threads,non-rumours,7,6,449.0,60.0,0.0133630289532293,1,6,6.0
graph_003605.json,544519396828672000,non-rumour,sydneysiege-all-rnr-threads,non-rumours,18,12,7776.0,36.0,0.0021862139917695,1,12,12.0
graph_003606.json,544519480018489344,non-rumour,sydneysiege-all-rnr-threads,non-rumours,19,18,1054.0,50.0,0.01707779886148,4,10,2.25
graph_003607.json,544519486167330817,non-rumour,sydneysiege-all-rnr-threads,non-rumours,14,13,12762.0,31.0,0.0010186491145588,3,10,4.333333333333333
graph_003608.json,544519486498676736,non-rumour,sydneysiege-all-rnr-threads,non-rumours,18,17,11938.0,149.0,0.0014240241246439,5,12,3.4
graph_003609.json,544519577733173248,non-rumour,sydneysiege-all-rnr-threads,non-rumours,20,19,159.0,30.0,0.1194968553459119,1,19,19.0
graph_003610.json,544519594438696961,true,sydneysiege-all-rnr-threads,rumours,7,6,1370.0,81.0,0.0043795620437956,1,6,6.0
graph_003611.json,544519622389956609,true,sydneysiege-all-rnr-threads,rumours,1,0,0.0,0.0,0.0,0,0,0.0
graph_003612.json,544519635916169218,true,sydneysiege-all-rnr-threads,rumours,14,13,6786.0,27.0,0.0019157088122605,2,12,6.5
graph_003613.json,544519694401941504,true,sydneysiege-all-rnr-threads,rumours,17,16,28026.0,53.0,0.0005708984514379,5,11,2.6666666666666665
graph_003614.json,544519788752818176,true,sydneysiege-all-rnr-threads,rumours,10,9,5630.0,97.0,0.0015985790408525,2,8,4.5
graph_003615.json,544519849507307520,non-rumour,sydneysiege-all-rnr-threads,non-rumours,18,16,1057.0,127.0,0.0160832544938505,1,16,16.0
graph_003616.json,544520042810200064,true,sydneysiege-all-rnr-threads,rumours,3,2,865.0,286.0,0.0023121387283236,1,2,2.0
graph_003617.json,544520121436213248,non-rumour,sydneysiege-all-rnr-threads,non-rumours,22,21,90640.0,38.0,0.0002316857899382,2,19,7.0
graph_003618.json,544520195659014145,non-rumour,sydneysiege-all-rnr-threads,non-rumours,16,15,100104.0,32.0,0.0001498441620714,2,13,5.0
graph_003619.json,544520273718812672,true,sydneysiege-all-rnr-threads,rumours,19,18,19482.0,24.0,0.0009239297813366,3,15,6.0
graph_003620.json,544520344976232449,non-rumour,sydneysiege-all-rnr-threads,non-rumours,2,1,313.0,313.0,0.0031948881789137,1,1,1.0
graph_003621.json,544520379176599552,non-rumour,sydneysiege-all-rnr-threads,non-rumours,19,18,102.0,4.0,0.1764705882352941,1,18,18.0
graph_003622.json,544520434767503361,non-rumour,sydneysiege-all-rnr-threads,non-rumours,26,25,2433.0,95.0,0.0102753801890669,11,5,1.3157894736842106
graph_003623.json,544520586576547840,non-rumour,sydneysiege-all-rnr-threads,non-rumours,3,2,9474.0,275.0,0.0002111040743086,1,2,2.0
graph_003624.json,544520615441756162,non-rumour,sydneysiege-all-rnr-threads,non-rumours,7,6,1940.0,126.0,0.0030927835051546,2,5,3.0
graph_003625.json,544520654431981568,true,sydneysiege-all-rnr-threads,rumours,1,0,0.0,0.0,0.0,0,0,0.0
graph_003626.json,544520690490417152,non-rumour,sydneysiege-all-rnr-threads,non-rumours,9,8,155.0,50.0,0.0516129032258064,2,7,4.0
graph_003627.json,544520795511611392,non-rumour,sydneysiege-all-rnr-threads,non-rumours,9,8,99933.0,44.0,8.005363593607717e-05,1,8,8.0
graph_003628.json,544520802339917824,non-rumour,sydneysiege-all-rnr-threads,non-rumours,12,10,2711.0,36.0,0.0040575433419402,2,9,5.0
graph_003629.json,544520888003985408,non-rumour,sydneysiege-all-rnr-threads,non-rumours,5,4,37829.0,1392.0,0.0001057389833196,1,4,4.0
graph_003630.json,544520932405284864,true,sydneysiege-all-rnr-threads,rumours,35,34,11700.0,82.0,0.0029059829059829,14,10,1.8888888888888888
graph_003631.json,544520949748752384,non-rumour,sydneysiege-all-rnr-threads,non-rumours,30,29,24631.0,15.0,0.0011773781007673,11,15,2.230769230769231
graph_003632.json,544520990538358784,non-rumour,sydneysiege-all-rnr-threads,non-rumours,6,5,99443.0,95.0,5.028005993383144e-05,2,4,2.5
graph_003633.json,544521141335764992,true,sydneysiege-all-rnr-threads,rumours,21,20,17634.0,100.0,0.0011341726210729,2,18,6.666666666666667
graph_003634.json,544521166543548416,true,sydneysiege-all-rnr-threads,rumours,20,18,451.0,211.0,0.0421286031042128,2,17,9.0
graph_003635.json,544521260840267776,non-rumour,sydneysiege-all-rnr-threads,non-rumours,4,3,1676.0,1032.0,0.0017899761336515,2,2,1.5
graph_003636.json,544521433473634304,non-rumour,sydneysiege-all-rnr-threads,non-rumours,100,99,90361.0,59.0,0.0010956054049866,19,15,1.706896551724138
graph_003637.json,544521788777304064,non-rumour,sydneysiege-all-rnr-threads,non-rumours,18,17,1716.0,52.0,0.0099067599067599,1,17,17.0
graph_003638.json,544521880661950464,non-rumour,sydneysiege-all-rnr-threads,non-rumours,4,3,3044.0,61.0,0.0009855453350854,1,3,3.0
graph_003639.json,544521948924248066,non-rumour,sydneysiege-all-rnr-threads,non-rumours,27,26,3311.0,123.0,0.0078526125037752,8,10,1.8571428571428572
graph_003640.json,552783238415265792,true,charliehebdo-all-rnr-threads,rumours,10,9,6861.0,1087.0,0.0013117621337997,5,5,1.8
graph_003641.json,552783667052167168,true,charliehebdo-all-rnr-threads,rumours,8,7,38191.0,407.0,0.0001832892566311,3,5,2.3333333333333335
graph_003642.json,552783745565347840,true,charliehebdo-all-rnr-threads,rumours,6,5,5057.0,337.0,0.0009887284951552,1,5,5.0
graph_003643.json,552784168849907712,true,charliehebdo-all-rnr-threads,rumours,14,13,5837.0,92.0,0.0022271714922048,10,3,1.3
graph_003644.json,552784526955806720,true,charliehebdo-all-rnr-threads,rumours,17,16,8045.0,41.0,0.001988812927284,5,10,2.2857142857142856
graph_003645.json,552784600502915072,non-rumour,charliehebdo-all-rnr-threads,non-rumours,40,39,75240.0,155.0,0.0005183413078149,14,8,1.3448275862068966
graph_003646.json,552784882687299584,true,charliehebdo-all-rnr-threads,rumours,25,22,10175.0,106.0,0.0023587223587223,3,16,3.6666666666666665
graph_003647.json,552784898743099392,non-rumour,charliehebdo-all-rnr-threads,non-rumours,10,9,382836.0,148.0,2.3508760931573833e-05,2,8,4.5
graph_003648.json,552785367972450304,unverified,charliehebdo-all-rnr-threads,rumours,11,10,12294.0,1049.0,0.0008134049129656,2,8,5.0
graph_003649.json,552785375161499649,true,charliehebdo-all-rnr-threads,rumours,4,3,643.0,113.0,0.0046656298600311,1,3,3.0
graph_003650.json,552785391653494784,non-rumour,charliehebdo-all-rnr-threads,non-rumours,32,30,23006.0,96.0,0.0013474745718508,6,6,1.7647058823529411
graph_003651.json,552785443813457921,true,charliehebdo-all-rnr-threads,rumours,11,10,10504.0,72.0,0.0009520182787509,1,10,10.0
graph_003652.json,552785551930454016,unverified,charliehebdo-all-rnr-threads,rumours,3,2,841.0,356.0,0.0023781212841854,1,2,2.0
graph_003653.json,552785695845396480,true,charliehebdo-all-rnr-threads,rumours,5,4,7623.0,640.0,0.000524727797455,2,3,2.0
graph_003654.json,552786016906383360,true,charliehebdo-all-rnr-threads,rumours,15,14,10522.0,990.0,0.0013305455236647,4,8,2.0
graph_003655.json,552786099899494400,unverified,charliehebdo-all-rnr-threads,rumours,21,20,758508.0,26.0,2.636755314380336e-05,2,17,5.0
graph_003656.json,552786116404072448,non-rumour,charliehebdo-all-rnr-threads,non-rumours,6,5,14509.0,151.0,0.0003446136880556,2,4,2.5
graph_003657.json,552786299875520512,non-rumour,charliehebdo-all-rnr-threads,non-rumours,11,10,9108.0,311.0,0.0010979358805445,2,8,3.3333333333333335
graph_003658.json,552786340958715904,non-rumour,charliehebdo-all-rnr-threads,non-rumours,18,17,4400.0,102.0,0.0038636363636363,3,12,2.8333333333333335
graph_003659.json,552786361758265344,true,charliehebdo-all-rnr-threads,rumours,13,12,28824.0,53.0,0.0004163197335553,2,10,4.0
graph_003660.json,552786818853113857,true,charliehebdo-all-rnr-threads,rumours,14,13,10045.0,34.0,0.0012941762070681,2,12,6.5
graph_003661.json,552787144373460992,non-rumour,charliehebdo-all-rnr-threads,non-rumours,14,13,3382.0,347.0,0.0038438793613246,4,10,3.25
graph_003662.json,552787144415404032,non-rumour,charliehebdo-all-rnr-threads,non-rumours,7,6,3392.0,145.0,0.0017688679245283,4,3,1.5
graph_003663.json,552787231468191744,unverified,charliehebdo-all-rnr-threads,rumours,2,1,1224.0,1224.0,0.0008169934640522,1,1,1.0
graph_003664.json,552787321561812992,non-rumour,charliehebdo-all-rnr-threads,non-rumours,24,23,36762.0,285.0,0.000625646047549,3,17,4.6
graph_003665.json,552787361437057024,non-rumour,charliehebdo-all-rnr-threads,non-rumours,110,108,118306.0,192.0,0.000921339577029,19,14,1.3670886075949369
graph_003666.json,552787544837197824,true,charliehebdo-all-rnr-threads,rumours,8,1,39291.0,835.0,0.0001781578478531,1,1,1.0
graph_003667.json,552787599031828480,non-rumour,charliehebdo-all-rnr-threads,non-rumours,6,5,2578.0,48.0,0.0019394879751745,1,5,5.0
graph_003668.json,552787878351474688,true,charliehebdo-all-rnr-threads,rumours,2,1,1143.0,1143.0,0.0008748906386701,1,1,1.0
graph_003669.json,552787914271510529,non-rumour,charliehebdo-all-rnr-threads,non-rumours,7,6,16434.0,72.0,0.0003650967506389,1,6,6.0
graph_003670.json,552788007603142656,non-rumour,charliehebdo-all-rnr-threads,non-rumours,15,14,45237.0,57.0,0.0003094811769127,4,11,3.5
graph_003671.json,552788396733906944,true,charliehebdo-all-rnr-threads,rumours,3,2,253.0,182.0,0.0079051383399209,1,2,2.0
graph_003672.json,552788555584765952,non-rumour,charliehebdo-all-rnr-threads,non-rumours,29,5,8651.0,350.0,0.0032366200439255,3,3,1.6666666666666667
graph_003673.json,552788720236376064,non-rumour,charliehebdo-all-rnr-threads,non-rumours,9,8,11104.0,183.0,0.0007204610951008,2,6,2.6666666666666665
graph_003674.json,552788886355996672,true,charliehebdo-all-rnr-threads,rumours,61,60,13800.0,74.0,0.0043478260869565,12,10,1.7142857142857142
graph_003675.json,552788945017516032,true,charliehebdo-all-rnr-threads,rumours,28,27,13509.0,33.0,0.0019986675549633,9,9,1.8
graph_003676.json,552788947219533824,true,charliehebdo-all-rnr-threads,rumours,4,3,2237.0,111.0,0.0013410818059901,1,3,3.0
graph_003677.json,552789127792717826,true,charliehebdo-all-rnr-threads,rumours,7,6,1493.0,121.0,0.0040187541862022,1,6,6.0
graph_003678.json,552789196906459136,non-rumour,charliehebdo-all-rnr-threads,non-rumours,5,4,7330.0,538.0,0.0005457025920873,1,4,4.0
graph_003679.json,552789252690706432,non-rumour,charliehebdo-all-rnr-threads,non-rumours,18,17,29941.0,1578.0,0.0005677833071707,4,13,3.4
graph_003680.json,552789443644751872,non-rumour,charliehebdo-all-rnr-threads,non-rumours,20,19,833.0,66.0,0.0228091236494597,4,15,3.8
graph_003681.json,552789521646247936,true,charliehebdo-all-rnr-threads,rumours,33,32,19918.0,85.0,0.0016065870067275,5,11,2.909090909090909
graph_003682.json,552789550238801920,non-rumour,charliehebdo-all-rnr-threads,non-rumours,11,10,36604.0,221.0,0.0002731941864277,3,6,2.0
graph_003683.json,552789583260577792,non-rumour,charliehebdo-all-rnr-threads,non-rumours,15,14,101571.0,153.0,0.0001378346181488,2,13,7.0
graph_003684.json,552789886202175490,non-rumour,charliehebdo-all-rnr-threads,non-rumours,6,5,4739.0,401.0,0.0010550749103186,1,5,5.0
graph_003685.json,552790074166108160,true,charliehebdo-all-rnr-threads,rumours,9,8,1177.0,31.0,0.0067969413763806,1,8,8.0
graph_003686.json,552790082533752832,true,charliehebdo-all-rnr-threads,rumours,1,0,0.0,0.0,0.0,0,0,0.0
graph_003687.json,552790371848040449,unverified,charliehebdo-all-rnr-threads,rumours,14,13,19785.0,40.0,0.0006570634318928,1,13,13.0
graph_003688.json,552790565642067968,non-rumour,charliehebdo-all-rnr-threads,non-rumours,13,11,26540.0,1064.0,0.0004521477015825,2,7,3.6666666666666665
graph_003689.json,552790598823186432,non-rumour,charliehebdo-all-rnr-threads,non-rumours,3,2,595.0,336.0,0.0033613445378151,1,2,2.0
graph_003690.json,552790695036321793,non-rumour,charliehebdo-all-rnr-threads,non-rumours,15,14,14442.0,767.0,0.0009693948206619,5,8,2.8
graph_003691.json,552790742700417024,true,charliehebdo-all-rnr-threads,rumours,20,19,30879.0,73.0,0.00061530489977,4,14,3.1666666666666665
graph_003692.json,552790824971677696,true,charliehebdo-all-rnr-threads,rumours,25,24,7421.0,228.0,0.0032340654898261,7,14,2.4
graph_003693.json,552790838015979520,true,charliehebdo-all-rnr-threads,rumours,20,19,2163.0,44.0,0.0087840961627369,2,18,9.5
graph_003694.json,552790875492073472,true,charliehebdo-all-rnr-threads,rumours,6,5,2150.0,142.0,0.0023255813953488,1,5,5.0
graph_003695.json,552790878805168129,true,charliehebdo-all-rnr-threads,rumours,6,5,2979.0,164.0,0.0016784155756965,1,5,5.0
graph_003696.json,552791034447794176,true,charliehebdo-all-rnr-threads,rumours,9,8,862.0,91.0,0.0092807424593967,3,6,2.6666666666666665
graph_003697.json,552791065645027328,true,charliehebdo-all-rnr-threads,rumours,9,8,1735.0,511.0,0.0046109510086455,2,7,4.0
graph_003698.json,552791115599192064,unverified,charliehebdo-all-rnr-threads,rumours,8,7,30108.0,92.0,0.0002324963464859,2,5,2.3333333333333335
graph_003699.json,552791159232540673,non-rumour,charliehebdo-all-rnr-threads,non-rumours,9,8,26294.0,305.0,0.0003042519205902,3,6,2.6666666666666665
graph_003700.json,552791182670327808,unverified,charliehebdo-all-rnr-threads,rumours,16,13,14659.0,67.0,0.0010232621597653,2,11,6.5
graph_003701.json,552791196247269378,true,charliehebdo-all-rnr-threads,rumours,23,22,32060.0,76.0,0.0006862133499688,3,17,3.6666666666666665
graph_003702.json,552791203432103937,non-rumour,charliehebdo-all-rnr-threads,non-rumours,22,12,551685.0,174.0,3.8065200250142744e-05,4,7,2.4
graph_003703.json,552791332935434242,non-rumour,charliehebdo-all-rnr-threads,non-rumours,30,29,4518.0,93.0,0.0064187693669765,10,13,2.0714285714285716
graph_003704.json,552791414388424704,non-rumour,charliehebdo-all-rnr-threads,non-rumours,8,7,35992.0,2808.0,0.0001944876639253,3,4,1.75
graph_003705.json,552791578893619200,true,charliehebdo-all-rnr-threads,rumours,21,20,8224.0,23.0,0.0024319066147859,2,17,5.0
graph_003706.json,552791678881660928,non-rumour,charliehebdo-all-rnr-threads,non-rumours,19,15,83424.0,68.0,0.0002157652474108,2,14,7.5
graph_003707.json,552791719272775680,non-rumour,charliehebdo-all-rnr-threads,non-rumours,26,25,14391.0,242.0,0.001737196859148,5,16,2.7777777777777777
graph_003708.json,552791831390732289,non-rumour,charliehebdo-all-rnr-threads,non-rumours,24,23,13085.0,125.0,0.0017577378677875,3,19,7.666666666666667
graph_003709.json,552792131447037952,non-rumour,charliehebdo-all-rnr-threads,non-rumours,4,3,5482.0,3295.0,0.0005472455308281,1,3,3.0
graph_003710.json,552792193992519680,true,charliehebdo-all-rnr-threads,rumours,7,6,2707.0,334.0,0.0022164758034724,2,4,3.0
graph_003711.json,552792253601947648,non-rumour,charliehebdo-all-rnr-threads,non-rumours,2,1,190.0,190.0,0.0052631578947368,1,1,1.0
graph_003712.json,552792271243210754,true,charliehebdo-all-rnr-threads,rumours,134,133,46380.0,199.0,0.0028676153514445,18,10,1.5833333333333333
graph_003713.json,552792518870708224,non-rumour,charliehebdo-all-rnr-threads,non-rumours,1,0,0.0,0.0,0.0,0,0,0.0
graph_003714.json,552792544132997121,true,charliehebdo-all-rnr-threads,rumours,18,17,5822.0,47.0,0.0029199587770525,6,4,2.4285714285714284
graph_003715.json,552792802309181440,true,charliehebdo-all-rnr-threads,rumours,9,8,9942.0,81.0,0.0008046670690002,2,6,2.6666666666666665
graph_003716.json,552792913910833152,true,charliehebdo-all-rnr-threads,rumours,6,5,2946.0,87.0,0.0016972165648336,2,4,2.5
graph_003717.json,552792988376915969,true,charliehebdo-all-rnr-threads,rumours,17,15,19294.0,40.0,0.0008292733492277,1,15,15.0
graph_003718.json,552793409438904321,non-rumour,charliehebdo-all-rnr-threads,non-rumours,21,20,1508.0,65.0,0.013262599469496,4,13,2.857142857142857
graph_003719.json,552793539856588801,unverified,charliehebdo-all-rnr-threads,rumours,6,5,4054.0,193.0,0.001233349777997,1,5,5.0
graph_003720.json,552793551231541249,unverified,charliehebdo-all-rnr-threads,rumours,27,26,8081.0,60.0,0.0032174235861898,4,16,2.888888888888889
graph_003721.json,552793552376569857,true,charliehebdo-all-rnr-threads,rumours,172,170,56741.0,48.0,0.0030136938016601,19,10,1.7
graph_003722.json,552793679082311680,true,charliehebdo-all-rnr-threads,rumours,16,15,2167.0,303.0,0.0069220119981541,2,7,3.75
graph_003723.json,552793759210307584,non-rumour,charliehebdo-all-rnr-threads,non-rumours,18,17,7182.0,908.0,0.0023670286828181,10,2,1.2142857142857142
graph_003724.json,552794157484634112,unverified,charliehebdo-all-rnr-threads,rumours,25,24,18331.0,321.0,0.0013092575418689,12,4,1.5
graph_003725.json,552794286849536001,non-rumour,charliehebdo-all-rnr-threads,non-rumours,22,21,6748.0,54.0,0.0031120331950207,3,18,5.25
graph_003726.json,552794514424102913,non-rumour,charliehebdo-all-rnr-threads,non-rumours,16,15,3029.0,59.0,0.0049521294156487,3,12,3.75
graph_003727.json,552794942759010304,true,charliehebdo-all-rnr-threads,rumours,8,7,14048.0,201.0,0.0004982915717539,1,7,7.0
graph_003728.json,552794995942772736,non-rumour,charliehebdo-all-rnr-threads,non-rumours,21,20,19860.0,356.0,0.0010070493454179,9,7,1.5384615384615383
graph_003729.json,552795050502270976,true,charliehebdo-all-rnr-threads,rumours,6,5,1805.0,106.0,0.002770083102493,1,5,5.0
graph_003730.json,552795056080691200,non-rumour,charliehebdo-all-rnr-threads,non-rumours,5,4,1836.0,98.0,0.0021786492374727,2,3,2.0
graph_003731.json,552795566242279424,true,charliehebdo-all-rnr-threads,rumours,4,3,557.0,19.0,0.0053859964093357,2,2,1.5
graph_003732.json,552795585095671808,unverified,charliehebdo-all-rnr-threads,rumours,5,4,8387.0,737.0,0.0004769285799451,1,4,4.0
graph_003733.json,552795693682032640,true,charliehebdo-all-rnr-threads,rumours,9,8,2884.0,20.0,0.0027739251040221,1,8,8.0
graph_003734.json,552795773180858368,true,charliehebdo-all-rnr-threads,rumours,105,102,59262.0,29.0,0.0017549188350038,19,9,1.7894736842105263
graph_003735.json,552795778922864640,non-rumour,charliehebdo-all-rnr-threads,non-rumours,24,23,29590.0,661.0,0.0007772896248732,10,7,1.6428571428571428
graph_003736.json,552795953301045248,non-rumour,charliehebdo-all-rnr-threads,non-rumours,9,8,23873.0,291.0,0.0003351066057889,1,8,8.0
graph_003737.json,552796091255894016,unverified,charliehebdo-all-rnr-threads,rumours,16,15,31036.0,168.0,0.0004833097048588,2,14,7.5
graph_003738.json,552796269069209600,non-rumour,charliehebdo-all-rnr-threads,non-rumours,4,3,976.0,91.0,0.0030737704918032,1,3,3.0
graph_003739.json,552796506642591744,non-rumour,charliehebdo-all-rnr-threads,non-rumours,21,20,4955.0,77.0,0.0040363269424823,8,5,2.2222222222222223
graph_003740.json,552796522904297472,non-rumour,charliehebdo-all-rnr-threads,non-rumours,35,34,63963.0,687.0,0.0005315573065678,9,15,2.0
graph_003741.json,552796619104866304,non-rumour,charliehebdo-all-rnr-threads,non-rumours,32,27,32306.0,183.0,0.0009595740729276,7,12,2.4545454545454546
graph_003742.json,552796625467621376,non-rumour,charliehebdo-all-rnr-threads,non-rumours,20,19,18307.0,192.0,0.0010378543726443,4,15,3.8
graph_003743.json,552796863297236992,unverified,charliehebdo-all-rnr-threads,rumours,6,5,10936.0,61.0,0.0004572055596196,1,5,5.0
graph_003744.json,552796895513681920,non-rumour,charliehebdo-all-rnr-threads,non-rumours,5,4,5462.0,390.0,0.0007323324789454,1,4,4.0
graph_003745.json,552797058990870528,non-rumour,charliehebdo-all-rnr-threads,non-rumours,2,1,20301.0,20301.0,4.925865720900448e-05,1,1,1.0
graph_003746.json,552797114863198208,non-rumour,charliehebdo-all-rnr-threads,non-rumours,2,1,17561.0,17561.0,5.694436535504812e-05,1,1,1.0
graph_003747.json,552797148975464448,non-rumour,charliehebdo-all-rnr-threads,non-rumours,23,22,1684.0,115.0,0.013064133016627,4,17,3.6666666666666665
graph_003748.json,552797154692300800,non-rumour,charliehebdo-all-rnr-threads,non-rumours,301,300,240139.0,303.0,0.0012492764607165,22,5,1.2552301255230125
graph_003749.json,552797170295144449,non-rumour,charliehebdo-all-rnr-threads,non-rumours,9,8,14336.0,187.0,0.0005580357142857,3,5,2.0
graph_003750.json,552797406094716929,true,charliehebdo-all-rnr-threads,rumours,20,19,6538.0,138.0,0.0029060874885286,2,15,6.333333333333333
graph_003751.json,552797638807281664,unverified,charliehebdo-all-rnr-threads,rumours,15,14,3887.0,25.0,0.0036017494211474,8,5,1.75
graph_003752.json,552797729504886784,non-rumour,charliehebdo-all-rnr-threads,non-rumours,29,28,16726.0,176.0,0.0016740404161186,10,10,2.0
graph_003753.json,552797828977029120,non-rumour,charliehebdo-all-rnr-threads,non-rumours,17,15,29542.0,83.0,0.0005416017872858,3,13,5.0
graph_003754.json,552798010196107264,non-rumour,charliehebdo-all-rnr-threads,non-rumours,8,7,152481.0,518.0,4.590735894963963e-05,3,5,2.3333333333333335
graph_003755.json,552798016646942721,non-rumour,charliehebdo-all-rnr-threads,non-rumours,8,7,33267.0,48.0,0.0002104187332792,1,7,7.0
graph_003756.json,552798200990806016,non-rumour,charliehebdo-all-rnr-threads,non-rumours,2,1,111700.0,111700.0,8.952551477170994e-06,1,1,1.0
graph_003757.json,552798310889566209,non-rumour,charliehebdo-all-rnr-threads,non-rumours,19,18,1383.0,226.0,0.0130151843817787,8,3,1.5
graph_003758.json,552798640679702528,non-rumour,charliehebdo-all-rnr-threads,non-rumours,29,28,3604.0,74.0,0.0077691453940066,12,5,2.1538461538461537
graph_003759.json,552798654495354880,true,charliehebdo-all-rnr-threads,rumours,25,24,2998.0,145.0,0.0080053368912608,3,14,2.6666666666666665
graph_003760.json,552798832359374849,non-rumour,charliehebdo-all-rnr-threads,non-rumours,5,3,35244.0,3185.0,0.0001134944955169,1,3,3.0
graph_003761.json,552798891994009601,true,charliehebdo-all-rnr-threads,rumours,7,6,6848.0,43.0,0.000876168224299,1,6,6.0
graph_003762.json,552799062421164032,unverified,charliehebdo-all-rnr-threads,rumours,22,21,22280.0,272.0,0.0009425493716337,6,9,1.75
graph_003763.json,552799100715167744,non-rumour,charliehebdo-all-rnr-threads,non-rumours,20,19,1062.0,28.0,0.0178907721280602,7,8,2.111111111111111
graph_003764.json,552799317602615297,true,charliehebdo-all-rnr-threads,rumours,12,11,38283.0,92.0,0.0002873338035159,2,10,5.5
graph_003765.json,552799591255384065,unverified,charliehebdo-all-rnr-threads,rumours,11,10,5823.0,85.0,0.0017173278378842,3,8,3.3333333333333335
graph_003766.json,552799606833430528,non-rumour,charliehebdo-all-rnr-threads,non-rumours,10,9,29273.0,763.0,0.0003074505517029,2,6,3.0
graph_003767.json,552799640488517632,true,charliehebdo-all-rnr-threads,rumours,13,12,24341.0,130.0,0.000492995357627,3,10,4.0
graph_003768.json,552799669521481728,non-rumour,charliehebdo-all-rnr-threads,non-rumours,11,10,8154.0,4502.0,0.0012263919548687,3,7,2.5
graph_003769.json,552800045096259584,unverified,charliehebdo-all-rnr-threads,rumours,18,17,523229.0,405.0,3.2490553849270586e-05,3,12,2.8333333333333335
graph_003770.json,552800070199148544,non-rumour,charliehebdo-all-rnr-threads,non-rumours,29,28,14242.0,264.0,0.0019660160089875,9,6,1.75
graph_003771.json,552800222553079809,non-rumour,charliehebdo-all-rnr-threads,non-rumours,12,11,168968.0,197.0,6.510108422896642e-05,1,11,11.0
graph_003772.json,552800223496790018,non-rumour,charliehebdo-all-rnr-threads,non-rumours,12,10,45546.0,587.0,0.0002415140736837,5,6,2.0
graph_003773.json,552800290861510656,non-rumour,charliehebdo-all-rnr-threads,non-rumours,28,26,29584.0,167.0,0.0009126554894537,4,16,3.25
graph_003774.json,552800929519792128,non-rumour,charliehebdo-all-rnr-threads,non-rumours,1,0,0.0,0.0,0.0,0,0,0.0
graph_003775.json,552801028262096896,non-rumour,charliehebdo-all-rnr-threads,non-rumours,38,37,81576.0,63.0,0.0004535647739531,8,9,1.761904761904762
graph_003776.json,552801115516186625,non-rumour,charliehebdo-all-rnr-threads,non-rumours,13,12,33275.0,212.0,0.0003606311044327,2,7,2.0
graph_003777.json,552801438821515264,true,charliehebdo-all-rnr-threads,rumours,12,11,31099.0,673.0,0.0003537091224798,1,11,11.0
graph_003778.json,552801667855695873,non-rumour,charliehebdo-all-rnr-threads,non-rumours,13,11,2584.0,138.0,0.0046439628482972,2,10,5.5
graph_003779.json,552801724898226176,non-rumour,charliehebdo-all-rnr-threads,non-rumours,34,29,61875.0,27.0,0.0005333333333333,5,9,2.9
graph_003780.json,552801829290270720,unverified,charliehebdo-all-rnr-threads,rumours,33,32,8395.0,258.0,0.0038117927337701,12,4,1.5238095238095235
graph_003781.json,552801880812691456,false,charliehebdo-all-rnr-threads,rumours,8,5,3574.0,405.0,0.0019585898153329,4,2,1.25
graph_003782.json,552801894092275712,non-rumour,charliehebdo-all-rnr-threads,non-rumours,21,20,64315.0,207.0,0.0003109694472518,7,11,2.0
graph_003783.json,552801954733490176,true,charliehebdo-all-rnr-threads,rumours,3,2,1748.0,64.0,0.0011441647597254,1,2,2.0
graph_003784.json,552801958428700672,unverified,charliehebdo-all-rnr-threads,rumours,12,11,1337.0,44.0,0.0082273747195213,2,10,5.5
graph_003785.json,552801979861598208,non-rumour,charliehebdo-all-rnr-threads,non-rumours,65,64,793508.0,80.0,8.065451135968384e-05,19,11,1.4545454545454546
graph_003786.json,552802011733716992,non-rumour,charliehebdo-all-rnr-threads,non-rumours,30,29,18964.0,161.0,0.0015292132461506,5,9,2.9
graph_003787.json,552802098602319873,non-rumour,charliehebdo-all-rnr-threads,non-rumours,24,23,26908.0,326.0,0.0008547643823398,4,19,4.6
graph_003788.json,552802099331735552,non-rumour,charliehebdo-all-rnr-threads,non-rumours,94,92,25742.0,224.0,0.0036127729003185,18,7,1.4838709677419355
graph_003789.json,552802117908697088,non-rumour,charliehebdo-all-rnr-threads,non-rumours,18,17,897063.0,335.0,1.8950731442496235e-05,7,9,2.125
graph_003790.json,552802128688078848,true,charliehebdo-all-rnr-threads,rumours,13,10,12865.0,104.0,0.0009327633113097,2,9,5.0
graph_003791.json,552802515969138688,non-rumour,charliehebdo-all-rnr-threads,non-rumours,15,10,164054.0,77.0,8.533775464176429e-05,2,9,5.0
graph_003792.json,552802531672588288,non-rumour,charliehebdo-all-rnr-threads,non-rumours,7,6,21401.0,214.0,0.0002803607308069,2,5,3.0
graph_003793.json,552802606696136705,true,charliehebdo-all-rnr-threads,rumours,30,28,1186.0,161.0,0.0244519392917369,8,14,2.1538461538461537
graph_003794.json,552802654641225728,true,charliehebdo-all-rnr-threads,rumours,8,7,10428.0,188.0,0.0006712696586114,2,6,3.5
graph_003795.json,552802714816905216,non-rumour,charliehebdo-all-rnr-threads,non-rumours,12,11,20366.0,221.0,0.0005401158794068,2,10,5.5
graph_003796.json,552803413583360001,non-rumour,charliehebdo-all-rnr-threads,non-rumours,8,7,12245.0,292.0,0.0005716619028174,2,5,2.3333333333333335
graph_003797.json,552803431702749184,non-rumour,charliehebdo-all-rnr-threads,non-rumours,11,10,54004.0,208.0,0.00018517146878,2,9,5.0
graph_003798.json,552803757864787968,non-rumour,charliehebdo-all-rnr-threads,non-rumours,4,3,93679.0,27151.0,3.202425303429797e-05,1,3,3.0
graph_003799.json,552803792618799106,non-rumour,charliehebdo-all-rnr-threads,non-rumours,28,27,16994.0,66.0,0.0015887960456631,7,17,3.375
graph_003800.json,552803839490150400,true,charliehebdo-all-rnr-threads,rumours,16,14,122425.0,37.0,0.0001225239942822,2,13,7.0
graph_003801.json,552804175310901248,non-rumour,charliehebdo-all-rnr-threads,non-rumours,11,10,8079.0,235.0,0.0012377769525931,4,5,2.0
graph_003802.json,552804198161854464,non-rumour,charliehebdo-all-rnr-threads,non-rumours,9,8,12678.0,60.0,0.0006310143555765,1,8,8.0
graph_003803.json,552804301316579330,non-rumour,charliehebdo-all-rnr-threads,non-rumours,47,46,39324.0,135.0,0.001169769097752,8,13,2.0
graph_003804.json,552804328319504384,non-rumour,charliehebdo-all-rnr-threads,non-rumours,21,20,2773.0,124.0,0.0072124053371799,2,18,6.666666666666667
graph_003805.json,552804394727927808,true,charliehebdo-all-rnr-threads,rumours,8,6,16233.0,53.0,0.0004312203536006,1,6,6.0
graph_003806.json,552804408233193473,true,charliehebdo-all-rnr-threads,rumours,4,3,12969.0,2043.0,0.0002313208420078,1,3,3.0
graph_003807.json,552804454773567488,non-rumour,charliehebdo-all-rnr-threads,non-rumours,26,25,250172.0,66.0,9.993124730185632e-05,8,5,1.6666666666666667
graph_003808.json,552804491821854720,non-rumour,charliehebdo-all-rnr-threads,non-rumours,22,21,6098.0,46.0,0.0034437520498524,7,10,2.3333333333333335
graph_003809.json,552804592988479488,non-rumour,charliehebdo-all-rnr-threads,non-rumours,7,6,8725.0,1403.0,0.0006876790830945,2,5,3.0
graph_003810.json,552804668951511041,true,charliehebdo-all-rnr-threads,rumours,1,0,0.0,0.0,0.0,0,0,0.0
graph_003811.json,552804763461775360,true,charliehebdo-all-rnr-threads,rumours,5,4,379.0,71.0,0.0105540897097625,1,4,4.0
graph_003812.json,552804769241526272,non-rumour,charliehebdo-all-rnr-threads,non-rumours,12,11,12383.0,200.0,0.0008883146248889,3,9,3.6666666666666665
graph_003813.json,552804784819154944,non-rumour,charliehebdo-all-rnr-threads,non-rumours,14,13,6289.0,89.0,0.0020671012879631,5,4,1.625
graph_003814.json,552804810463117312,non-rumour,charliehebdo-all-rnr-threads,non-rumours,33,32,28483.0,85.0,0.0011234771618158,13,5,1.6842105263157894
graph_003815.json,552804839886184448,true,charliehebdo-all-rnr-threads,rumours,10,9,11840.0,231.0,0.0007601351351351,1,9,9.0
graph_003816.json,552804962158514176,non-rumour,charliehebdo-all-rnr-threads,non-rumours,23,22,265969.0,211.0,8.271640679928864e-05,4,12,2.2
graph_003817.json,552805050620604418,non-rumour,charliehebdo-all-rnr-threads,non-rumours,51,49,36505.0,287.0,0.0013696753869332,9,18,2.7222222222222223
graph_003818.json,552805069956329472,non-rumour,charliehebdo-all-rnr-threads,non-rumours,23,22,182790.0,177.0,0.0001203566934733,8,10,2.4444444444444446
graph_003819.json,552805169206157312,non-rumour,charliehebdo-all-rnr-threads,non-rumours,25,24,256569.0,191.0,9.354208809326148e-05,7,6,1.7142857142857142
graph_003820.json,552805175874686977,non-rumour,charliehebdo-all-rnr-threads,non-rumours,28,27,2598.0,115.0,0.010392609699769,9,4,1.6875
graph_003821.json,552805209424941058,non-rumour,charliehebdo-all-rnr-threads,non-rumours,3,2,848.0,632.0,0.0023584905660377,1,2,2.0
graph_003822.json,552805267990413312,false,charliehebdo-all-rnr-threads,rumours,18,17,47860.0,327.0,0.0003552026744671,1,17,17.0
graph_003823.json,552805450350362625,non-rumour,charliehebdo-all-rnr-threads,non-rumours,37,36,105030.0,216.0,0.0003427592116538,6,16,2.4
graph_003824.json,552805488631758849,true,charliehebdo-all-rnr-threads,rumours,111,92,179095.0,51.0,0.0006141991680393,18,12,1.5593220338983051
graph_003825.json,552805596198871040,unverified,charliehebdo-all-rnr-threads,rumours,14,13,19898.0,58.0,0.0006533319931651,2,12,6.5
graph_003826.json,552805619301097472,unverified,charliehebdo-all-rnr-threads,rumours,10,9,124931.0,488.0,7.203976595080485e-05,2,7,3.0
graph_003827.json,552805638024077312,non-rumour,charliehebdo-all-rnr-threads,non-rumours,20,19,10822.0,21.0,0.0017556828682313,2,18,9.5
graph_003828.json,552805735885991936,unverified,charliehebdo-all-rnr-threads,rumours,2,1,946.0,946.0,0.0010570824524312,1,1,1.0
graph_003829.json,552805799106732032,non-rumour,charliehebdo-all-rnr-threads,non-rumours,22,21,5081.0,83.0,0.0041330446762448,5,15,3.0
graph_003830.json,552805830677258240,non-rumour,charliehebdo-all-rnr-threads,non-rumours,27,25,40954.0,287.0,0.0006348586218684,7,14,2.0833333333333335
graph_003831.json,552805853762699264,non-rumour,charliehebdo-all-rnr-threads,non-rumours,7,6,23211.0,127.0,0.0002584981258885,1,6,6.0
graph_003832.json,552805956619628544,non-rumour,charliehebdo-all-rnr-threads,non-rumours,16,15,53580.0,96.0,0.0002799552071668,2,14,7.5
graph_003833.json,552805970536333314,non-rumour,charliehebdo-all-rnr-threads,non-rumours,16,15,12980.0,90.0,0.0011556240369799,1,15,15.0
graph_003834.json,552806056154644480,non-rumour,charliehebdo-all-rnr-threads,non-rumours,21,20,4257.0,40.0,0.0046981442330279,5,10,1.818181818181818
graph_003835.json,552806077755326464,non-rumour,charliehebdo-all-rnr-threads,non-rumours,41,30,6057.0,35.0,0.006603929337956,9,12,2.5
graph_003836.json,552806117328568321,true,charliehebdo-all-rnr-threads,rumours,4,3,1034.0,25.0,0.0029013539651837,1,3,3.0
graph_003837.json,552806309540528128,false,charliehebdo-all-rnr-threads,rumours,40,39,100187.0,73.0,0.0003892720612454,7,13,2.0526315789473686
graph_003838.json,552806462125506560,non-rumour,charliehebdo-all-rnr-threads,non-rumours,6,5,3673.0,97.0,0.0013612850530901,2,4,2.5
graph_003839.json,552806610490646528,non-rumour,charliehebdo-all-rnr-threads,non-rumours,346,345,880169.0,28.0,0.0003919701784543,19,13,1.7424242424242424
graph_003840.json,552806624046641153,non-rumour,charliehebdo-all-rnr-threads,non-rumours,13,12,10986.0,107.0,0.0010922992900054,1,12,12.0
graph_003841.json,552806757672964097,true,charliehebdo-all-rnr-threads,rumours,13,12,23544.0,129.0,0.0005096839959225,2,11,6.0
graph_003842.json,552806890498191361,non-rumour,charliehebdo-all-rnr-threads,non-rumours,10,9,58030.0,213.0,0.0001550921936929,1,9,9.0
graph_003843.json,552806932176977920,non-rumour,charliehebdo-all-rnr-threads,non-rumours,23,19,40564.0,471.0,0.0005423528251651,6,5,1.5833333333333333
graph_003844.json,552806937470201856,unverified,charliehebdo-all-rnr-threads,rumours,20,17,11456.0,94.0,0.0016585195530726,3,14,5.666666666666667
graph_003845.json,552807013764575232,non-rumour,charliehebdo-all-rnr-threads,non-rumours,11,10,784344.0,123.0,1.2749507868996255e-05,1,10,10.0
graph_003846.json,552807027781947393,false,charliehebdo-all-rnr-threads,rumours,22,19,9626.0,134.0,0.0021815915229586,2,15,4.75
graph_003847.json,552807054268956673,non-rumour,charliehebdo-all-rnr-threads,non-rumours,17,16,17348.0,279.0,0.0009222965183306,3,14,5.333333333333333
graph_003848.json,552807071054184448,non-rumour,charliehebdo-all-rnr-threads,non-rumours,4,3,5078.0,2436.0,0.000590783773139,1,3,3.0
graph_003849.json,552807101442322432,non-rumour,charliehebdo-all-rnr-threads,non-rumours,20,19,11098.0,75.0,0.0017120201838169,3,16,4.75
graph_003850.json,552807191775043585,non-rumour,charliehebdo-all-rnr-threads,non-rumours,9,8,38601.0,173.0,0.0002072485168778,1,8,8.0
graph_003851.json,552807210041212928,false,charliehebdo-all-rnr-threads,rumours,2,1,368.0,368.0,0.0027173913043478,1,1,1.0
graph_003852.json,552807236339507200,non-rumour,charliehebdo-all-rnr-threads,non-rumours,10,9,36600.0,876.0,0.0002459016393442,1,9,9.0
graph_003853.json,552807328287064065,non-rumour,charliehebdo-all-rnr-threads,non-rumours,20,19,7461.0,121.0,0.0025465755260688,3,15,3.8
graph_003854.json,552807528070131712,unverified,charliehebdo-all-rnr-threads,rumours,18,17,60601.0,323.0,0.0002805234237058,5,13,3.4
graph_003855.json,552807536894947329,non-rumour,charliehebdo-all-rnr-threads,non-rumours,7,6,17520.0,533.0,0.0003424657534246,3,3,1.5
graph_003856.json,552807582113730560,non-rumour,charliehebdo-all-rnr-threads,non-rumours,5,4,11392.0,2514.0,0.0003511235955056,1,4,4.0
graph_003857.json,552807598966059008,non-rumour,charliehebdo-all-rnr-threads,non-rumours,32,31,13365.0,61.0,0.00231949120838,6,16,2.2142857142857144
graph_003858.json,552807658869493760,non-rumour,charliehebdo-all-rnr-threads,non-rumours,9,6,25703.0,920.0,0.0003112477142745,1,6,6.0
graph_003859.json,552807783385800705,non-rumour,charliehebdo-all-rnr-threads,non-rumours,7,6,4390.0,238.0,0.0013667425968109,1,6,6.0
graph_003860.json,552807832257835008,non-rumour,charliehebdo-all-rnr-threads,non-rumours,13,12,2968.0,255.0,0.0040431266846361,2,11,6.0
graph_003861.json,552807834434699264,true,charliehebdo-all-rnr-threads,rumours,20,19,2141.0,159.0,0.0088743577767398,3,14,4.75
graph_003862.json,552807874192482305,non-rumour,charliehebdo-all-rnr-threads,non-rumours,36,35,47558.0,42.0,0.0007359434795407,11,5,1.4583333333333333
graph_003863.json,552807904597008385,non-rumour,charliehebdo-all-rnr-threads,non-rumours,66,65,68344.0,84.0,0.0009510710523235,11,6,1.5116279069767442
graph_003864.json,552808071387701248,unverified,charliehebdo-all-rnr-threads,rumours,110,105,32468.0,42.0,0.0033571516570161,19,13,1.5671641791044777
graph_003865.json,552808135006887937,non-rumour,charliehebdo-all-rnr-threads,non-rumours,18,10,81139.0,571.0,0.0002095170016884,1,10,10.0
graph_003866.json,552808138127446016,non-rumour,charliehebdo-all-rnr-threads,non-rumours,8,7,70994.0,509.0,9.8599881680142e-05,2,5,2.3333333333333335
graph_003867.json,552808242276229120,non-rumour,charliehebdo-all-rnr-threads,non-rumours,19,17,325553.0,60.0,5.529053641035408e-05,1,17,17.0
graph_003868.json,552808282398924800,true,charliehebdo-all-rnr-threads,rumours,18,17,130375.0,494.0,0.000130393096836,6,8,1.8888888888888888
graph_003869.json,552808461940301825,non-rumour,charliehebdo-all-rnr-threads,non-rumours,9,8,8946.0,255.0,0.0008942544153811,4,3,1.6
graph_003870.json,552808487924011008,non-rumour,charliehebdo-all-rnr-threads,non-rumours,44,43,14523.0,166.0,0.0029608207670591,9,7,1.9545454545454544
graph_003871.json,552808620187217920,true,charliehebdo-all-rnr-threads,rumours,5,4,1330.0,197.0,0.0030075187969924,1,4,4.0
graph_003872.json,552808658510561280,non-rumour,charliehebdo-all-rnr-threads,non-rumours,21,19,7154.0,78.0,0.0027956388034665,12,7,1.4615384615384617
graph_003873.json,552808669646036992,non-rumour,charliehebdo-all-rnr-threads,non-rumours,1,0,0.0,0.0,0.0,0,0,0.0
graph_003874.json,552808701065953280,non-rumour,charliehebdo-all-rnr-threads,non-rumours,10,9,5850.0,308.0,0.0015384615384615,2,7,4.5
graph_003875.json,552808776492130304,non-rumour,charliehebdo-all-rnr-threads,non-rumours,5,4,23423.0,154.0,0.0001707723178072,1,4,4.0
graph_003876.json,552808785329549313,non-rumour,charliehebdo-all-rnr-threads,non-rumours,10,9,3060.0,377.0,0.0029411764705882,5,4,1.8
graph_003877.json,552808904137408512,true,charliehebdo-all-rnr-threads,rumours,4,3,4873.0,85.0,0.0006156371844859,1,3,3.0
graph_003878.json,552809042687819776,non-rumour,charliehebdo-all-rnr-threads,non-rumours,8,5,242755.0,1708.0,2.883565735000309e-05,3,2,1.6666666666666667
graph_003879.json,552809336360419329,non-rumour,charliehebdo-all-rnr-threads,non-rumours,10,9,18363.0,842.0,0.0004901159941186,1,9,9.0
graph_003880.json,552809418417790976,true,charliehebdo-all-rnr-threads,rumours,27,25,21032.0,329.0,0.0012362114872575,6,16,3.125
graph_003881.json,552809902956367872,non-rumour,charliehebdo-all-rnr-threads,non-rumours,14,13,22547.0,160.0,0.0005765733800505,3,11,4.333333333333333
graph_003882.json,552810032765497345,non-rumour,charliehebdo-all-rnr-threads,non-rumours,56,55,93741.0,616.0,0.0005867229920739,12,9,1.6176470588235294
graph_003883.json,552810124776308736,non-rumour,charliehebdo-all-rnr-threads,non-rumours,26,17,323070.0,284.0,7.738261057975052e-05,6,6,1.8888888888888888
graph_003884.json,552810138114195456,unverified,charliehebdo-all-rnr-threads,rumours,5,4,91070.0,401.0,4.3922257604040845e-05,2,3,2.0
graph_003885.json,552810166744547328,non-rumour,charliehebdo-all-rnr-threads,non-rumours,16,12,70577.0,237.0,0.000212533828301,1,12,12.0
graph_003886.json,552810249263259649,non-rumour,charliehebdo-all-rnr-threads,non-rumours,3,2,607.0,514.0,0.0032948929159802,1,2,2.0
graph_003887.json,552810276635291649,non-rumour,charliehebdo-all-rnr-threads,non-rumours,9,8,3104.0,128.0,0.0025773195876288,3,6,2.6666666666666665
graph_003888.json,552810287695659009,non-rumour,charliehebdo-all-rnr-threads,non-rumours,14,13,4631.0,21.0,0.0028071690779529,1,13,13.0
graph_003889.json,552810359409897472,non-rumour,charliehebdo-all-rnr-threads,non-rumours,2,1,22839.0,22839.0,4.3784754148605455e-05,1,1,1.0
graph_003890.json,552810448324943872,unverified,charliehebdo-all-rnr-threads,rumours,20,18,1726.0,42.0,0.0110081112398609,2,17,9.0
graph_003891.json,552810477940932609,non-rumour,charliehebdo-all-rnr-threads,non-rumours,27,26,96627.0,76.0,0.0002690759311579,5,11,1.7333333333333334
graph_003892.json,552810625873633280,non-rumour,charliehebdo-all-rnr-threads,non-rumours,22,20,5433.0,154.0,0.0038652678078409,4,14,3.3333333333333335
graph_003893.json,552810804186460161,false,charliehebdo-all-rnr-threads,rumours,21,20,2550.0,63.0,0.0078431372549019,3,17,5.0
graph_003894.json,552810805243412481,non-rumour,charliehebdo-all-rnr-threads,non-rumours,3,2,352.0,299.0,0.0056818181818181,1,2,2.0
graph_003895.json,552810855503757313,non-rumour,charliehebdo-all-rnr-threads,non-rumours,20,19,462.0,79.0,0.0411255411255411,2,18,9.5
graph_003896.json,552810884029222912,non-rumour,charliehebdo-all-rnr-threads,non-rumours,20,19,30636.0,35.0,0.000620185402794,5,15,3.8
graph_003897.json,552811128326475776,non-rumour,charliehebdo-all-rnr-threads,non-rumours,13,12,310067.0,1283.0,3.870131294204156e-05,5,8,2.4
graph_003898.json,552811254667288576,non-rumour,charliehebdo-all-rnr-threads,non-rumours,25,24,42841.0,334.0,0.0005602110128148,10,8,1.7142857142857142
graph_003899.json,552811319079227393,non-rumour,charliehebdo-all-rnr-threads,non-rumours,50,49,27173.0,80.0,0.0018032605895558,12,13,2.227272727272727
graph_003900.json,552811354323963904,non-rumour,charliehebdo-all-rnr-threads,non-rumours,21,20,2628.0,30.0,0.0076103500761035,3,13,4.0
graph_003901.json,552811386259386370,true,charliehebdo-all-rnr-threads,rumours,19,18,5997.0,43.0,0.0030015007503751,1,18,18.0
graph_003902.json,552811408094945280,non-rumour,charliehebdo-all-rnr-threads,non-rumours,23,22,6728.0,41.0,0.003269916765755,4,18,4.4
graph_003903.json,552811438994378754,non-rumour,charliehebdo-all-rnr-threads,non-rumours,15,14,37958.0,168.0,0.0003688287054112,3,8,2.8
graph_003904.json,552811533303296001,non-rumour,charliehebdo-all-rnr-threads,non-rumours,20,19,34085.0,71.0,0.0005574299545254,2,18,9.5
graph_003905.json,552811606640721921,non-rumour,charliehebdo-all-rnr-threads,non-rumours,47,45,60122.0,81.0,0.0007651109410864,10,13,2.5
graph_003906.json,552811735183552512,non-rumour,charliehebdo-all-rnr-threads,non-rumours,31,30,91692.0,54.0,0.0003271823059808,10,5,1.4285714285714286
graph_003907.json,552811772038881280,non-rumour,charliehebdo-all-rnr-threads,non-rumours,11,10,12228.0,44.0,0.0008177952240758,2,9,5.0
graph_003908.json,552812020295532544,non-rumour,charliehebdo-all-rnr-threads,non-rumours,32,31,36948.0,790.0,0.0008390169968604,12,8,1.631578947368421
graph_003909.json,552812040926941185,non-rumour,charliehebdo-all-rnr-threads,non-rumours,14,13,18160.0,1098.0,0.000715859030837,3,7,1.8571428571428572
graph_003910.json,552812098057936896,non-rumour,charliehebdo-all-rnr-threads,non-rumours,14,13,19558.0,692.0,0.0006646896410675,1,13,13.0
graph_003911.json,552812140479148032,non-rumour,charliehebdo-all-rnr-threads,non-rumours,46,45,9361.0,81.0,0.0048071787202221,8,10,1.6071428571428572
graph_003912.json,552812188315172864,non-rumour,charliehebdo-all-rnr-threads,non-rumours,6,5,1286.0,47.0,0.0038880248833592,2,4,2.5
graph_003913.json,552812399997489152,non-rumour,charliehebdo-all-rnr-threads,non-rumours,1,0,0.0,0.0,0.0,0,0,0.0
graph_003914.json,552812416485294080,non-rumour,charliehebdo-all-rnr-threads,non-rumours,6,5,198277.0,186.0,2.5217246579280505e-05,1,5,5.0
graph_003915.json,552812475134275584,non-rumour,charliehebdo-all-rnr-threads,non-rumours,60,58,26953.0,71.0,0.0021889956591103,19,13,1.6111111111111112
graph_003916.json,552812572731527168,non-rumour,charliehebdo-all-rnr-threads,non-rumours,21,19,1201.0,105.0,0.0166527893422148,3,12,2.7142857142857144
graph_003917.json,552812623658762240,non-rumour,charliehebdo-all-rnr-threads,non-rumours,8,7,20475.0,1098.0,0.0003418803418803,2,6,3.5
graph_003918.json,552812682626465792,true,charliehebdo-all-rnr-threads,rumours,17,13,79879.0,51.0,0.0002003029582243,5,8,2.1666666666666665
graph_003919.json,552812775907422209,non-rumour,charliehebdo-all-rnr-threads,non-rumours,25,23,16416.0,547.0,0.0014619883040935,6,7,1.7692307692307692
graph_003920.json,552812811651272705,non-rumour,charliehebdo-all-rnr-threads,non-rumours,43,42,3869.0,73.0,0.0108555182217627,17,11,1.6153846153846154
graph_003921.json,552812847651377153,non-rumour,charliehebdo-all-rnr-threads,non-rumours,7,6,188369.0,29905.0,3.185237485998227e-05,4,3,1.5
graph_003922.json,552812951208722432,non-rumour,charliehebdo-all-rnr-threads,non-rumours,20,19,87608.0,158.0,0.0002168751712172,5,11,2.375
graph_003923.json,552812984343330816,non-rumour,charliehebdo-all-rnr-threads,non-rumours,96,95,43586.0,95.0,0.0021795989537925,18,8,1.532258064516129
graph_003924.json,552813011803836416,non-rumour,charliehebdo-all-rnr-threads,non-rumours,11,10,105786.0,106.0,9.453046716956875e-05,1,10,10.0
graph_003925.json,552813155572006912,non-rumour,charliehebdo-all-rnr-threads,non-rumours,16,15,199311.0,282.0,7.525926817887623e-05,3,12,3.75
graph_003926.json,552813160110252032,non-rumour,charliehebdo-all-rnr-threads,non-rumours,9,8,41716.0,135.0,0.000191772940838,2,7,4.0
graph_003927.json,552813223360352256,non-rumour,charliehebdo-all-rnr-threads,non-rumours,9,8,16354.0,324.0,0.0004891769597651,1,8,8.0
graph_003928.json,552813420136128513,non-rumour,charliehebdo-all-rnr-threads,non-rumours,20,13,32126.0,413.0,0.000591421278715,8,5,1.4444444444444444
graph_003929.json,552813461953323008,true,charliehebdo-all-rnr-threads,rumours,39,38,3943.0,133.0,0.0096373319807253,10,10,2.111111111111111
graph_003930.json,552813494345940992,false,charliehebdo-all-rnr-threads,rumours,8,7,2945.0,597.0,0.0023769100169779,2,5,2.3333333333333335
graph_003931.json,552813549291315200,false,charliehebdo-all-rnr-threads,rumours,7,6,6590.0,263.0,0.0009104704097116,1,6,6.0
graph_003932.json,552813590919778304,non-rumour,charliehebdo-all-rnr-threads,non-rumours,24,23,147208.0,195.0,0.0001562415086136,5,17,3.2857142857142856
graph_003933.json,552813988644659200,non-rumour,charliehebdo-all-rnr-threads,non-rumours,15,14,13747.0,105.0,0.0010184040154215,1,14,14.0
graph_003934.json,552814076167213056,non-rumour,charliehebdo-all-rnr-threads,non-rumours,7,6,24328.0,256.0,0.0002466293982242,2,5,3.0
graph_003935.json,552814130827370498,non-rumour,charliehebdo-all-rnr-threads,non-rumours,11,10,558014.0,79.0,1.792069733017451e-05,4,7,2.5
graph_003936.json,552814137857036289,non-rumour,charliehebdo-all-rnr-threads,non-rumours,5,4,3502.0,1350.0,0.0011422044545973,1,4,4.0
graph_003937.json,552814213081866240,non-rumour,charliehebdo-all-rnr-threads,non-rumours,18,16,6247.0,55.0,0.0027213062269889,3,14,5.333333333333333
graph_003938.json,552814216550563840,non-rumour,charliehebdo-all-rnr-threads,non-rumours,9,8,112152.0,1215.0,7.133176403452457e-05,1,8,8.0
graph_003939.json,552814280471367680,non-rumour,charliehebdo-all-rnr-threads,non-rumours,27,26,443173.0,26.0,5.866783400613305e-05,7,15,2.363636363636364
graph_003940.json,552814317096407040,non-rumour,charliehebdo-all-rnr-threads,non-rumours,8,7,71241.0,108.0,9.825802557516038e-05,1,7,7.0
graph_003941.json,552814382338826240,non-rumour,charliehebdo-all-rnr-threads,non-rumours,17,7,288220.0,552.0,5.551314967732982e-05,4,4,1.75
graph_003942.json,552814410763603968,non-rumour,charliehebdo-all-rnr-threads,non-rumours,6,5,107890.0,6844.0,4.6343498007229584e-05,1,5,5.0
graph_003943.json,552814460193476609,non-rumour,charliehebdo-all-rnr-threads,non-rumours,17,16,25950.0,100.0,0.0006165703275529,3,10,2.6666666666666665
graph_003944.json,552814494381256704,false,charliehebdo-all-rnr-threads,rumours,11,10,2423.0,76.0,0.0041271151465125,1,10,10.0
graph_003945.json,552814566594576386,non-rumour,charliehebdo-all-rnr-threads,non-rumours,54,53,107038.0,1445.0,0.0004951512546945,15,9,1.827586206896552
graph_003946.json,552814627399012352,non-rumour,charliehebdo-all-rnr-threads,non-rumours,1,0,0.0,0.0,0.0,0,0,0.0
graph_003947.json,552814766369284097,non-rumour,charliehebdo-all-rnr-threads,non-rumours,3,2,38853.0,467.0,5.147607649344967e-05,1,2,2.0
graph_003948.json,552814767417876480,true,charliehebdo-all-rnr-threads,rumours,8,7,7224.0,727.0,0.000968992248062,1,7,7.0
graph_003949.json,552814770542628865,non-rumour,charliehebdo-all-rnr-threads,non-rumours,42,41,13557.0,90.0,0.0030242679058788,11,9,2.411764705882353
graph_003950.json,552814845016694786,non-rumour,charliehebdo-all-rnr-threads,non-rumours,11,10,21427.0,413.0,0.0004667008913987,1,10,10.0
graph_003951.json,552814916567322624,non-rumour,charliehebdo-all-rnr-threads,non-rumours,8,4,158273.0,11075.0,4.422737927505007e-05,1,4,4.0
graph_003952.json,552814974511628289,non-rumour,charliehebdo-all-rnr-threads,non-rumours,4,3,8768.0,205.0,0.0003421532846715,1,3,3.0
graph_003953.json,552814978823385088,non-rumour,charliehebdo-all-rnr-threads,non-rumours,6,5,26850.0,177.0,0.0001862197392923,2,4,2.5
graph_003954.json,552814983797821440,non-rumour,charliehebdo-all-rnr-threads,non-rumours,8,7,1813.0,97.0,0.0038610038610038,1,7,7.0
graph_003955.json,552815017402589184,non-rumour,charliehebdo-all-rnr-threads,non-rumours,15,14,19881.0,98.0,0.0007041899300839,2,12,4.666666666666667
graph_003956.json,552815091331366912,non-rumour,charliehebdo-all-rnr-threads,non-rumours,3,2,250.0,106.0,0.008,1,2,2.0
graph_003957.json,552815122897727488,non-rumour,charliehebdo-all-rnr-threads,non-rumours,65,64,358614.0,76.0,0.0001784648675177,11,9,1.641025641025641
graph_003958.json,552815182708494336,unverified,charliehebdo-all-rnr-threads,rumours,5,4,3730.0,483.0,0.0010723860589812,1,4,4.0
graph_003959.json,552815274848964608,true,charliehebdo-all-rnr-threads,rumours,5,4,17126.0,43.0,0.0002335630036202,1,4,4.0
graph_003960.json,552815293349650433,non-rumour,charliehebdo-all-rnr-threads,non-rumours,35,28,129671.0,57.0,0.0002622020343793,2,14,5.333333333333333
graph_003961.json,552815332931665921,non-rumour,charliehebdo-all-rnr-threads,non-rumours,22,21,71859.0,106.0,0.0002922389679789,6,14,2.625
graph_003962.json,552815387759616000,non-rumour,charliehebdo-all-rnr-threads,non-rumours,20,19,2294.0,92.0,0.0082824760244115,3,14,3.1666666666666665
graph_003963.json,552815443959091200,non-rumour,charliehebdo-all-rnr-threads,non-rumours,27,22,92370.0,177.0,0.0002814766699144,8,7,1.7272727272727273
graph_003964.json,552815540721291265,true,charliehebdo-all-rnr-threads,rumours,7,6,6005.0,609.0,0.0009991673605328,2,5,3.0
graph_003965.json,552815575672836096,non-rumour,charliehebdo-all-rnr-threads,non-rumours,12,11,4033.0,192.0,0.0027274981403421,6,4,1.375
graph_003966.json,552815682241691648,non-rumour,charliehebdo-all-rnr-threads,non-rumours,28,26,6721.0,42.0,0.0040172593364082,5,17,5.2
graph_003967.json,552815712327454720,non-rumour,charliehebdo-all-rnr-threads,non-rumours,81,80,95925.0,48.0,0.0008339848840239,15,10,1.7391304347826086
graph_003968.json,552815712432316417,non-rumour,charliehebdo-all-rnr-threads,non-rumours,3,2,4185.0,475.0,0.0004778972520908,1,2,2.0
graph_003969.json,552815993165467649,non-rumour,charliehebdo-all-rnr-threads,non-rumours,8,7,3636.0,49.0,0.0019251925192519,2,6,3.5
graph_003970.json,552816010752167936,non-rumour,charliehebdo-all-rnr-threads,non-rumours,17,16,16682.0,27.0,0.0009591176117971,4,11,2.6666666666666665
graph_003971.json,552816020403269632,unverified,charliehebdo-all-rnr-threads,rumours,6,4,3803.0,436.0,0.0013147515119642,1,4,4.0
graph_003972.json,552816062593761280,non-rumour,charliehebdo-all-rnr-threads,non-rumours,30,29,271401.0,78.0,0.0001068529592742,4,16,4.833333333333333
graph_003973.json,552816233796894720,non-rumour,charliehebdo-all-rnr-threads,non-rumours,8,7,16371.0,525.0,0.0004275853643638,1,7,7.0
graph_003974.json,552816288612225024,non-rumour,charliehebdo-all-rnr-threads,non-rumours,15,12,124167.0,99.0,0.000112751375164,3,10,4.0
graph_003975.json,552816288935202817,non-rumour,charliehebdo-all-rnr-threads,non-rumours,1,0,0.0,0.0,0.0,0,0,0.0
graph_003976.json,552816302780579840,false,charliehebdo-all-rnr-threads,rumours,23,22,12585.0,382.0,0.0017481128327373,4,14,3.142857142857143
graph_003977.json,552816497740251136,non-rumour,charliehebdo-all-rnr-threads,non-rumours,20,19,2472.0,124.0,0.0076860841423948,7,11,2.375
graph_003978.json,552816539175763969,non-rumour,charliehebdo-all-rnr-threads,non-rumours,15,14,21170.0,59.0,0.0006613131790269,2,13,7.0
graph_003979.json,552816561514635264,non-rumour,charliehebdo-all-rnr-threads,non-rumours,24,23,3597.0,73.0,0.0063942174033917,7,11,2.090909090909091
graph_003980.json,552816590463315968,non-rumour,charliehebdo-all-rnr-threads,non-rumours,17,16,48623.0,174.0,0.000329062377887,2,15,8.0
graph_003981.json,552816600995614721,false,charliehebdo-all-rnr-threads,rumours,4,3,511.0,189.0,0.0058708414872798,2,2,1.5
graph_003982.json,552816686752358401,non-rumour,charliehebdo-all-rnr-threads,non-rumours,20,19,105378.0,318.0,0.0001803032891115,2,18,9.5
graph_003983.json,552816689386373121,non-rumour,charliehebdo-all-rnr-threads,non-rumours,26,19,23154.0,95.0,0.001079727045003,8,8,1.5833333333333333
graph_003984.json,552816883012239360,non-rumour,charliehebdo-all-rnr-threads,non-rumours,10,9,454694.0,5104.0,1.9793531473914325e-05,6,3,1.5
graph_003985.json,552816932643405824,unverified,charliehebdo-all-rnr-threads,rumours,7,6,16377.0,133.0,0.0003663674665689,1,6,6.0
graph_003986.json,552816933851394048,non-rumour,charliehebdo-all-rnr-threads,non-rumours,18,17,115842.0,234.0,0.0001467516099514,4,8,2.4285714285714284
graph_003987.json,552817061203050496,non-rumour,charliehebdo-all-rnr-threads,non-rumours,10,9,29169.0,105.0,0.0003085467448318,4,5,2.25
graph_003988.json,552817101057318913,true,charliehebdo-all-rnr-threads,rumours,3,2,3034.0,1166.0,0.000659195781147,1,2,2.0
graph_003989.json,552817146166652928,non-rumour,charliehebdo-all-rnr-threads,non-rumours,10,9,62488.0,101.0,0.0001440276533094,2,8,4.5
graph_003990.json,552817151112142848,non-rumour,charliehebdo-all-rnr-threads,non-rumours,10,9,15842.0,23.0,0.0005681100871102,1,9,9.0
graph_003991.json,552817205982019584,non-rumour,charliehebdo-all-rnr-threads,non-rumours,30,29,4760.0,147.0,0.0060924369747899,7,7,1.9333333333333331
graph_003992.json,552817293969739778,non-rumour,charliehebdo-all-rnr-threads,non-rumours,87,82,31669.0,22.0,0.0027155893776248,19,15,1.607843137254902
graph_003993.json,552817345887207425,unverified,charliehebdo-all-rnr-threads,rumours,21,20,4909.0,91.0,0.0040741495212874,3,15,4.0
graph_003994.json,552817367995002880,non-rumour,charliehebdo-all-rnr-threads,non-rumours,20,19,12842.0,78.0,0.001479520323937,1,19,19.0
graph_003995.json,552817391181103104,non-rumour,charliehebdo-all-rnr-threads,non-rumours,11,10,59030.0,53.0,0.0001694053870913,2,9,5.0
graph_003996.json,552817490263572480,non-rumour,charliehebdo-all-rnr-threads,non-rumours,9,8,346793.0,299.0,2.3068516377204847e-05,2,7,4.0
graph_003997.json,552817675408523264,non-rumour,charliehebdo-all-rnr-threads,non-rumours,26,25,91559.0,136.0,0.000273047979991,4,13,2.272727272727273
graph_003998.json,552817711617552385,non-rumour,charliehebdo-all-rnr-threads,non-rumours,35,34,25110.0,90.0,0.0013540422142572,8,10,1.7
graph_003999.json,552817759684665345,non-rumour,charliehebdo-all-rnr-threads,non-rumours,2,1,337.0,337.0,0.0029673590504451,1,1,1.0
graph_004000.json,552817769604198400,non-rumour,charliehebdo-all-rnr-threads,non-rumours,6,5,93056.0,20003.0,5.373108665749656e-05,2,4,2.5
graph_004001.json,552817783910961152,non-rumour,charliehebdo-all-rnr-threads,non-rumours,16,15,125746.0,246.0,0.0001192880886867,2,12,3.75
graph_004002.json,552817785949396992,non-rumour,charliehebdo-all-rnr-threads,non-rumours,22,21,189771.0,126.0,0.0001106596898366,5,13,2.625
graph_004003.json,552817918220984320,non-rumour,charliehebdo-all-rnr-threads,non-rumours,15,13,374645.0,202.0,3.7368709044562185e-05,6,8,2.1666666666666665
graph_004004.json,552817965813739520,unverified,charliehebdo-all-rnr-threads,rumours,23,22,8963.0,99.0,0.0024545353118375,2,18,4.4
graph_004005.json,552818300041052160,non-rumour,charliehebdo-all-rnr-threads,non-rumours,15,14,18515.0,71.0,0.0007561436672967,1,14,14.0
graph_004006.json,552818301530025984,non-rumour,charliehebdo-all-rnr-threads,non-rumours,1,0,0.0,0.0,0.0,0,0,0.0
graph_004007.json,552818309050421250,non-rumour,charliehebdo-all-rnr-threads,non-rumours,1,0,0.0,0.0,0.0,0,0,0.0
graph_004008.json,552818334643658752,non-rumour,charliehebdo-all-rnr-threads,non-rumours,32,31,232924.0,244.0,0.0001330906218337,7,9,1.55
graph_004009.json,552818368487911425,non-rumour,charliehebdo-all-rnr-threads,non-rumours,4,3,2165.0,127.0,0.0013856812933025,1,3,3.0
graph_004010.json,552818685526933505,non-rumour,charliehebdo-all-rnr-threads,non-rumours,38,31,94167.0,213.0,0.0003929189631187,8,5,1.7222222222222223
graph_004011.json,552818799095730176,non-rumour,charliehebdo-all-rnr-threads,non-rumours,21,20,21156.0,48.0,0.0009453582907922,2,19,10.0
graph_004012.json,552818821460148226,unverified,charliehebdo-all-rnr-threads,rumours,6,5,2369.0,46.0,0.0021105951878429,2,4,2.5
graph_004013.json,552818868604129280,non-rumour,charliehebdo-all-rnr-threads,non-rumours,9,8,32325.0,145.0,0.0002474864655839,3,6,2.6666666666666665
graph_004014.json,552818870281850881,non-rumour,charliehebdo-all-rnr-threads,non-rumours,24,23,128439.0,52.0,0.0001790733344233,6,14,2.875
graph_004015.json,552818922798727168,non-rumour,charliehebdo-all-rnr-threads,non-rumours,29,28,905408.0,210.0,3.092528451261752e-05,5,12,2.1538461538461537
graph_004016.json,552818988468944897,non-rumour,charliehebdo-all-rnr-threads,non-rumours,14,13,23331.0,22.0,0.0005571985770005,2,12,6.5
graph_004017.json,552819064301961216,non-rumour,charliehebdo-all-rnr-threads,non-rumours,25,24,13089.0,221.0,0.0018336007334402,4,12,3.0
graph_004018.json,552819155859431424,non-rumour,charliehebdo-all-rnr-threads,non-rumours,53,52,9123.0,90.0,0.0056998794256275,19,5,1.9259259259259256
graph_004019.json,552819208212717568,non-rumour,charliehebdo-all-rnr-threads,non-rumours,11,10,4895.0,210.0,0.0020429009193054,3,5,2.5
graph_004020.json,552819316702199811,non-rumour,charliehebdo-all-rnr-threads,non-rumours,27,26,87100.0,175.0,0.0002985074626865,6,12,2.0
graph_004021.json,552819350504493057,non-rumour,charliehebdo-all-rnr-threads,non-rumours,25,24,1317255.0,120.0,1.82197068904654e-05,8,12,2.6666666666666665
graph_004022.json,552819474320359425,non-rumour,charliehebdo-all-rnr-threads,non-rumours,1,0,0.0,0.0,0.0,0,0,0.0
graph_004023.json,552819569103220736,non-rumour,charliehebdo-all-rnr-threads,non-rumours,8,7,81386.0,2276.0,8.600987884894208e-05,3,4,1.75
graph_004024.json,552819649599897601,non-rumour,charliehebdo-all-rnr-threads,non-rumours,73,72,634762.0,320.0,0.0001134283400707,18,10,1.6
graph_004025.json,552819824007872512,non-rumour,charliehebdo-all-rnr-threads,non-rumours,4,3,155779.0,316.0,1.925805147035223e-05,1,3,3.0
graph_004026.json,552819936343883776,non-rumour,charliehebdo-all-rnr-threads,non-rumours,83,82,206172.0,355.0,0.000397726170382,14,11,2.05
graph_004027.json,552819983915700224,non-rumour,charliehebdo-all-rnr-threads,non-rumours,5,4,10061.0,1055.0,0.000397574793758,2,2,1.3333333333333333
graph_004028.json,552819986834923520,non-rumour,charliehebdo-all-rnr-threads,non-rumours,13,12,20840.0,1787.0,0.0005758157389635,4,7,2.4
graph_004029.json,552820025409941506,non-rumour,charliehebdo-all-rnr-threads,non-rumours,1,0,0.0,0.0,0.0,0,0,0.0
graph_004030.json,552820150345297921,non-rumour,charliehebdo-all-rnr-threads,non-rumours,1,0,0.0,0.0,0.0,0,0,0.0
graph_004031.json,552820156980670464,non-rumour,charliehebdo-all-rnr-threads,non-rumours,7,6,2815.0,251.0,0.0021314387211367,3,4,2.0
graph_004032.json,552820265994829824,non-rumour,charliehebdo-all-rnr-threads,non-rumours,2,1,290.0,290.0,0.0034482758620689,1,1,1.0
graph_004033.json,552820331204055041,non-rumour,charliehebdo-all-rnr-threads,non-rumours,18,17,4768.0,167.0,0.0035654362416107,3,13,4.25
graph_004034.json,552820384039706624,non-rumour,charliehebdo-all-rnr-threads,non-rumours,7,6,968.0,71.0,0.006198347107438,3,4,2.0
graph_004035.json,552820533507944448,non-rumour,charliehebdo-all-rnr-threads,non-rumours,9,8,43194.0,2072.0,0.0001852109089225,3,5,2.0
graph_004036.json,552820575752974336,non-rumour,charliehebdo-all-rnr-threads,non-rumours,17,16,75409.0,257.0,0.0002121762654325,2,15,8.0
graph_004037.json,552820735513612288,non-rumour,charliehebdo-all-rnr-threads,non-rumours,5,4,27067.0,4219.0,0.0001477814312631,3,2,1.3333333333333333
graph_004038.json,552820736490889216,unverified,charliehebdo-all-rnr-threads,rumours,31,29,16237.0,27.0,0.0018476319517152,6,12,1.9333333333333331
graph_004039.json,552820842544246784,non-rumour,charliehebdo-all-rnr-threads,non-rumours,96,95,15132.0,95.0,0.0062780861749933,19,7,1.4393939393939394
graph_004040.json,552820930419109888,non-rumour,charliehebdo-all-rnr-threads,non-rumours,24,22,43131.0,35.0,0.0005332591407572,4,15,3.142857142857143
graph_004041.json,552821030117711872,non-rumour,charliehebdo-all-rnr-threads,non-rumours,49,40,89814.0,40.0,0.0005344378381989,8,10,2.0
graph_004042.json,552821050145513472,non-rumour,charliehebdo-all-rnr-threads,non-rumours,20,17,81247.0,39.0,0.0002338547884844,3,14,4.25
graph_004043.json,552821069036670976,unverified,charliehebdo-all-rnr-threads,rumours,22,21,8655.0,206.0,0.0024263431542461,3,15,3.0
graph_004044.json,552821223676444672,non-rumour,charliehebdo-all-rnr-threads,non-rumours,7,6,4412.0,487.0,0.0013599274705349,1,6,6.0
graph_004045.json,552821282447040513,non-rumour,charliehebdo-all-rnr-threads,non-rumours,10,9,303302.0,375.0,2.9673394834191663e-05,1,9,9.0
graph_004046.json,552821287933202435,true,charliehebdo-all-rnr-threads,rumours,40,38,3145.0,34.0,0.0124006359300476,8,10,1.7272727272727273
graph_004047.json,552821437678223361,non-rumour,charliehebdo-all-rnr-threads,non-rumours,46,45,335060.0,159.0,0.0001343043037067,17,9,1.875
graph_004048.json,552821475066281984,unverified,charliehebdo-all-rnr-threads,rumours,11,10,13207.0,107.0,0.0007571742257893,1,10,10.0
graph_004049.json,552821570423771136,non-rumour,charliehebdo-all-rnr-threads,non-rumours,17,16,424309.0,190.0,3.7708368193934135e-05,2,15,8.0
graph_004050.json,552821573946982401,non-rumour,charliehebdo-all-rnr-threads,non-rumours,21,20,7585.0,164.0,0.002636783124588,5,13,2.5
graph_004051.json,552821659103940608,non-rumour,charliehebdo-all-rnr-threads,non-rumours,18,17,5192.0,144.0,0.0032742681047765,4,13,4.25
graph_004052.json,552821730100924417,non-rumour,charliehebdo-all-rnr-threads,non-rumours,31,30,823043.0,195.0,3.6450100420026656e-05,9,12,2.0
graph_004053.json,552821810224304128,non-rumour,charliehebdo-all-rnr-threads,non-rumours,53,52,19580.0,55.0,0.002655771195097,9,7,1.9259259259259256
graph_004054.json,552821810572439553,non-rumour,charliehebdo-all-rnr-threads,non-rumours,25,24,2203.0,38.0,0.0108942351339083,3,19,4.0
graph_004055.json,552821862850637825,non-rumour,charliehebdo-all-rnr-threads,non-rumours,20,19,4261.0,69.0,0.0044590471720253,1,19,19.0
graph_004056.json,552821977061556225,non-rumour,charliehebdo-all-rnr-threads,non-rumours,127,108,194602.0,87.0,0.0006474753599654,15,12,1.9636363636363636
graph_004057.json,552821991850668032,non-rumour,charliehebdo-all-rnr-threads,non-rumours,7,6,1987.0,369.0,0.0030196275792652,1,6,6.0
graph_004058.json,552822043490938881,non-rumour,charliehebdo-all-rnr-threads,non-rumours,20,19,7702.0,67.0,0.0024668917164372,1,19,19.0
graph_004059.json,552822076676255744,non-rumour,charliehebdo-all-rnr-threads,non-rumours,13,12,24424.0,1017.0,0.0004913200131018,2,11,6.0
graph_004060.json,552822314157768704,non-rumour,charliehebdo-all-rnr-threads,non-rumours,19,18,36915.0,83.0,0.0004876066639577,2,15,9.0
graph_004061.json,552822330141851649,non-rumour,charliehebdo-all-rnr-threads,non-rumours,98,97,227441.0,32.0,0.0004264842310753,18,10,1.4923076923076923
graph_004062.json,552822434639126528,unverified,charliehebdo-all-rnr-threads,rumours,13,12,12251.0,26.0,0.0009795118765815,2,11,6.0
graph_004063.json,552822450824962048,non-rumour,charliehebdo-all-rnr-threads,non-rumours,10,9,120534.0,574.0,7.466772860769575e-05,1,9,9.0
graph_004064.json,552822465047437314,non-rumour,charliehebdo-all-rnr-threads,non-rumours,4,3,1474.0,587.0,0.0020352781546811,1,3,3.0
graph_004065.json,552822544341139458,non-rumour,charliehebdo-all-rnr-threads,non-rumours,20,19,11219.0,120.0,0.0016935555753632,7,10,1.9
graph_004066.json,552822566726164481,non-rumour,charliehebdo-all-rnr-threads,non-rumours,22,21,80909.0,74.0,0.0002595508534279,13,6,1.4
graph_004067.json,552822604206460928,non-rumour,charliehebdo-all-rnr-threads,non-rumours,26,25,7114.0,99.0,0.0035141973573235,4,17,4.166666666666667
graph_004068.json,552822696195932161,unverified,charliehebdo-all-rnr-threads,rumours,3,2,1715.0,1007.0,0.0011661807580174,1,2,2.0
graph_004069.json,552822696200142850,unverified,charliehebdo-all-rnr-threads,rumours,3,2,968.0,851.0,0.0020661157024793,1,2,2.0
graph_004070.json,552822718115373057,non-rumour,charliehebdo-all-rnr-threads,non-rumours,17,16,28646.0,119.0,0.0005585422048453,1,16,16.0
graph_004071.json,552822739388882944,non-rumour,charliehebdo-all-rnr-threads,non-rumours,12,8,8239.0,864.0,0.0013351134846461,3,6,2.6666666666666665
graph_004072.json,552822783311630336,non-rumour,charliehebdo-all-rnr-threads,non-rumours,25,24,118573.0,53.0,0.0002024069560523,3,16,2.6666666666666665
graph_004073.json,552822812281692160,non-rumour,charliehebdo-all-rnr-threads,non-rumours,9,8,25393.0,6304.0,0.0003150474540227,1,8,8.0
graph_004074.json,552822841541144577,non-rumour,charliehebdo-all-rnr-threads,non-rumours,4,3,3427.0,654.0,0.0008754012255617,2,2,1.5
graph_004075.json,552822873773993984,non-rumour,charliehebdo-all-rnr-threads,non-rumours,20,19,18294.0,4380.0,0.0010385918880507,5,10,2.7142857142857144
graph_004076.json,552822887988883457,non-rumour,charliehebdo-all-rnr-threads,non-rumours,37,35,106204.0,586.0,0.0003389702836051,6,11,2.3333333333333335
graph_004077.json,552822944603582464,non-rumour,charliehebdo-all-rnr-threads,non-rumours,20,19,1299.0,50.0,0.014626635873749,1,19,19.0
graph_004078.json,552823014866563072,non-rumour,charliehebdo-all-rnr-threads,non-rumours,32,31,281617.0,325.0,0.0001100785819037,11,18,2.8181818181818183
graph_004079.json,552823029680852992,non-rumour,charliehebdo-all-rnr-threads,non-rumours,2,1,1981.0,1981.0,0.000504795557799,1,1,1.0
graph_004080.json,552823108537954306,non-rumour,charliehebdo-all-rnr-threads,non-rumours,59,50,17665.0,219.0,0.0032833286159071,3,1,1.0
graph_004081.json,552823186966855680,non-rumour,charliehebdo-all-rnr-threads,non-rumours,10,9,13883.0,187.0,0.0006482748685442,1,9,9.0
graph_004082.json,552823198484819969,non-rumour,charliehebdo-all-rnr-threads,non-rumours,13,12,122078.0,56.0,9.82978095971428e-05,2,11,6.0
graph_004083.json,552823301899575296,non-rumour,charliehebdo-all-rnr-threads,non-rumours,18,17,146596.0,90.0,0.0001159649649376,2,16,8.5
graph_004084.json,552823427862908928,non-rumour,charliehebdo-all-rnr-threads,non-rumours,18,17,5643.0,190.0,0.0030125819599503,4,11,2.4285714285714284
graph_004085.json,552823691500072960,non-rumour,charliehebdo-all-rnr-threads,non-rumours,1,0,0.0,0.0,0.0,0,0,0.0
graph_004086.json,552823829333291010,non-rumour,charliehebdo-all-rnr-threads,non-rumours,10,9,300214.0,201801.0,2.9978615254451824e-05,3,5,3.0
graph_004087.json,552823933381394432,non-rumour,charliehebdo-all-rnr-threads,non-rumours,53,52,70564.0,44.0,0.0007369196757553,19,5,1.4054054054054057
graph_004088.json,552823940440403968,non-rumour,charliehebdo-all-rnr-threads,non-rumours,14,12,61952.0,37.0,0.000209839876033,2,11,6.0
graph_004089.json,552823949311369216,non-rumour,charliehebdo-all-rnr-threads,non-rumours,4,3,19726.0,1676.0,0.0001520835445604,1,3,3.0
graph_004090.json,552823984358977536,non-rumour,charliehebdo-all-rnr-threads,non-rumours,1,0,0.0,0.0,0.0,0,0,0.0
graph_004091.json,552824126659104771,non-rumour,charliehebdo-all-rnr-threads,non-rumours,3,2,162863.0,114758.0,1.2280260095908831e-05,1,2,2.0
graph_004092.json,552824162969210880,non-rumour,charliehebdo-all-rnr-threads,non-rumours,15,14,18237.0,40.0,0.0007676701211822,2,12,4.666666666666667
graph_004093.json,552824163841638400,non-rumour,charliehebdo-all-rnr-threads,non-rumours,22,21,9328.0,51.0,0.0022512864493996,8,10,1.9090909090909092
graph_004094.json,552824320389435392,non-rumour,charliehebdo-all-rnr-threads,non-rumours,23,22,85057.0,42.0,0.0002586500817099,4,19,5.5
graph_004095.json,552824383816073216,non-rumour,charliehebdo-all-rnr-threads,non-rumours,16,15,9332.0,377.0,0.0016073724817831,1,15,15.0
graph_004096.json,552824456557887488,non-rumour,charliehebdo-all-rnr-threads,non-rumours,18,17,209031.0,307.0,8.132764996579455e-05,5,11,2.8333333333333335
graph_004097.json,552824462958395392,non-rumour,charliehebdo-all-rnr-threads,non-rumours,20,19,37118.0,231.0,0.0005118810280726,1,19,19.0
graph_004098.json,552824705703763969,non-rumour,charliehebdo-all-rnr-threads,non-rumours,3,2,1988.0,360.0,0.0010060362173038,1,2,2.0
graph_004099.json,552824742097719296,non-rumour,charliehebdo-all-rnr-threads,non-rumours,32,31,14225.0,442.0,0.0021792618629173,3,15,3.875
graph_004100.json,552824769754976257,non-rumour,charliehebdo-all-rnr-threads,non-rumours,6,5,5177.0,147.0,0.0009658103148541,2,4,2.5
graph_004101.json,552824885484224513,non-rumour,charliehebdo-all-rnr-threads,non-rumours,7,6,1329.0,305.0,0.0045146726862302,2,4,3.0
graph_004102.json,552825083941879808,non-rumour,charliehebdo-all-rnr-threads,non-rumours,34,33,8707.0,16.0,0.0037900539795566,11,12,1.8333333333333333
graph_004103.json,552825211654246401,non-rumour,charliehebdo-all-rnr-threads,non-rumours,15,14,4486.0,72.0,0.0031208203299152,2,13,7.0
graph_004104.json,552825236715208707,non-rumour,charliehebdo-all-rnr-threads,non-rumours,46,45,31208.0,58.0,0.0014419379646244,9,13,1.8
graph_004105.json,552825257707335680,non-rumour,charliehebdo-all-rnr-threads,non-rumours,6,5,23322.0,490.0,0.0002143898464968,1,5,5.0
graph_004106.json,552825303341740032,non-rumour,charliehebdo-all-rnr-threads,non-rumours,32,29,43512.0,208.0,0.0007124471410185,14,10,1.7058823529411764
graph_004107.json,552825402872590336,non-rumour,charliehebdo-all-rnr-threads,non-rumours,18,14,95249.0,1416.0,0.0001784795640899,3,7,3.5
graph_004108.json,552825459546030080,non-rumour,charliehebdo-all-rnr-threads,non-rumours,35,34,453798.0,443.0,7.49232037161909e-05,8,5,1.4782608695652173
graph_004109.json,552825473160736768,non-rumour,charliehebdo-all-rnr-threads,non-rumours,2,1,14233.0,14233.0,7.025925665706457e-05,1,1,1.0
graph_004110.json,552825512708808704,non-rumour,charliehebdo-all-rnr-threads,non-rumours,20,19,3745.0,31.0,0.0050734312416555,1,19,19.0
graph_004111.json,552825664307744769,non-rumour,charliehebdo-all-rnr-threads,non-rumours,28,27,182110.0,109.0,0.0001482620394267,6,11,2.25
graph_004112.json,552825739075022848,non-rumour,charliehebdo-all-rnr-threads,non-rumours,5,4,205716.0,30678.0,1.9444282408757704e-05,1,4,4.0
graph_004113.json,552825753264717824,false,charliehebdo-all-rnr-threads,rumours,11,10,12603.0,77.0,0.0007934618741569,2,9,5.0
graph_004114.json,552825783337897984,non-rumour,charliehebdo-all-rnr-threads,non-rumours,15,3,15271.0,599.0,0.0009167703490275,2,2,1.5
graph_004115.json,552825844755083265,non-rumour,charliehebdo-all-rnr-threads,non-rumours,28,24,86364.0,158.0,0.0003126302626094,3,17,8.0
graph_004116.json,552826060455550976,non-rumour,charliehebdo-all-rnr-threads,non-rumours,7,6,9470.0,1249.0,0.0006335797254487,2,5,3.0
graph_004117.json,552826150141960192,non-rumour,charliehebdo-all-rnr-threads,non-rumours,8,6,164075.0,499.0,4.266341612067652e-05,2,5,3.0
graph_004118.json,552826238407294977,non-rumour,charliehebdo-all-rnr-threads,non-rumours,8,7,15853.0,483.0,0.0004415568031287,1,7,7.0
graph_004119.json,552826270866616320,non-rumour,charliehebdo-all-rnr-threads,non-rumours,23,22,5157.0,752.0,0.0042660461508629,4,13,3.142857142857143
graph_004120.json,552826443965927425,non-rumour,charliehebdo-all-rnr-threads,non-rumours,23,22,35975.0,51.0,0.0006115357887421,4,15,3.142857142857143
graph_004121.json,552826524467216385,non-rumour,charliehebdo-all-rnr-threads,non-rumours,1,0,0.0,0.0,0.0,0,0,0.0
graph_004122.json,552826580741795840,non-rumour,charliehebdo-all-rnr-threads,non-rumours,25,19,13103.0,61.0,0.0018316416087918,4,12,4.75
graph_004123.json,552826581916594178,non-rumour,charliehebdo-all-rnr-threads,non-rumours,14,5,201460.0,212.0,6.452893874714583e-05,1,5,5.0
graph_004124.json,552826724774592512,non-rumour,charliehebdo-all-rnr-threads,non-rumours,3,2,128383.0,2820.0,1.5578386546505378e-05,2,1,1.0
graph_004125.json,552826876398292992,non-rumour,charliehebdo-all-rnr-threads,non-rumours,10,9,92147.0,470.0,9.767002723908535e-05,2,8,4.5
graph_004126.json,552826992509599744,non-rumour,charliehebdo-all-rnr-threads,non-rumours,12,11,17090.0,103.0,0.0006436512580456,3,9,3.6666666666666665
graph_004127.json,552827008800280576,non-rumour,charliehebdo-all-rnr-threads,non-rumours,13,12,172210.0,70.0,6.96823645549039e-05,1,12,12.0
graph_004128.json,552827029692104706,non-rumour,charliehebdo-all-rnr-threads,non-rumours,2,1,1081.0,1081.0,0.0009250693802035,1,1,1.0
graph_004129.json,552827117663436801,non-rumour,charliehebdo-all-rnr-threads,non-rumours,22,21,1233.0,316.0,0.0170316301703163,3,16,3.5
graph_004130.json,552827123963281408,non-rumour,charliehebdo-all-rnr-threads,non-rumours,22,10,21493.0,313.0,0.0009770622993532,5,5,2.0
graph_004131.json,552827133500719104,non-rumour,charliehebdo-all-rnr-threads,non-rumours,22,21,2904.0,28.0,0.0072314049586776,3,19,7.0
graph_004132.json,552827164677373952,non-rumour,charliehebdo-all-rnr-threads,non-rumours,21,20,21508.0,171.0,0.0009298865538404,3,16,4.0
graph_004133.json,552827349667176448,non-rumour,charliehebdo-all-rnr-threads,non-rumours,22,19,8886.0,49.0,0.0023632680621201,4,14,3.8
graph_004134.json,552827553493565441,non-rumour,charliehebdo-all-rnr-threads,non-rumours,17,16,397328.0,789.0,4.026899689928723e-05,2,14,5.333333333333333
graph_004135.json,552827606715076608,non-rumour,charliehebdo-all-rnr-threads,non-rumours,12,11,44241.0,402.0,0.0002486381410908,2,9,3.6666666666666665
graph_004136.json,552827757164371968,non-rumour,charliehebdo-all-rnr-threads,non-rumours,1,0,0.0,0.0,0.0,0,0,0.0
graph_004137.json,552827819521085441,non-rumour,charliehebdo-all-rnr-threads,non-rumours,17,16,53094.0,19117.0,0.0003013523185294,5,12,3.2
graph_004138.json,552827825603219456,non-rumour,charliehebdo-all-rnr-threads,non-rumours,8,7,5532.0,751.0,0.0012653651482284,4,4,1.75
graph_004139.json,552827848734830592,non-rumour,charliehebdo-all-rnr-threads,non-rumours,12,11,15745.0,68.0,0.0006986344871387,1,11,11.0
graph_004140.json,552827966950866945,non-rumour,charliehebdo-all-rnr-threads,non-rumours,9,8,6455.0,183.0,0.0012393493415956,4,3,1.6
graph_004141.json,552827979093385216,non-rumour,charliehebdo-all-rnr-threads,non-rumours,7,6,77570.0,635.0,7.734949078251902e-05,1,6,6.0
graph_004142.json,552827981069291520,non-rumour,charliehebdo-all-rnr-threads,non-rumours,13,12,132623.0,1079.0,9.048204308453284e-05,2,10,4.0
graph_004143.json,552828280806850561,non-rumour,charliehebdo-all-rnr-threads,non-rumours,12,11,3794.0,59.0,0.0028993147074327,2,10,5.5
graph_004144.json,552828308744699904,non-rumour,charliehebdo-all-rnr-threads,non-rumours,4,3,4244.0,266.0,0.0007068803016022,1,3,3.0
graph_004145.json,552828400843620353,non-rumour,charliehebdo-all-rnr-threads,non-rumours,6,5,8475.0,175.0,0.0005899705014749,1,5,5.0
graph_004146.json,552828474814398464,unverified,charliehebdo-all-rnr-threads,rumours,13,12,4829.0,135.0,0.0024849865396562,2,8,4.0
graph_004147.json,552828504060874752,non-rumour,charliehebdo-all-rnr-threads,non-rumours,19,18,245581.0,236.0,7.329557254022094e-05,2,17,9.0
graph_004148.json,552828573896413185,non-rumour,charliehebdo-all-rnr-threads,non-rumours,30,29,21625.0,152.0,0.0013410404624277,5,14,2.636363636363636
graph_004149.json,552828658747187201,true,charliehebdo-all-rnr-threads,rumours,6,5,1040.0,37.0,0.0048076923076923,1,5,5.0
graph_004150.json,552828811344359425,non-rumour,charliehebdo-all-rnr-threads,non-rumours,42,40,64647.0,422.0,0.0006342134979194,8,9,2.1052631578947367
graph_004151.json,552828872379875328,non-rumour,charliehebdo-all-rnr-threads,non-rumours,28,27,3764.0,231.0,0.007173219978746,11,4,1.4210526315789471
graph_004152.json,552829011983089664,non-rumour,charliehebdo-all-rnr-threads,non-rumours,21,20,493506.0,243.0,4.052635631583e-05,3,17,5.0
graph_004153.json,552829031075553281,non-rumour,charliehebdo-all-rnr-threads,non-rumours,19,18,117326.0,236.0,0.0001534186795765,2,15,4.5
graph_004154.json,552829046485434368,non-rumour,charliehebdo-all-rnr-threads,non-rumours,20,19,1292.0,22.0,0.0147058823529411,2,17,6.333333333333333
graph_004155.json,552829082388660224,non-rumour,charliehebdo-all-rnr-threads,non-rumours,11,10,25568.0,298.0,0.0003911138923654,2,8,3.3333333333333335
graph_004156.json,552829096816693248,non-rumour,charliehebdo-all-rnr-threads,non-rumours,91,90,9072.0,47.0,0.0099206349206349,14,7,1.836734693877551
graph_004157.json,552829129356496896,non-rumour,charliehebdo-all-rnr-threads,non-rumours,22,21,17689.0,76.0,0.001187178472497,3,15,4.2
graph_004158.json,552829176018112513,non-rumour,charliehebdo-all-rnr-threads,non-rumours,37,36,8502.0,82.0,0.0042342978122794,12,16,1.894736842105263
graph_004159.json,552829217134505985,non-rumour,charliehebdo-all-rnr-threads,non-rumours,24,23,97372.0,89.0,0.0002362075339933,12,5,1.3529411764705883
graph_004160.json,552829306439598080,non-rumour,charliehebdo-all-rnr-threads,non-rumours,9,8,11782.0,135.0,0.0006790018672551,1,8,8.0
graph_004161.json,552829386773516290,true,charliehebdo-all-rnr-threads,rumours,16,15,15704.0,167.0,0.0009551706571574,2,13,5.0
graph_004162.json,552829395690201088,non-rumour,charliehebdo-all-rnr-threads,non-rumours,22,21,41878.0,1312.0,0.0005014566120636,2,17,4.2
graph_004163.json,552829396265230336,non-rumour,charliehebdo-all-rnr-threads,non-rumours,42,41,187429.0,7716.0,0.0002187494998105,8,13,1.8636363636363635
graph_004164.json,552829481962835969,non-rumour,charliehebdo-all-rnr-threads,non-rumours,20,19,11782.0,127.0,0.0016126294347309,2,17,6.333333333333333
graph_004165.json,552829571750715392,non-rumour,charliehebdo-all-rnr-threads,non-rumours,23,22,12856.0,56.0,0.0017112632233976,4,17,3.6666666666666665
graph_004166.json,552829580579323904,unverified,charliehebdo-all-rnr-threads,rumours,13,12,860043.0,199.0,1.3952790732556396e-05,4,9,3.0
graph_004167.json,552829622128500736,non-rumour,charliehebdo-all-rnr-threads,non-rumours,4,3,4364.0,103.0,0.0006874427131072,1,3,3.0
graph_004168.json,552829637215408128,non-rumour,charliehebdo-all-rnr-threads,non-rumours,34,31,50510.0,326.0,0.0006533359730746,10,15,2.5833333333333335
graph_004169.json,552829734502297600,non-rumour,charliehebdo-all-rnr-threads,non-rumours,76,75,22923.0,453.0,0.0032718230598089,19,5,1.271186440677966
graph_004170.json,552829904396775425,non-rumour,charliehebdo-all-rnr-threads,non-rumours,7,6,5905.0,413.0,0.0010160880609652,1,6,6.0
graph_004171.json,552829971631472640,non-rumour,charliehebdo-all-rnr-threads,non-rumours,24,23,99501.0,113.0,0.0002311534557441,6,15,3.8333333333333335
graph_004172.json,552830151650967552,non-rumour,charliehebdo-all-rnr-threads,non-rumours,20,19,43204.0,206.0,0.0004397740949912,4,16,4.75
graph_004173.json,552830433688571904,non-rumour,charliehebdo-all-rnr-threads,non-rumours,15,14,5743.0,68.0,0.0024377503047187,4,11,3.5
graph_004174.json,552830459273809920,non-rumour,charliehebdo-all-rnr-threads,non-rumours,5,4,12487.0,1032.0,0.0003203331464723,3,2,1.3333333333333333
graph_004175.json,552830521340723200,non-rumour,charliehebdo-all-rnr-threads,non-rumours,15,14,39333.0,272.0,0.0003559352197899,2,13,7.0
graph_004176.json,552830599002857472,non-rumour,charliehebdo-all-rnr-threads,non-rumours,10,9,370319.0,195.0,2.4303370877540716e-05,2,8,4.5
graph_004177.json,552830668607348736,non-rumour,charliehebdo-all-rnr-threads,non-rumours,10,9,69867.0,261.0,0.0001288161793121,2,7,4.5
graph_004178.json,552830674357334016,non-rumour,charliehebdo-all-rnr-threads,non-rumours,5,4,1194.0,227.0,0.0033500837520938,1,4,4.0
graph_004179.json,552830684021424128,false,charliehebdo-all-rnr-threads,rumours,14,13,452299.0,203.0,2.874204895434215e-05,3,5,3.25
graph_004180.json,552830781656428544,non-rumour,charliehebdo-all-rnr-threads,non-rumours,42,41,76063.0,234.0,0.0005390268593139,5,12,4.1
graph_004181.json,552830850279424001,non-rumour,charliehebdo-all-rnr-threads,non-rumours,15,14,35212.0,48.0,0.000397591730092,1,14,14.0
graph_004182.json,552830862585503746,non-rumour,charliehebdo-all-rnr-threads,non-rumours,16,15,125885.0,1100.0,0.00011915637288,5,10,2.5
graph_004183.json,552830864187727876,false,charliehebdo-all-rnr-threads,rumours,10,8,15142.0,27.0,0.0005943732664113,2,7,4.0
graph_004184.json,552830966411321344,non-rumour,charliehebdo-all-rnr-threads,non-rumours,9,8,172761.0,1883.0,4.6306747471941005e-05,1,8,8.0
graph_004185.json,552831101312303104,non-rumour,charliehebdo-all-rnr-threads,non-rumours,4,3,1134.0,674.0,0.0026455026455026,1,3,3.0
graph_004186.json,552831107985858560,non-rumour,charliehebdo-all-rnr-threads,non-rumours,47,46,77772.0,1808.0,0.0005914725093864,14,9,2.090909090909091
graph_004187.json,552831197420994560,non-rumour,charliehebdo-all-rnr-threads,non-rumours,14,13,89791.0,233.0,0.0001447806573041,3,10,4.333333333333333
graph_004188.json,552831230735962113,non-rumour,charliehebdo-all-rnr-threads,non-rumours,7,6,8956.0,46.0,0.0006699419383653,1,6,6.0
graph_004189.json,552831266945794048,non-rumour,charliehebdo-all-rnr-threads,non-rumours,15,14,17381.0,54.0,0.0008054772452678,4,9,2.8
graph_004190.json,552831420197261314,non-rumour,charliehebdo-all-rnr-threads,non-rumours,2,1,748.0,748.0,0.0013368983957219,1,1,1.0
graph_004191.json,552831460236099586,non-rumour,charliehebdo-all-rnr-threads,non-rumours,28,17,4236.0,26.0,0.0063739376770538,4,6,1.7
graph_004192.json,552831506041683970,non-rumour,charliehebdo-all-rnr-threads,non-rumours,3,2,53650.0,1852.0,3.727865796831314e-05,1,2,2.0
graph_004193.json,552831515940634624,non-rumour,charliehebdo-all-rnr-threads,non-rumours,52,51,10952.0,314.0,0.0046566837107377,19,8,1.7
graph_004194.json,552831524002103297,non-rumour,charliehebdo-all-rnr-threads,non-rumours,15,14,12319.0,1890.0,0.0011364558811591,4,11,3.5
graph_004195.json,552831624283693056,non-rumour,charliehebdo-all-rnr-threads,non-rumours,4,3,790.0,125.0,0.0037974683544303,1,3,3.0
graph_004196.json,552831705351225344,non-rumour,charliehebdo-all-rnr-threads,non-rumours,7,6,4320.0,216.0,0.0013888888888888,1,6,6.0
graph_004197.json,552831761957523456,non-rumour,charliehebdo-all-rnr-threads,non-rumours,12,11,130042.0,2828.0,8.45880561664693e-05,1,11,11.0
graph_004198.json,552831842232324097,non-rumour,charliehebdo-all-rnr-threads,non-rumours,30,29,13712.0,190.0,0.0021149358226371,11,5,1.7058823529411764
graph_004199.json,552831881847533568,false,charliehebdo-all-rnr-threads,rumours,20,18,648.0,48.0,0.0293209876543209,3,16,6.0
graph_004200.json,552831974784905216,non-rumour,charliehebdo-all-rnr-threads,non-rumours,10,9,78036.0,1360.0,0.0001153313855143,1,9,9.0
graph_004201.json,552831978522021890,non-rumour,charliehebdo-all-rnr-threads,non-rumours,5,4,6708.0,1387.0,0.0005963029218843,2,3,2.0
graph_004202.json,552832019940376576,non-rumour,charliehebdo-all-rnr-threads,non-rumours,9,8,11964.0,204.0,0.0006686726847208,2,7,4.0
graph_004203.json,552832142397296641,non-rumour,charliehebdo-all-rnr-threads,non-rumours,20,18,2033.0,99.0,0.0093457943925233,4,10,2.5714285714285716
graph_004204.json,552832169496694786,non-rumour,charliehebdo-all-rnr-threads,non-rumours,27,24,62394.0,84.0,0.0004167067346219,5,12,2.6666666666666665
graph_004205.json,552832177138696192,non-rumour,charliehebdo-all-rnr-threads,non-rumours,26,25,184749.0,43.0,0.000135318729736,4,16,3.5714285714285716
graph_004206.json,552832232197746688,non-rumour,charliehebdo-all-rnr-threads,non-rumours,10,9,525245.0,214.0,1.7134860874449067e-05,3,4,1.8
graph_004207.json,552832291601674240,non-rumour,charliehebdo-all-rnr-threads,non-rumours,15,14,9067.0,61.0,0.0015440608801147,3,12,4.666666666666667
graph_004208.json,552832584045330432,non-rumour,charliehebdo-all-rnr-threads,non-rumours,20,19,25309.0,67.0,0.0007507210873602,5,14,3.1666666666666665
graph_004209.json,552832721945628672,non-rumour,charliehebdo-all-rnr-threads,non-rumours,4,3,375.0,86.0,0.008,1,3,3.0
graph_004210.json,552832738542514176,non-rumour,charliehebdo-all-rnr-threads,non-rumours,19,18,25526.0,25.0,0.0007051633628457,2,16,9.0
graph_004211.json,552832784046108672,non-rumour,charliehebdo-all-rnr-threads,non-rumours,10,9,60278.0,322.0,0.0001493082053153,2,8,4.5
graph_004212.json,552832817089236992,true,charliehebdo-all-rnr-threads,rumours,13,11,4629.0,1090.0,0.0025923525599481,2,8,3.6666666666666665
graph_004213.json,552832996676730881,non-rumour,charliehebdo-all-rnr-threads,non-rumours,1,0,0.0,0.0,0.0,0,0,0.0
graph_004214.json,552833028201144320,false,charliehebdo-all-rnr-threads,rumours,19,18,10533.0,59.0,0.0017089148390771,2,17,9.0
graph_004215.json,552833148128862208,non-rumour,charliehebdo-all-rnr-threads,non-rumours,25,24,13261.0,80.0,0.0018098182640826,3,17,3.4285714285714284
graph_004216.json,552833197084778496,non-rumour,charliehebdo-all-rnr-threads,non-rumours,20,19,3397.0,70.0,0.0055931704445098,5,12,3.1666666666666665
graph_004217.json,552833236389199874,non-rumour,charliehebdo-all-rnr-threads,non-rumours,19,18,147034.0,154.0,0.0001224206646081,3,10,2.5714285714285716
graph_004218.json,552833268362772481,non-rumour,charliehebdo-all-rnr-threads,non-rumours,23,22,28229.0,23.0,0.0007793403946296,6,11,2.2
graph_004219.json,552833393734721537,non-rumour,charliehebdo-all-rnr-threads,non-rumours,21,14,3885.0,175.0,0.0051480051480051,7,8,2.0
graph_004220.json,552833432540430337,non-rumour,charliehebdo-all-rnr-threads,non-rumours,10,9,18440.0,320.0,0.0004880694143167,1,9,9.0
graph_004221.json,552833483325059072,non-rumour,charliehebdo-all-rnr-threads,non-rumours,20,16,4966.0,159.0,0.0038260169150221,2,13,4.0
graph_004222.json,552833527444566016,non-rumour,charliehebdo-all-rnr-threads,non-rumours,21,20,17554.0,106.0,0.0011393414606357,3,16,4.0
graph_004223.json,552833658017824768,non-rumour,charliehebdo-all-rnr-threads,non-rumours,13,12,12425.0,1018.0,0.0009657947686116,1,12,12.0
graph_004224.json,552833662593400833,non-rumour,charliehebdo-all-rnr-threads,non-rumours,20,19,1433.0,34.0,0.0132588974180041,2,18,9.5
graph_004225.json,552833681111658496,non-rumour,charliehebdo-all-rnr-threads,non-rumours,51,48,36960.0,218.0,0.0013528138528138,14,7,1.5
graph_004226.json,552833795142209536,non-rumour,charliehebdo-all-rnr-threads,non-rumours,21,17,85641.0,1390.0,0.0002335330040517,3,10,3.4
graph_004227.json,552833941930274816,non-rumour,charliehebdo-all-rnr-threads,non-rumours,10,9,87431.0,621.0,0.0001029383170728,2,7,3.0
graph_004228.json,552833942777511937,non-rumour,charliehebdo-all-rnr-threads,non-rumours,5,4,13934.0,228.0,0.0002870676044208,2,3,2.0
graph_004229.json,552834033600966657,non-rumour,charliehebdo-all-rnr-threads,non-rumours,8,7,17761.0,8678.0,0.0003941219525927,2,6,3.5
graph_004230.json,552834182905221121,non-rumour,charliehebdo-all-rnr-threads,non-rumours,20,19,12398.0,38.0,0.001532505242781,1,19,19.0
graph_004231.json,552834229722038273,non-rumour,charliehebdo-all-rnr-threads,non-rumours,85,84,137686.0,124.0,0.0006100838138953,18,6,1.5
graph_004232.json,552834411553886209,non-rumour,charliehebdo-all-rnr-threads,non-rumours,8,7,6663.0,273.0,0.0010505778177997,2,6,3.5
graph_004233.json,552834445301256192,false,charliehebdo-all-rnr-threads,rumours,5,4,54167.0,10500.0,7.384569941108055e-05,1,4,4.0
graph_004234.json,552834461478715392,false,charliehebdo-all-rnr-threads,rumours,22,21,1829.0,71.0,0.0114816839803171,3,16,3.5
graph_004235.json,552834481183539201,non-rumour,charliehebdo-all-rnr-threads,non-rumours,20,19,21262.0,50.0,0.0008936130185307,4,6,2.375
graph_004236.json,552834501383290880,non-rumour,charliehebdo-all-rnr-threads,non-rumours,22,21,5827.0,52.0,0.0036039128196327,2,19,10.5
graph_004237.json,552834558706847745,non-rumour,charliehebdo-all-rnr-threads,non-rumours,20,19,1530.0,496.0,0.0124183006535947,4,8,2.7142857142857144
graph_004238.json,552834559297867778,non-rumour,charliehebdo-all-rnr-threads,non-rumours,29,28,126757.0,137.0,0.0002208950984955,5,15,2.3333333333333335
graph_004239.json,552834623944671232,non-rumour,charliehebdo-all-rnr-threads,non-rumours,4,3,434.0,57.0,0.0069124423963133,1,3,3.0
graph_004240.json,552834640692912128,non-rumour,charliehebdo-all-rnr-threads,non-rumours,40,39,177365.0,222.0,0.0002198855467538,11,4,1.625
graph_004241.json,552834732325879809,non-rumour,charliehebdo-all-rnr-threads,non-rumours,22,21,4707.0,127.0,0.0044614404079031,8,10,1.9090909090909092
graph_004242.json,552834754056556544,non-rumour,charliehebdo-all-rnr-threads,non-rumours,3,2,5073.0,4959.0,0.0003942440370589,2,1,1.0
graph_004243.json,552834808121163776,non-rumour,charliehebdo-all-rnr-threads,non-rumours,12,11,43542.0,82.0,0.0002526296449405,4,6,1.8333333333333333
graph_004244.json,552834842837409793,non-rumour,charliehebdo-all-rnr-threads,non-rumours,68,67,314193.0,62.0,0.0002132447253758,10,16,2.09375
graph_004245.json,552834961762709505,true,charliehebdo-all-rnr-threads,rumours,18,17,6192.0,31.0,0.0027454780361757,4,12,4.25
graph_004246.json,552834996265054208,non-rumour,charliehebdo-all-rnr-threads,non-rumours,11,10,185539.0,533.0,5.3897024345285894e-05,1,10,10.0
graph_004247.json,552835109372825601,non-rumour,charliehebdo-all-rnr-threads,non-rumours,5,4,2163.0,978.0,0.0018492834026814,1,4,4.0
graph_004248.json,552835209285337089,non-rumour,charliehebdo-all-rnr-threads,non-rumours,20,19,19791.0,517.0,0.0009600323379313,1,19,19.0
graph_004249.json,552835221859483649,non-rumour,charliehebdo-all-rnr-threads,non-rumours,24,23,12423.0,316.0,0.0018514046526603,12,12,1.9166666666666667
graph_004250.json,552835288725061635,non-rumour,charliehebdo-all-rnr-threads,non-rumours,6,5,534555.0,639.0,9.35357446848313e-06,1,5,5.0
graph_004251.json,552835301547442176,non-rumour,charliehebdo-all-rnr-threads,non-rumours,3,2,39747.0,9533.0,5.0318263013560775e-05,1,2,2.0
graph_004252.json,552835339325558785,non-rumour,charliehebdo-all-rnr-threads,non-rumours,17,16,162268.0,139.0,9.860231222422166e-05,5,10,2.2857142857142856
graph_004253.json,552835385043062784,non-rumour,charliehebdo-all-rnr-threads,non-rumours,2,1,569.0,569.0,0.0017574692442882,1,1,1.0
graph_004254.json,552835794646212608,non-rumour,charliehebdo-all-rnr-threads,non-rumours,5,4,2867.0,188.0,0.0013951866062085,1,4,4.0
graph_004255.json,552835854750605313,non-rumour,charliehebdo-all-rnr-threads,non-rumours,20,19,1870.0,58.0,0.0101604278074866,2,18,9.5
graph_004256.json,552835988540895232,non-rumour,charliehebdo-all-rnr-threads,non-rumours,20,19,1010.0,29.0,0.0188118811881188,3,10,3.1666666666666665
graph_004257.json,552836095332081664,non-rumour,charliehebdo-all-rnr-threads,non-rumours,7,6,51634.0,26096.0,0.0001162025022272,1,6,6.0
graph_004258.json,552836100814032896,non-rumour,charliehebdo-all-rnr-threads,non-rumours,20,19,50108.0,989.0,0.0003791809691067,4,15,3.8
graph_004259.json,552836167029514240,non-rumour,charliehebdo-all-rnr-threads,non-rumours,2,1,23135.0,23135.0,4.322455154527771e-05,1,1,1.0
graph_004260.json,552836204283326465,non-rumour,charliehebdo-all-rnr-threads,non-rumours,15,11,98736.0,3738.0,0.0001417922540917,2,10,5.5
graph_004261.json,552836392678465537,non-rumour,charliehebdo-all-rnr-threads,non-rumours,19,18,5301.0,170.0,0.0033955857385398,3,16,6.0
graph_004262.json,552836444835037184,non-rumour,charliehebdo-all-rnr-threads,non-rumours,3,2,20242.0,3144.0,9.880446596186147e-05,1,2,2.0
graph_004263.json,552836516775354368,non-rumour,charliehebdo-all-rnr-threads,non-rumours,9,8,195108.0,122.0,4.100293170961724e-05,1,8,8.0
graph_004264.json,552836586191474689,non-rumour,charliehebdo-all-rnr-threads,non-rumours,32,31,9349.0,156.0,0.0033158626591079,9,14,2.3846153846153846
graph_004265.json,552836695754678273,non-rumour,charliehebdo-all-rnr-threads,non-rumours,37,36,295844.0,77.0,0.0001216857533024,8,11,1.894736842105263
graph_004266.json,552836775191019520,non-rumour,charliehebdo-all-rnr-threads,non-rumours,20,18,8317.0,98.0,0.002284477576049,4,13,3.0
graph_004267.json,552836829234614272,non-rumour,charliehebdo-all-rnr-threads,non-rumours,20,19,4675.0,63.0,0.0040641711229946,5,11,3.8
graph_004268.json,552836844560609281,non-rumour,charliehebdo-all-rnr-threads,non-rumours,18,17,37853.0,35.0,0.0004491057511954,2,16,8.5
graph_004269.json,552836854085459968,non-rumour,charliehebdo-all-rnr-threads,non-rumours,20,19,15818.0,53.0,0.0012011632317612,8,12,2.375
graph_004270.json,552836898562265088,non-rumour,charliehebdo-all-rnr-threads,non-rumours,19,18,92818.0,228.0,0.0001939279019155,1,18,18.0
graph_004271.json,552836913091330051,non-rumour,charliehebdo-all-rnr-threads,non-rumours,11,7,6202.0,174.0,0.001612383102225,3,5,2.3333333333333335
graph_004272.json,552836968410021888,non-rumour,charliehebdo-all-rnr-threads,non-rumours,9,8,6007.0,47.0,0.0013317795904777,3,6,2.6666666666666665
graph_004273.json,552836975741632514,non-rumour,charliehebdo-all-rnr-threads,non-rumours,10,9,94383.0,26421.0,9.535615523982071e-05,4,6,2.25
graph_004274.json,552836985493409792,non-rumour,charliehebdo-all-rnr-threads,non-rumours,21,16,55600.0,89.0,0.0003597122302158,2,15,8.0
graph_004275.json,552837012689264640,non-rumour,charliehebdo-all-rnr-threads,non-rumours,24,23,18238.0,66.0,0.0012611031911393,5,17,4.6
graph_004276.json,552837016350912512,non-rumour,charliehebdo-all-rnr-threads,non-rumours,1,0,0.0,0.0,0.0,0,0,0.0
graph_004277.json,552837027616804864,non-rumour,charliehebdo-all-rnr-threads,non-rumours,26,24,134009.0,138.0,0.0001865546343902,6,17,4.0
graph_004278.json,552837035732381696,non-rumour,charliehebdo-all-rnr-threads,non-rumours,20,19,13756.0,404.0,0.0013812154696132,2,17,6.333333333333333
graph_004279.json,552837078854410241,non-rumour,charliehebdo-all-rnr-threads,non-rumours,19,18,4766.0,30.0,0.0037767519932857,1,18,18.0
graph_004280.json,552837086425128961,non-rumour,charliehebdo-all-rnr-threads,non-rumours,10,9,4294.0,175.0,0.0020959478341872,2,7,4.5
graph_004281.json,552837132491186179,false,charliehebdo-all-rnr-threads,rumours,32,31,2666.0,2458.0,0.0116279069767441,3,19,2.3846153846153846
graph_004282.json,552837147305455616,non-rumour,charliehebdo-all-rnr-threads,non-rumours,18,17,600396.0,111.0,2.8314645667192987e-05,4,14,4.25
graph_004283.json,552837168482492416,non-rumour,charliehebdo-all-rnr-threads,non-rumours,1,0,0.0,0.0,0.0,0,0,0.0
graph_004284.json,552837190360006657,non-rumour,charliehebdo-all-rnr-threads,non-rumours,13,12,359539.0,251.0,3.337607324935543e-05,3,10,4.0
graph_004285.json,552837268160135169,non-rumour,charliehebdo-all-rnr-threads,non-rumours,22,21,1816.0,93.0,0.0115638766519823,3,17,7.0
graph_004286.json,552837310707171328,non-rumour,charliehebdo-all-rnr-threads,non-rumours,20,19,11079.0,136.0,0.0017149562234858,3,17,6.333333333333333
graph_004287.json,552837484221300736,non-rumour,charliehebdo-all-rnr-threads,non-rumours,9,8,290906.0,906.0,2.7500292190604524e-05,1,8,8.0
graph_004288.json,552837499937378305,non-rumour,charliehebdo-all-rnr-threads,non-rumours,42,41,82246.0,55.0,0.0004985044865403,7,9,2.2777777777777777
graph_004289.json,552837527640363010,non-rumour,charliehebdo-all-rnr-threads,non-rumours,3,2,562.0,519.0,0.0035587188612099,1,2,2.0
graph_004290.json,552837561119686656,non-rumour,charliehebdo-all-rnr-threads,non-rumours,9,8,87177.0,462.0,9.176732395012446e-05,1,8,8.0
graph_004291.json,552837599304622080,non-rumour,charliehebdo-all-rnr-threads,non-rumours,21,20,35791.0,123.0,0.0005587996982481,2,15,6.666666666666667
graph_004292.json,552837610897694720,non-rumour,charliehebdo-all-rnr-threads,non-rumours,6,5,101106.0,2627.0,4.94530492750183e-05,2,4,2.5
graph_004293.json,552837644959621120,non-rumour,charliehebdo-all-rnr-threads,non-rumours,30,29,34128.0,1002.0,0.0008497421472105,7,7,1.8125
graph_004294.json,552837655105658880,non-rumour,charliehebdo-all-rnr-threads,non-rumours,15,14,23457.0,91.0,0.0005968367651447,2,12,4.666666666666667
graph_004295.json,552837775498964992,non-rumour,charliehebdo-all-rnr-threads,non-rumours,20,19,530233.0,126.0,3.583330347224711e-05,5,14,3.8
graph_004296.json,552837814946394112,non-rumour,charliehebdo-all-rnr-threads,non-rumours,8,7,8099.0,49.0,0.0008643042350907,1,7,7.0
graph_004297.json,552837907174948864,non-rumour,charliehebdo-all-rnr-threads,non-rumours,98,97,25409.0,226.0,0.0038175449643826,19,4,1.564516129032258
graph_004298.json,552838074636718080,non-rumour,charliehebdo-all-rnr-threads,non-rumours,7,6,63962.0,572.0,9.380569713267253e-05,1,6,6.0
graph_004299.json,552838105422913538,non-rumour,charliehebdo-all-rnr-threads,non-rumours,1,0,0.0,0.0,0.0,0,0,0.0
graph_004300.json,552838134627860480,non-rumour,charliehebdo-all-rnr-threads,non-rumours,23,22,158599.0,628.0,0.0001387146198904,6,9,2.75
graph_004301.json,552838171323817984,non-rumour,charliehebdo-all-rnr-threads,non-rumours,26,25,4520.0,269.0,0.0055309734513274,4,16,3.5714285714285716
graph_004302.json,552838203078873089,non-rumour,charliehebdo-all-rnr-threads,non-rumours,18,17,12606.0,70.0,0.0013485641757893,1,17,17.0
graph_004303.json,552838203276021760,non-rumour,charliehebdo-all-rnr-threads,non-rumours,3,2,574.0,561.0,0.0034843205574912,1,2,2.0
graph_004304.json,552838287929663489,non-rumour,charliehebdo-all-rnr-threads,non-rumours,57,56,32625.0,194.0,0.0017164750957854,17,10,1.4
graph_004305.json,552838324977545216,non-rumour,charliehebdo-all-rnr-threads,non-rumours,33,31,73969.0,178.0,0.0004326136624802,7,12,2.066666666666667
graph_004306.json,552838341843226624,non-rumour,charliehebdo-all-rnr-threads,non-rumours,20,19,945.0,23.0,0.0201058201058201,2,16,9.5
graph_004307.json,552838440103198720,non-rumour,charliehebdo-all-rnr-threads,non-rumours,3,2,12774.0,271.0,0.0001565680288085,1,2,2.0
graph_004308.json,552838479844216833,non-rumour,charliehebdo-all-rnr-threads,non-rumours,33,32,21868.0,440.0,0.0014633254069873,14,12,1.7777777777777777
graph_004309.json,552838551071911936,false,charliehebdo-all-rnr-threads,rumours,21,20,2669.0,43.0,0.0074934432371674,3,15,4.0
graph_004310.json,552838559393013760,non-rumour,charliehebdo-all-rnr-threads,non-rumours,21,20,13642.0,42.0,0.0014660606949127,3,15,3.3333333333333335
graph_004311.json,552838568717344769,non-rumour,charliehebdo-all-rnr-threads,non-rumours,12,11,141366.0,129.0,7.781220378308788e-05,2,10,5.5
graph_004312.json,552838613877411840,non-rumour,charliehebdo-all-rnr-threads,non-rumours,8,7,3561.0,404.0,0.0019657399606852,2,6,3.5
graph_004313.json,552838710296080384,non-rumour,charliehebdo-all-rnr-threads,non-rumours,3,2,488.0,309.0,0.0040983606557377,1,2,2.0
graph_004314.json,552839028350136320,non-rumour,charliehebdo-all-rnr-threads,non-rumours,7,6,27327.0,178.0,0.0002195630694917,2,5,3.0
graph_004315.json,552839103214288896,non-rumour,charliehebdo-all-rnr-threads,non-rumours,12,11,6362.0,179.0,0.0017290160326941,4,3,1.5714285714285714
graph_004316.json,552839167575883776,non-rumour,charliehebdo-all-rnr-threads,non-rumours,10,9,139881.0,749.0,6.434040362879877e-05,2,8,4.5
graph_004317.json,552839190921351168,non-rumour,charliehebdo-all-rnr-threads,non-rumours,17,15,44368.0,94.0,0.0003606202668589,2,13,7.5
graph_004318.json,552839270395035649,non-rumour,charliehebdo-all-rnr-threads,non-rumours,7,6,9479.0,520.0,0.0006329781622534,2,5,3.0
graph_004319.json,552839289919533056,non-rumour,charliehebdo-all-rnr-threads,non-rumours,1,0,0.0,0.0,0.0,0,0,0.0
graph_004320.json,552839385209917440,non-rumour,charliehebdo-all-rnr-threads,non-rumours,7,6,29257.0,51.0,0.0002050791263629,1,6,6.0
graph_004321.json,552839416620658688,non-rumour,charliehebdo-all-rnr-threads,non-rumours,13,12,26099.0,153.0,0.0004597877313307,1,12,12.0
graph_004322.json,552839518974660608,non-rumour,charliehebdo-all-rnr-threads,non-rumours,28,23,99096.0,83.0,0.0002724630661177,7,11,2.3
graph_004323.json,552839800433410049,non-rumour,charliehebdo-all-rnr-threads,non-rumours,20,19,13906.0,243.0,0.0013663166978282,4,12,3.8
graph_004324.json,552839843999645697,non-rumour,charliehebdo-all-rnr-threads,non-rumours,21,20,2071.0,215.0,0.0096571704490584,2,17,6.666666666666667
graph_004325.json,552839869387399168,non-rumour,charliehebdo-all-rnr-threads,non-rumours,22,21,71168.0,120.0,0.0002950764388489,5,10,2.1
graph_004326.json,552839936521830401,non-rumour,charliehebdo-all-rnr-threads,non-rumours,1,0,0.0,0.0,0.0,0,0,0.0
graph_004327.json,552839972911611904,non-rumour,charliehebdo-all-rnr-threads,non-rumours,13,12,765143.0,361.0,1.568334285225115e-05,8,4,1.5
graph_004328.json,552839975843016706,non-rumour,charliehebdo-all-rnr-threads,non-rumours,8,7,41892.0,9185.0,0.0001670963429771,3,4,1.75
graph_004329.json,552840037642297345,non-rumour,charliehebdo-all-rnr-threads,non-rumours,15,14,37379.0,145.0,0.0003745418550523,3,12,4.666666666666667
graph_004330.json,552840067199533057,non-rumour,charliehebdo-all-rnr-threads,non-rumours,8,7,612587.0,301.0,1.1426948335501733e-05,2,6,3.5
graph_004331.json,552840155728736256,non-rumour,charliehebdo-all-rnr-threads,non-rumours,20,19,15463.0,161.0,0.0012287395718812,2,16,4.75
graph_004332.json,552840606074953728,non-rumour,charliehebdo-all-rnr-threads,non-rumours,20,19,5560.0,51.0,0.0034172661870503,2,17,9.5
graph_004333.json,552840728116994049,non-rumour,charliehebdo-all-rnr-threads,non-rumours,1,0,0.0,0.0,0.0,0,0,0.0
graph_004334.json,552840740007866368,non-rumour,charliehebdo-all-rnr-threads,non-rumours,13,12,12473.0,33.0,0.0009620780886715,2,11,6.0
graph_004335.json,552840805678084096,non-rumour,charliehebdo-all-rnr-threads,non-rumours,28,27,65557.0,77.0,0.0004118553320011,6,17,3.857142857142857
graph_004336.json,552840905213083648,non-rumour,charliehebdo-all-rnr-threads,non-rumours,9,8,117421.0,198.0,6.813091355038707e-05,1,8,8.0
graph_004337.json,552840964025626624,non-rumour,charliehebdo-all-rnr-threads,non-rumours,21,20,13163.0,229.0,0.0015194104687381,2,18,6.666666666666667
graph_004338.json,552841006799159296,non-rumour,charliehebdo-all-rnr-threads,non-rumours,13,12,117939.0,119.0,0.0001017475135451,3,8,3.0
graph_004339.json,552841043423805440,non-rumour,charliehebdo-all-rnr-threads,non-rumours,23,22,19168.0,34.0,0.0011477462437395,3,17,4.4
graph_004340.json,552841049467400192,non-rumour,charliehebdo-all-rnr-threads,non-rumours,20,19,9148.0,41.0,0.0020769567118495,4,16,4.75
graph_004341.json,552841157785694208,non-rumour,charliehebdo-all-rnr-threads,non-rumours,5,4,7645.0,126.0,0.0005232177894048,1,4,4.0
graph_004342.json,552841185199263745,non-rumour,charliehebdo-all-rnr-threads,non-rumours,37,24,80012.0,127.0,0.0004499325101234,5,8,2.0
graph_004343.json,552841287670308865,non-rumour,charliehebdo-all-rnr-threads,non-rumours,16,13,178002.0,83.0,8.426871608184177e-05,4,9,3.25
graph_004344.json,552841460681572352,non-rumour,charliehebdo-all-rnr-threads,non-rumours,23,22,82473.0,36.0,0.0002667539679652,5,9,2.2
graph_004345.json,552841477819473920,non-rumour,charliehebdo-all-rnr-threads,non-rumours,29,28,8295.0,435.0,0.0033755274261603,5,12,2.5454545454545454
graph_004346.json,552841562963464195,non-rumour,charliehebdo-all-rnr-threads,non-rumours,43,42,9434.0,511.0,0.0044519821920712,13,7,1.9090909090909092
graph_004347.json,552841583251701761,non-rumour,charliehebdo-all-rnr-threads,non-rumours,4,3,3248.0,2873.0,0.000923645320197,1,3,3.0
graph_004348.json,552841650582847488,non-rumour,charliehebdo-all-rnr-threads,non-rumours,7,6,19472.0,58.0,0.0003081347576006,1,6,6.0
graph_004349.json,552841684485414914,non-rumour,charliehebdo-all-rnr-threads,non-rumours,13,11,8001.0,188.0,0.0014998125234345,1,11,11.0
graph_004350.json,552842042242789377,non-rumour,charliehebdo-all-rnr-threads,non-rumours,10,9,192868.0,63.0,4.666403965406392e-05,2,8,4.5
graph_004351.json,552842140188147712,non-rumour,charliehebdo-all-rnr-threads,non-rumours,5,4,251089.0,18432.0,1.5930606279048465e-05,2,3,2.0
graph_004352.json,552842236883652609,non-rumour,charliehebdo-all-rnr-threads,non-rumours,25,24,1504.0,96.0,0.0159574468085106,8,17,3.0
graph_004353.json,552842342143905794,non-rumour,charliehebdo-all-rnr-threads,non-rumours,23,22,3213.0,81.0,0.0068471833177715,7,11,1.8333333333333333
graph_004354.json,552842580929826816,non-rumour,charliehebdo-all-rnr-threads,non-rumours,16,14,304103.0,334.0,4.932539304117355e-05,3,9,2.8
graph_004355.json,552842614555545600,non-rumour,charliehebdo-all-rnr-threads,non-rumours,17,16,3453.0,17.0,0.0046336518969012,2,14,5.333333333333333
graph_004356.json,552842642216988672,non-rumour,charliehebdo-all-rnr-threads,non-rumours,40,39,104295.0,3380.0,0.000373939306774,17,5,1.625
graph_004357.json,552842755454799872,non-rumour,charliehebdo-all-rnr-threads,non-rumours,5,4,5007.0,130.0,0.0007988815658078,1,4,4.0
graph_004358.json,552842761565904896,non-rumour,charliehebdo-all-rnr-threads,non-rumours,20,19,41490.0,127.0,0.0004579416726922,3,15,3.8
graph_004359.json,552842762505428992,false,charliehebdo-all-rnr-threads,rumours,6,5,1958.0,60.0,0.0025536261491317,1,5,5.0
graph_004360.json,552842814061424640,non-rumour,charliehebdo-all-rnr-threads,non-rumours,43,42,426110.0,56.0,9.856609795592688e-05,5,17,3.230769230769231
graph_004361.json,552842837516386304,non-rumour,charliehebdo-all-rnr-threads,non-rumours,10,9,705774.0,498.0,1.2751957425464809e-05,1,9,9.0
graph_004362.json,552842983247466497,non-rumour,charliehebdo-all-rnr-threads,non-rumours,21,20,29952.0,332.0,0.000667735042735,2,18,6.666666666666667
graph_004363.json,552843136238899200,non-rumour,charliehebdo-all-rnr-threads,non-rumours,6,5,70945.0,945.0,7.047713017125943e-05,1,5,5.0
graph_004364.json,552843174218321921,non-rumour,charliehebdo-all-rnr-threads,non-rumours,68,46,73845.0,88.0,0.0009073058433204,5,8,2.25
graph_004365.json,552843236797349889,non-rumour,charliehebdo-all-rnr-threads,non-rumours,1,0,0.0,0.0,0.0,0,0,0.0
graph_004366.json,552843285468020736,non-rumour,charliehebdo-all-rnr-threads,non-rumours,22,18,320924.0,300.0,6.543605339581957e-05,5,13,3.6
graph_004367.json,552843349246619648,non-rumour,charliehebdo-all-rnr-threads,non-rumours,5,4,14110.0,268.0,0.0002834868887313,1,4,4.0
graph_004368.json,552844023996907520,non-rumour,charliehebdo-all-rnr-threads,non-rumours,27,26,356368.0,191.0,7.29582903066493e-05,9,5,1.625
graph_004369.json,552844100224172034,non-rumour,charliehebdo-all-rnr-threads,non-rumours,20,19,13098.0,55.0,0.0014506031455183,7,11,2.375
graph_004370.json,552844104418091008,non-rumour,charliehebdo-all-rnr-threads,non-rumours,47,46,181158.0,132.0,0.0002539219907484,18,15,1.7692307692307692
graph_004371.json,552844167681159169,non-rumour,charliehebdo-all-rnr-threads,non-rumours,9,8,16140.0,177.0,0.0004956629491945,1,8,8.0
graph_004372.json,552844311096983552,non-rumour,charliehebdo-all-rnr-threads,non-rumours,20,19,5720.0,33.0,0.0033216783216783,2,18,9.5
graph_004373.json,552844436460560384,non-rumour,charliehebdo-all-rnr-threads,non-rumours,28,27,34628.0,339.0,0.0007797158368949,4,14,2.25
graph_004374.json,552844593046097920,non-rumour,charliehebdo-all-rnr-threads,non-rumours,21,17,39918.0,173.0,0.0005010271055664,2,15,5.666666666666667
graph_004375.json,552844643097120768,non-rumour,charliehebdo-all-rnr-threads,non-rumours,23,22,40707.0,303.0,0.0005404475888667,5,5,2.0
graph_004376.json,552844767281688577,non-rumour,charliehebdo-all-rnr-threads,non-rumours,2,1,108.0,108.0,0.0092592592592592,1,1,1.0
graph_004377.json,552844893148938240,non-rumour,charliehebdo-all-rnr-threads,non-rumours,12,11,48965.0,476.0,0.00022465026039,3,8,2.75
graph_004378.json,552845017208061953,non-rumour,charliehebdo-all-rnr-threads,non-rumours,10,9,7385.0,131.0,0.0012186865267433,4,4,1.8
graph_004379.json,552845028130037760,non-rumour,charliehebdo-all-rnr-threads,non-rumours,20,19,6121.0,156.0,0.0031040679627511,2,17,9.5
graph_004380.json,552845136414380032,unverified,charliehebdo-all-rnr-threads,rumours,55,2,9930.0,184.0,0.0054380664652567,2,1,1.0
graph_004381.json,552845191003250688,non-rumour,charliehebdo-all-rnr-threads,non-rumours,25,24,2020.0,81.0,0.0118811881188118,5,14,2.4
graph_004382.json,552845250268766209,non-rumour,charliehebdo-all-rnr-threads,non-rumours,14,13,6143.0,139.0,0.0021162298551196,2,10,6.5
graph_004383.json,552845255796461569,non-rumour,charliehebdo-all-rnr-threads,non-rumours,4,3,526.0,154.0,0.0057034220532319,2,2,1.5
graph_004384.json,552845267289247744,non-rumour,charliehebdo-all-rnr-threads,non-rumours,16,15,15431.0,92.0,0.0009720692113278,5,10,2.5
graph_004385.json,552845393541988352,non-rumour,charliehebdo-all-rnr-threads,non-rumours,24,23,19249.0,68.0,0.0011948672658319,3,16,3.2857142857142856
graph_004386.json,552845542536261634,non-rumour,charliehebdo-all-rnr-threads,non-rumours,22,21,11244.0,71.0,0.0018676627534685,4,18,5.25
graph_004387.json,552845654637436928,non-rumour,charliehebdo-all-rnr-threads,non-rumours,21,20,29480.0,65.0,0.0006784260515603,3,15,4.0
graph_004388.json,552845671477153793,non-rumour,charliehebdo-all-rnr-threads,non-rumours,24,23,3015.0,75.0,0.0076285240464344,4,15,2.875
graph_004389.json,552845711289909248,non-rumour,charliehebdo-all-rnr-threads,non-rumours,56,55,25738.0,137.0,0.0021369181754604,13,6,1.9642857142857144
graph_004390.json,552845840247971842,non-rumour,charliehebdo-all-rnr-threads,non-rumours,23,22,45784.0,38.0,0.0004805172112528,3,17,4.4
graph_004391.json,552845868932800512,non-rumour,charliehebdo-all-rnr-threads,non-rumours,50,49,15223.0,415.0,0.0032188136372594,18,13,1.75
graph_004392.json,552846287314640897,non-rumour,charliehebdo-all-rnr-threads,non-rumours,7,6,20183.0,1226.0,0.0002972798890155,1,6,6.0
graph_004393.json,552846337746952194,non-rumour,charliehebdo-all-rnr-threads,non-rumours,28,27,311242.0,236.0,8.674921765057415e-05,9,8,1.8
graph_004394.json,552846353416867841,non-rumour,charliehebdo-all-rnr-threads,non-rumours,2,1,14852.0,14852.0,6.733099919202801e-05,1,1,1.0
graph_004395.json,552846463467024384,non-rumour,charliehebdo-all-rnr-threads,non-rumours,11,10,64704.0,363.0,0.000154549950544,3,7,3.3333333333333335
graph_004396.json,552846544320618496,non-rumour,charliehebdo-all-rnr-threads,non-rumours,20,19,21466.0,250.0,0.0008851206559209,5,14,3.8
graph_004397.json,552846565950627840,non-rumour,charliehebdo-all-rnr-threads,non-rumours,1,0,0.0,0.0,0.0,0,0,0.0
graph_004398.json,552846625467817984,non-rumour,charliehebdo-all-rnr-threads,non-rumours,5,4,1528.0,21.0,0.0026178010471204,1,4,4.0
graph_004399.json,552846698524184576,non-rumour,charliehebdo-all-rnr-threads,non-rumours,1,0,0.0,0.0,0.0,0,0,0.0
graph_004400.json,552846811359350788,non-rumour,charliehebdo-all-rnr-threads,non-rumours,108,105,766870.0,36.0,0.0001395282120828,19,10,1.5671641791044777
graph_004401.json,552846874432909312,non-rumour,charliehebdo-all-rnr-threads,non-rumours,20,19,7583.0,100.0,0.0025056046419622,3,17,6.333333333333333
graph_004402.json,552846886626164736,non-rumour,charliehebdo-all-rnr-threads,non-rumours,20,19,733.0,27.0,0.0259208731241473,1,19,19.0
graph_004403.json,552846893588709376,non-rumour,charliehebdo-all-rnr-threads,non-rumours,8,7,2112.0,226.0,0.0033143939393939,1,7,7.0
graph_004404.json,552846905819291649,non-rumour,charliehebdo-all-rnr-threads,non-rumours,1,0,0.0,0.0,0.0,0,0,0.0
graph_004405.json,552846938677059586,non-rumour,charliehebdo-all-rnr-threads,non-rumours,4,3,2992.0,154.0,0.0010026737967914,1,3,3.0
graph_004406.json,552847035108323329,non-rumour,charliehebdo-all-rnr-threads,non-rumours,6,5,7440.0,302.0,0.0006720430107526,1,5,5.0
graph_004407.json,552847218403581953,non-rumour,charliehebdo-all-rnr-threads,non-rumours,31,30,8835.0,72.0,0.0033955857385398,7,13,3.0
graph_004408.json,552847230693310466,non-rumour,charliehebdo-all-rnr-threads,non-rumours,33,18,6567.0,160.0,0.0048728490939546,6,10,2.25
graph_004409.json,552847251207241728,non-rumour,charliehebdo-all-rnr-threads,non-rumours,5,4,35308.0,107.0,0.0001132887730825,1,4,4.0
graph_004410.json,552847370489430017,non-rumour,charliehebdo-all-rnr-threads,non-rumours,23,21,10198.0,151.0,0.0021572857423024,5,7,1.9090909090909092
graph_004411.json,552847427410341890,non-rumour,charliehebdo-all-rnr-threads,non-rumours,16,15,11689.0,3948.0,0.0012832577637094,2,14,7.5
graph_004412.json,552847488571678720,non-rumour,charliehebdo-all-rnr-threads,non-rumours,25,24,39383.0,65.0,0.0006093999949216,3,15,4.0
graph_004413.json,552847505763737600,non-rumour,charliehebdo-all-rnr-threads,non-rumours,10,9,191302.0,230.0,4.7046031928573666e-05,2,8,4.5
graph_004414.json,552847548776742914,non-rumour,charliehebdo-all-rnr-threads,non-rumours,31,30,61942.0,46.0,0.0004843240450744,5,17,2.5
graph_004415.json,552847627319259137,non-rumour,charliehebdo-all-rnr-threads,non-rumours,18,17,41965.0,41.0,0.0004050994876682,3,13,3.4
graph_004416.json,552847905498103808,non-rumour,charliehebdo-all-rnr-threads,non-rumours,29,28,12600.0,35.0,0.0022222222222222,5,18,3.5
graph_004417.json,552847959864274944,non-rumour,charliehebdo-all-rnr-threads,non-rumours,1,0,0.0,0.0,0.0,0,0,0.0
graph_004418.json,552848013778251777,non-rumour,charliehebdo-all-rnr-threads,non-rumours,2,1,249.0,249.0,0.0040160642570281,1,1,1.0
graph_004419.json,552848426812313600,non-rumour,charliehebdo-all-rnr-threads,non-rumours,9,8,24557.0,326.0,0.000325772692104,1,8,8.0
graph_004420.json,552848478196736000,non-rumour,charliehebdo-all-rnr-threads,non-rumours,66,65,26944.0,998.0,0.0024124109263657,19,17,1.7105263157894737
graph_004421.json,552848590373392384,non-rumour,charliehebdo-all-rnr-threads,non-rumours,134,126,103931.0,31.0,0.0012796951823806,19,15,1.4651162790697674
graph_004422.json,552848620375261184,unverified,charliehebdo-all-rnr-threads,rumours,16,15,6289.0,24.0,0.0023851168707266,2,14,7.5
graph_004423.json,552848653132767232,non-rumour,charliehebdo-all-rnr-threads,non-rumours,16,15,14807.0,49.0,0.0010130343756331,2,13,5.0
graph_004424.json,552848653980033025,non-rumour,charliehebdo-all-rnr-threads,non-rumours,40,39,41205.0,69.0,0.000946487076811,14,14,1.7727272727272727
graph_004425.json,552848701312737280,non-rumour,charliehebdo-all-rnr-threads,non-rumours,8,7,12427.0,25.0,0.0005632896113301,3,4,1.75
graph_004426.json,552848704819183616,non-rumour,charliehebdo-all-rnr-threads,non-rumours,3,2,2475.0,276.0,0.0008080808080808,1,2,2.0
graph_004427.json,552848726197559296,non-rumour,charliehebdo-all-rnr-threads,non-rumours,3,2,772.0,554.0,0.0025906735751295,1,2,2.0
graph_004428.json,552848961372176384,non-rumour,charliehebdo-all-rnr-threads,non-rumours,3,2,3366.0,3226.0,0.0005941770647653,1,2,2.0
graph_004429.json,552849116280393728,non-rumour,charliehebdo-all-rnr-threads,non-rumours,10,9,71857.0,314.0,0.0001252487579498,2,8,4.5
graph_004430.json,552849157694947328,non-rumour,charliehebdo-all-rnr-threads,non-rumours,70,49,83091.0,89.0,0.0008304148463732,7,8,2.5789473684210527
graph_004431.json,552849194944167936,non-rumour,charliehebdo-all-rnr-threads,non-rumours,21,4,2806.0,150.0,0.007127583749109,2,3,2.0
graph_004432.json,552849248182865920,non-rumour,charliehebdo-all-rnr-threads,non-rumours,20,19,28313.0,409.0,0.0006710698265814,2,16,4.75
graph_004433.json,552849316021551105,non-rumour,charliehebdo-all-rnr-threads,non-rumours,9,8,7162.0,328.0,0.0011170064227869,1,8,8.0
graph_004434.json,552849515271958528,non-rumour,charliehebdo-all-rnr-threads,non-rumours,4,3,1462.0,175.0,0.0020519835841313,1,3,3.0
graph_004435.json,552849585899462659,non-rumour,charliehebdo-all-rnr-threads,non-rumours,12,11,10980.0,1611.0,0.0010018214936247,1,11,11.0
graph_004436.json,552849662991151104,non-rumour,charliehebdo-all-rnr-threads,non-rumours,22,21,204445.0,150.0,0.0001027171121817,3,15,3.5
graph_004437.json,552849797892542464,non-rumour,charliehebdo-all-rnr-threads,non-rumours,42,41,8142.0,136.0,0.0050356177843281,11,9,2.05
graph_004438.json,552849865680494595,non-rumour,charliehebdo-all-rnr-threads,non-rumours,96,91,90609.0,153.0,0.0010484609696608,19,6,1.5423728813559323
graph_004439.json,552849968546213888,non-rumour,charliehebdo-all-rnr-threads,non-rumours,13,12,79034.0,336.0,0.000151833388162,1,12,12.0
graph_004440.json,552850022271033344,non-rumour,charliehebdo-all-rnr-threads,non-rumours,5,4,362013.0,9033.0,1.1049326957871678e-05,1,4,4.0
graph_004441.json,552850079074099201,non-rumour,charliehebdo-all-rnr-threads,non-rumours,10,9,604357.0,75.0,1.4891860274638996e-05,3,6,2.25
graph_004442.json,552850092806258690,non-rumour,charliehebdo-all-rnr-threads,non-rumours,12,11,60437.0,51.0,0.0001820077105084,2,10,5.5
graph_004443.json,552850116324130816,non-rumour,charliehebdo-all-rnr-threads,non-rumours,3,2,19270.0,14395.0,0.0001037882719252,1,2,2.0
graph_004444.json,552850282410176512,non-rumour,charliehebdo-all-rnr-threads,non-rumours,20,19,15736.0,2631.0,0.0012074224707676,11,4,1.5833333333333333
graph_004445.json,552850379453366272,non-rumour,charliehebdo-all-rnr-threads,non-rumours,18,17,436075.0,1074.0,3.8984119704179327e-05,1,17,17.0
graph_004446.json,552850514132873217,non-rumour,charliehebdo-all-rnr-threads,non-rumours,20,17,18016.0,160.0,0.0010546181172291,2,15,8.5
graph_004447.json,552850533523136513,non-rumour,charliehebdo-all-rnr-threads,non-rumours,21,20,59113.0,228.0,0.0003383350532031,3,16,5.0
graph_004448.json,552850599168196608,non-rumour,charliehebdo-all-rnr-threads,non-rumours,2,1,277.0,277.0,0.003610108303249,1,1,1.0
graph_004449.json,552850603714826241,non-rumour,charliehebdo-all-rnr-threads,non-rumours,14,13,3554.0,111.0,0.0036578503095104,3,10,3.25
graph_004450.json,552850611524599808,non-rumour,charliehebdo-all-rnr-threads,non-rumours,2,1,162.0,162.0,0.0061728395061728,1,1,1.0
graph_004451.json,552850725467082752,non-rumour,charliehebdo-all-rnr-threads,non-rumours,9,8,41312.0,111.0,0.0001936483346243,1,8,8.0
graph_004452.json,552850925510225920,non-rumour,charliehebdo-all-rnr-threads,non-rumours,42,41,10875.0,83.0,0.0037701149425287,9,13,1.7083333333333333
graph_004453.json,552851189675470849,non-rumour,charliehebdo-all-rnr-threads,non-rumours,27,26,17162.0,116.0,0.0015149749446451,6,11,2.0
graph_004454.json,552851305023414272,non-rumour,charliehebdo-all-rnr-threads,non-rumours,22,19,162088.0,116.0,0.0001295592517644,4,16,4.75
graph_004455.json,552851421155299328,non-rumour,charliehebdo-all-rnr-threads,non-rumours,22,21,6518.0,121.0,0.0032218471923903,5,6,1.9090909090909092
graph_004456.json,552851433247477760,non-rumour,charliehebdo-all-rnr-threads,non-rumours,3,2,509.0,103.0,0.0039292730844793,1,2,2.0
graph_004457.json,552851546384646145,non-rumour,charliehebdo-all-rnr-threads,non-rumours,20,19,13279.0,108.0,0.0014308306348369,3,14,3.1666666666666665
graph_004458.json,552851629624803328,non-rumour,charliehebdo-all-rnr-threads,non-rumours,34,33,3221.0,148.0,0.0102452654455138,9,12,1.736842105263158
graph_004459.json,552851679905734657,non-rumour,charliehebdo-all-rnr-threads,non-rumours,53,52,103162.0,24.0,0.0005040615730598,10,15,2.08
graph_004460.json,552851710880653312,non-rumour,charliehebdo-all-rnr-threads,non-rumours,21,19,942001.0,13399.0,2.1231399966666704e-05,2,16,4.75
graph_004461.json,552851772658561028,non-rumour,charliehebdo-all-rnr-threads,non-rumours,20,19,6508.0,98.0,0.002919483712354,2,18,9.5
graph_004462.json,552851838928953344,non-rumour,charliehebdo-all-rnr-threads,non-rumours,8,7,16342.0,188.0,0.0004283441439236,3,5,2.3333333333333335
graph_004463.json,552851847581413377,non-rumour,charliehebdo-all-rnr-threads,non-rumours,12,11,43447.0,60.0,0.0002531820378852,4,7,2.75
graph_004464.json,552956517197303810,unverified,charliehebdo-all-rnr-threads,rumours,1,0,0.0,0.0,0.0,0,0,0.0
graph_004465.json,552978030935941120,non-rumour,charliehebdo-all-rnr-threads,non-rumours,11,10,12515.0,25.0,0.0007990411506192,2,9,5.0
graph_004466.json,552978099357237248,false,charliehebdo-all-rnr-threads,rumours,4,3,52751.0,1166.0,5.6870959792231426e-05,1,3,3.0
graph_004467.json,552978184413921281,false,charliehebdo-all-rnr-threads,rumours,3,2,321.0,250.0,0.0062305295950155,1,2,2.0
graph_004468.json,552978225010184193,non-rumour,charliehebdo-all-rnr-threads,non-rumours,13,12,12535.0,573.0,0.0009573195053849,3,8,3.0
graph_004469.json,552978225094078464,non-rumour,charliehebdo-all-rnr-threads,non-rumours,20,19,3864.0,32.0,0.0049171842650103,2,18,9.5
graph_004470.json,552978376424964097,false,charliehebdo-all-rnr-threads,rumours,7,6,34550.0,78.0,0.0001736613603473,3,4,2.0
graph_004471.json,552978385572732928,non-rumour,charliehebdo-all-rnr-threads,non-rumours,6,5,18487.0,820.0,0.0002704603234705,1,5,5.0
graph_004472.json,552978435090681856,non-rumour,charliehebdo-all-rnr-threads,non-rumours,22,21,68648.0,44838.0,0.0003059084022841,4,12,4.2
graph_004473.json,552978476605923328,false,charliehebdo-all-rnr-threads,rumours,17,16,46438.0,140.0,0.0003445454153925,3,12,4.0
graph_004474.json,552978519328686080,non-rumour,charliehebdo-all-rnr-threads,non-rumours,2,1,6081.0,6081.0,0.0001644466370662,1,1,1.0
graph_004475.json,552978586559188992,non-rumour,charliehebdo-all-rnr-threads,non-rumours,7,6,2954.0,704.0,0.0020311442112389,2,5,3.0
graph_004476.json,552978642968780800,non-rumour,charliehebdo-all-rnr-threads,non-rumours,18,17,85114.0,36.0,0.0001997321239749,2,15,5.666666666666667
graph_004477.json,552978972963643392,non-rumour,charliehebdo-all-rnr-threads,non-rumours,10,9,45525.0,1020.0,0.0001976935749588,1,9,9.0
graph_004478.json,552979275776032768,non-rumour,charliehebdo-all-rnr-threads,non-rumours,6,5,12361.0,109.0,0.0004044980179597,1,5,5.0
graph_004479.json,552979279039197186,false,charliehebdo-all-rnr-threads,rumours,21,20,61017.0,762.0,0.0003277775046298,4,14,2.857142857142857
graph_004480.json,552979420227842048,non-rumour,charliehebdo-all-rnr-threads,non-rumours,30,19,68774.0,61.0,0.0004216709803123,5,9,2.375
graph_004481.json,552979466050613248,non-rumour,charliehebdo-all-rnr-threads,non-rumours,83,82,939464.0,242.0,8.728381289756713e-05,19,11,1.4137931034482758
graph_004482.json,552979571021447168,non-rumour,charliehebdo-all-rnr-threads,non-rumours,20,19,33216.0,133.0,0.0005720134874759,1,19,19.0
graph_004483.json,552979992603533312,non-rumour,charliehebdo-all-rnr-threads,non-rumours,11,10,406749.0,213.0,2.4585186441761385e-05,2,9,5.0
graph_004484.json,552980261512949760,false,charliehebdo-all-rnr-threads,rumours,3,2,834.0,244.0,0.0023980815347721,1,2,2.0
graph_004485.json,552980288394231809,non-rumour,charliehebdo-all-rnr-threads,non-rumours,4,3,848435.0,408.0,3.535922021133027e-06,1,3,3.0
graph_004486.json,552980299769200640,non-rumour,charliehebdo-all-rnr-threads,non-rumours,6,5,3839.0,74.0,0.0013024225058609,2,4,2.5
graph_004487.json,552980557836337152,non-rumour,charliehebdo-all-rnr-threads,non-rumours,22,10,78822.0,587.0,0.0002664230798508,3,6,2.0
graph_004488.json,552980632432050177,non-rumour,charliehebdo-all-rnr-threads,non-rumours,21,20,3440.0,33.0,0.005813953488372,2,18,6.666666666666667
graph_004489.json,552980714610634753,non-rumour,charliehebdo-all-rnr-threads,non-rumours,11,10,245228.0,314.0,4.077837767302266e-05,1,10,10.0
graph_004490.json,552980760500916225,non-rumour,charliehebdo-all-rnr-threads,non-rumours,6,5,32620.0,32056.0,0.0001532801961986,2,3,2.5
graph_004491.json,552980862774808577,non-rumour,charliehebdo-all-rnr-threads,non-rumours,16,15,154873.0,93.0,9.685355097402388e-05,6,5,1.6666666666666667
graph_004492.json,552981008518500353,non-rumour,charliehebdo-all-rnr-threads,non-rumours,20,19,25561.0,33.0,0.0007433199014123,1,19,19.0
graph_004493.json,552981296839131136,non-rumour,charliehebdo-all-rnr-threads,non-rumours,21,19,65198.0,288.0,0.0003067578760084,5,9,2.111111111111111
graph_004494.json,552981531023921153,non-rumour,charliehebdo-all-rnr-threads,non-rumours,22,21,3595.0,39.0,0.0058414464534075,3,17,5.25
graph_004495.json,552981694979248128,non-rumour,charliehebdo-all-rnr-threads,non-rumours,20,18,5158.0,179.0,0.0036835982939123,2,15,9.0
graph_004496.json,552981833189969921,false,charliehebdo-all-rnr-threads,rumours,14,13,81287.0,425.0,0.0001599271716264,4,9,2.6
graph_004497.json,552981889619722241,non-rumour,charliehebdo-all-rnr-threads,non-rumours,38,37,61384.0,87.0,0.0006027629349667,14,7,1.4230769230769231
graph_004498.json,552982124274647042,non-rumour,charliehebdo-all-rnr-threads,non-rumours,26,25,53847.0,662.0,0.0004642784184819,3,14,3.125
graph_004499.json,552982263907241984,non-rumour,charliehebdo-all-rnr-threads,non-rumours,4,3,13857.0,581.0,0.0002164970772894,1,3,3.0
graph_004500.json,552982443511144448,false,charliehebdo-all-rnr-threads,rumours,36,35,34406.0,750.0,0.0010172644306225,12,12,2.0588235294117645
graph_004501.json,552982560146726912,non-rumour,charliehebdo-all-rnr-threads,non-rumours,17,16,64379.0,268.0,0.0002485282467885,2,15,8.0
graph_004502.json,552982613288157184,false,charliehebdo-all-rnr-threads,rumours,5,4,3432.0,263.0,0.0011655011655011,1,4,4.0
graph_004503.json,552982635178635265,non-rumour,charliehebdo-all-rnr-threads,non-rumours,21,20,12312.0,84.0,0.0016244314489928,4,13,2.857142857142857
graph_004504.json,552982669840355329,non-rumour,charliehebdo-all-rnr-threads,non-rumours,8,7,312285.0,23404.0,2.241542181020542e-05,3,4,1.75
graph_004505.json,552982813671043072,non-rumour,charliehebdo-all-rnr-threads,non-rumours,18,17,97011.0,229.0,0.0001752378596241,2,15,8.5
graph_004506.json,552982816045408256,non-rumour,charliehebdo-all-rnr-threads,non-rumours,7,6,7126.0,193.0,0.0008419870895312,2,5,3.0
graph_004507.json,552982828963856384,non-rumour,charliehebdo-all-rnr-threads,non-rumours,4,3,61104.0,57963.0,4.909662215239592e-05,1,3,3.0
graph_004508.json,552982908865368064,non-rumour,charliehebdo-all-rnr-threads,non-rumours,25,23,72523.0,76.0,0.0003309294982281,11,7,1.6428571428571428
graph_004509.json,552983003308515328,non-rumour,charliehebdo-all-rnr-threads,non-rumours,4,3,271830.0,945.0,1.1036309458117206e-05,1,3,3.0
graph_004510.json,552983300730404864,non-rumour,charliehebdo-all-rnr-threads,non-rumours,7,6,6506.0,400.0,0.0009222256378727,2,4,3.0
graph_004511.json,552983615747796994,false,charliehebdo-all-rnr-threads,rumours,25,23,58889.0,195.0,0.0004075464008558,4,18,3.8333333333333335
graph_004512.json,552983656231628800,non-rumour,charliehebdo-all-rnr-threads,non-rumours,14,13,7276.0,109.0,0.0017866959868059,2,12,6.5
graph_004513.json,552983966932688897,non-rumour,charliehebdo-all-rnr-threads,non-rumours,14,13,10930.0,391.0,0.0011893870082342,2,10,4.333333333333333
graph_004514.json,552984231748829184,non-rumour,charliehebdo-all-rnr-threads,non-rumours,22,21,114958.0,325.0,0.0001826754118895,2,15,3.5
graph_004515.json,552984347754897409,false,charliehebdo-all-rnr-threads,rumours,13,12,49451.0,1994.0,0.0002426644557238,2,10,4.0
graph_004516.json,552984474729062401,non-rumour,charliehebdo-all-rnr-threads,non-rumours,4,3,17739.0,294.0,0.00016911889058,1,3,3.0
graph_004517.json,552984502063337472,true,charliehebdo-all-rnr-threads,rumours,4,3,25586.0,1203.0,0.0001172516219807,1,3,3.0
graph_004518.json,552984511051751425,non-rumour,charliehebdo-all-rnr-threads,non-rumours,16,15,449751.0,78.0,3.335178798935411e-05,2,13,5.0
graph_004519.json,552984527295873024,non-rumour,charliehebdo-all-rnr-threads,non-rumours,8,7,69453.0,312.0,0.0001007875829697,1,7,7.0
graph_004520.json,552984798671945728,non-rumour,charliehebdo-all-rnr-threads,non-rumours,6,5,44984.0,32735.0,0.0001111506313355,1,5,5.0
graph_004521.json,552984916070531072,false,charliehebdo-all-rnr-threads,rumours,85,9,677680.0,231.0,0.0001239523078739,2,8,4.5
graph_004522.json,552984940900384769,non-rumour,charliehebdo-all-rnr-threads,non-rumours,10,9,44043.0,218.0,0.000204345753014,2,8,4.5
graph_004523.json,552985297307598848,non-rumour,charliehebdo-all-rnr-threads,non-rumours,26,3,101110.0,188.0,0.0002472554643457,1,3,3.0
graph_004524.json,552985339011153920,non-rumour,charliehebdo-all-rnr-threads,non-rumours,17,16,432321.0,207.0,3.700953689503864e-05,2,15,8.0
graph_004525.json,552985389523148802,non-rumour,charliehebdo-all-rnr-threads,non-rumours,34,33,27705.0,248.0,0.0011911207363291,8,6,1.5
graph_004526.json,552985611070881792,false,charliehebdo-all-rnr-threads,rumours,20,19,13931.0,76.0,0.0013638647620414,2,18,9.5
graph_004527.json,552985855854661633,true,charliehebdo-all-rnr-threads,rumours,78,77,163955.0,94.0,0.0004696410600469,18,13,1.8333333333333333
graph_004528.json,552985912901001218,false,charliehebdo-all-rnr-threads,rumours,6,5,334959.0,2493.0,1.4927200045378687e-05,1,5,5.0
graph_004529.json,552985973445783552,non-rumour,charliehebdo-all-rnr-threads,non-rumours,8,7,50473.0,83.0,0.000138688011412,1,7,7.0
graph_004530.json,552986187364065281,false,charliehebdo-all-rnr-threads,rumours,6,5,83555.0,6419.0,5.984082340973012e-05,2,3,1.6666666666666667
graph_004531.json,552986374765563904,non-rumour,charliehebdo-all-rnr-threads,non-rumours,5,4,9202.0,155.0,0.0004346881112801,3,2,1.3333333333333333
graph_004532.json,552991544731774976,false,charliehebdo-all-rnr-threads,rumours,38,37,44655.0,963.0,0.0008285746277012,12,14,2.642857142857143
graph_004533.json,552993818816299008,false,charliehebdo-all-rnr-threads,rumours,178,177,102752.0,179.0,0.001722594207412,19,6,1.824742268041237
graph_004534.json,552996335319007233,false,charliehebdo-all-rnr-threads,rumours,16,15,11049.0,57.0,0.0013575889220743,9,5,1.6666666666666667
graph_004535.json,553017543330648064,false,charliehebdo-all-rnr-threads,rumours,29,28,344262.0,89.0,8.13334030476788e-05,6,12,1.8666666666666667
graph_004536.json,553096753898323968,true,charliehebdo-all-rnr-threads,rumours,6,5,5497.0,121.0,0.0009095870474804,1,5,5.0
graph_004537.json,553096943455727617,non-rumour,charliehebdo-all-rnr-threads,non-rumours,13,12,10803.0,215.0,0.0011108025548458,1,12,12.0
graph_004538.json,553096978788515840,non-rumour,charliehebdo-all-rnr-threads,non-rumours,22,20,58922.0,144.0,0.0003564033807406,3,13,3.3333333333333335
graph_004539.json,553097004138913792,non-rumour,charliehebdo-all-rnr-threads,non-rumours,11,10,71917.0,63.0,0.0001390491816955,2,9,5.0
graph_004540.json,553098571323437056,false,charliehebdo-all-rnr-threads,rumours,5,4,47178.0,11071.0,8.478528127517063e-05,2,3,2.0
graph_004541.json,553098785132670976,non-rumour,charliehebdo-all-rnr-threads,non-rumours,7,6,30894.0,467.0,0.0001942124684404,1,6,6.0
graph_004542.json,553098796108750848,non-rumour,charliehebdo-all-rnr-threads,non-rumours,17,16,271146.0,127.0,5.900879968725336e-05,1,16,16.0
graph_004543.json,553098799380717568,non-rumour,charliehebdo-all-rnr-threads,non-rumours,23,22,2248.0,50.0,0.0097864768683274,11,7,1.8333333333333333
graph_004544.json,553099050409807872,non-rumour,charliehebdo-all-rnr-threads,non-rumours,9,8,14006.0,96.0,0.0005711837783806,1,8,8.0
graph_004545.json,553099479381848064,non-rumour,charliehebdo-all-rnr-threads,non-rumours,18,17,132455.0,79.0,0.0001283454758219,2,15,5.666666666666667
graph_004546.json,553099685888790528,false,charliehebdo-all-rnr-threads,rumours,20,17,5749.0,285.0,0.0033049225952339,9,6,1.5454545454545454
graph_004547.json,553099800951136256,non-rumour,charliehebdo-all-rnr-threads,non-rumours,20,19,5613.0,253.0,0.0033849991092107,3,12,2.7142857142857144
graph_004548.json,553100203239428097,non-rumour,charliehebdo-all-rnr-threads,non-rumours,141,140,1090481.0,47.0,0.0001283837132421,19,6,1.4285714285714286
graph_004549.json,553100279089205249,non-rumour,charliehebdo-all-rnr-threads,non-rumours,10,9,13605.0,141.0,0.0006615214994487,2,8,4.5
graph_004550.json,553100922268942336,non-rumour,charliehebdo-all-rnr-threads,non-rumours,10,9,211422.0,244.0,4.256889065470954e-05,1,9,9.0
graph_004551.json,553100996855885824,non-rumour,charliehebdo-all-rnr-threads,non-rumours,24,23,38152.0,205.0,0.0006028517508911,7,10,2.090909090909091
graph_004552.json,553101388926840832,non-rumour,charliehebdo-all-rnr-threads,non-rumours,7,6,13855.0,623.0,0.0004330566582461,1,6,6.0
graph_004553.json,553101451271352320,non-rumour,charliehebdo-all-rnr-threads,non-rumours,3,2,952.0,309.0,0.0021008403361344,1,2,2.0
graph_004554.json,553101858013581313,non-rumour,charliehebdo-all-rnr-threads,non-rumours,17,16,15336.0,155.0,0.0010432968179447,2,11,5.333333333333333
graph_004555.json,553102562665050112,non-rumour,charliehebdo-all-rnr-threads,non-rumours,16,15,374920.0,490.0,4.000853515416622e-05,3,12,3.75
graph_004556.json,553102828743716864,non-rumour,charliehebdo-all-rnr-threads,non-rumours,7,6,4826.0,897.0,0.001243265644426,1,6,6.0
graph_004557.json,553102901619748864,false,charliehebdo-all-rnr-threads,rumours,21,20,3608.0,118.0,0.0055432372505543,6,6,2.0
graph_004558.json,553103134210666497,non-rumour,charliehebdo-all-rnr-threads,non-rumours,4,3,177631.0,380.0,1.6888943934335787e-05,1,3,3.0
graph_004559.json,553103334626701312,true,charliehebdo-all-rnr-threads,rumours,5,4,7380.0,191.0,0.0005420054200542,1,4,4.0
graph_004560.json,553103772852191233,false,charliehebdo-all-rnr-threads,rumours,4,3,126561.0,6571.0,2.3703984639817953e-05,1,3,3.0
graph_004561.json,553103832717094912,non-rumour,charliehebdo-all-rnr-threads,non-rumours,6,5,7914.0,345.0,0.0006317917614354,1,5,5.0
graph_004562.json,553104503520890880,true,charliehebdo-all-rnr-threads,rumours,15,14,2751.0,93.0,0.005089058524173,6,4,2.0
graph_004563.json,553104539898089472,non-rumour,charliehebdo-all-rnr-threads,non-rumours,4,3,82026.0,492.0,3.65737692926633e-05,1,3,3.0
graph_004564.json,553104721503088640,non-rumour,charliehebdo-all-rnr-threads,non-rumours,8,7,58404.0,188.0,0.0001198548044654,1,7,7.0
graph_004565.json,553105121526427649,non-rumour,charliehebdo-all-rnr-threads,non-rumours,20,17,29298.0,61.0,0.0006485084306095,3,15,5.666666666666667
graph_004566.json,553105208008773632,non-rumour,charliehebdo-all-rnr-threads,non-rumours,27,26,71286.0,48.0,0.0003647279970821,4,12,2.363636363636364
graph_004567.json,553105460887572480,non-rumour,charliehebdo-all-rnr-threads,non-rumours,49,48,120843.0,216.0,0.0003972096025421,14,7,1.3714285714285714
graph_004568.json,553105493255000065,non-rumour,charliehebdo-all-rnr-threads,non-rumours,4,3,14385.0,1830.0,0.000208550573514,1,3,3.0
graph_004569.json,553105942460760064,non-rumour,charliehebdo-all-rnr-threads,non-rumours,4,2,8398.0,1168.0,0.0003572279114074,1,2,2.0
graph_004570.json,553106200242700289,non-rumour,charliehebdo-all-rnr-threads,non-rumours,22,21,27047.0,81.0,0.0007764262210226,3,16,3.5
graph_004571.json,553106334607228928,non-rumour,charliehebdo-all-rnr-threads,non-rumours,26,25,179837.0,548.0,0.0001390147744902,6,13,2.5
graph_004572.json,553106714682462209,non-rumour,charliehebdo-all-rnr-threads,non-rumours,17,16,15380.0,319.0,0.001040312093628,4,13,4.0
graph_004573.json,553106869615472640,non-rumour,charliehebdo-all-rnr-threads,non-rumours,11,10,46316.0,440.0,0.0002159081095085,1,10,10.0
graph_004574.json,553107688591089664,non-rumour,charliehebdo-all-rnr-threads,non-rumours,6,5,112513.0,1448.0,4.443930923537725e-05,1,5,5.0
graph_004575.json,553107921081749504,true,charliehebdo-all-rnr-threads,rumours,7,6,5976.0,345.0,0.001004016064257,1,6,6.0
graph_004576.json,553107939926736896,non-rumour,charliehebdo-all-rnr-threads,non-rumours,23,22,81137.0,168.0,0.0002711463327458,4,18,4.4
graph_004577.json,553108153915944961,non-rumour,charliehebdo-all-rnr-threads,non-rumours,3,2,2337.0,1035.0,0.0008557980316645,1,2,2.0
graph_004578.json,553108170726719488,non-rumour,charliehebdo-all-rnr-threads,non-rumours,21,20,10084.0,126.0,0.0019833399444664,7,6,2.2222222222222223
graph_004579.json,553108242856177664,non-rumour,charliehebdo-all-rnr-threads,non-rumours,14,13,101857.0,209.0,0.0001276299125244,2,12,6.5
graph_004580.json,553108804934856704,non-rumour,charliehebdo-all-rnr-threads,non-rumours,8,7,21484.0,501.0,0.0003258238689257,1,7,7.0
graph_004581.json,553109319764291584,non-rumour,charliehebdo-all-rnr-threads,non-rumours,21,20,134319.0,1011.0,0.0001488992622041,2,17,5.0
graph_004582.json,553109369886633984,non-rumour,charliehebdo-all-rnr-threads,non-rumours,1,0,0.0,0.0,0.0,0,0,0.0
graph_004583.json,553109813807575040,non-rumour,charliehebdo-all-rnr-threads,non-rumours,24,23,679025.0,1616.0,3.387209602002872e-05,6,17,3.8333333333333335
graph_004584.json,553110339236409346,false,charliehebdo-all-rnr-threads,rumours,21,20,2393.0,40.0,0.0083577099874634,6,11,2.2222222222222223
graph_004585.json,553110609513177088,non-rumour,charliehebdo-all-rnr-threads,non-rumours,8,7,27335.0,96.0,0.0002560819462227,3,5,2.3333333333333335
graph_004586.json,553110751238701058,non-rumour,charliehebdo-all-rnr-threads,non-rumours,5,4,292649.0,33269.0,1.366825104476694e-05,1,4,4.0
graph_004587.json,553110780745629696,non-rumour,charliehebdo-all-rnr-threads,non-rumours,12,11,172715.0,316.0,6.36887357785948e-05,3,9,3.6666666666666665
graph_004588.json,553110783761338368,non-rumour,charliehebdo-all-rnr-threads,non-rumours,52,51,19632.0,600.0,0.0025977995110024,19,16,1.8214285714285712
graph_004589.json,553111157738057728,non-rumour,charliehebdo-all-rnr-threads,non-rumours,84,83,55170.0,120.0,0.0015044408192858,19,7,1.537037037037037
graph_004590.json,553111553235361792,non-rumour,charliehebdo-all-rnr-threads,non-rumours,54,28,72234.0,612.0,0.0007337264999861,13,4,1.4736842105263157
graph_004591.json,553111820786204672,non-rumour,charliehebdo-all-rnr-threads,non-rumours,24,22,29282.0,326.0,0.0007854654736698,5,16,3.142857142857143
graph_004592.json,553112060788473856,non-rumour,charliehebdo-all-rnr-threads,non-rumours,96,95,233389.0,255.0,0.0004070457476573,12,8,1.7592592592592593
graph_004593.json,553112230292496384,non-rumour,charliehebdo-all-rnr-threads,non-rumours,15,14,28189.0,184.0,0.0004966476285075,3,8,2.8
graph_004594.json,553113395487330304,non-rumour,charliehebdo-all-rnr-threads,non-rumours,16,15,396282.0,177.0,3.785183278574348e-05,1,15,15.0
graph_004595.json,553113509152952321,non-rumour,charliehebdo-all-rnr-threads,non-rumours,36,35,44340.0,72.0,0.0007893549842129,7,8,1.75
graph_004596.json,553113536625664000,non-rumour,charliehebdo-all-rnr-threads,non-rumours,9,8,361119.0,199.0,2.2153362188087582e-05,4,5,2.0
graph_004597.json,553113938091462656,non-rumour,charliehebdo-all-rnr-threads,non-rumours,16,15,26430.0,358.0,0.0005675368898978,4,9,3.0
graph_004598.json,553113944219320320,non-rumour,charliehebdo-all-rnr-threads,non-rumours,1,0,0.0,0.0,0.0,0,0,0.0
graph_004599.json,553114158989074432,non-rumour,charliehebdo-all-rnr-threads,non-rumours,9,8,5098.0,380.0,0.0015692428403295,4,4,2.0
graph_004600.json,553114307383541761,non-rumour,charliehebdo-all-rnr-threads,non-rumours,21,20,70598.0,66.0,0.00028329414431,3,17,5.0
graph_004601.json,553115168084074497,false,charliehebdo-all-rnr-threads,rumours,20,19,490914.0,77.0,3.8703316670537e-05,6,13,3.1666666666666665
graph_004602.json,553115176057065473,non-rumour,charliehebdo-all-rnr-threads,non-rumours,9,8,7099.0,50.0,0.0011269192844062,2,7,4.0
graph_004603.json,553115236992290816,false,charliehebdo-all-rnr-threads,rumours,5,4,5610.0,304.0,0.0007130124777183,1,4,4.0
graph_004604.json,553115341338198016,non-rumour,charliehebdo-all-rnr-threads,non-rumours,22,19,15973.0,155.0,0.0013147185876166,3,14,4.75
graph_004605.json,553115396006764544,non-rumour,charliehebdo-all-rnr-threads,non-rumours,21,20,57678.0,169.0,0.0003467526613266,3,16,5.0
graph_004606.json,553115926531674112,non-rumour,charliehebdo-all-rnr-threads,non-rumours,10,9,8896.0,51.0,0.001011690647482,1,9,9.0
graph_004607.json,553116149333114880,non-rumour,charliehebdo-all-rnr-threads,non-rumours,21,20,13700.0,1005.0,0.0014598540145985,2,18,6.666666666666667
graph_004608.json,553116528074575872,non-rumour,charliehebdo-all-rnr-threads,non-rumours,11,10,20128.0,111.0,0.0004968203497615,1,10,10.0
graph_004609.json,553116915325870083,unverified,charliehebdo-all-rnr-threads,rumours,4,3,20098.0,3054.0,0.0001492685839387,1,3,3.0
graph_004610.json,553117423906590720,non-rumour,charliehebdo-all-rnr-threads,non-rumours,47,43,7131.0,86.0,0.0064507081755714,13,7,1.6538461538461535
graph_004611.json,553117500410716160,non-rumour,charliehebdo-all-rnr-threads,non-rumours,8,7,2953.0,218.0,0.0023704707077548,1,7,7.0
graph_004612.json,553117623568068608,non-rumour,charliehebdo-all-rnr-threads,non-rumours,26,25,53481.0,328.0,0.0004674557319421,6,9,2.0833333333333335
graph_004613.json,553117778870169600,non-rumour,charliehebdo-all-rnr-threads,non-rumours,2,1,44041.0,44041.0,2.270611475670398e-05,1,1,1.0
graph_004614.json,553117857609809920,non-rumour,charliehebdo-all-rnr-threads,non-rumours,12,11,132123.0,242.0,8.32557541079146e-05,1,11,11.0
graph_004615.json,553118198741356544,true,charliehebdo-all-rnr-threads,rumours,16,15,114182.0,459.0,0.0001313692175649,3,9,3.0
graph_004616.json,553118212813246464,non-rumour,charliehebdo-all-rnr-threads,non-rumours,17,16,10934.0,125.0,0.0014633254069873,2,15,8.0
graph_004617.json,553118384540643328,non-rumour,charliehebdo-all-rnr-threads,non-rumours,10,9,114112.0,452.0,7.886988222097589e-05,1,9,9.0
graph_004618.json,553118438332571648,non-rumour,charliehebdo-all-rnr-threads,non-rumours,9,8,7491.0,356.0,0.001067948204512,1,8,8.0
graph_004619.json,553119235904643072,non-rumour,charliehebdo-all-rnr-threads,non-rumours,27,26,46034.0,5131.0,0.0005647999304861,6,10,2.0
graph_004620.json,553119505887395840,non-rumour,charliehebdo-all-rnr-threads,non-rumours,7,6,33073.0,382.0,0.0001814168657212,2,5,3.0
graph_004621.json,553120696910364673,non-rumour,charliehebdo-all-rnr-threads,non-rumours,14,13,15993.0,2403.0,0.0008128556243356,1,13,13.0
graph_004622.json,553120849231089664,non-rumour,charliehebdo-all-rnr-threads,non-rumours,23,22,98450.0,46.0,0.0002234636871508,4,17,4.4
graph_004623.json,553121522769219584,non-rumour,charliehebdo-all-rnr-threads,non-rumours,4,3,6437.0,424.0,0.0004660556159701,1,3,3.0
graph_004624.json,553121581187485696,non-rumour,charliehebdo-all-rnr-threads,non-rumours,20,19,1855.0,78.0,0.0102425876010781,1,19,19.0
graph_004625.json,553121732387946496,true,charliehebdo-all-rnr-threads,rumours,15,14,6760.0,273.0,0.0020710059171597,2,12,4.666666666666667
graph_004626.json,553122276913471488,non-rumour,charliehebdo-all-rnr-threads,non-rumours,12,11,11817.0,54.0,0.0009308623170009,2,7,2.75
graph_004627.json,553122359398260736,non-rumour,charliehebdo-all-rnr-threads,non-rumours,21,20,151888.0,122.0,0.0001316759717686,2,17,5.0
graph_004628.json,553123078541434880,non-rumour,charliehebdo-all-rnr-threads,non-rumours,8,7,34702.0,470.0,0.0002017174802605,3,4,1.75
graph_004629.json,553123329561743361,false,charliehebdo-all-rnr-threads,rumours,7,6,546903.0,1657.0,1.0970866863045184e-05,1,6,6.0
graph_004630.json,553123958602862593,non-rumour,charliehebdo-all-rnr-threads,non-rumours,16,15,595212.0,164.0,2.5201104816435152e-05,1,15,15.0
graph_004631.json,553124268196642816,false,charliehebdo-all-rnr-threads,rumours,8,7,14395.0,8.0,0.0004862799583188,3,4,1.75
graph_004632.json,553124563266306048,non-rumour,charliehebdo-all-rnr-threads,non-rumours,6,5,19919.0,101.0,0.0002510166173,1,5,5.0
graph_004633.json,553124783043649537,non-rumour,charliehebdo-all-rnr-threads,non-rumours,1,0,0.0,0.0,0.0,0,0,0.0
graph_004634.json,553124985137815552,non-rumour,charliehebdo-all-rnr-threads,non-rumours,20,19,9788.0,61.0,0.0019411524315488,1,19,19.0
graph_004635.json,553124985900785666,non-rumour,charliehebdo-all-rnr-threads,non-rumours,5,4,25430.0,398.0,0.0001572945340149,1,4,4.0
graph_004636.json,553125301090525185,non-rumour,charliehebdo-all-rnr-threads,non-rumours,37,36,12976.0,147.0,0.002774352651048,9,9,1.7142857142857142
graph_004637.json,553125364520992768,non-rumour,charliehebdo-all-rnr-threads,non-rumours,10,9,594192.0,2067.0,1.5146619274577914e-05,2,8,4.5
graph_004638.json,553125384246804480,non-rumour,charliehebdo-all-rnr-threads,non-rumours,2,1,132401.0,132401.0,7.552813045218692e-06,1,1,1.0
graph_004639.json,553126044375732224,non-rumour,charliehebdo-all-rnr-threads,non-rumours,20,19,200968.0,282.0,9.45424147127901e-05,2,16,9.5
graph_004640.json,553126072905383936,non-rumour,charliehebdo-all-rnr-threads,non-rumours,15,12,18034.0,25.0,0.0007763114117777,1,12,12.0
graph_004641.json,553126492579053568,non-rumour,charliehebdo-all-rnr-threads,non-rumours,7,6,18690.0,213.0,0.0003210272873194,1,6,6.0
graph_004642.json,553126517027262465,non-rumour,charliehebdo-all-rnr-threads,non-rumours,1,0,0.0,0.0,0.0,0,0,0.0
graph_004643.json,553126517187047424,non-rumour,charliehebdo-all-rnr-threads,non-rumours,20,19,38069.0,44.0,0.0004990937508208,2,17,6.333333333333333
graph_004644.json,553126953268834304,non-rumour,charliehebdo-all-rnr-threads,non-rumours,7,6,16791.0,1944.0,0.0003573342862247,2,3,3.0
graph_004645.json,553127086706397185,non-rumour,charliehebdo-all-rnr-threads,non-rumours,21,20,51932.0,84.0,0.0003851190017715,4,12,2.5
graph_004646.json,553127274829328385,non-rumour,charliehebdo-all-rnr-threads,non-rumours,11,10,3114.0,275.0,0.0032113037893384,4,6,2.0
graph_004647.json,553127508150071297,non-rumour,charliehebdo-all-rnr-threads,non-rumours,20,19,6624.0,119.0,0.0028683574879227,2,17,6.333333333333333
graph_004648.json,553127546129117184,non-rumour,charliehebdo-all-rnr-threads,non-rumours,22,21,44163.0,1254.0,0.0004755111745126,8,10,2.1
graph_004649.json,553127632947396609,non-rumour,charliehebdo-all-rnr-threads,non-rumours,21,13,2777.0,73.0,0.007202016564638,2,11,6.5
graph_004650.json,553127899033640960,non-rumour,charliehebdo-all-rnr-threads,non-rumours,11,10,63858.0,374.0,0.0001565974505935,1,10,10.0
graph_004651.json,553128245420257280,non-rumour,charliehebdo-all-rnr-threads,non-rumours,74,73,125068.0,951.0,0.0005836824767326,18,12,1.6590909090909092
graph_004652.json,553128325217275905,non-rumour,charliehebdo-all-rnr-threads,non-rumours,26,25,3495.0,521.0,0.0071530758226037,8,7,2.272727272727273
graph_004653.json,553128548526227456,non-rumour,charliehebdo-all-rnr-threads,non-rumours,3,2,1489.0,521.0,0.0013431833445265,1,2,2.0
graph_004654.json,553129117215100928,non-rumour,charliehebdo-all-rnr-threads,non-rumours,2,1,136529.0,136529.0,7.324451215492679e-06,1,1,1.0
graph_004655.json,553129378969047043,non-rumour,charliehebdo-all-rnr-threads,non-rumours,9,8,70170.0,445.0,0.0001140088356847,2,6,2.6666666666666665
graph_004656.json,553129478008758272,non-rumour,charliehebdo-all-rnr-threads,non-rumours,3,2,8423.0,3103.0,0.0002374450908227,1,2,2.0
graph_004657.json,553129559173115904,true,charliehebdo-all-rnr-threads,rumours,12,11,26629.0,380.0,0.000413083480416,5,7,2.2
graph_004658.json,553129811850559488,non-rumour,charliehebdo-all-rnr-threads,non-rumours,22,21,4980.0,204.0,0.0042168674698795,4,15,3.0
graph_004659.json,553130148107943937,false,charliehebdo-all-rnr-threads,rumours,4,3,10556.0,1188.0,0.0002841985600606,1,3,3.0
graph_004660.json,553130475032563712,non-rumour,charliehebdo-all-rnr-threads,non-rumours,2,1,2980.0,2980.0,0.0003355704697986,1,1,1.0
graph_004661.json,553131554743287808,non-rumour,charliehebdo-all-rnr-threads,non-rumours,24,23,1021422.0,205.0,2.2517627386134233e-05,4,15,3.8333333333333335
graph_004662.json,553131557892804609,non-rumour,charliehebdo-all-rnr-threads,non-rumours,3,2,343.0,279.0,0.0058309037900874,2,1,1.0
graph_004663.json,553131566172737536,non-rumour,charliehebdo-all-rnr-threads,non-rumours,15,14,7672.0,130.0,0.0018248175182481,3,10,2.8
graph_004664.json,553131713376047104,non-rumour,charliehebdo-all-rnr-threads,non-rumours,9,8,37675.0,1113.0,0.0002123424021234,1,8,8.0
graph_004665.json,553131763468603392,non-rumour,charliehebdo-all-rnr-threads,non-rumours,22,21,26053.0,134.0,0.0008060492073849,3,17,4.2
graph_004666.json,553131791553667072,non-rumour,charliehebdo-all-rnr-threads,non-rumours,20,19,9484.0,290.0,0.0020033741037536,2,17,6.333333333333333
graph_004667.json,553131797379551232,non-rumour,charliehebdo-all-rnr-threads,non-rumours,5,4,562198.0,7846.0,7.114931038530909e-06,1,4,4.0
graph_004668.json,553132534771744768,non-rumour,charliehebdo-all-rnr-threads,non-rumours,11,10,7276.0,404.0,0.0013743815283122,3,6,2.0
graph_004669.json,553132714446950400,non-rumour,charliehebdo-all-rnr-threads,non-rumours,30,29,57501.0,25.0,0.0005043390549729,9,15,2.636363636363636
graph_004670.json,553132819237462016,non-rumour,charliehebdo-all-rnr-threads,non-rumours,9,8,7595.0,450.0,0.0010533245556287,2,7,4.0
graph_004671.json,553133048611753984,non-rumour,charliehebdo-all-rnr-threads,non-rumours,27,26,22477.0,62.0,0.0011567379988432,6,18,3.7142857142857144
graph_004672.json,553133340795363328,non-rumour,charliehebdo-all-rnr-threads,non-rumours,20,19,18993.0,78.0,0.0010003685568367,10,4,1.4615384615384617
graph_004673.json,553133704881917952,unverified,charliehebdo-all-rnr-threads,rumours,52,51,777648.0,52.0,6.558237145855194e-05,16,19,1.8214285714285712
graph_004674.json,553134790925619201,non-rumour,charliehebdo-all-rnr-threads,non-rumours,10,9,2874.0,61.0,0.0031315240083507,1,9,9.0
graph_004675.json,553135106609922049,non-rumour,charliehebdo-all-rnr-threads,non-rumours,21,20,1310.0,44.0,0.015267175572519,2,19,10.0
graph_004676.json,553135255583219712,non-rumour,charliehebdo-all-rnr-threads,non-rumours,13,12,119928.0,271.0,0.0001000600360216,3,6,4.0
graph_004677.json,553135802495270913,non-rumour,charliehebdo-all-rnr-threads,non-rumours,23,22,75933.0,79.0,0.0002897291032884,4,19,5.5
graph_004678.json,553135886859534336,non-rumour,charliehebdo-all-rnr-threads,non-rumours,10,9,20871.0,138.0,0.0004312203536006,2,7,4.5
graph_004679.json,553135991083769856,non-rumour,charliehebdo-all-rnr-threads,non-rumours,7,6,15434.0,344.0,0.0003887521057405,2,5,3.0
graph_004680.json,553136053112950785,non-rumour,charliehebdo-all-rnr-threads,non-rumours,1,0,0.0,0.0,0.0,0,0,0.0
graph_004681.json,553136237083889664,non-rumour,charliehebdo-all-rnr-threads,non-rumours,25,16,40666.0,69.0,0.0005901736094034,3,13,4.0
graph_004682.json,553136565296582657,unverified,charliehebdo-all-rnr-threads,rumours,22,18,8371.0,45.0,0.0025086608529446,2,11,3.0
graph_004683.json,553136604882014208,false,charliehebdo-all-rnr-threads,rumours,13,12,10120.0,46.0,0.0011857707509881,1,12,12.0
graph_004684.json,553136845589319680,unverified,charliehebdo-all-rnr-threads,rumours,38,36,9841.0,30.0,0.0037597805101107,17,11,2.0
graph_004685.json,553136990787342336,non-rumour,charliehebdo-all-rnr-threads,non-rumours,46,45,99634.0,140.0,0.0004516530501635,19,6,1.4516129032258065
graph_004686.json,553137068688543744,non-rumour,charliehebdo-all-rnr-threads,non-rumours,1,0,0.0,0.0,0.0,0,0,0.0
graph_004687.json,553137476135432194,non-rumour,charliehebdo-all-rnr-threads,non-rumours,20,19,27738.0,49.0,0.0006849808926382,2,15,4.75
graph_004688.json,553137557601812480,non-rumour,charliehebdo-all-rnr-threads,non-rumours,22,20,527173.0,59.0,3.983512053917784e-05,10,10,2.0
graph_004689.json,553137601457426433,non-rumour,charliehebdo-all-rnr-threads,non-rumours,19,9,5856.0,721.0,0.0030737704918032,5,4,1.8
graph_004690.json,553137713163943936,non-rumour,charliehebdo-all-rnr-threads,non-rumours,9,8,448970.0,288.0,1.7818562487471322e-05,1,8,8.0
graph_004691.json,553137849663361024,false,charliehebdo-all-rnr-threads,rumours,20,19,1265.0,61.0,0.0150197628458498,2,17,6.333333333333333
graph_004692.json,553137946740932608,unverified,charliehebdo-all-rnr-threads,rumours,2,1,1816.0,1816.0,0.0005506607929515,1,1,1.0
graph_004693.json,553138330557108224,non-rumour,charliehebdo-all-rnr-threads,non-rumours,9,6,384904.0,571.0,2.0784403383700872e-05,2,4,2.0
graph_004694.json,553138598980370433,non-rumour,charliehebdo-all-rnr-threads,non-rumours,2,1,546.0,546.0,0.0018315018315018,1,1,1.0
graph_004695.json,553139058827096064,non-rumour,charliehebdo-all-rnr-threads,non-rumours,11,10,15933.0,91.0,0.0006276281930584,1,10,10.0
graph_004696.json,553139203320860672,unverified,charliehebdo-all-rnr-threads,rumours,23,21,18972.0,221.0,0.0011596036263967,6,11,2.1
graph_004697.json,553139285717950465,non-rumour,charliehebdo-all-rnr-threads,non-rumours,12,11,340209.0,126.0,3.233306585069766e-05,1,11,11.0
graph_004698.json,553139515171557376,non-rumour,charliehebdo-all-rnr-threads,non-rumours,1,0,0.0,0.0,0.0,0,0,0.0
graph_004699.json,553139573019406336,non-rumour,charliehebdo-all-rnr-threads,non-rumours,2,1,2980.0,2980.0,0.0003355704697986,1,1,1.0
graph_004700.json,553139825008599041,true,charliehebdo-all-rnr-threads,rumours,9,8,16329.0,230.0,0.0004899258987078,2,7,4.0
graph_004701.json,553140194606469121,non-rumour,charliehebdo-all-rnr-threads,non-rumours,9,8,5757.0,260.0,0.001389612645475,1,8,8.0
graph_004702.json,553140461540343808,non-rumour,charliehebdo-all-rnr-threads,non-rumours,19,18,89183.0,749.0,0.0002018321877487,4,9,2.25
graph_004703.json,553140613051215873,non-rumour,charliehebdo-all-rnr-threads,non-rumours,16,15,623066.0,174.0,2.4074496120796192e-05,1,15,15.0
graph_004704.json,553141087725170688,unverified,charliehebdo-all-rnr-threads,rumours,45,44,126740.0,22.0,0.0003471674293829,8,5,1.76
graph_004705.json,553141732452626432,unverified,charliehebdo-all-rnr-threads,rumours,12,11,11281.0,25.0,0.0009750908607392,2,9,3.6666666666666665
graph_004706.json,553141935482093568,non-rumour,charliehebdo-all-rnr-threads,non-rumours,24,23,2696.0,54.0,0.0085311572700296,6,15,3.2857142857142856
graph_004707.json,553142344166301696,non-rumour,charliehebdo-all-rnr-threads,non-rumours,24,23,46004.0,116.0,0.0004999565255195,5,9,2.090909090909091
graph_004708.json,553143017922912256,non-rumour,charliehebdo-all-rnr-threads,non-rumours,9,8,3604.0,263.0,0.002219755826859,1,8,8.0
graph_004709.json,553143179038715904,non-rumour,charliehebdo-all-rnr-threads,non-rumours,21,20,15453.0,1931.0,0.001294247071766,5,8,2.0
graph_004710.json,553143415899451393,non-rumour,charliehebdo-all-rnr-threads,non-rumours,6,5,13163.0,39.0,0.0003798526171845,1,5,5.0
graph_004711.json,553143519536500738,non-rumour,charliehebdo-all-rnr-threads,non-rumours,5,4,1857.0,94.0,0.0021540118470651,1,4,4.0
graph_004712.json,553143905039159297,non-rumour,charliehebdo-all-rnr-threads,non-rumours,99,92,77730.0,1538.0,0.0012607744757493,12,5,1.5593220338983051
graph_004713.json,553143987377561600,non-rumour,charliehebdo-all-rnr-threads,non-rumours,9,8,64519.0,129.0,0.0001239944822455,1,8,8.0
graph_004714.json,553144384737525762,non-rumour,charliehebdo-all-rnr-threads,non-rumours,5,4,4792.0,1289.0,0.0008347245409015,1,4,4.0
graph_004715.json,553144428584398850,non-rumour,charliehebdo-all-rnr-threads,non-rumours,20,19,92070.0,68.0,0.0002063647224937,3,12,3.1666666666666665
graph_004716.json,553144448452792321,non-rumour,charliehebdo-all-rnr-threads,non-rumours,6,5,2243.0,141.0,0.0022291573785109,1,5,5.0
graph_004717.json,553144712920834048,unverified,charliehebdo-all-rnr-threads,rumours,13,12,8272.0,277.0,0.0014506769825918,3,7,2.0
graph_004718.json,553144889811402752,non-rumour,charliehebdo-all-rnr-threads,non-rumours,13,12,24316.0,63.0,0.0004935022207599,2,8,6.0
graph_004719.json,553144928721973248,non-rumour,charliehebdo-all-rnr-threads,non-rumours,3,2,1023.0,208.0,0.0019550342130987,1,2,2.0
graph_004720.json,553144964168036352,non-rumour,charliehebdo-all-rnr-threads,non-rumours,25,24,13014.0,132.0,0.0018441678192715,6,16,3.4285714285714284
graph_004721.json,553145034720030720,non-rumour,charliehebdo-all-rnr-threads,non-rumours,2,1,56.0,56.0,0.0178571428571428,1,1,1.0
graph_004722.json,553145130354765824,non-rumour,charliehebdo-all-rnr-threads,non-rumours,15,14,19193.0,331.0,0.0007294326056374,1,14,14.0
graph_004723.json,553145137086607360,non-rumour,charliehebdo-all-rnr-threads,non-rumours,14,13,43262.0,198.0,0.000300494660441,2,12,6.5
graph_004724.json,553145236268916736,non-rumour,charliehebdo-all-rnr-threads,non-rumours,10,9,72131.0,157.0,0.0001247729824901,3,7,3.0
graph_004725.json,553145422097969152,non-rumour,charliehebdo-all-rnr-threads,non-rumours,25,24,20718.0,94.0,0.0011584129742253,4,12,4.8
graph_004726.json,553145603665186816,non-rumour,charliehebdo-all-rnr-threads,non-rumours,14,13,12053.0,128.0,0.0010785696507093,2,11,4.333333333333333
graph_004727.json,553145690424344576,non-rumour,charliehebdo-all-rnr-threads,non-rumours,2,1,22937.0,22937.0,4.35976806033919e-05,1,1,1.0
graph_004728.json,553145736045801472,non-rumour,charliehebdo-all-rnr-threads,non-rumours,6,5,7652.0,108.0,0.0006534239414532,1,5,5.0
graph_004729.json,553145755079569408,non-rumour,charliehebdo-all-rnr-threads,non-rumours,26,25,803233.0,86.0,3.112421924896014e-05,5,13,2.5
graph_004730.json,553145759961714688,non-rumour,charliehebdo-all-rnr-threads,non-rumours,29,28,493073.0,365.0,5.6786723264100854e-05,5,10,2.3333333333333335
graph_004731.json,553145830761594880,non-rumour,charliehebdo-all-rnr-threads,non-rumours,8,7,4314.0,77.0,0.0016226240148354,2,6,3.5
graph_004732.json,553145859089920000,non-rumour,charliehebdo-all-rnr-threads,non-rumours,16,15,337334.0,135.0,4.446631528396189e-05,8,5,1.875
graph_004733.json,553146117685522433,non-rumour,charliehebdo-all-rnr-threads,non-rumours,1,0,0.0,0.0,0.0,0,0,0.0
graph_004734.json,553146248652681217,non-rumour,charliehebdo-all-rnr-threads,non-rumours,20,19,18950.0,247.0,0.0010026385224274,3,14,3.1666666666666665
graph_004735.json,553146494271094784,non-rumour,charliehebdo-all-rnr-threads,non-rumours,7,6,14592.0,354.0,0.0004111842105263,1,6,6.0
graph_004736.json,553146691344695297,non-rumour,charliehebdo-all-rnr-threads,non-rumours,6,5,24508.0,828.0,0.0002040150155051,2,4,2.5
graph_004737.json,553147034707165185,non-rumour,charliehebdo-all-rnr-threads,non-rumours,20,19,2827.0,42.0,0.0067209055535903,2,16,4.75
graph_004738.json,553147120942084096,non-rumour,charliehebdo-all-rnr-threads,non-rumours,8,7,7840.0,165.0,0.0008928571428571,1,7,7.0
graph_004739.json,553147341470203906,non-rumour,charliehebdo-all-rnr-threads,non-rumours,16,15,2439.0,108.0,0.006150061500615,3,12,3.75
graph_004740.json,553147368913506304,non-rumour,charliehebdo-all-rnr-threads,non-rumours,23,22,45695.0,136.0,0.000481453113032,4,14,3.6666666666666665
graph_004741.json,553148339160907776,non-rumour,charliehebdo-all-rnr-threads,non-rumours,3,2,4067.0,279.0,0.0004917629702483,1,2,2.0
graph_004742.json,553148844574511104,non-rumour,charliehebdo-all-rnr-threads,non-rumours,25,24,30806.0,36.0,0.00077906901253,5,17,4.0
graph_004743.json,553148900811759617,non-rumour,charliehebdo-all-rnr-threads,non-rumours,37,36,207443.0,153.0,0.0001735416475851,11,17,2.25
graph_004744.json,553148926459920386,non-rumour,charliehebdo-all-rnr-threads,non-rumours,23,22,11144.0,208.0,0.0019741564967695,6,9,2.0
graph_004745.json,553148970651107329,non-rumour,charliehebdo-all-rnr-threads,non-rumours,31,30,97202.0,222.0,0.0003086356247813,9,12,2.5
graph_004746.json,553148984509100032,non-rumour,charliehebdo-all-rnr-threads,non-rumours,19,18,426557.0,158.0,4.219834629369581e-05,4,11,2.25
graph_004747.json,553149163181838336,non-rumour,charliehebdo-all-rnr-threads,non-rumours,2,1,206.0,206.0,0.0048543689320388,1,1,1.0
graph_004748.json,553149253363576832,non-rumour,charliehebdo-all-rnr-threads,non-rumours,10,9,163041.0,263.0,5.52008390527536e-05,1,9,9.0
graph_004749.json,553149347777753088,non-rumour,charliehebdo-all-rnr-threads,non-rumours,18,17,547046.0,218.0,3.107599726531224e-05,2,16,8.5
graph_004750.json,553149508637708288,non-rumour,charliehebdo-all-rnr-threads,non-rumours,12,11,52109.0,362.0,0.000211095971905,1,11,11.0
graph_004751.json,553149880693456896,non-rumour,charliehebdo-all-rnr-threads,non-rumours,22,21,5047.0,54.0,0.0041608876560332,2,18,5.25
graph_004752.json,553151132949053440,non-rumour,charliehebdo-all-rnr-threads,non-rumours,2,1,20139.0,20139.0,4.965489845573266e-05,1,1,1.0
graph_004753.json,553151201253294080,non-rumour,charliehebdo-all-rnr-threads,non-rumours,18,17,6269.0,14.0,0.0027117562609666,1,17,17.0
graph_004754.json,553151328009351169,non-rumour,charliehebdo-all-rnr-threads,non-rumours,7,6,4773.0,170.0,0.0012570710245128,1,6,6.0
graph_004755.json,553151506556653568,non-rumour,charliehebdo-all-rnr-threads,non-rumours,14,13,43826.0,187.0,0.0002966275726737,1,13,13.0
graph_004756.json,553151670796820480,non-rumour,charliehebdo-all-rnr-threads,non-rumours,10,9,4238.0,235.0,0.0021236432279377,1,9,9.0
graph_004757.json,553151691512492033,non-rumour,charliehebdo-all-rnr-threads,non-rumours,1,0,0.0,0.0,0.0,0,0,0.0
graph_004758.json,553151700950065152,non-rumour,charliehebdo-all-rnr-threads,non-rumours,21,20,19550.0,31.0,0.0010230179028132,5,10,2.857142857142857
graph_004759.json,553151749008424960,non-rumour,charliehebdo-all-rnr-threads,non-rumours,16,15,22075.0,15.0,0.0006795016987542,2,14,7.5
graph_004760.json,553151804046082048,non-rumour,charliehebdo-all-rnr-threads,non-rumours,4,3,14235.0,126.0,0.0002107481559536,2,2,1.5
graph_004761.json,553151980928262144,non-rumour,charliehebdo-all-rnr-threads,non-rumours,20,19,101025.0,37.0,0.0001880722593417,2,11,6.333333333333333
graph_004762.json,553152208691539968,non-rumour,charliehebdo-all-rnr-threads,non-rumours,1,0,0.0,0.0,0.0,0,0,0.0
graph_004763.json,553152215050125313,true,charliehebdo-all-rnr-threads,rumours,4,3,4111.0,862.0,0.0007297494526879,1,3,3.0
graph_004764.json,553152395371630592,false,charliehebdo-all-rnr-threads,rumours,22,21,25262.0,382.0,0.0008312881007046,4,18,5.25
graph_004765.json,553152400832606208,non-rumour,charliehebdo-all-rnr-threads,non-rumours,20,19,14787.0,27.0,0.0012849124230743,3,14,3.8
graph_004766.json,553152448077258753,non-rumour,charliehebdo-all-rnr-threads,non-rumours,4,3,2602.0,1554.0,0.001152959262106,1,3,3.0
graph_004767.json,553152515701612544,non-rumour,charliehebdo-all-rnr-threads,non-rumours,22,21,21158.0,291.0,0.0009925323754608,4,16,4.2
graph_004768.json,553152675014246400,non-rumour,charliehebdo-all-rnr-threads,non-rumours,20,19,10860.0,225.0,0.0017495395948434,4,14,3.8
graph_004769.json,553152831050362882,non-rumour,charliehebdo-all-rnr-threads,non-rumours,11,10,12258.0,70.0,0.0008157937673356,5,5,2.0
graph_004770.json,553153073481535489,non-rumour,charliehebdo-all-rnr-threads,non-rumours,32,31,1112524.0,173.0,2.786456741607372e-05,16,9,1.4761904761904765
graph_004771.json,553153190859141120,non-rumour,charliehebdo-all-rnr-threads,non-rumours,37,36,79110.0,50.0,0.0004550625711035,10,8,2.0
graph_004772.json,553153731471364096,non-rumour,charliehebdo-all-rnr-threads,non-rumours,33,32,292651.0,394.0,0.0001093452610788,13,9,1.5238095238095235
graph_004773.json,553153740925304832,non-rumour,charliehebdo-all-rnr-threads,non-rumours,8,7,5568.0,756.0,0.0012571839080459,1,7,7.0
graph_004774.json,553155289235881984,non-rumour,charliehebdo-all-rnr-threads,non-rumours,13,12,121949.0,803.0,9.84017909125946e-05,1,12,12.0
graph_004775.json,553155430055440384,non-rumour,charliehebdo-all-rnr-threads,non-rumours,6,5,84241.0,1044.0,5.9353521444427296e-05,1,5,5.0
graph_004776.json,553155988917075968,non-rumour,charliehebdo-all-rnr-threads,non-rumours,12,11,139027.0,174.0,7.91213217576442e-05,1,11,11.0
graph_004777.json,553156573607251968,non-rumour,charliehebdo-all-rnr-threads,non-rumours,21,20,5365.0,37.0,0.0037278657968313,10,9,1.6666666666666667
graph_004778.json,553156988356820992,non-rumour,charliehebdo-all-rnr-threads,non-rumours,5,4,74690.0,403.0,5.3554692729950465e-05,1,4,4.0
graph_004779.json,553157114156560385,non-rumour,charliehebdo-all-rnr-threads,non-rumours,22,21,99803.0,27.0,0.0002104145165976,4,17,5.25
graph_004780.json,553157352091025408,non-rumour,charliehebdo-all-rnr-threads,non-rumours,6,5,72504.0,368.0,6.896171245724373e-05,1,5,5.0
graph_004781.json,553157384714342400,non-rumour,charliehebdo-all-rnr-threads,non-rumours,21,20,88240.0,94.0,0.0002266545784224,3,14,2.857142857142857
graph_004782.json,553157600225677312,non-rumour,charliehebdo-all-rnr-threads,non-rumours,10,9,47486.0,109.0,0.0001895295455502,2,7,4.5
graph_004783.json,553157600704204800,non-rumour,charliehebdo-all-rnr-threads,non-rumours,25,24,38879.0,51.0,0.0006172998276704,3,18,8.0
graph_004784.json,553157744061325312,non-rumour,charliehebdo-all-rnr-threads,non-rumours,27,19,16773.0,2810.0,0.0015501102963095,8,7,1.5833333333333333
graph_004785.json,553157857215262721,non-rumour,charliehebdo-all-rnr-threads,non-rumours,20,19,494.0,26.0,0.0384615384615384,1,19,19.0
graph_004786.json,553158824979619840,non-rumour,charliehebdo-all-rnr-threads,non-rumours,16,15,69194.0,3113.0,0.0002167818018903,1,15,15.0
graph_004787.json,553158826435018752,non-rumour,charliehebdo-all-rnr-threads,non-rumours,6,5,1429.0,248.0,0.0034989503149055,1,5,5.0
graph_004788.json,553159290987364352,non-rumour,charliehebdo-all-rnr-threads,non-rumours,7,5,59543.0,135.0,0.0001007675125539,2,4,2.5
graph_004789.json,553159409476837376,non-rumour,charliehebdo-all-rnr-threads,non-rumours,2,1,49965.0,49965.0,2.0014009806864805e-05,1,1,1.0
graph_004790.json,553159439457341442,non-rumour,charliehebdo-all-rnr-threads,non-rumours,11,10,8283.0,34.0,0.0012072920439454,1,10,10.0
graph_004791.json,553159773555023872,non-rumour,charliehebdo-all-rnr-threads,non-rumours,23,22,117337.0,11.0,0.000187494140808,2,19,7.333333333333333
graph_004792.json,553159810179661826,non-rumour,charliehebdo-all-rnr-threads,non-rumours,25,24,15002.0,77.0,0.0015997866951073,5,15,2.6666666666666665
graph_004793.json,553160213839486976,non-rumour,charliehebdo-all-rnr-threads,non-rumours,4,3,34448.0,15195.0,8.708778448676266e-05,1,3,3.0
graph_004794.json,553160244847984640,non-rumour,charliehebdo-all-rnr-threads,non-rumours,34,33,135839.0,96.0,0.0002429346505789,8,8,2.2
graph_004795.json,553160652567498752,true,charliehebdo-all-rnr-threads,rumours,12,11,18397.0,70.0,0.0005979235744958,1,11,11.0
graph_004796.json,553160898399834112,non-rumour,charliehebdo-all-rnr-threads,non-rumours,10,9,4482.0,244.0,0.002008032128514,1,9,9.0
graph_004797.json,553160909208559616,non-rumour,charliehebdo-all-rnr-threads,non-rumours,6,5,2781.0,39.0,0.0017979144192736,1,5,5.0
graph_004798.json,553161360503500801,non-rumour,charliehebdo-all-rnr-threads,non-rumours,7,4,1816.0,237.0,0.0033039647577092,1,4,4.0
graph_004799.json,553161401733496832,non-rumour,charliehebdo-all-rnr-threads,non-rumours,6,5,5248.0,355.0,0.000952743902439,1,5,5.0
graph_004800.json,553161458931236864,non-rumour,charliehebdo-all-rnr-threads,non-rumours,15,14,40726.0,3289.0,0.0003437607425232,4,7,2.8
graph_004801.json,553161476928978944,non-rumour,charliehebdo-all-rnr-threads,non-rumours,12,11,164433.0,263.0,6.689654752999701e-05,2,10,5.5
graph_004802.json,553161912968417280,non-rumour,charliehebdo-all-rnr-threads,non-rumours,26,25,209436.0,66.0,0.0001193682079489,5,12,5.0
graph_004803.json,553162401940770816,non-rumour,charliehebdo-all-rnr-threads,non-rumours,54,53,22451.0,423.0,0.0023606966282125,15,8,1.962962962962963
graph_004804.json,553162459885096962,non-rumour,charliehebdo-all-rnr-threads,non-rumours,35,34,50758.0,75.0,0.0006698451475629,7,12,2.125
graph_004805.json,553162589744926720,non-rumour,charliehebdo-all-rnr-threads,non-rumours,20,19,21988.0,205.0,0.0008641076951064,2,17,6.333333333333333
graph_004806.json,553162815402672128,non-rumour,charliehebdo-all-rnr-threads,non-rumours,19,18,21018.0,1506.0,0.0008564087924636,3,14,4.5
graph_004807.json,553163190138580992,non-rumour,charliehebdo-all-rnr-threads,non-rumours,18,17,116554.0,1057.0,0.0001458551401067,2,15,8.5
graph_004808.json,553163210715844608,non-rumour,charliehebdo-all-rnr-threads,non-rumours,26,25,100965.0,437.0,0.0002476105581141,6,15,3.5714285714285716
graph_004809.json,553163344577064960,non-rumour,charliehebdo-all-rnr-threads,non-rumours,16,15,19398.0,55.0,0.0007732755954222,3,13,5.0
graph_004810.json,553163722378977282,non-rumour,charliehebdo-all-rnr-threads,non-rumours,18,17,49081.0,50.0,0.0003463662109573,2,16,8.5
graph_004811.json,553163862707818496,non-rumour,charliehebdo-all-rnr-threads,non-rumours,11,10,24606.0,377.0,0.000406404941884,1,10,10.0
graph_004812.json,553164185006534656,non-rumour,charliehebdo-all-rnr-threads,non-rumours,42,41,50690.0,147.0,0.0008088380351154,9,7,1.64
graph_004813.json,553164303650799616,non-rumour,charliehebdo-all-rnr-threads,non-rumours,20,19,2564.0,173.0,0.0074102964118564,2,18,9.5
graph_004814.json,553164381673259008,non-rumour,charliehebdo-all-rnr-threads,non-rumours,11,9,109745.0,293.0,9.112032438835482e-05,3,4,1.5
graph_004815.json,553164722380742656,non-rumour,charliehebdo-all-rnr-threads,non-rumours,17,15,3438.0,119.0,0.004653868528214,1,15,15.0
graph_004816.json,553164985460068352,unverified,charliehebdo-all-rnr-threads,rumours,15,14,32555.0,35.0,0.0004300414682844,1,14,14.0
graph_004817.json,553165231275663361,non-rumour,charliehebdo-all-rnr-threads,non-rumours,13,12,3208.0,144.0,0.0037406483790523,3,5,2.4
graph_004818.json,553165418639413248,non-rumour,charliehebdo-all-rnr-threads,non-rumours,10,9,9828.0,40.0,0.0009157509157509,1,9,9.0
graph_004819.json,553165538499641344,non-rumour,charliehebdo-all-rnr-threads,non-rumours,43,42,4650.0,105.0,0.0090322580645161,19,10,1.68
graph_004820.json,553165824979386368,non-rumour,charliehebdo-all-rnr-threads,non-rumours,7,2,28700.0,242.0,0.0002090592334494,1,2,2.0
graph_004821.json,553166152344829952,non-rumour,charliehebdo-all-rnr-threads,non-rumours,31,30,64263.0,114.0,0.0004668316138368,6,16,2.727272727272727
graph_004822.json,553166766977740801,non-rumour,charliehebdo-all-rnr-threads,non-rumours,38,37,82645.0,181.0,0.000447697985359,5,9,1.5416666666666667
graph_004823.json,553166907596365824,non-rumour,charliehebdo-all-rnr-threads,non-rumours,14,13,332767.0,478.0,3.906637376903359e-05,5,7,2.6
graph_004824.json,553167429665587200,false,charliehebdo-all-rnr-threads,rumours,9,8,332642.0,321.0,2.4049879449979258e-05,2,7,4.0
graph_004825.json,553167814941761538,false,charliehebdo-all-rnr-threads,rumours,4,3,2967.0,105.0,0.0010111223458038,1,3,3.0
graph_004826.json,553168646051475456,non-rumour,charliehebdo-all-rnr-threads,non-rumours,9,8,97789.0,541.0,8.180879239996319e-05,5,4,1.6
graph_004827.json,553168698677030913,non-rumour,charliehebdo-all-rnr-threads,non-rumours,24,23,23048.0,305.0,0.0009979173897952,4,19,5.75
graph_004828.json,553168792017457154,non-rumour,charliehebdo-all-rnr-threads,non-rumours,11,10,118281.0,800.0,8.454443232640914e-05,2,9,5.0
graph_004829.json,553169114102247424,non-rumour,charliehebdo-all-rnr-threads,non-rumours,2,1,4301.0,4301.0,0.0002325040688212,1,1,1.0
graph_004830.json,553169307824177152,false,charliehebdo-all-rnr-threads,rumours,6,5,3080.0,60.0,0.0016233766233766,1,5,5.0
graph_004831.json,553169577228926976,non-rumour,charliehebdo-all-rnr-threads,non-rumours,8,7,674878.0,184.0,1.037224505762523e-05,2,6,3.5
graph_004832.json,553169622762262529,non-rumour,charliehebdo-all-rnr-threads,non-rumours,21,20,2910.0,89.0,0.0068728522336769,3,14,4.0
graph_004833.json,553170912129056770,non-rumour,charliehebdo-all-rnr-threads,non-rumours,25,24,12401.0,76.0,0.0019353277961454,8,16,2.6666666666666665
graph_004834.json,553170984824733698,non-rumour,charliehebdo-all-rnr-threads,non-rumours,23,22,15972.0,36.0,0.0013774104683195,4,16,3.142857142857143
graph_004835.json,553171056589279233,non-rumour,charliehebdo-all-rnr-threads,non-rumours,17,16,470420.0,95.0,3.401215934696654e-05,1,16,16.0
graph_004836.json,553171741804359680,non-rumour,charliehebdo-all-rnr-threads,non-rumours,19,18,84759.0,79.0,0.0002123668283014,1,18,18.0
graph_004837.json,553171841913602048,non-rumour,charliehebdo-all-rnr-threads,non-rumours,23,21,3842.0,185.0,0.0057261842790213,8,13,2.3333333333333335
graph_004838.json,553171877464920064,non-rumour,charliehebdo-all-rnr-threads,non-rumours,14,12,25823.0,83.0,0.0005034271773225,2,10,5.5
graph_004839.json,553171989385728000,non-rumour,charliehebdo-all-rnr-threads,non-rumours,3,2,2862.0,761.0,0.0006988120195667,1,2,2.0
graph_004840.json,553172148085620738,non-rumour,charliehebdo-all-rnr-threads,non-rumours,22,21,9888.0,123.0,0.0021237864077669,4,15,3.5
graph_004841.json,553172543470043136,non-rumour,charliehebdo-all-rnr-threads,non-rumours,4,3,53362.0,913.0,5.621978186724635e-05,1,3,3.0
graph_004842.json,553172609211596800,non-rumour,charliehebdo-all-rnr-threads,non-rumours,16,15,57030.0,452.0,0.0002630194634402,2,14,7.5
graph_004843.json,553172769819852800,non-rumour,charliehebdo-all-rnr-threads,non-rumours,10,9,93486.0,176.0,9.627109941595533e-05,2,8,4.5
graph_004844.json,553172900270727169,non-rumour,charliehebdo-all-rnr-threads,non-rumours,4,3,1150.0,184.0,0.0026086956521739,1,3,3.0
graph_004845.json,553173371043995648,non-rumour,charliehebdo-all-rnr-threads,non-rumours,12,11,72494.0,1850.0,0.0001517366954506,2,10,5.5
graph_004846.json,553173501369389056,non-rumour,charliehebdo-all-rnr-threads,non-rumours,29,28,71612.0,69.0,0.000390995922471,5,17,2.5454545454545454
graph_004847.json,553173654121742336,non-rumour,charliehebdo-all-rnr-threads,non-rumours,20,19,2074.0,32.0,0.0091610414657666,3,13,4.75
graph_004848.json,553174247506706432,non-rumour,charliehebdo-all-rnr-threads,non-rumours,11,10,673511.0,1398.0,1.4847567448787029e-05,1,10,10.0
graph_004849.json,553174338380517376,non-rumour,charliehebdo-all-rnr-threads,non-rumours,205,204,697363.0,45.0,0.000292530575898,19,16,1.6451612903225807
graph_004850.json,553174353735872512,non-rumour,charliehebdo-all-rnr-threads,non-rumours,23,18,26252.0,227.0,0.0008380313880847,2,17,9.0
graph_004851.json,553174536028303360,non-rumour,charliehebdo-all-rnr-threads,non-rumours,13,12,6748.0,50.0,0.0017783046828689,2,11,6.0
graph_004852.json,553174607604482048,non-rumour,charliehebdo-all-rnr-threads,non-rumours,12,11,12523.0,198.0,0.0008783837738561,2,10,5.5
graph_004853.json,553174639158231041,non-rumour,charliehebdo-all-rnr-threads,non-rumours,7,6,18877.0,2808.0,0.0003178471155374,3,4,2.0
graph_004854.json,553174713061892097,non-rumour,charliehebdo-all-rnr-threads,non-rumours,14,12,32165.0,79.0,0.0004041660189647,2,11,6.0
graph_004855.json,553174789561389056,non-rumour,charliehebdo-all-rnr-threads,non-rumours,20,19,6918.0,142.0,0.0027464585140213,1,19,19.0
graph_004856.json,553175336926449664,non-rumour,charliehebdo-all-rnr-threads,non-rumours,20,18,38475.0,103.0,0.0004938271604938,1,18,18.0
graph_004857.json,553175451506855936,non-rumour,charliehebdo-all-rnr-threads,non-rumours,21,20,4487.0,400.0,0.0044573211499888,3,15,3.3333333333333335
graph_004858.json,553175550231986177,non-rumour,charliehebdo-all-rnr-threads,non-rumours,11,10,23495.0,26.0,0.0004256224728665,1,10,10.0
graph_004859.json,553175714128990208,non-rumour,charliehebdo-all-rnr-threads,non-rumours,18,17,36323.0,65.0,0.00046802301572,2,16,8.5
graph_004860.json,553176411541098499,false,charliehebdo-all-rnr-threads,rumours,1,0,0.0,0.0,0.0,0,0,0.0
graph_004861.json,553176753297162240,unverified,charliehebdo-all-rnr-threads,rumours,6,5,10011.0,81.0,0.0004994506043352,1,5,5.0
graph_004862.json,553176929411825664,unverified,charliehebdo-all-rnr-threads,rumours,20,18,7751.0,65.0,0.0024512966068894,2,15,9.0
graph_004863.json,553176976698376192,non-rumour,charliehebdo-all-rnr-threads,non-rumours,8,7,3119.0,69.0,0.0022443090734209,1,7,7.0
graph_004864.json,553177082566836225,non-rumour,charliehebdo-all-rnr-threads,non-rumours,26,11,17276.0,190.0,0.0014470942347765,2,10,5.5
graph_004865.json,553177099843149824,non-rumour,charliehebdo-all-rnr-threads,non-rumours,70,69,181231.0,81.0,0.0003807295661338,12,7,1.864864864864865
graph_004866.json,553177321218514944,non-rumour,charliehebdo-all-rnr-threads,non-rumours,15,14,25818.0,99.0,0.0005422573398404,1,14,14.0
graph_004867.json,553177465883873280,non-rumour,charliehebdo-all-rnr-threads,non-rumours,1,0,0.0,0.0,0.0,0,0,0.0
graph_004868.json,553177822312013825,non-rumour,charliehebdo-all-rnr-threads,non-rumours,17,15,353427.0,38.0,4.5271017777362794e-05,2,13,5.0
graph_004869.json,553177833686589440,non-rumour,charliehebdo-all-rnr-threads,non-rumours,12,11,15481.0,14.0,0.0007105484141851,1,11,11.0
graph_004870.json,553178273895956480,non-rumour,charliehebdo-all-rnr-threads,non-rumours,23,22,50368.0,262.0,0.0004367852604828,5,12,2.75
graph_004871.json,553178341596233728,non-rumour,charliehebdo-all-rnr-threads,non-rumours,17,16,5048.0,30.0,0.0031695721077654,9,8,1.7777777777777777
graph_004872.json,553180005514366976,non-rumour,charliehebdo-all-rnr-threads,non-rumours,30,16,77182.0,54.0,0.0003757352750641,6,8,2.0
graph_004873.json,553180071775993857,non-rumour,charliehebdo-all-rnr-threads,non-rumours,6,5,7147.0,822.0,0.0006995942353435,1,5,5.0
graph_004874.json,553180236591169536,non-rumour,charliehebdo-all-rnr-threads,non-rumours,59,58,320096.0,53.0,0.0001811956413076,19,8,1.4871794871794872
graph_004875.json,553180503969644544,non-rumour,charliehebdo-all-rnr-threads,non-rumours,9,8,11153.0,129.0,0.0007172957948534,1,8,8.0
graph_004876.json,553180729254113280,non-rumour,charliehebdo-all-rnr-threads,non-rumours,6,5,10206.0,1079.0,0.0004899078973153,2,4,2.5
graph_004877.json,553181386069143552,non-rumour,charliehebdo-all-rnr-threads,non-rumours,41,40,1063973.0,1847.0,3.759493896931595e-05,10,13,1.7391304347826086
graph_004878.json,553181500104269824,non-rumour,charliehebdo-all-rnr-threads,non-rumours,6,5,5033.0,801.0,0.000993443274389,2,4,2.5
graph_004879.json,553181586829484034,non-rumour,charliehebdo-all-rnr-threads,non-rumours,5,4,733.0,42.0,0.0054570259208731,1,4,4.0
graph_004880.json,553181899662049281,non-rumour,charliehebdo-all-rnr-threads,non-rumours,47,46,19601.0,697.0,0.0023468190398449,10,5,1.7037037037037035
graph_004881.json,553181902543126529,non-rumour,charliehebdo-all-rnr-threads,non-rumours,20,19,164069.0,119203.0,0.0001158049357282,10,6,1.5833333333333333
graph_004882.json,553181997041217537,non-rumour,charliehebdo-all-rnr-threads,non-rumours,32,31,7359.0,140.0,0.004212528876206,19,5,1.4090909090909092
graph_004883.json,553182566564757504,non-rumour,charliehebdo-all-rnr-threads,non-rumours,15,14,737448.0,140.0,1.8984389407795533e-05,6,9,2.3333333333333335
graph_004884.json,553182889379397632,non-rumour,charliehebdo-all-rnr-threads,non-rumours,20,18,33769.0,1250.0,0.0005626462139832,3,14,3.6
graph_004885.json,553183067670843392,non-rumour,charliehebdo-all-rnr-threads,non-rumours,20,19,18514.0,22.0,0.0010262504050988,1,19,19.0
graph_004886.json,553183099610095616,non-rumour,charliehebdo-all-rnr-threads,non-rumours,10,9,40328.0,624.0,0.0002231700059512,2,8,4.5
graph_004887.json,553183420499894272,non-rumour,charliehebdo-all-rnr-threads,non-rumours,10,9,16780.0,38.0,0.0005363528009535,2,8,4.5
graph_004888.json,553184082277187585,non-rumour,charliehebdo-all-rnr-threads,non-rumours,20,18,6515.0,140.0,0.0029163468917881,2,16,6.0
graph_004889.json,553184390260338688,non-rumour,charliehebdo-all-rnr-threads,non-rumours,14,13,8161.0,559.0,0.0015929420414164,6,5,1.8571428571428572
graph_004890.json,553184451774402560,non-rumour,charliehebdo-all-rnr-threads,non-rumours,13,12,2594.0,135.0,0.0046260601387818,4,6,1.7142857142857142
graph_004891.json,553184482241814530,unverified,charliehebdo-all-rnr-threads,rumours,29,28,87073.0,53.0,0.0003215692579789,4,19,3.111111111111111
graph_004892.json,553184643055644674,false,charliehebdo-all-rnr-threads,rumours,26,25,2070.0,1.0,0.0120772946859903,11,12,1.7857142857142858
graph_004893.json,553184958958022657,unverified,charliehebdo-all-rnr-threads,rumours,10,9,10639.0,52.0,0.0008459441676849,1,9,9.0
graph_004894.json,553185062829948928,non-rumour,charliehebdo-all-rnr-threads,non-rumours,2,1,115045.0,115045.0,8.692250858359773e-06,1,1,1.0
graph_004895.json,553185370108878849,unverified,charliehebdo-all-rnr-threads,rumours,25,21,193299.0,327.0,0.0001241599801344,5,9,2.625
graph_004896.json,553185404657352704,non-rumour,charliehebdo-all-rnr-threads,non-rumours,57,56,66553.0,76.0,0.0008414346460715,19,11,1.8666666666666667
graph_004897.json,553185716218650624,non-rumour,charliehebdo-all-rnr-threads,non-rumours,20,19,6738.0,112.0,0.0028198278420896,3,16,4.75
graph_004898.json,553185825065009153,non-rumour,charliehebdo-all-rnr-threads,non-rumours,20,19,24188.0,153.0,0.0007855134777575,4,14,3.8
graph_004899.json,553185854165114882,non-rumour,charliehebdo-all-rnr-threads,non-rumours,5,4,2225.0,292.0,0.0017977528089887,1,4,4.0
graph_004900.json,553186026811039745,non-rumour,charliehebdo-all-rnr-threads,non-rumours,30,29,381432.0,927.0,7.60292791375658e-05,7,12,2.230769230769231
graph_004901.json,553186457121472512,non-rumour,charliehebdo-all-rnr-threads,non-rumours,18,17,3255.0,33.0,0.0052227342549923,2,16,8.5
graph_004902.json,553186515359379457,non-rumour,charliehebdo-all-rnr-threads,non-rumours,8,6,73091.0,315.0,9.577102516041646e-05,1,6,6.0
graph_004903.json,553186555150749696,false,charliehebdo-all-rnr-threads,rumours,25,24,68323.0,14.0,0.0003512726314711,6,12,2.0
graph_004904.json,553186577850335232,non-rumour,charliehebdo-all-rnr-threads,non-rumours,10,9,6567.0,22.0,0.0013704888076747,1,9,9.0
graph_004905.json,553186670871597056,non-rumour,charliehebdo-all-rnr-threads,non-rumours,17,16,272721.0,569.0,5.866801603103538e-05,1,16,16.0
graph_004906.json,553186739326812161,non-rumour,charliehebdo-all-rnr-threads,non-rumours,8,7,9552.0,823.0,0.0007328308207705,1,7,7.0
graph_004907.json,553187282295877632,non-rumour,charliehebdo-all-rnr-threads,non-rumours,21,20,6389.0,56.0,0.0031303803412114,4,8,2.2222222222222223
graph_004908.json,553187649943384064,non-rumour,charliehebdo-all-rnr-threads,non-rumours,11,10,325419.0,270.0,3.072961320635857e-05,1,10,10.0
graph_004909.json,553187683510812672,non-rumour,charliehebdo-all-rnr-threads,non-rumours,10,9,6517.0,98.0,0.0013810035292312,1,9,9.0
graph_004910.json,553187959835725824,non-rumour,charliehebdo-all-rnr-threads,non-rumours,22,21,527300.0,440.0,3.98255262658828e-05,8,4,1.5
graph_004911.json,553187990953295872,non-rumour,charliehebdo-all-rnr-threads,non-rumours,1,0,0.0,0.0,0.0,0,0,0.0
graph_004912.json,553188115033387008,non-rumour,charliehebdo-all-rnr-threads,non-rumours,4,3,2188.0,82.0,0.0013711151736745,1,3,3.0
graph_004913.json,553188214522249217,non-rumour,charliehebdo-all-rnr-threads,non-rumours,23,22,3574.0,79.0,0.0061555679910464,4,19,5.5
graph_004914.json,553188225691684864,non-rumour,charliehebdo-all-rnr-threads,non-rumours,6,5,8285.0,407.0,0.0006035003017501,1,5,5.0
graph_004915.json,553188382403477505,false,charliehebdo-all-rnr-threads,rumours,4,3,2614.0,548.0,0.0011476664116296,3,1,1.0
graph_004916.json,553188974811185152,non-rumour,charliehebdo-all-rnr-threads,non-rumours,30,28,62182.0,514.0,0.0004663729053423,8,10,1.8666666666666667
graph_004917.json,553189024941481985,non-rumour,charliehebdo-all-rnr-threads,non-rumours,6,5,5632.0,123.0,0.000887784090909,1,5,5.0
graph_004918.json,553189165509394432,non-rumour,charliehebdo-all-rnr-threads,non-rumours,20,19,5544.0,130.0,0.0034271284271284,3,14,4.75
graph_004919.json,553189490521812992,non-rumour,charliehebdo-all-rnr-threads,non-rumours,14,13,63697.0,2821.0,0.0002040912444856,5,7,2.6
graph_004920.json,553189526177579008,non-rumour,charliehebdo-all-rnr-threads,non-rumours,57,56,468150.0,87.0,0.000119619779985,18,17,1.9310344827586208
graph_004921.json,553189840913989633,non-rumour,charliehebdo-all-rnr-threads,non-rumours,82,81,256266.0,58.0,0.0003160778253845,17,11,1.4727272727272729
graph_004922.json,553190393370923008,false,charliehebdo-all-rnr-threads,rumours,2,1,50203.0,50203.0,1.9919128338943887e-05,1,1,1.0
graph_004923.json,553190655011205120,non-rumour,charliehebdo-all-rnr-threads,non-rumours,25,24,31754.0,151.0,0.0007558102916168,14,7,1.5
graph_004924.json,553190729447919616,non-rumour,charliehebdo-all-rnr-threads,non-rumours,25,24,23224.0,41.0,0.0010334137099552,5,16,2.6666666666666665
graph_004925.json,553191800408911872,non-rumour,charliehebdo-all-rnr-threads,non-rumours,23,22,498470.0,16.0,4.413505326298473e-05,2,19,7.333333333333333
graph_004926.json,553192366098898945,non-rumour,charliehebdo-all-rnr-threads,non-rumours,5,4,3380.0,289.0,0.0011834319526627,1,4,4.0
graph_004927.json,553192373728342016,non-rumour,charliehebdo-all-rnr-threads,non-rumours,27,26,112484.0,93.0,0.0002311439849223,7,10,1.625
graph_004928.json,553192641328734208,non-rumour,charliehebdo-all-rnr-threads,non-rumours,22,21,7574.0,64.0,0.0027726432532347,4,13,2.625
graph_004929.json,553193210269298688,non-rumour,charliehebdo-all-rnr-threads,non-rumours,22,21,6937.0,15.0,0.0030272452068617,2,17,5.25
graph_004930.json,553193480319942656,non-rumour,charliehebdo-all-rnr-threads,non-rumours,33,32,26569.0,239.0,0.0012044111558583,11,9,1.7777777777777777
graph_004931.json,553193866057506817,non-rumour,charliehebdo-all-rnr-threads,non-rumours,21,20,10232.0,49.0,0.0019546520719311,3,18,6.666666666666667
graph_004932.json,553194417239363584,non-rumour,charliehebdo-all-rnr-threads,non-rumours,18,17,587939.0,62.0,2.8914564266020795e-05,3,15,5.666666666666667
graph_004933.json,553194557316542465,non-rumour,charliehebdo-all-rnr-threads,non-rumours,15,14,101721.0,128.0,0.0001376313642217,4,10,2.8
graph_004934.json,553194632520421376,non-rumour,charliehebdo-all-rnr-threads,non-rumours,29,28,47805.0,749.0,0.000585712791549,9,18,2.5454545454545454
graph_004935.json,553195138156343296,non-rumour,charliehebdo-all-rnr-threads,non-rumours,10,9,342699.0,2376.0,2.626211339980566e-05,2,5,2.25
graph_004936.json,553195806899970048,non-rumour,charliehebdo-all-rnr-threads,non-rumours,20,19,46055.0,32.0,0.0004125502117033,3,17,6.333333333333333
graph_004937.json,553195808930410496,non-rumour,charliehebdo-all-rnr-threads,non-rumours,19,18,376497.0,276.0,4.7809145889608685e-05,7,6,1.6363636363636365
graph_004938.json,553195827397926912,non-rumour,charliehebdo-all-rnr-threads,non-rumours,6,5,18852.0,409.0,0.0002652238489284,1,5,5.0
graph_004939.json,553195852643442688,non-rumour,charliehebdo-all-rnr-threads,non-rumours,7,6,93779.0,149.0,6.398020878874802e-05,2,5,3.0
graph_004940.json,553195969282867202,non-rumour,charliehebdo-all-rnr-threads,non-rumours,1,0,0.0,0.0,0.0,0,0,0.0
graph_004941.json,553196035133440000,non-rumour,charliehebdo-all-rnr-threads,non-rumours,44,34,6421.0,163.0,0.0066967762030836,7,10,2.125
graph_004942.json,553196263064498176,non-rumour,charliehebdo-all-rnr-threads,non-rumours,19,18,17645.0,38.0,0.0010201190138849,3,13,6.0
graph_004943.json,553196453938855937,non-rumour,charliehebdo-all-rnr-threads,non-rumours,23,22,9047.0,40.0,0.0024317453299436,2,17,4.4
graph_004944.json,553196571194851328,non-rumour,charliehebdo-all-rnr-threads,non-rumours,17,16,383517.0,220.0,4.171914152436528e-05,2,14,5.333333333333333
graph_004945.json,553196930768330753,non-rumour,charliehebdo-all-rnr-threads,non-rumours,24,23,289972.0,265.0,7.931800311754239e-05,4,15,3.2857142857142856
graph_004946.json,553196953480495105,non-rumour,charliehebdo-all-rnr-threads,non-rumours,17,16,812217.0,90.0,1.96991690644249e-05,4,11,2.6666666666666665
graph_004947.json,553197181151481857,non-rumour,charliehebdo-all-rnr-threads,non-rumours,8,7,94334.0,1967.0,7.420442258358599e-05,3,5,2.3333333333333335
graph_004948.json,553197197618339841,non-rumour,charliehebdo-all-rnr-threads,non-rumours,21,20,19803.0,476.0,0.0010099479876786,10,9,1.818181818181818
graph_004949.json,553197212726218752,non-rumour,charliehebdo-all-rnr-threads,non-rumours,20,19,7491.0,138.0,0.0025363769857161,1,19,19.0
graph_004950.json,553197863971610624,false,charliehebdo-all-rnr-threads,rumours,24,23,165437.0,89.0,0.0001390257318495,4,15,3.8333333333333335
graph_004951.json,553198107278987264,non-rumour,charliehebdo-all-rnr-threads,non-rumours,22,21,109374.0,3286.0,0.0001920017554446,5,13,3.0
graph_004952.json,553198268436344832,non-rumour,charliehebdo-all-rnr-threads,non-rumours,20,19,322878.0,10693.0,5.8845755982135666e-05,3,16,4.75
graph_004953.json,553198344034865152,non-rumour,charliehebdo-all-rnr-threads,non-rumours,3,2,638.0,343.0,0.0031347962382445,1,2,2.0
graph_004954.json,553198853487611907,non-rumour,charliehebdo-all-rnr-threads,non-rumours,5,4,324417.0,1129.0,1.2329810090100088e-05,1,4,4.0
graph_004955.json,553198972287082497,unverified,charliehebdo-all-rnr-threads,rumours,21,20,5236.0,78.0,0.0038197097020626,2,18,6.666666666666667
graph_004956.json,553199320053592067,non-rumour,charliehebdo-all-rnr-threads,non-rumours,7,6,5883.0,207.0,0.0010198878123406,1,6,6.0
graph_004957.json,553199664720543744,non-rumour,charliehebdo-all-rnr-threads,non-rumours,40,35,20828.0,69.0,0.0018724793547148,11,12,1.6666666666666667
graph_004958.json,553200047417196544,non-rumour,charliehebdo-all-rnr-threads,non-rumours,1,0,0.0,0.0,0.0,0,0,0.0
graph_004959.json,553200085132009475,non-rumour,charliehebdo-all-rnr-threads,non-rumours,58,56,467129.0,109.0,0.0001220219682357,10,16,2.1538461538461537
graph_004960.json,553200115079712768,non-rumour,charliehebdo-all-rnr-threads,non-rumours,11,10,13878.0,284.0,0.0007205649228995,2,9,5.0
graph_004961.json,553200552142983168,non-rumour,charliehebdo-all-rnr-threads,non-rumours,3,2,1727.0,230.0,0.0011580775911986,1,2,2.0
graph_004962.json,553200573387124736,non-rumour,charliehebdo-all-rnr-threads,non-rumours,20,19,32695.0,48.0,0.0005811286129377,2,17,6.333333333333333
graph_004963.json,553200726403710976,non-rumour,charliehebdo-all-rnr-threads,non-rumours,22,21,1893.0,46.0,0.011093502377179,3,17,7.0
graph_004964.json,553200769671761920,non-rumour,charliehebdo-all-rnr-threads,non-rumours,79,78,611763.0,257.0,0.0001275003555298,19,8,1.368421052631579
graph_004965.json,553201523577331712,non-rumour,charliehebdo-all-rnr-threads,non-rumours,12,11,123754.0,142.0,8.888601580554972e-05,1,11,11.0
graph_004966.json,553201539737976833,non-rumour,charliehebdo-all-rnr-threads,non-rumours,4,3,6146.0,1728.0,0.0004881223560039,1,3,3.0
graph_004967.json,553201549997277185,non-rumour,charliehebdo-all-rnr-threads,non-rumours,32,31,13929.0,137.0,0.0022255725464857,14,5,1.55
graph_004968.json,553201965002653696,non-rumour,charliehebdo-all-rnr-threads,non-rumours,5,4,9722.0,295.0,0.0004114379757251,1,4,4.0
graph_004969.json,553202028575731713,false,charliehebdo-all-rnr-threads,rumours,6,5,9309.0,537.0,0.0005371146202599,1,5,5.0
graph_004970.json,553203041705664513,non-rumour,charliehebdo-all-rnr-threads,non-rumours,10,9,848538.0,164.0,1.0606478437029338e-05,2,8,4.5
graph_004971.json,553203538579701760,non-rumour,charliehebdo-all-rnr-threads,non-rumours,14,13,251580.0,164.0,5.1673423960569205e-05,1,13,13.0
graph_004972.json,553204017552457728,non-rumour,charliehebdo-all-rnr-threads,non-rumours,9,8,18596.0,893.0,0.00043020004302,3,3,2.0
graph_004973.json,553204399439642624,non-rumour,charliehebdo-all-rnr-threads,non-rumours,28,27,113196.0,1024.0,0.0002385243294816,6,15,2.7
graph_004974.json,553204986474422273,non-rumour,charliehebdo-all-rnr-threads,non-rumours,74,73,197952.0,267.0,0.0003687762689945,19,10,1.489795918367347
graph_004975.json,553205115830951936,non-rumour,charliehebdo-all-rnr-threads,non-rumours,20,19,152371.0,407.0,0.0001246956441842,2,18,9.5
graph_004976.json,553205261847236608,non-rumour,charliehebdo-all-rnr-threads,non-rumours,42,41,179714.0,33.0,0.0002281402673136,15,5,1.7083333333333333
graph_004977.json,553205372719472640,non-rumour,charliehebdo-all-rnr-threads,non-rumours,20,19,4381.0,119.0,0.0043369093814197,3,16,4.75
graph_004978.json,553205427253829632,non-rumour,charliehebdo-all-rnr-threads,non-rumours,22,21,8201.0,77.0,0.0025606633337397,2,17,4.2
graph_004979.json,553205492458475520,non-rumour,charliehebdo-all-rnr-threads,non-rumours,54,51,10540.0,46.0,0.0050284629981024,10,16,1.6451612903225807
graph_004980.json,553205691742425088,non-rumour,charliehebdo-all-rnr-threads,non-rumours,5,4,21675.0,3953.0,0.0001845444059976,1,4,4.0
graph_004981.json,553206096131670016,non-rumour,charliehebdo-all-rnr-threads,non-rumours,23,22,3273.0,467.0,0.0067216620837152,4,10,1.6923076923076923
graph_004982.json,553206304396038145,non-rumour,charliehebdo-all-rnr-threads,non-rumours,11,10,102595.0,565.0,9.74706369706126e-05,2,9,5.0
graph_004983.json,553206989925658624,non-rumour,charliehebdo-all-rnr-threads,non-rumours,17,16,202158.0,84.0,7.914601450350716e-05,5,8,2.2857142857142856
graph_004984.json,553207216774590464,non-rumour,charliehebdo-all-rnr-threads,non-rumours,9,7,934.0,201.0,0.0085653104925053,1,7,7.0
graph_004985.json,553207267685060608,non-rumour,charliehebdo-all-rnr-threads,non-rumours,6,5,20528.0,970.0,0.0002435697583787,1,5,5.0
graph_004986.json,553207514222063618,non-rumour,charliehebdo-all-rnr-threads,non-rumours,8,5,4492.0,420.0,0.0015583259127337,1,5,5.0
graph_004987.json,553208300607922177,non-rumour,charliehebdo-all-rnr-threads,non-rumours,11,10,5979.0,505.0,0.0016725204883759,2,6,3.3333333333333335
graph_004988.json,553208762291339265,non-rumour,charliehebdo-all-rnr-threads,non-rumours,15,14,177753.0,166.0,7.876097731121275e-05,5,9,2.3333333333333335
graph_004989.json,553208946350362625,non-rumour,charliehebdo-all-rnr-threads,non-rumours,2,1,21132.0,21132.0,4.73215975771342e-05,1,1,1.0
graph_004990.json,553209232712294401,non-rumour,charliehebdo-all-rnr-threads,non-rumours,10,9,52904.0,176.0,0.0001701194616664,1,9,9.0
graph_004991.json,553209341520535552,non-rumour,charliehebdo-all-rnr-threads,non-rumours,18,17,335253.0,314.0,5.0707972784732725e-05,2,16,8.5
graph_004992.json,553209843939831809,non-rumour,charliehebdo-all-rnr-threads,non-rumours,21,20,82246.0,249.0,0.0002431729202635,7,10,1.818181818181818
graph_004993.json,553209912550240256,non-rumour,charliehebdo-all-rnr-threads,non-rumours,84,80,12209.0,55.0,0.0067982635760504,19,5,1.3793103448275863
graph_004994.json,553209917944131585,non-rumour,charliehebdo-all-rnr-threads,non-rumours,36,35,3059.0,120.0,0.011441647597254,14,4,1.2962962962962965
graph_004995.json,553209983845023745,non-rumour,charliehebdo-all-rnr-threads,non-rumours,23,22,14348.0,84.0,0.0015333147477,3,18,4.4
graph_004996.json,553210080829906945,non-rumour,charliehebdo-all-rnr-threads,non-rumours,15,13,296711.0,235.0,4.718396014977537e-05,4,10,3.25
graph_004997.json,553210306877739008,non-rumour,charliehebdo-all-rnr-threads,non-rumours,100,99,9829.0,191.0,0.0100722352223013,19,6,1.4558823529411764
graph_004998.json,553210869010935808,non-rumour,charliehebdo-all-rnr-threads,non-rumours,21,19,7042.0,112.0,0.0028401022436807,3,11,2.7142857142857144
graph_004999.json,553211397782654976,non-rumour,charliehebdo-all-rnr-threads,non-rumours,19,18,13913.0,133.0,0.0012937540429813,5,6,2.0
graph_005000.json,553212333867012096,non-rumour,charliehebdo-all-rnr-threads,non-rumours,31,30,3923.0,76.0,0.0076472087687993,8,15,2.3076923076923075
graph_005001.json,553212338728603648,non-rumour,charliehebdo-all-rnr-threads,non-rumours,9,8,2128.0,149.0,0.0037593984962406,1,8,8.0
graph_005002.json,553212702714499074,non-rumour,charliehebdo-all-rnr-threads,non-rumours,6,5,4143.0,258.0,0.0012068549360366,1,5,5.0
graph_005003.json,553212962044149761,unverified,charliehebdo-all-rnr-threads,rumours,9,8,4570.0,27.0,0.0017505470459518,2,6,4.0
graph_005004.json,553213326277500929,non-rumour,charliehebdo-all-rnr-threads,non-rumours,21,20,8593.0,40.0,0.002327475852438,2,19,10.0
graph_005005.json,553213361350262784,non-rumour,charliehebdo-all-rnr-threads,non-rumours,25,24,17123.0,9273.0,0.0014016235472755,5,14,2.6666666666666665
graph_005006.json,553213362713399297,non-rumour,charliehebdo-all-rnr-threads,non-rumours,7,6,5554.0,101.0,0.0010803024846957,2,5,3.0
graph_005007.json,553213740137467907,non-rumour,charliehebdo-all-rnr-threads,non-rumours,37,27,55746.0,24664.0,0.0006457862447529,8,11,2.076923076923077
graph_005008.json,553214219899117568,non-rumour,charliehebdo-all-rnr-threads,non-rumours,50,49,162039.0,47.0,0.0003023963366843,11,8,1.8846153846153848
graph_005009.json,553214358948683776,non-rumour,charliehebdo-all-rnr-threads,non-rumours,7,6,3905.0,62.0,0.0015364916773367,1,6,6.0
graph_005010.json,553214576956043264,non-rumour,charliehebdo-all-rnr-threads,non-rumours,1,0,0.0,0.0,0.0,0,0,0.0
graph_005011.json,553214597055135744,non-rumour,charliehebdo-all-rnr-threads,non-rumours,6,5,22651.0,311.0,0.0002207408061454,1,5,5.0
graph_005012.json,553214612569456640,non-rumour,charliehebdo-all-rnr-threads,non-rumours,8,7,11409.0,1679.0,0.0006135507055833,2,6,3.5
graph_005013.json,553214700155330560,non-rumour,charliehebdo-all-rnr-threads,non-rumours,51,50,65240.0,76.0,0.0007664009809932,14,15,1.851851851851852
graph_005014.json,553214726629781505,non-rumour,charliehebdo-all-rnr-threads,non-rumours,22,21,7638.0,95.0,0.0027494108405341,5,16,3.5
graph_005015.json,553214783647145984,non-rumour,charliehebdo-all-rnr-threads,non-rumours,22,21,79543.0,170.0,0.000264008146537,3,19,7.0
graph_005016.json,553214939838836736,non-rumour,charliehebdo-all-rnr-threads,non-rumours,3,2,68508.0,3542.0,2.919367081216792e-05,1,2,2.0
graph_005017.json,553215305917665280,non-rumour,charliehebdo-all-rnr-threads,non-rumours,20,19,42162.0,122.0,0.0004506427588824,1,19,19.0
graph_005018.json,553215313807163392,non-rumour,charliehebdo-all-rnr-threads,non-rumours,8,7,3074.0,36.0,0.0022771633051398,1,7,7.0
graph_005019.json,553215362058440704,non-rumour,charliehebdo-all-rnr-threads,non-rumours,19,17,46970.0,68.0,0.000383223334043,4,10,2.8333333333333335
graph_005020.json,553215383256432640,non-rumour,charliehebdo-all-rnr-threads,non-rumours,49,47,2486.0,38.0,0.0193081255028157,10,12,1.7407407407407407
graph_005021.json,553215523602046976,non-rumour,charliehebdo-all-rnr-threads,non-rumours,47,46,92237.0,287.0,0.0004987152661079,10,16,2.090909090909091
graph_005022.json,553215634864345088,non-rumour,charliehebdo-all-rnr-threads,non-rumours,24,23,336289.0,264.0,6.83935543535471e-05,5,15,3.8333333333333335
graph_005023.json,553215658784456705,non-rumour,charliehebdo-all-rnr-threads,non-rumours,20,19,16750.0,347.0,0.0011343283582089,2,18,9.5
graph_005024.json,553215879979085829,non-rumour,charliehebdo-all-rnr-threads,non-rumours,22,21,4023.0,488.0,0.0052199850857568,6,8,2.1
graph_005025.json,553215929107382275,non-rumour,charliehebdo-all-rnr-threads,non-rumours,24,23,3430.0,71.0,0.0067055393586005,10,7,1.6428571428571428
graph_005026.json,553216451780554752,non-rumour,charliehebdo-all-rnr-threads,non-rumours,55,53,19266.0,132.0,0.0028028651510432,12,8,1.7666666666666666
graph_005027.json,553216460164968449,non-rumour,charliehebdo-all-rnr-threads,non-rumours,14,13,75175.0,239.0,0.0001729298303957,1,13,13.0
graph_005028.json,553216874130206721,non-rumour,charliehebdo-all-rnr-threads,non-rumours,21,20,438976.0,327.0,4.55605773436361e-05,2,19,10.0
graph_005029.json,553216909022605312,unverified,charliehebdo-all-rnr-threads,rumours,11,10,582168.0,250.0,1.7177172225199598e-05,3,8,3.3333333333333335
graph_005030.json,553218001181605889,non-rumour,charliehebdo-all-rnr-threads,non-rumours,16,15,78964.0,64.0,0.0001899599817638,2,11,3.75
graph_005031.json,553218083410952192,non-rumour,charliehebdo-all-rnr-threads,non-rumours,6,5,31029.0,673.0,0.0001611395791034,3,3,1.6666666666666667
graph_005032.json,553218279557582849,non-rumour,charliehebdo-all-rnr-threads,non-rumours,4,3,19409.0,3686.0,0.0001545674687,1,3,3.0
graph_005033.json,553218281705066496,non-rumour,charliehebdo-all-rnr-threads,non-rumours,16,15,55118.0,94.0,0.0002721434014296,2,14,7.5
graph_005034.json,553218599390040065,non-rumour,charliehebdo-all-rnr-threads,non-rumours,27,26,3768.0,59.0,0.006900212314225,8,14,2.1666666666666665
graph_005035.json,553219047048105985,non-rumour,charliehebdo-all-rnr-threads,non-rumours,21,18,202521.0,503.0,9.875519081971746e-05,7,9,1.8
graph_005036.json,553219195056693249,non-rumour,charliehebdo-all-rnr-threads,non-rumours,22,21,11319.0,2473.0,0.0018552875695732,9,6,1.75
graph_005037.json,553219651594125312,non-rumour,charliehebdo-all-rnr-threads,non-rumours,38,35,20538.0,53.0,0.0018015386113545,9,12,1.9444444444444444
graph_005038.json,553219770053443585,non-rumour,charliehebdo-all-rnr-threads,non-rumours,5,4,108713.0,351.0,3.679412765722591e-05,1,4,4.0
graph_005039.json,553220054184382465,non-rumour,charliehebdo-all-rnr-threads,non-rumours,21,20,31458.0,14.0,0.0006357683260219,3,14,2.857142857142857
graph_005040.json,553220172925132800,non-rumour,charliehebdo-all-rnr-threads,non-rumours,20,19,351829.0,43.0,5.400350738569021e-05,3,16,4.75
graph_005041.json,553220369721483266,non-rumour,charliehebdo-all-rnr-threads,non-rumours,23,22,15808.0,24.0,0.0013917004048582,4,19,5.5
graph_005042.json,553221281181859841,non-rumour,charliehebdo-all-rnr-threads,non-rumours,35,34,41639.0,206.0,0.0008165421840101,11,12,1.7894736842105263
graph_005043.json,553221293298819074,non-rumour,charliehebdo-all-rnr-threads,non-rumours,20,19,55388.0,44.0,0.0003430345923304,2,18,9.5
graph_005044.json,553221319345844225,non-rumour,charliehebdo-all-rnr-threads,non-rumours,5,4,346836.0,3863.0,1.1532828195458373e-05,1,4,4.0
graph_005045.json,553221600955621376,true,charliehebdo-all-rnr-threads,rumours,3,2,9645.0,1625.0,0.0002073613271124,1,2,2.0
graph_005046.json,553222038379180032,non-rumour,charliehebdo-all-rnr-threads,non-rumours,16,15,58155.0,98.0,0.0002579313902501,6,10,2.5
graph_005047.json,553222048924049408,non-rumour,charliehebdo-all-rnr-threads,non-rumours,7,6,56535.0,87.0,0.0001061289466702,1,6,6.0
graph_005048.json,553222727700865025,non-rumour,charliehebdo-all-rnr-threads,non-rumours,25,24,782160.0,64.0,3.068425897514575e-05,6,16,2.6666666666666665
graph_005049.json,553223681409703937,non-rumour,charliehebdo-all-rnr-threads,non-rumours,33,31,53933.0,340.0,0.0005933287597574,6,8,1.631578947368421
graph_005050.json,553223882128490496,non-rumour,charliehebdo-all-rnr-threads,non-rumours,81,80,105897.0,114.0,0.0007554510514934,19,4,1.1940298507462686
graph_005051.json,553223992300285952,non-rumour,charliehebdo-all-rnr-threads,non-rumours,12,11,159015.0,84.0,6.917586391220954e-05,3,8,2.75
graph_005052.json,553224082213601280,non-rumour,charliehebdo-all-rnr-threads,non-rumours,22,20,6781.0,44.0,0.003096888364548,2,17,5.0
graph_005053.json,553224215676354560,non-rumour,charliehebdo-all-rnr-threads,non-rumours,14,13,10342.0,92.0,0.0012570102494681,2,12,6.5
graph_005054.json,553224402012078081,non-rumour,charliehebdo-all-rnr-threads,non-rumours,78,76,77046.0,183.0,0.0009994029540793,13,10,2.111111111111111
graph_005055.json,553224764924243969,non-rumour,charliehebdo-all-rnr-threads,non-rumours,6,5,4077.0,101.0,0.0012263919548687,1,5,5.0
graph_005056.json,553225359928213505,non-rumour,charliehebdo-all-rnr-threads,non-rumours,11,10,15561.0,98.0,0.0006426322215795,3,7,2.5
graph_005057.json,553225402282692608,non-rumour,charliehebdo-all-rnr-threads,non-rumours,10,9,2320.0,240.0,0.0038793103448275,3,7,3.0
graph_005058.json,553225701701066752,non-rumour,charliehebdo-all-rnr-threads,non-rumours,6,5,270099.0,131.0,1.8511730883861103e-05,2,4,2.5
graph_005059.json,553225809444749313,non-rumour,charliehebdo-all-rnr-threads,non-rumours,5,4,3307.0,1281.0,0.001209555488358,1,4,4.0
graph_005060.json,553225828625297408,non-rumour,charliehebdo-all-rnr-threads,non-rumours,7,6,2746.0,1474.0,0.0021849963583394,3,3,2.0
graph_005061.json,553226059836297216,non-rumour,charliehebdo-all-rnr-threads,non-rumours,12,11,15928.0,1136.0,0.0006906077348066,2,9,3.6666666666666665
graph_005062.json,553226143307161600,non-rumour,charliehebdo-all-rnr-threads,non-rumours,20,19,12908.0,468.0,0.0014719553765106,10,5,1.9
graph_005063.json,553226479904231424,non-rumour,charliehebdo-all-rnr-threads,non-rumours,13,12,317188.0,143.0,3.783245267790711e-05,1,12,12.0
graph_005064.json,553226624976420864,non-rumour,charliehebdo-all-rnr-threads,non-rumours,41,40,102746.0,597.0,0.0003893095594962,14,12,2.0
graph_005065.json,553227220765130752,non-rumour,charliehebdo-all-rnr-threads,non-rumours,23,22,2820.0,61.0,0.0078014184397163,5,17,4.4
graph_005066.json,553227238829981698,non-rumour,charliehebdo-all-rnr-threads,non-rumours,22,21,17362.0,94.0,0.0012095380716507,2,17,5.25
graph_005067.json,553227258782306304,non-rumour,charliehebdo-all-rnr-threads,non-rumours,15,14,316977.0,14.0,4.416724241821962e-05,2,12,4.666666666666667
graph_005068.json,553227288859664384,non-rumour,charliehebdo-all-rnr-threads,non-rumours,34,33,103022.0,200.0,0.000320319931665,8,16,2.2
graph_005069.json,553227389061582848,non-rumour,charliehebdo-all-rnr-threads,non-rumours,17,16,15989.0,161.0,0.0010006879729814,2,14,5.333333333333333
graph_005070.json,553227441712668672,non-rumour,charliehebdo-all-rnr-threads,non-rumours,5,4,56282.0,6895.0,7.107067979105221e-05,2,3,2.0
graph_005071.json,553227856046596097,non-rumour,charliehebdo-all-rnr-threads,non-rumours,6,5,4807.0,141.0,0.0010401497815685,2,4,2.5
graph_005072.json,553227906449960961,non-rumour,charliehebdo-all-rnr-threads,non-rumours,20,18,12572.0,53.0,0.001511294941139,1,18,18.0
graph_005073.json,553228482927263744,non-rumour,charliehebdo-all-rnr-threads,non-rumours,6,5,788797.0,669.0,6.338766501393895e-06,1,5,5.0
graph_005074.json,553228535511650305,non-rumour,charliehebdo-all-rnr-threads,non-rumours,23,22,27999.0,119.0,0.0007857423479409,7,13,2.4444444444444446
graph_005075.json,553228537084116993,non-rumour,charliehebdo-all-rnr-threads,non-rumours,23,22,226335.0,88.0,9.720105153864846e-05,5,14,3.142857142857143
graph_005076.json,553229177055219713,non-rumour,charliehebdo-all-rnr-threads,non-rumours,36,35,276328.0,101.0,0.0001266610694536,5,10,1.75
graph_005077.json,553229592480481281,non-rumour,charliehebdo-all-rnr-threads,non-rumours,21,20,10250.0,63.0,0.0019512195121951,2,17,5.0
graph_005078.json,553229626756329472,non-rumour,charliehebdo-all-rnr-threads,non-rumours,8,7,13517.0,2101.0,0.0005178663904712,3,5,2.3333333333333335
graph_005079.json,553229808260632578,non-rumour,charliehebdo-all-rnr-threads,non-rumours,24,23,99218.0,456.0,0.0002318127759075,3,17,3.8333333333333335
graph_005080.json,553229948153262081,non-rumour,charliehebdo-all-rnr-threads,non-rumours,20,19,10991.0,54.0,0.0017286871076335,3,16,4.75
graph_005081.json,553229956830875650,non-rumour,charliehebdo-all-rnr-threads,non-rumours,21,20,73648.0,672.0,0.0002715620247664,5,15,4.0
graph_005082.json,553230256992423936,non-rumour,charliehebdo-all-rnr-threads,non-rumours,23,20,59373.0,104.0,0.0003705387970963,6,8,2.2222222222222223
graph_005083.json,553230614712033283,non-rumour,charliehebdo-all-rnr-threads,non-rumours,12,11,28766.0,259.0,0.0003823958840297,1,11,11.0
graph_005084.json,553230661012975618,non-rumour,charliehebdo-all-rnr-threads,non-rumours,1,0,0.0,0.0,0.0,0,0,0.0
graph_005085.json,553231516290269184,non-rumour,charliehebdo-all-rnr-threads,non-rumours,11,10,43057.0,201.0,0.000232250272894,3,6,2.0
graph_005086.json,553231607449276416,non-rumour,charliehebdo-all-rnr-threads,non-rumours,1,0,0.0,0.0,0.0,0,0,0.0
graph_005087.json,553231667523883009,non-rumour,charliehebdo-all-rnr-threads,non-rumours,24,18,13049.0,393.0,0.0017625871714307,5,11,2.25
graph_005088.json,553232137931849728,non-rumour,charliehebdo-all-rnr-threads,non-rumours,1,0,0.0,0.0,0.0,0,0,0.0
graph_005089.json,553232531827740672,non-rumour,charliehebdo-all-rnr-threads,non-rumours,14,13,45547.0,50.0,0.0002854194568248,3,11,4.333333333333333
graph_005090.json,553232704708546561,non-rumour,charliehebdo-all-rnr-threads,non-rumours,20,19,17856.0,76.0,0.0010640681003584,2,18,9.5
graph_005091.json,553233130275221504,non-rumour,charliehebdo-all-rnr-threads,non-rumours,16,15,37370.0,812.0,0.0004013914905004,3,12,3.75
graph_005092.json,553233414145310720,non-rumour,charliehebdo-all-rnr-threads,non-rumours,19,18,9673.0,1301.0,0.0018608497880698,7,10,2.5714285714285716
graph_005093.json,553233728030650368,false,charliehebdo-all-rnr-threads,rumours,20,19,397534.0,148.0,4.7794654042169975e-05,3,15,4.75
graph_005094.json,553234456522522624,non-rumour,charliehebdo-all-rnr-threads,non-rumours,17,16,15123.0,131.0,0.0010579911393242,7,7,2.0
graph_005095.json,553234578086055937,non-rumour,charliehebdo-all-rnr-threads,non-rumours,56,54,95348.0,124.0,0.0005768343331795,18,7,1.4594594594594594
graph_005096.json,553235271169638400,non-rumour,charliehebdo-all-rnr-threads,non-rumours,1,0,0.0,0.0,0.0,0,0,0.0
graph_005097.json,553235360722214912,non-rumour,charliehebdo-all-rnr-threads,non-rumours,10,9,94641.0,70.0,9.509620566139412e-05,4,6,2.25
graph_005098.json,553236009081921536,non-rumour,charliehebdo-all-rnr-threads,non-rumours,6,5,12721.0,687.0,0.0003930508607813,1,5,5.0
graph_005099.json,553461741917863936,unverified,charliehebdo-all-rnr-threads,rumours,20,19,226653.0,96.0,8.382858378225746e-05,3,17,6.333333333333333
graph_005100.json,553462249562832897,non-rumour,charliehebdo-all-rnr-threads,non-rumours,20,19,302343.0,68.0,6.284253314943624e-05,1,19,19.0
graph_005101.json,553463773844238337,non-rumour,charliehebdo-all-rnr-threads,non-rumours,33,32,19835.0,52.0,0.0016133098058986,7,17,2.4615384615384617
graph_005102.json,553464709899616257,non-rumour,charliehebdo-all-rnr-threads,non-rumours,1,0,0.0,0.0,0.0,0,0,0.0
graph_005103.json,553465105028222976,non-rumour,charliehebdo-all-rnr-threads,non-rumours,30,23,625554.0,253.0,4.635890746442354e-05,6,14,2.5555555555555554
graph_005104.json,553466230989144064,false,charliehebdo-all-rnr-threads,rumours,3,2,291.0,119.0,0.0068728522336769,1,2,2.0
graph_005105.json,553466755411369985,non-rumour,charliehebdo-all-rnr-threads,non-rumours,6,3,2131.0,57.0,0.002346316283435,1,3,3.0
graph_005106.json,553467311261503488,unverified,charliehebdo-all-rnr-threads,rumours,3,2,3264.0,295.0,0.0006127450980392,1,2,2.0
graph_005107.json,553468492700454912,unverified,charliehebdo-all-rnr-threads,rumours,6,5,685.0,252.0,0.0072992700729927,3,3,1.6666666666666667
graph_005108.json,553468593141469184,non-rumour,charliehebdo-all-rnr-threads,non-rumours,30,29,35430.0,2307.0,0.0008185153824442,6,13,2.230769230769231
graph_005109.json,553469263650906112,non-rumour,charliehebdo-all-rnr-threads,non-rumours,33,32,16464.0,225.0,0.0019436345966958,9,14,2.2857142857142856
graph_005110.json,553469523945590784,unverified,charliehebdo-all-rnr-threads,rumours,30,29,44930.0,59.0,0.0006454484754061,11,8,1.8125
graph_005111.json,553469733656203264,false,charliehebdo-all-rnr-threads,rumours,21,20,943.0,83.0,0.0212089077412513,2,19,10.0
graph_005112.json,553470140042735616,false,charliehebdo-all-rnr-threads,rumours,9,8,26624.0,39.0,0.0003004807692307,1,8,8.0
graph_005113.json,553470382129565696,false,charliehebdo-all-rnr-threads,rumours,18,16,5638.0,45.0,0.0030152536360411,2,15,8.0
graph_005114.json,553470492565602305,unverified,charliehebdo-all-rnr-threads,rumours,9,6,3327.0,185.0,0.0024045686804929,1,6,6.0
graph_005115.json,553470733180223489,unverified,charliehebdo-all-rnr-threads,rumours,8,7,1122.0,72.0,0.0062388591800356,1,7,7.0
graph_005116.json,553470907629707266,non-rumour,charliehebdo-all-rnr-threads,non-rumours,37,36,280665.0,82.0,0.0001282667949334,10,8,1.7142857142857142
graph_005117.json,553470977972375553,false,charliehebdo-all-rnr-threads,rumours,7,6,3941.0,172.0,0.0015224562293834,1,6,6.0
graph_005118.json,553471193110421504,false,charliehebdo-all-rnr-threads,rumours,3,2,291.0,192.0,0.0068728522336769,1,2,2.0
graph_005119.json,553471987411324929,unverified,charliehebdo-all-rnr-threads,rumours,10,9,6034.0,57.0,0.0014915478952601,1,9,9.0
graph_005120.json,553472225798795264,unverified,charliehebdo-all-rnr-threads,rumours,4,3,312.0,35.0,0.0096153846153846,2,2,1.5
graph_005121.json,553472437644320769,unverified,charliehebdo-all-rnr-threads,rumours,5,4,5564.0,1129.0,0.0007189072609633,1,4,4.0
graph_005122.json,553472488462901248,unverified,charliehebdo-all-rnr-threads,rumours,5,4,3695.0,223.0,0.0010825439783491,2,3,2.0
graph_005123.json,553472557978902529,non-rumour,charliehebdo-all-rnr-threads,non-rumours,4,3,688848.0,4182.0,4.355097205769633e-06,1,3,3.0
graph_005124.json,553473369539366912,non-rumour,charliehebdo-all-rnr-threads,non-rumours,14,12,1318.0,79.0,0.0098634294385432,1,12,12.0
graph_005125.json,553473416905629696,false,charliehebdo-all-rnr-threads,rumours,23,22,54728.0,124.0,0.0004019880134483,8,6,1.8333333333333333
graph_005126.json,553473550523580416,false,charliehebdo-all-rnr-threads,rumours,1,0,0.0,0.0,0.0,0,0,0.0
graph_005127.json,553473559352606720,non-rumour,charliehebdo-all-rnr-threads,non-rumours,14,13,9062.0,209.0,0.0014345619068638,3,8,2.6
graph_005128.json,553473629854646272,non-rumour,charliehebdo-all-rnr-threads,non-rumours,12,11,269675.0,625.0,4.078983962176694e-05,2,9,3.6666666666666665
graph_005129.json,553473704060284928,unverified,charliehebdo-all-rnr-threads,rumours,3,2,2792.0,30.0,0.0007163323782234,1,2,2.0
graph_005130.json,553474012446478336,true,charliehebdo-all-rnr-threads,rumours,6,5,13239.0,52.0,0.0003776720296094,1,5,5.0
graph_005131.json,553474188259102720,unverified,charliehebdo-all-rnr-threads,rumours,13,12,14931.0,279.0,0.0008036970062286,1,12,12.0
graph_005132.json,553474232596701184,false,charliehebdo-all-rnr-threads,rumours,11,9,5908.0,66.0,0.0016926201760324,2,7,3.0
graph_005133.json,553474514496278528,true,charliehebdo-all-rnr-threads,rumours,42,38,52673.0,13.0,0.000778387409109,7,6,1.8095238095238095
graph_005134.json,553474965278691330,false,charliehebdo-all-rnr-threads,rumours,6,5,51494.0,34.0,9.709869110964384e-05,1,5,5.0
graph_005135.json,553475269873643520,true,charliehebdo-all-rnr-threads,rumours,9,8,31439.0,36.0,0.0002544610197525,1,8,8.0
graph_005136.json,553475430897156096,unverified,charliehebdo-all-rnr-threads,rumours,13,12,20329.0,64.0,0.0005902897338777,1,12,12.0
graph_005137.json,553475729187680258,unverified,charliehebdo-all-rnr-threads,rumours,12,10,10479.0,141.0,0.0010497184845882,2,9,5.0
graph_005138.json,553475824369012736,false,charliehebdo-all-rnr-threads,rumours,21,20,10438.0,165.0,0.0019160758766047,10,4,1.5384615384615383
graph_005139.json,553476073703620609,true,charliehebdo-all-rnr-threads,rumours,7,6,10047.0,51.0,0.0005971931919976,1,6,6.0
graph_005140.json,553476288103477249,non-rumour,charliehebdo-all-rnr-threads,non-rumours,22,21,25714.0,67.0,0.0008166757408415,3,15,3.0
graph_005141.json,553476471470432256,false,charliehebdo-all-rnr-threads,rumours,17,16,14915.0,85.0,0.0010727455581629,2,15,8.0
graph_005142.json,553476490315431937,true,charliehebdo-all-rnr-threads,rumours,5,4,1029.0,85.0,0.0038872691933916,1,4,4.0
graph_005143.json,553476600985948160,unverified,charliehebdo-all-rnr-threads,rumours,5,4,394.0,212.0,0.0101522842639593,1,4,4.0
graph_005144.json,553476880339599360,true,charliehebdo-all-rnr-threads,rumours,15,14,513667.0,212.0,2.7255011515242365e-05,7,4,1.75
graph_005145.json,553477352542707712,false,charliehebdo-all-rnr-threads,rumours,9,8,11723.0,16.0,0.0006824191759788,1,8,8.0
graph_005146.json,553477554041257985,false,charliehebdo-all-rnr-threads,rumours,9,8,10994.0,78.0,0.0007276696379843,1,8,8.0
graph_005147.json,553477692591726592,false,charliehebdo-all-rnr-threads,rumours,8,7,7478.0,128.0,0.0009360791655522,1,7,7.0
graph_005148.json,553477943616634880,false,charliehebdo-all-rnr-threads,rumours,7,6,3867.0,153.0,0.0015515903801396,2,5,3.0
graph_005149.json,553478014785187840,non-rumour,charliehebdo-all-rnr-threads,non-rumours,36,35,62408.0,425.0,0.0005608255351877,8,15,2.3333333333333335
graph_005150.json,553478142791548928,unverified,charliehebdo-all-rnr-threads,rumours,11,10,5551.0,24.0,0.0018014772113132,1,10,10.0
graph_005151.json,553478289474740224,false,charliehebdo-all-rnr-threads,rumours,7,6,174968.0,695.0,3.429198482008139e-05,2,5,3.0
graph_005152.json,553478677359775744,true,charliehebdo-all-rnr-threads,rumours,23,21,32587.0,49.0,0.0006751158437413,2,16,4.2
graph_005153.json,553479222434729984,unverified,charliehebdo-all-rnr-threads,rumours,9,8,4385.0,50.0,0.001824401368301,1,8,8.0
graph_005154.json,553479280014151681,non-rumour,charliehebdo-all-rnr-threads,non-rumours,110,101,117043.0,108.0,0.0009312816657126,19,8,1.346666666666667
graph_005155.json,553479315711864832,true,charliehebdo-all-rnr-threads,rumours,1,0,0.0,0.0,0.0,0,0,0.0
graph_005156.json,553479401296625664,non-rumour,charliehebdo-all-rnr-threads,non-rumours,44,43,24454.0,80.0,0.0017584035331643,19,11,1.8695652173913044
graph_005157.json,553480082996879360,false,charliehebdo-all-rnr-threads,rumours,22,10,38624.0,219.0,0.0005437033968516,3,3,1.6
graph_005158.json,553480257747963905,non-rumour,charliehebdo-all-rnr-threads,non-rumours,25,24,63384.0,399.0,0.0003786444528587,6,16,3.4285714285714284
graph_005159.json,553480287045554176,non-rumour,charliehebdo-all-rnr-threads,non-rumours,5,4,3736.0,377.0,0.0010706638115631,1,4,4.0
graph_005160.json,553480292498153472,false,charliehebdo-all-rnr-threads,rumours,2,1,394.0,394.0,0.0025380710659898,1,1,1.0
graph_005161.json,553480333954678784,non-rumour,charliehebdo-all-rnr-threads,non-rumours,20,19,22129.0,1422.0,0.0008586018346965,5,9,2.111111111111111
graph_005162.json,553480702067736578,false,charliehebdo-all-rnr-threads,rumours,7,6,29179.0,229.0,0.000205627334727,1,6,6.0
graph_005163.json,553480876315901953,non-rumour,charliehebdo-all-rnr-threads,non-rumours,147,146,711973.0,49.0,0.0002050639560769,19,15,1.553191489361702
graph_005164.json,553480900869361664,non-rumour,charliehebdo-all-rnr-threads,non-rumours,23,22,252322.0,187.0,8.719017763017097e-05,4,16,3.6666666666666665
graph_005165.json,553481076916883456,false,charliehebdo-all-rnr-threads,rumours,6,5,1918.0,122.0,0.0026068821689259,1,5,5.0
graph_005166.json,553481335948709888,non-rumour,charliehebdo-all-rnr-threads,non-rumours,3,2,5342.0,4491.0,0.0003743916136278,1,2,2.0
graph_005167.json,553481963864993792,non-rumour,charliehebdo-all-rnr-threads,non-rumours,21,20,693761.0,80.0,2.882837173032211e-05,4,14,2.857142857142857
graph_005168.json,553483415954411520,true,charliehebdo-all-rnr-threads,rumours,4,3,4460.0,49.0,0.0006726457399103,1,3,3.0
graph_005169.json,553483707122995201,non-rumour,charliehebdo-all-rnr-threads,non-rumours,8,7,254489.0,21.0,2.7506100460137768e-05,3,5,2.3333333333333335
graph_005170.json,553483906096185345,non-rumour,charliehebdo-all-rnr-threads,non-rumours,1,0,0.0,0.0,0.0,0,0,0.0
graph_005171.json,553484365012148225,true,charliehebdo-all-rnr-threads,rumours,28,27,17526.0,32.0,0.0015405682985279,11,15,2.076923076923077
graph_005172.json,553484530804613120,non-rumour,charliehebdo-all-rnr-threads,non-rumours,7,6,32541.0,44.0,0.0001843827786484,2,5,3.0
graph_005173.json,553484619426062336,non-rumour,charliehebdo-all-rnr-threads,non-rumours,27,26,3614.0,39.0,0.0071942446043165,6,10,2.0
graph_005174.json,553484760233017344,unverified,charliehebdo-all-rnr-threads,rumours,11,10,501.0,16.0,0.0199600798403193,1,10,10.0
graph_005175.json,553484780093050880,true,charliehebdo-all-rnr-threads,rumours,16,15,9310.0,58.0,0.0016111707841031,6,9,2.142857142857143
graph_005176.json,553485452943302656,false,charliehebdo-all-rnr-threads,rumours,17,16,2948.0,23.0,0.005427408412483,1,16,16.0
graph_005177.json,553485654030446592,non-rumour,charliehebdo-all-rnr-threads,non-rumours,45,44,395670.0,217.0,0.0001112037809285,12,9,2.0952380952380953
graph_005178.json,553485866346483713,non-rumour,charliehebdo-all-rnr-threads,non-rumours,3,2,79509.0,156.0,2.515438503817178e-05,1,2,2.0
graph_005179.json,553486439129038848,false,charliehebdo-all-rnr-threads,rumours,10,8,13579.0,37.0,0.0006627881287281,1,8,8.0
graph_005180.json,553486529231089664,false,charliehebdo-all-rnr-threads,rumours,12,11,10186.0,70.0,0.0010799136069114,1,11,11.0
graph_005181.json,553486601146617856,non-rumour,charliehebdo-all-rnr-threads,non-rumours,58,57,261504.0,207.0,0.0002179698972099,10,9,1.7272727272727273
graph_005182.json,553486796534054912,false,charliehebdo-all-rnr-threads,rumours,15,14,39138.0,20.0,0.0003577086207777,1,14,14.0
graph_005183.json,553487356733313024,non-rumour,charliehebdo-all-rnr-threads,non-rumours,12,11,35199.0,104.0,0.0003125088780931,2,10,5.5
graph_005184.json,553487544508493825,false,charliehebdo-all-rnr-threads,rumours,5,4,1094.0,130.0,0.0036563071297989,1,4,4.0
graph_005185.json,553487579077550082,non-rumour,charliehebdo-all-rnr-threads,non-rumours,19,18,460072.0,11.0,3.912431097741223e-05,3,15,4.5
graph_005186.json,553487625815064576,non-rumour,charliehebdo-all-rnr-threads,non-rumours,27,26,57884.0,719.0,0.0004491742104899,5,11,2.6
graph_005187.json,553487971497041920,true,charliehebdo-all-rnr-threads,rumours,25,24,4131.0,28.0,0.0058097312999273,4,16,2.6666666666666665
graph_005188.json,553488054640340992,unverified,charliehebdo-all-rnr-threads,rumours,10,9,19964.0,20.0,0.0004508114606291,1,9,9.0
graph_005189.json,553488824656203776,true,charliehebdo-all-rnr-threads,rumours,4,3,17788.0,169.0,0.0001686530245109,1,3,3.0
graph_005190.json,553488850363101184,non-rumour,charliehebdo-all-rnr-threads,non-rumours,20,17,2360.0,119.0,0.0080508474576271,1,17,17.0
graph_005191.json,553489393202499584,false,charliehebdo-all-rnr-threads,rumours,9,8,3423.0,18.0,0.0023371311714869,1,8,8.0
graph_005192.json,553489837542899712,non-rumour,charliehebdo-all-rnr-threads,non-rumours,30,29,295427.0,113.0,9.81629979656565e-05,9,8,1.9333333333333331
graph_005193.json,553489907524829184,non-rumour,charliehebdo-all-rnr-threads,non-rumours,1,0,0.0,0.0,0.0,0,0,0.0
graph_005194.json,553490160344502273,non-rumour,charliehebdo-all-rnr-threads,non-rumours,18,17,127256.0,241.0,0.000133588985981,3,13,3.4
graph_005195.json,553490238979727360,false,charliehebdo-all-rnr-threads,rumours,3,2,402807.0,623.0,4.9651570106775705e-06,1,2,2.0
graph_005196.json,553490241445965824,non-rumour,charliehebdo-all-rnr-threads,non-rumours,20,19,97642.0,111.0,0.0001945883943385,1,19,19.0
graph_005197.json,553490358748061696,non-rumour,charliehebdo-all-rnr-threads,non-rumours,5,4,1778.0,264.0,0.0022497187851518,1,4,4.0
graph_005198.json,553491005971132416,non-rumour,charliehebdo-all-rnr-threads,non-rumours,16,15,20270.0,26.0,0.0007400098667982,3,13,5.0
graph_005199.json,553491517462315008,non-rumour,charliehebdo-all-rnr-threads,non-rumours,38,37,98135.0,378.0,0.0003770316400876,13,4,1.761904761904762
graph_005200.json,553491540535156736,false,charliehebdo-all-rnr-threads,rumours,20,19,1037.0,50.0,0.0183220829315332,2,17,6.333333333333333
graph_005201.json,553491604917334016,non-rumour,charliehebdo-all-rnr-threads,non-rumours,20,19,17790.0,91.0,0.0010680157391793,2,18,9.5
graph_005202.json,553491924015783936,non-rumour,charliehebdo-all-rnr-threads,non-rumours,12,11,46687.0,1600.0,0.0002356116263627,1,11,11.0
graph_005203.json,553492305521672192,non-rumour,charliehebdo-all-rnr-threads,non-rumours,39,38,120263.0,117.0,0.00031597415664,9,12,2.0
graph_005204.json,553492417023057920,non-rumour,charliehebdo-all-rnr-threads,non-rumours,9,8,10565.0,73.0,0.0007572172266919,3,5,2.6666666666666665
graph_005205.json,553493222052605952,true,charliehebdo-all-rnr-threads,rumours,8,7,880.0,43.0,0.0079545454545454,2,6,3.5
graph_005206.json,553493300242432000,non-rumour,charliehebdo-all-rnr-threads,non-rumours,20,19,18977.0,153.0,0.0010012119934657,3,15,4.75
graph_005207.json,553493510306152448,false,charliehebdo-all-rnr-threads,rumours,6,5,14619.0,140.0,0.0003420206580477,1,5,5.0
graph_005208.json,553493707472011264,false,charliehebdo-all-rnr-threads,rumours,36,35,189049.0,73.0,0.0001851371866553,7,19,2.5
graph_005209.json,553493785523400704,true,charliehebdo-all-rnr-threads,rumours,25,24,28020.0,21.0,0.0008565310492505,3,18,4.0
graph_005210.json,553495137314435072,unverified,charliehebdo-all-rnr-threads,rumours,23,22,47057.0,46.0,0.000467518116327,4,15,2.75
graph_005211.json,553495922639122432,false,charliehebdo-all-rnr-threads,rumours,20,19,10209.0,30.0,0.0018611029483788,3,16,4.75
graph_005212.json,553496228055777280,non-rumour,charliehebdo-all-rnr-threads,non-rumours,4,3,432178.0,4550.0,6.9415842546358215e-06,1,3,3.0
graph_005213.json,553496489641902080,non-rumour,charliehebdo-all-rnr-threads,non-rumours,51,50,73721.0,79.0,0.0006782327966251,17,18,1.9230769230769231
graph_005214.json,553496697918468096,non-rumour,charliehebdo-all-rnr-threads,non-rumours,35,29,134303.0,4000.0,0.000253158901886,7,13,3.2222222222222223
graph_005215.json,553497508970631168,non-rumour,charliehebdo-all-rnr-threads,non-rumours,6,5,6787.0,3357.0,0.0007367025195226,1,5,5.0
graph_005216.json,553497730476015617,non-rumour,charliehebdo-all-rnr-threads,non-rumours,21,20,7290.0,96.0,0.0027434842249657,2,19,10.0
graph_005217.json,553497835371757568,non-rumour,charliehebdo-all-rnr-threads,non-rumours,1,0,0.0,0.0,0.0,0,0,0.0
graph_005218.json,553498106588049408,non-rumour,charliehebdo-all-rnr-threads,non-rumours,20,19,639.0,68.0,0.0297339593114241,3,15,3.8
graph_005219.json,553499806883381249,non-rumour,charliehebdo-all-rnr-threads,non-rumours,11,10,3315.0,39.0,0.0030165912518853,1,10,10.0
graph_005220.json,553500238246608896,true,charliehebdo-all-rnr-threads,rumours,20,18,15278.0,193.0,0.0012436182746432,2,17,9.0
graph_005221.json,553500932521336832,non-rumour,charliehebdo-all-rnr-threads,non-rumours,20,19,63290.0,49.0,0.0003002054036972,2,14,4.75
graph_005222.json,553501357156876290,unverified,charliehebdo-all-rnr-threads,rumours,25,20,2285.0,75.0,0.0105032822757111,3,14,2.857142857142857
graph_005223.json,553501469388058626,non-rumour,charliehebdo-all-rnr-threads,non-rumours,14,13,182182.0,185.0,7.135721421435707e-05,2,11,4.333333333333333
graph_005224.json,553501773517033472,true,charliehebdo-all-rnr-threads,rumours,36,35,18745.0,84.0,0.0018671645772205,6,13,1.8421052631578947
graph_005225.json,553502180666531840,false,charliehebdo-all-rnr-threads,rumours,16,15,13229.0,60.0,0.001133872552725,5,9,3.0
graph_005226.json,553502311872733184,true,charliehebdo-all-rnr-threads,rumours,10,9,3371.0,274.0,0.0026698309107089,1,9,9.0
graph_005227.json,553502446769942528,unverified,charliehebdo-all-rnr-threads,rumours,20,19,5366.0,43.0,0.0035408125232948,1,19,19.0
graph_005228.json,553502749498036224,non-rumour,charliehebdo-all-rnr-threads,non-rumours,14,13,3627.0,36.0,0.003584229390681,3,10,3.25
graph_005229.json,553503184174710784,unverified,charliehebdo-all-rnr-threads,rumours,24,23,7651.0,54.0,0.0030061429878447,3,18,4.6
graph_005230.json,553503546382249984,false,charliehebdo-all-rnr-threads,rumours,22,21,25701.0,90.0,0.0008170888292284,3,19,7.0
graph_005231.json,553503846258196480,non-rumour,charliehebdo-all-rnr-threads,non-rumours,20,19,6357.0,57.0,0.0029888312096901,4,15,3.8
graph_005232.json,553503909692841984,true,charliehebdo-all-rnr-threads,rumours,22,21,14236.0,84.0,0.0014751334644563,6,9,1.75
graph_005233.json,553503995872808961,non-rumour,charliehebdo-all-rnr-threads,non-rumours,1,0,0.0,0.0,0.0,0,0,0.0
graph_005234.json,553505242554175489,unverified,charliehebdo-all-rnr-threads,rumours,16,14,76071.0,32.0,0.0001971842094885,2,13,7.0
graph_005235.json,553505371290357761,unverified,charliehebdo-all-rnr-threads,rumours,19,18,45302.0,52.0,0.0003973334510617,3,12,2.5714285714285716
graph_005236.json,553505458162782208,non-rumour,charliehebdo-all-rnr-threads,non-rumours,1,0,0.0,0.0,0.0,0,0,0.0
graph_005237.json,553505858811080704,false,charliehebdo-all-rnr-threads,rumours,9,8,20096.0,122.0,0.0003980891719745,1,8,8.0
graph_005238.json,553506091389440000,non-rumour,charliehebdo-all-rnr-threads,non-rumours,1,0,0.0,0.0,0.0,0,0,0.0
graph_005239.json,553506337121107968,non-rumour,charliehebdo-all-rnr-threads,non-rumours,72,69,107451.0,1217.0,0.0006607663027798,19,11,1.6829268292682926
graph_005240.json,553506608203169792,true,charliehebdo-all-rnr-threads,rumours,25,22,97911.0,125.0,0.0002451205686797,2,18,5.5
graph_005241.json,553506946054369280,non-rumour,charliehebdo-all-rnr-threads,non-rumours,24,23,92907.0,1317.0,0.0002475593873443,5,17,3.2857142857142856
graph_005242.json,553506985413713920,non-rumour,charliehebdo-all-rnr-threads,non-rumours,8,7,2718.0,143.0,0.0025754231052244,1,7,7.0
graph_005243.json,553508098825261056,true,charliehebdo-all-rnr-threads,rumours,20,19,15694.0,239.0,0.0012106537530266,7,10,1.9
graph_005244.json,553508524320653312,non-rumour,charliehebdo-all-rnr-threads,non-rumours,23,20,186456.0,128.0,0.0001179903033423,3,12,2.857142857142857
graph_005245.json,553509146730176513,non-rumour,charliehebdo-all-rnr-threads,non-rumours,22,21,2768.0,47.0,0.0075867052023121,5,16,3.5
graph_005246.json,553509181446443008,non-rumour,charliehebdo-all-rnr-threads,non-rumours,8,7,168329.0,285.0,4.158522892668524e-05,1,7,7.0
graph_005247.json,553509591888441344,non-rumour,charliehebdo-all-rnr-threads,non-rumours,9,8,103144.0,211.0,7.75614674629644e-05,1,8,8.0
graph_005248.json,553511279235964928,non-rumour,charliehebdo-all-rnr-threads,non-rumours,20,19,26027.0,197.0,0.0007300111422753,3,15,3.8
graph_005249.json,553511977478537216,non-rumour,charliehebdo-all-rnr-threads,non-rumours,7,6,17296.0,86.0,0.0003469010175763,2,5,3.0
graph_005250.json,553512076304728064,non-rumour,charliehebdo-all-rnr-threads,non-rumours,23,14,19594.0,76.0,0.0011227926916402,5,7,1.75
graph_005251.json,553512735192141826,true,charliehebdo-all-rnr-threads,rumours,6,5,73408.0,216.0,6.811246730601569e-05,1,5,5.0
graph_005252.json,553513403512532992,true,charliehebdo-all-rnr-threads,rumours,26,25,9719.0,46.0,0.0025722810988784,3,18,3.5714285714285716
graph_005253.json,553514329166061568,non-rumour,charliehebdo-all-rnr-threads,non-rumours,176,158,644718.0,110.0,0.0002714365040219,15,10,1.8571428571428572
graph_005254.json,553514505633017856,non-rumour,charliehebdo-all-rnr-threads,non-rumours,25,24,4584.0,98.0,0.0052356020942408,11,4,1.3333333333333333
graph_005255.json,553515054503821312,true,charliehebdo-all-rnr-threads,rumours,7,6,1878.0,391.0,0.0031948881789137,1,6,6.0
graph_005256.json,553515399438811136,true,charliehebdo-all-rnr-threads,rumours,10,8,110654.0,249.0,8.133461058795886e-05,2,7,4.0
graph_005257.json,553515827073261568,non-rumour,charliehebdo-all-rnr-threads,non-rumours,20,19,15344.0,2583.0,0.0012382690302398,3,17,6.333333333333333
graph_005258.json,553516197283893248,non-rumour,charliehebdo-all-rnr-threads,non-rumours,4,3,116690.0,714.0,2.570914388550861e-05,1,3,3.0
graph_005259.json,553516364879904768,non-rumour,charliehebdo-all-rnr-threads,non-rumours,23,22,76162.0,200.0,0.0002888579606627,3,17,5.5
graph_005260.json,553517053110657024,non-rumour,charliehebdo-all-rnr-threads,non-rumours,12,11,7387.0,41.0,0.001489102477325,2,10,5.5
graph_005261.json,553517080637489154,non-rumour,charliehebdo-all-rnr-threads,non-rumours,6,5,165920.0,255.0,3.0135004821600772e-05,2,4,2.5
graph_005262.json,553517380995792896,non-rumour,charliehebdo-all-rnr-threads,non-rumours,21,20,91777.0,2405.0,0.0002179195223204,11,6,1.818181818181818
graph_005263.json,553517548734791680,non-rumour,charliehebdo-all-rnr-threads,non-rumours,9,8,26816.0,3805.0,0.0002983293556085,1,8,8.0
graph_005264.json,553517713147301888,false,charliehebdo-all-rnr-threads,rumours,6,5,7019.0,169.0,0.0007123521869212,1,5,5.0
graph_005265.json,553518024272379905,true,charliehebdo-all-rnr-threads,rumours,12,11,2435.0,441.0,0.0045174537987679,4,5,2.2
graph_005266.json,553518053838061568,false,charliehebdo-all-rnr-threads,rumours,2,1,1217.0,1217.0,0.000821692686935,1,1,1.0
graph_005267.json,553518472798683136,unverified,charliehebdo-all-rnr-threads,rumours,21,20,1446.0,56.0,0.0138312586445366,2,19,10.0
graph_005268.json,553519375521951744,false,charliehebdo-all-rnr-threads,rumours,9,8,17138.0,19.0,0.0004667989263624,3,6,2.6666666666666665
graph_005269.json,553519997956669440,non-rumour,charliehebdo-all-rnr-threads,non-rumours,15,14,194934.0,123.0,7.18191798249664e-05,5,6,2.0
graph_005270.json,553520399300833280,non-rumour,charliehebdo-all-rnr-threads,non-rumours,14,13,2771.0,193.0,0.0046914471309996,6,7,2.1666666666666665
graph_005271.json,553521417598550016,unverified,charliehebdo-all-rnr-threads,rumours,14,13,2381.0,31.0,0.0054598908021839,2,11,4.333333333333333
graph_005272.json,553521697350234112,non-rumour,charliehebdo-all-rnr-threads,non-rumours,3,2,7492.0,4200.0,0.0002669514148424,1,2,2.0
graph_005273.json,553522808417157120,non-rumour,charliehebdo-all-rnr-threads,non-rumours,24,22,32754.0,564.0,0.0007022043109238,5,9,2.2
graph_005274.json,553523303453696001,non-rumour,charliehebdo-all-rnr-threads,non-rumours,13,12,5569.0,52.0,0.0021547854192853,1,12,12.0
graph_005275.json,553524086417424384,true,charliehebdo-all-rnr-threads,rumours,3,2,283.0,1.0,0.0070671378091872,1,2,2.0
graph_005276.json,553524183594844160,non-rumour,charliehebdo-all-rnr-threads,non-rumours,5,4,4265.0,793.0,0.0009378663540445,1,4,4.0
graph_005277.json,553525290908262400,non-rumour,charliehebdo-all-rnr-threads,non-rumours,8,7,182405.0,136.0,3.8376141004906664e-05,1,7,7.0
graph_005278.json,553525347266740226,non-rumour,charliehebdo-all-rnr-threads,non-rumours,14,13,54535.0,1449.0,0.000238379022646,3,11,4.333333333333333
graph_005279.json,553526191399776257,non-rumour,charliehebdo-all-rnr-threads,non-rumours,1,0,0.0,0.0,0.0,0,0,0.0
graph_005280.json,553526283033133056,non-rumour,charliehebdo-all-rnr-threads,non-rumours,25,24,6726.0,142.0,0.0035682426404995,19,2,1.2
graph_005281.json,553526776878469121,non-rumour,charliehebdo-all-rnr-threads,non-rumours,20,19,84860.0,431.0,0.0002238981852462,4,12,2.7142857142857144
graph_005282.json,553527807771308034,non-rumour,charliehebdo-all-rnr-threads,non-rumours,30,29,76723.0,66.0,0.0003779831341318,5,14,2.636363636363636
graph_005283.json,553527964856352769,non-rumour,charliehebdo-all-rnr-threads,non-rumours,6,5,30177.0,119.0,0.0001656891009709,1,5,5.0
graph_005284.json,553528503573184514,non-rumour,charliehebdo-all-rnr-threads,non-rumours,8,7,95527.0,37.0,7.327771206046458e-05,2,6,3.5
graph_005285.json,553528740618436610,non-rumour,charliehebdo-all-rnr-threads,non-rumours,23,22,4879.0,75.0,0.0045091207214593,4,19,5.5
graph_005286.json,553528788383191040,unverified,charliehebdo-all-rnr-threads,rumours,21,20,850.0,21.0,0.0235294117647058,2,18,6.666666666666667
graph_005287.json,553529101659566080,unverified,charliehebdo-all-rnr-threads,rumours,19,18,4533.0,41.0,0.0039708802117802,1,18,18.0
graph_005288.json,553529196216344576,unverified,charliehebdo-all-rnr-threads,rumours,48,47,4385.0,42.0,0.0107183580387685,14,8,1.46875
graph_005289.json,553529334892609536,unverified,charliehebdo-all-rnr-threads,rumours,10,9,2944.0,114.0,0.0030570652173913,3,6,3.0
graph_005290.json,553529789794250753,non-rumour,charliehebdo-all-rnr-threads,non-rumours,12,11,337750.0,347.0,3.2568467801628425e-05,1,11,11.0
graph_005291.json,553529796601585664,unverified,charliehebdo-all-rnr-threads,rumours,21,20,1970.0,64.0,0.0101522842639593,8,12,2.5
graph_005292.json,553529935789559808,unverified,charliehebdo-all-rnr-threads,rumours,7,6,1156.0,73.0,0.0051903114186851,1,6,6.0
graph_005293.json,553529941938425857,unverified,charliehebdo-all-rnr-threads,rumours,8,7,1435.0,180.0,0.0048780487804878,2,6,3.5
graph_005294.json,553530513580118016,non-rumour,charliehebdo-all-rnr-threads,non-rumours,24,23,153429.0,61.0,0.0001499064713971,5,10,1.7692307692307692
graph_005295.json,553530524183326720,true,charliehebdo-all-rnr-threads,rumours,4,3,3100.0,66.0,0.0009677419354838,1,3,3.0
graph_005296.json,553530558614351873,unverified,charliehebdo-all-rnr-threads,rumours,5,4,491.0,117.0,0.0081466395112016,1,4,4.0
graph_005297.json,553530667821457408,unverified,charliehebdo-all-rnr-threads,rumours,3,2,246.0,18.0,0.008130081300813,1,2,2.0
graph_005298.json,553531130163773440,unverified,charliehebdo-all-rnr-threads,rumours,4,2,4402.0,62.0,0.0006815084052703,1,2,2.0
graph_005299.json,553531316797718528,unverified,charliehebdo-all-rnr-threads,rumours,7,6,1834.0,44.0,0.0032715376226826,1,6,6.0
graph_005300.json,553531343834202112,unverified,charliehebdo-all-rnr-threads,rumours,24,23,5557.0,34.0,0.0041389238797912,4,18,3.8333333333333335
graph_005301.json,553531413459660800,true,charliehebdo-all-rnr-threads,rumours,15,13,170681.0,45.0,8.202436123528688e-05,2,12,6.5
graph_005302.json,553531695480463360,unverified,charliehebdo-all-rnr-threads,rumours,19,18,20875.0,15.0,0.0008622754491017,2,17,9.0
graph_005303.json,553531781690163201,unverified,charliehebdo-all-rnr-threads,rumours,8,7,12821.0,56.0,0.0005459792527883,1,7,7.0
graph_005304.json,553531783992868864,non-rumour,charliehebdo-all-rnr-threads,non-rumours,61,60,991926.0,13.0,6.0488383206005286e-05,9,10,1.818181818181818
graph_005305.json,553531802347122689,non-rumour,charliehebdo-all-rnr-threads,non-rumours,24,23,73033.0,33336.0,0.000314926129284,4,15,2.5555555555555554
graph_005306.json,553531971457265664,true,charliehebdo-all-rnr-threads,rumours,15,12,77538.0,77.0,0.0001805566302974,2,10,4.0
graph_005307.json,553532452472238080,non-rumour,charliehebdo-all-rnr-threads,non-rumours,31,30,48521.0,217.0,0.0006182889882731,5,14,2.142857142857143
graph_005308.json,553532507623546881,non-rumour,charliehebdo-all-rnr-threads,non-rumours,37,35,420847.0,1513.0,8.554177646508113e-05,8,17,2.5
graph_005309.json,553532736187924480,non-rumour,charliehebdo-all-rnr-threads,non-rumours,19,18,22142.0,105.0,0.0008129346942462,1,18,18.0
graph_005310.json,553532980871053312,unverified,charliehebdo-all-rnr-threads,rumours,4,3,12087.0,120.0,0.0002482005460412,1,3,3.0
graph_005311.json,553532980896231424,true,charliehebdo-all-rnr-threads,rumours,4,3,5266.0,295.0,0.0005696923661222,1,3,3.0
graph_005312.json,553533193899368448,non-rumour,charliehebdo-all-rnr-threads,non-rumours,21,20,138448.0,83.0,0.0001444585692823,2,18,6.666666666666667
graph_005313.json,553533499643547648,unverified,charliehebdo-all-rnr-threads,rumours,10,9,4621.0,237.0,0.0019476303830339,5,4,1.8
graph_005314.json,553533607126388737,unverified,charliehebdo-all-rnr-threads,rumours,1,0,0.0,0.0,0.0,0,0,0.0
graph_005315.json,553533859032477696,non-rumour,charliehebdo-all-rnr-threads,non-rumours,6,5,2196.0,120.0,0.0022768670309653,1,5,5.0
graph_005316.json,553534707108155392,unverified,charliehebdo-all-rnr-threads,rumours,14,13,11722.0,99.0,0.0011090257635215,7,7,1.8571428571428572
graph_005317.json,553534768537939968,unverified,charliehebdo-all-rnr-threads,rumours,5,4,5246.0,317.0,0.000762485703393,1,4,4.0
graph_005318.json,553534838880608256,true,charliehebdo-all-rnr-threads,rumours,8,7,1017.0,123.0,0.0068829891838741,1,7,7.0
graph_005319.json,553534934447824896,non-rumour,charliehebdo-all-rnr-threads,non-rumours,39,38,260040.0,46.0,0.0001461313644054,5,12,3.1666666666666665
graph_005320.json,553535221828964352,unverified,charliehebdo-all-rnr-threads,rumours,9,8,7128.0,91.0,0.0011223344556677,1,8,8.0
graph_005321.json,553535227214438400,non-rumour,charliehebdo-all-rnr-threads,non-rumours,14,13,110412.0,109.0,0.0001177408252726,2,12,6.5
graph_005322.json,553535430788780032,unverified,charliehebdo-all-rnr-threads,rumours,19,18,4173.0,38.0,0.00431344356578,2,14,6.0
graph_005323.json,553535441828605953,true,charliehebdo-all-rnr-threads,rumours,21,20,6891.0,13.0,0.0029023363807865,2,19,10.0
graph_005324.json,553535467065712640,unverified,charliehebdo-all-rnr-threads,rumours,25,24,26500.0,40.0,0.0009056603773584,3,17,4.8
graph_005325.json,553535468290453504,non-rumour,charliehebdo-all-rnr-threads,non-rumours,23,21,150184.0,157.0,0.0001464869759761,3,12,5.25
graph_005326.json,553535642848989184,non-rumour,charliehebdo-all-rnr-threads,non-rumours,18,17,17544.0,81.0,0.000968992248062,3,14,5.666666666666667
graph_005327.json,553535765997969408,non-rumour,charliehebdo-all-rnr-threads,non-rumours,20,19,30340.0,68.0,0.0006262359920896,2,18,9.5
graph_005328.json,553535829017370625,true,charliehebdo-all-rnr-threads,rumours,6,5,3770.0,29.0,0.0013262599469496,1,5,5.0
graph_005329.json,553535829529100288,true,charliehebdo-all-rnr-threads,rumours,3,2,327.0,180.0,0.0061162079510703,1,2,2.0
graph_005330.json,553535862911541248,true,charliehebdo-all-rnr-threads,rumours,12,11,2418.0,683.0,0.0045492142266335,2,9,3.6666666666666665
graph_005331.json,553535971959275520,unverified,charliehebdo-all-rnr-threads,rumours,2,1,102.0,102.0,0.0098039215686274,1,1,1.0
graph_005332.json,553536236493615104,true,charliehebdo-all-rnr-threads,rumours,20,19,42186.0,17.0,0.0004503863841084,8,11,2.111111111111111
graph_005333.json,553536269972942849,true,charliehebdo-all-rnr-threads,rumours,16,15,1406.0,46.0,0.0106685633001422,3,10,3.0
graph_005334.json,553536358950916096,non-rumour,charliehebdo-all-rnr-threads,non-rumours,13,12,1922.0,64.0,0.0062434963579604,2,10,4.0
graph_005335.json,553536397731442688,true,charliehebdo-all-rnr-threads,rumours,7,6,11765.0,52.0,0.0005099872503187,1,6,6.0
graph_005336.json,553536532960010240,non-rumour,charliehebdo-all-rnr-threads,non-rumours,10,9,3379.0,147.0,0.0026635099141757,1,9,9.0
graph_005337.json,553536603998945280,true,charliehebdo-all-rnr-threads,rumours,20,19,18325.0,53.0,0.0010368349249658,3,17,6.333333333333333
graph_005338.json,553536887349325825,true,charliehebdo-all-rnr-threads,rumours,20,19,2191.0,55.0,0.0086718393427658,3,17,6.333333333333333
graph_005339.json,553537235463979008,non-rumour,charliehebdo-all-rnr-threads,non-rumours,4,3,1442.0,256.0,0.0020804438280166,1,3,3.0
graph_005340.json,553537280343031808,non-rumour,charliehebdo-all-rnr-threads,non-rumours,20,19,23877.0,14.0,0.0007957448590693,1,19,19.0
graph_005341.json,553537322218553344,non-rumour,charliehebdo-all-rnr-threads,non-rumours,19,18,79865.0,88.0,0.0002253803293057,3,11,3.0
graph_005342.json,553537380209401856,non-rumour,charliehebdo-all-rnr-threads,non-rumours,4,3,501.0,36.0,0.0059880239520958,1,3,3.0
graph_005343.json,553537460920389633,non-rumour,charliehebdo-all-rnr-threads,non-rumours,20,16,10772.0,29.0,0.0017638321574452,4,11,2.6666666666666665
graph_005344.json,553537537126694912,true,charliehebdo-all-rnr-threads,rumours,5,4,664.0,136.0,0.0060240963855421,2,3,2.0
graph_005345.json,553537551114706945,non-rumour,charliehebdo-all-rnr-threads,non-rumours,22,21,126096.0,266.0,0.0001665397792158,2,17,4.2
graph_005346.json,553537648938086403,non-rumour,charliehebdo-all-rnr-threads,non-rumours,28,27,86544.0,4899.0,0.0003119800332778,16,3,1.173913043478261
graph_005347.json,553537740588220416,non-rumour,charliehebdo-all-rnr-threads,non-rumours,5,4,5941.0,135.0,0.0006732873253661,1,4,4.0
graph_005348.json,553537870431268864,non-rumour,charliehebdo-all-rnr-threads,non-rumours,7,6,1337.0,42.0,0.0044876589379207,1,6,6.0
graph_005349.json,553537939041701888,unverified,charliehebdo-all-rnr-threads,rumours,5,4,1212.0,67.0,0.0033003300330033,1,4,4.0
graph_005350.json,553538058440941568,unverified,charliehebdo-all-rnr-threads,rumours,20,19,861.0,52.0,0.0220673635307781,2,17,9.5
graph_005351.json,553538304332017665,non-rumour,charliehebdo-all-rnr-threads,non-rumours,25,24,100341.0,23.0,0.0002391843812599,5,18,4.0
graph_005352.json,553538456207777792,non-rumour,charliehebdo-all-rnr-threads,non-rumours,6,5,1909.0,129.0,0.00261917234154,2,4,2.5
graph_005353.json,553538483474534400,non-rumour,charliehebdo-all-rnr-threads,non-rumours,7,6,18718.0,101.0,0.0003205470669943,1,6,6.0
graph_005354.json,553538523266318336,non-rumour,charliehebdo-all-rnr-threads,non-rumours,9,8,1945.0,199.0,0.0041131105398457,1,8,8.0
graph_005355.json,553538559609942017,non-rumour,charliehebdo-all-rnr-threads,non-rumours,38,30,70682.0,393.0,0.0005234713222602,6,8,1.875
graph_005356.json,553538939076624384,non-rumour,charliehebdo-all-rnr-threads,non-rumours,20,19,8973.0,82.0,0.0021174635016159,2,18,9.5
graph_005357.json,553538939454509056,non-rumour,charliehebdo-all-rnr-threads,non-rumours,6,5,534.0,50.0,0.0093632958801498,1,5,5.0
graph_005358.json,553539252374757376,non-rumour,charliehebdo-all-rnr-threads,non-rumours,1,0,0.0,0.0,0.0,0,0,0.0
graph_005359.json,553539373707186176,non-rumour,charliehebdo-all-rnr-threads,non-rumours,33,32,226108.0,220.0,0.0001415252888,8,6,1.6
graph_005360.json,553539504146231298,non-rumour,charliehebdo-all-rnr-threads,non-rumours,23,22,17084.0,16.0,0.0012877546242097,3,17,4.4
graph_005361.json,553539631149756416,non-rumour,charliehebdo-all-rnr-threads,non-rumours,21,20,11155.0,51.0,0.0017929179740026,2,18,6.666666666666667
graph_005362.json,553539778088816641,non-rumour,charliehebdo-all-rnr-threads,non-rumours,18,17,2297.0,55.0,0.0074009577710056,1,17,17.0
graph_005363.json,553540131756732416,non-rumour,charliehebdo-all-rnr-threads,non-rumours,13,12,571128.0,82.0,2.101105181325377e-05,2,9,3.0
graph_005364.json,553540355317334016,non-rumour,charliehebdo-all-rnr-threads,non-rumours,6,5,129085.0,273.0,3.873416740907154e-05,1,5,5.0
graph_005365.json,553540381187780609,non-rumour,charliehebdo-all-rnr-threads,non-rumours,9,8,498532.0,431.0,1.6047114327666028e-05,3,6,2.6666666666666665
graph_005366.json,553540478403366912,non-rumour,charliehebdo-all-rnr-threads,non-rumours,9,8,3032.0,263.0,0.0026385224274406,1,8,8.0
graph_005367.json,553540580912156672,non-rumour,charliehebdo-all-rnr-threads,non-rumours,22,17,154052.0,644.0,0.0001363176070417,3,14,4.25
graph_005368.json,553540617540624385,unverified,charliehebdo-all-rnr-threads,rumours,31,30,109187.0,589.0,0.000274757984009,9,7,1.7647058823529411
graph_005369.json,553540719714271233,non-rumour,charliehebdo-all-rnr-threads,non-rumours,21,20,6222.0,24.0,0.003214400514304,5,14,2.857142857142857
graph_005370.json,553540739058376704,unverified,charliehebdo-all-rnr-threads,rumours,17,16,9475.0,62.0,0.001688654353562,5,12,3.2
graph_005371.json,553540824768991233,non-rumour,charliehebdo-all-rnr-threads,non-rumours,2,1,32.0,32.0,0.03125,1,1,1.0
graph_005372.json,553540872986705920,non-rumour,charliehebdo-all-rnr-threads,non-rumours,18,17,3358.0,74.0,0.0050625372245384,1,17,17.0
graph_005373.json,553540934118694912,non-rumour,charliehebdo-all-rnr-threads,non-rumours,21,19,1465.0,33.0,0.0136518771331058,3,17,6.333333333333333
graph_005374.json,553541197491634176,non-rumour,charliehebdo-all-rnr-threads,non-rumours,1,0,0.0,0.0,0.0,0,0,0.0
graph_005375.json,553541601482784768,non-rumour,charliehebdo-all-rnr-threads,non-rumours,12,11,117602.0,64.0,9.353582422067652e-05,1,11,11.0
graph_005376.json,553541676229472256,unverified,charliehebdo-all-rnr-threads,rumours,20,18,557.0,16.0,0.0341113105924596,1,18,18.0
graph_005377.json,553541776854634496,true,charliehebdo-all-rnr-threads,rumours,18,17,67221.0,41.0,0.0002528971601136,2,14,4.25
graph_005378.json,553541834975498240,non-rumour,charliehebdo-all-rnr-threads,non-rumours,2,1,1940.0,1940.0,0.0005154639175257,1,1,1.0
graph_005379.json,553541838494515200,non-rumour,charliehebdo-all-rnr-threads,non-rumours,21,20,165713.0,32.0,0.0001206905915649,5,12,2.5
graph_005380.json,553541988490825728,unverified,charliehebdo-all-rnr-threads,rumours,14,13,3188.0,59.0,0.004077791718946,1,13,13.0
graph_005381.json,553542093683974144,non-rumour,charliehebdo-all-rnr-threads,non-rumours,1,0,0.0,0.0,0.0,0,0,0.0
graph_005382.json,553542208214036480,non-rumour,charliehebdo-all-rnr-threads,non-rumours,8,7,2220.0,199.0,0.0031531531531531,1,7,7.0
graph_005383.json,553542235661553665,unverified,charliehebdo-all-rnr-threads,rumours,7,6,1232.0,146.0,0.0048701298701298,2,5,3.0
graph_005384.json,553542245966958592,non-rumour,charliehebdo-all-rnr-threads,non-rumours,17,15,9541.0,268.0,0.0016769730636201,2,13,5.0
graph_005385.json,553542282100871168,non-rumour,charliehebdo-all-rnr-threads,non-rumours,14,13,2020.0,37.0,0.0064356435643564,1,13,13.0
graph_005386.json,553542337553764352,non-rumour,charliehebdo-all-rnr-threads,non-rumours,19,18,42960.0,77.0,0.0004189944134078,6,13,3.0
graph_005387.json,553542417673367552,non-rumour,charliehebdo-all-rnr-threads,non-rumours,8,7,2611.0,68.0,0.002680965147453,1,7,7.0
graph_005388.json,553542442373619712,unverified,charliehebdo-all-rnr-threads,rumours,14,9,70454.0,24.0,0.0001845175575552,1,9,9.0
graph_005389.json,553542516772175873,non-rumour,charliehebdo-all-rnr-threads,non-rumours,20,19,5005.0,180.0,0.0037962037962037,2,17,6.333333333333333
graph_005390.json,553542565593878528,unverified,charliehebdo-all-rnr-threads,rumours,58,55,16282.0,72.0,0.0035007984277115,12,11,1.71875
graph_005391.json,553542628097019904,non-rumour,charliehebdo-all-rnr-threads,non-rumours,19,18,11880.0,4530.0,0.0015151515151515,11,7,1.6363636363636365
graph_005392.json,553542784800792577,non-rumour,charliehebdo-all-rnr-threads,non-rumours,94,93,176901.0,73.0,0.0005257177743483,14,13,1.690909090909091
graph_005393.json,553543032642220033,non-rumour,charliehebdo-all-rnr-threads,non-rumours,8,7,114242.0,206.0,6.12734370896868e-05,2,6,3.5
graph_005394.json,553543144172969984,non-rumour,charliehebdo-all-rnr-threads,non-rumours,21,20,26589.0,1316.0,0.0007521907555756,4,10,2.5
graph_005395.json,553543319423553537,non-rumour,charliehebdo-all-rnr-threads,non-rumours,39,38,9910.0,74.0,0.0038345105953582,8,15,2.235294117647059
graph_005396.json,553543369604210689,true,charliehebdo-all-rnr-threads,rumours,23,17,2320.0,67.0,0.0094827586206896,4,7,2.4285714285714284
graph_005397.json,553543395017510912,non-rumour,charliehebdo-all-rnr-threads,non-rumours,12,11,29797.0,104.0,0.0003691646810081,3,7,2.2
graph_005398.json,553543467427577858,non-rumour,charliehebdo-all-rnr-threads,non-rumours,4,3,691149.0,17869.0,4.340598047598998e-06,1,3,3.0
graph_005399.json,553543939517874176,non-rumour,charliehebdo-all-rnr-threads,non-rumours,20,19,10882.0,427.0,0.0017460025730564,4,15,3.8
graph_005400.json,553544039241224194,non-rumour,charliehebdo-all-rnr-threads,non-rumours,18,17,200378.0,44.0,8.483965305572468e-05,1,17,17.0
graph_005401.json,553544078768766977,non-rumour,charliehebdo-all-rnr-threads,non-rumours,8,7,7073.0,85.0,0.0009896790612187,1,7,7.0
graph_005402.json,553544252563935234,unverified,charliehebdo-all-rnr-threads,rumours,15,14,181439.0,76.0,7.716091909677633e-05,1,14,14.0
graph_005403.json,553544266526760960,non-rumour,charliehebdo-all-rnr-threads,non-rumours,8,7,8673.0,95.0,0.0008071025020177,1,7,7.0
graph_005404.json,553544336475168769,non-rumour,charliehebdo-all-rnr-threads,non-rumours,4,3,28286.0,7497.0,0.0001060595347521,1,3,3.0
graph_005405.json,553544419602104320,unverified,charliehebdo-all-rnr-threads,rumours,20,19,1122.0,31.0,0.016934046345811,2,17,6.333333333333333
graph_005406.json,553544566042009600,non-rumour,charliehebdo-all-rnr-threads,non-rumours,32,9,6732.0,35.0,0.004604872251931,1,2,2.0
graph_005407.json,553544694765215745,true,charliehebdo-all-rnr-threads,rumours,15,14,2069.0,136.0,0.0067665538907684,1,14,14.0
graph_005408.json,553545000110538753,non-rumour,charliehebdo-all-rnr-threads,non-rumours,24,23,476193.0,368.0,4.829974401135674e-05,7,6,2.3
graph_005409.json,553545384069328896,non-rumour,charliehebdo-all-rnr-threads,non-rumours,22,21,22586.0,5554.0,0.0009297795094306,9,7,1.75
graph_005410.json,553545386082979841,non-rumour,charliehebdo-all-rnr-threads,non-rumours,21,20,6922.0,70.0,0.0028893383415197,3,16,4.0
graph_005411.json,553545782050045952,non-rumour,charliehebdo-all-rnr-threads,non-rumours,13,12,16247.0,280.0,0.0007385978949959,4,9,3.0
graph_005412.json,553545857304629248,non-rumour,charliehebdo-all-rnr-threads,non-rumours,5,4,3560.0,65.0,0.0011235955056179,1,4,4.0
graph_005413.json,553545906155712512,true,charliehebdo-all-rnr-threads,rumours,17,16,14327.0,97.0,0.0011167725273958,2,14,5.333333333333333
graph_005414.json,553546029212389376,unverified,charliehebdo-all-rnr-threads,rumours,12,11,34037.0,60.0,0.0003231777183653,3,9,3.6666666666666665
graph_005415.json,553546063752478722,unverified,charliehebdo-all-rnr-threads,rumours,24,23,10480.0,110.0,0.0021946564885496,5,18,4.6
graph_005416.json,553546292748898304,non-rumour,charliehebdo-all-rnr-threads,non-rumours,20,19,381308.0,37.0,4.982848510915061e-05,1,19,19.0
graph_005417.json,553546551709409280,non-rumour,charliehebdo-all-rnr-threads,non-rumours,21,20,246179.0,134.0,8.124169811397398e-05,4,14,3.3333333333333335
graph_005418.json,553546679161745408,non-rumour,charliehebdo-all-rnr-threads,non-rumours,9,8,9036.0,247.0,0.0008853474988933,3,6,2.6666666666666665
graph_005419.json,553546878902861825,non-rumour,charliehebdo-all-rnr-threads,non-rumours,11,10,15892.0,230.0,0.0006292474200855,2,8,3.3333333333333335
graph_005420.json,553546967281061888,non-rumour,charliehebdo-all-rnr-threads,non-rumours,14,10,35703.0,43.0,0.000364115060359,2,8,3.3333333333333335
graph_005421.json,553547270264979456,true,charliehebdo-all-rnr-threads,rumours,20,19,1524.0,49.0,0.0124671916010498,2,18,9.5
graph_005422.json,553547629963911170,non-rumour,charliehebdo-all-rnr-threads,non-rumours,1,0,0.0,0.0,0.0,0,0,0.0
graph_005423.json,553547637832843264,non-rumour,charliehebdo-all-rnr-threads,non-rumours,31,30,167290.0,49.0,0.0001793293083866,5,16,3.0
graph_005424.json,553547659404148736,non-rumour,charliehebdo-all-rnr-threads,non-rumours,23,22,35621.0,20.0,0.0006176132056932,4,14,3.142857142857143
graph_005425.json,553547836517007360,true,charliehebdo-all-rnr-threads,rumours,17,16,17827.0,12.0,0.0008975150053289,2,15,8.0
graph_005426.json,553548404102414337,non-rumour,charliehebdo-all-rnr-threads,non-rumours,5,4,164061.0,76.0,2.4381175294555075e-05,2,3,2.0
graph_005427.json,553548440563908611,non-rumour,charliehebdo-all-rnr-threads,non-rumours,20,19,9350.0,48.0,0.0020320855614973,2,17,6.333333333333333
graph_005428.json,553548487225532416,non-rumour,charliehebdo-all-rnr-threads,non-rumours,20,19,22287.0,755.0,0.000852514919011,4,15,4.75
graph_005429.json,553548567420628992,unverified,charliehebdo-all-rnr-threads,rumours,23,22,3954.0,139.0,0.0055639858371269,9,9,1.6923076923076923
graph_005430.json,553549680538578944,non-rumour,charliehebdo-all-rnr-threads,non-rumours,14,13,26880.0,83.0,0.0004836309523809,3,11,4.333333333333333
graph_005431.json,553549686129561600,unverified,charliehebdo-all-rnr-threads,rumours,24,23,8293.0,62.0,0.0027734233691064,4,9,3.2857142857142856
graph_005432.json,553550030553243650,non-rumour,charliehebdo-all-rnr-threads,non-rumours,21,20,2814.0,88.0,0.0071073205401563,6,11,2.2222222222222223
graph_005433.json,553550301886955520,unverified,charliehebdo-all-rnr-threads,rumours,20,19,512.0,27.0,0.037109375,2,18,9.5
graph_005434.json,553550448154910720,true,charliehebdo-all-rnr-threads,rumours,4,3,14708.0,247.0,0.0002039706282295,1,3,3.0
graph_005435.json,553550888770740224,non-rumour,charliehebdo-all-rnr-threads,non-rumours,23,22,4983.0,44.0,0.0044150110375275,3,18,5.5
graph_005436.json,553551148280729602,non-rumour,charliehebdo-all-rnr-threads,non-rumours,14,13,12875.0,164.0,0.001009708737864,1,13,13.0
graph_005437.json,553551225560764416,unverified,charliehebdo-all-rnr-threads,rumours,20,17,22656.0,63.0,0.0008386299435028,2,16,8.5
graph_005438.json,553551279620755458,non-rumour,charliehebdo-all-rnr-threads,non-rumours,22,21,7488.0,140.0,0.0028044871794871,11,5,1.5
graph_005439.json,553551282967830528,non-rumour,charliehebdo-all-rnr-threads,non-rumours,1,0,0.0,0.0,0.0,0,0,0.0
graph_005440.json,553551286793416704,true,charliehebdo-all-rnr-threads,rumours,9,8,226087.0,99.0,3.5384608579882966e-05,1,8,8.0
graph_005441.json,553551435762503681,non-rumour,charliehebdo-all-rnr-threads,non-rumours,22,21,144422.0,71.0,0.0001454072094279,3,14,3.5
graph_005442.json,553551598954491904,true,charliehebdo-all-rnr-threads,rumours,9,8,1228.0,75.0,0.006514657980456,1,8,8.0
graph_005443.json,553551934251343872,non-rumour,charliehebdo-all-rnr-threads,non-rumours,11,10,7367.0,782.0,0.0013574046423238,4,6,2.0
graph_005444.json,553552293371871233,unverified,charliehebdo-all-rnr-threads,rumours,13,12,17975.0,97.0,0.0006675938803894,3,10,4.0
graph_005445.json,553552493561798656,non-rumour,charliehebdo-all-rnr-threads,non-rumours,11,10,3481.0,47.0,0.0028727377190462,3,8,3.3333333333333335
graph_005446.json,553552772277481472,non-rumour,charliehebdo-all-rnr-threads,non-rumours,13,12,19613.0,210.0,0.0006118390863202,5,7,2.0
graph_005447.json,553552825431883776,false,charliehebdo-all-rnr-threads,rumours,9,8,3948.0,110.0,0.0020263424518743,1,8,8.0
graph_005448.json,553553112456499200,non-rumour,charliehebdo-all-rnr-threads,non-rumours,13,12,15836.0,91.0,0.0007577671129072,2,11,6.0
graph_005449.json,553553173743677440,false,charliehebdo-all-rnr-threads,rumours,4,3,14953.0,207.0,0.000200628636394,1,3,3.0
graph_005450.json,553553202197827584,non-rumour,charliehebdo-all-rnr-threads,non-rumours,10,9,6040.0,657.0,0.0014900662251655,2,8,4.5
graph_005451.json,553553244845522945,true,charliehebdo-all-rnr-threads,rumours,4,3,505.0,57.0,0.0059405940594059,1,3,3.0
graph_005452.json,553553288625672192,true,charliehebdo-all-rnr-threads,rumours,24,21,2651.0,66.0,0.0086759713315729,11,7,1.6153846153846154
graph_005453.json,553553331671408641,non-rumour,charliehebdo-all-rnr-threads,non-rumours,24,23,1776.0,15.0,0.0129504504504504,6,8,1.5333333333333334
graph_005454.json,553553724548059137,true,charliehebdo-all-rnr-threads,rumours,12,11,18313.0,179.0,0.0006006661934145,3,9,3.6666666666666665
graph_005455.json,553553813542797312,false,charliehebdo-all-rnr-threads,rumours,5,4,933.0,53.0,0.0042872454448017,1,4,4.0
graph_005456.json,553553966970044416,non-rumour,charliehebdo-all-rnr-threads,non-rumours,20,19,10501.0,28.0,0.0018093514903342,1,19,19.0
graph_005457.json,553554032745525249,non-rumour,charliehebdo-all-rnr-threads,non-rumours,39,37,160711.0,88.0,0.0002364492785185,15,11,1.608695652173913
graph_005458.json,553554351633858560,false,charliehebdo-all-rnr-threads,rumours,8,7,2414.0,91.0,0.0028997514498757,4,4,1.75
graph_005459.json,553554585634496512,false,charliehebdo-all-rnr-threads,rumours,21,16,885.0,130.0,0.0225988700564971,4,6,1.875
graph_005460.json,553554835203956736,false,charliehebdo-all-rnr-threads,rumours,20,19,1696.0,26.0,0.0112028301886792,4,16,4.75
graph_005461.json,553555156391186432,non-rumour,charliehebdo-all-rnr-threads,non-rumours,53,52,94054.0,1074.0,0.000552873880962,10,10,1.625
graph_005462.json,553555207410700289,non-rumour,charliehebdo-all-rnr-threads,non-rumours,22,21,5438.0,48.0,0.0038617138653916,2,16,7.0
graph_005463.json,553555293645590528,non-rumour,charliehebdo-all-rnr-threads,non-rumours,20,19,5767.0,1731.0,0.0032946072481359,1,19,19.0
graph_005464.json,553555389611274240,non-rumour,charliehebdo-all-rnr-threads,non-rumours,21,20,72501.0,6223.0,0.0002758582640239,5,9,2.2222222222222223
graph_005465.json,553555432577708032,non-rumour,charliehebdo-all-rnr-threads,non-rumours,10,9,2129.0,99.0,0.0042273367778299,2,7,3.0
graph_005466.json,553555593034596352,non-rumour,charliehebdo-all-rnr-threads,non-rumours,23,18,3325.0,24.0,0.0066165413533834,2,16,6.0
graph_005467.json,553555600911925249,false,charliehebdo-all-rnr-threads,rumours,23,15,17137.0,169.0,0.0012837719554181,3,11,3.0
graph_005468.json,553555705945288704,non-rumour,charliehebdo-all-rnr-threads,non-rumours,20,19,1179.0,48.0,0.0161153519932145,3,14,3.8
graph_005469.json,553555848794877952,non-rumour,charliehebdo-all-rnr-threads,non-rumours,30,25,281354.0,35.0,0.0001030729970073,8,6,1.6666666666666667
graph_005470.json,553555948883959809,non-rumour,charliehebdo-all-rnr-threads,non-rumours,45,44,269711.0,163.0,0.0001631375805955,15,5,1.6923076923076923
graph_005471.json,553555979238129664,false,charliehebdo-all-rnr-threads,rumours,21,20,1738.0,51.0,0.0115074798619102,3,12,5.0
graph_005472.json,553556060569862145,false,charliehebdo-all-rnr-threads,rumours,7,6,471.0,28.0,0.0127388535031847,2,5,3.0
graph_005473.json,553556643456507904,false,charliehebdo-all-rnr-threads,rumours,20,19,1373.0,38.0,0.0138383102694828,7,12,2.375
graph_005474.json,553556728651210753,non-rumour,charliehebdo-all-rnr-threads,non-rumours,28,26,2803.0,12.0,0.0096325365679628,7,16,2.363636363636364
graph_005475.json,553556844665659392,true,charliehebdo-all-rnr-threads,rumours,20,19,3668.0,53.0,0.0051799345692475,2,18,9.5
graph_005476.json,553556984273072128,false,charliehebdo-all-rnr-threads,rumours,6,5,230.0,42.0,0.0217391304347826,1,5,5.0
graph_005477.json,553557308937363458,false,charliehebdo-all-rnr-threads,rumours,33,32,4150.0,10.0,0.0077108433734939,8,18,2.4615384615384617
graph_005478.json,553557753558757376,true,charliehebdo-all-rnr-threads,rumours,21,20,1072.0,55.0,0.0186567164179104,3,15,4.0
graph_005479.json,553558108866637824,non-rumour,charliehebdo-all-rnr-threads,non-rumours,9,8,488515.0,72.0,1.6376160404491163e-05,1,8,8.0
graph_005480.json,553558126147149825,non-rumour,charliehebdo-all-rnr-threads,non-rumours,8,7,13773.0,578.0,0.000508240760909,1,7,7.0
graph_005481.json,553558131369062400,false,charliehebdo-all-rnr-threads,rumours,11,10,4786.0,61.0,0.0020894274968658,3,6,2.5
graph_005482.json,553558385048944640,unverified,charliehebdo-all-rnr-threads,rumours,23,22,1588.0,61.0,0.0138539042821158,6,16,3.142857142857143
graph_005483.json,553558513210105856,false,charliehebdo-all-rnr-threads,rumours,8,7,640.0,47.0,0.0109375,4,4,1.75
graph_005484.json,553558611306090496,non-rumour,charliehebdo-all-rnr-threads,non-rumours,12,10,10201.0,566.0,0.0010783256543476,3,7,2.5
graph_005485.json,553558824720666628,non-rumour,charliehebdo-all-rnr-threads,non-rumours,30,29,25857.0,148.0,0.0011215531577522,9,16,2.230769230769231
graph_005486.json,553558982476828674,true,charliehebdo-all-rnr-threads,rumours,14,13,51762.0,30.0,0.0002511494919052,3,8,2.1666666666666665
graph_005487.json,553559095798931456,non-rumour,charliehebdo-all-rnr-threads,non-rumours,19,18,35777.0,68.0,0.0005031165273779,3,15,6.0
graph_005488.json,553559793940447234,true,charliehebdo-all-rnr-threads,rumours,29,28,92517.0,446.0,0.0003026470810769,12,6,1.6470588235294117
graph_005489.json,553559880599359488,non-rumour,charliehebdo-all-rnr-threads,non-rumours,2,1,220.0,220.0,0.0045454545454545,1,1,1.0
graph_005490.json,553560219981459457,non-rumour,charliehebdo-all-rnr-threads,non-rumours,5,4,428539.0,994.0,9.33403960899708e-06,1,4,4.0
graph_005491.json,553560429910568960,non-rumour,charliehebdo-all-rnr-threads,non-rumours,3,2,1386.0,1070.0,0.0014430014430014,2,1,1.0
graph_005492.json,553560480586166272,non-rumour,charliehebdo-all-rnr-threads,non-rumours,11,10,3649.0,119.0,0.0027404768429706,3,7,2.5
graph_005493.json,553560488056225792,non-rumour,charliehebdo-all-rnr-threads,non-rumours,26,19,105943.0,371.0,0.0002359759493312,6,3,1.5833333333333333
graph_005494.json,553560769246539776,non-rumour,charliehebdo-all-rnr-threads,non-rumours,20,18,3252.0,120.0,0.0058425584255842,2,17,9.0
graph_005495.json,553561169923829760,non-rumour,charliehebdo-all-rnr-threads,non-rumours,21,20,3805.0,85.0,0.0052562417871222,3,14,3.3333333333333335
graph_005496.json,553561170637238272,unverified,charliehebdo-all-rnr-threads,rumours,32,31,81872.0,54.0,0.0003786398280242,7,17,2.5833333333333335
graph_005497.json,553561452318322688,unverified,charliehebdo-all-rnr-threads,rumours,9,8,12014.0,112.0,0.0006658897952388,3,6,2.6666666666666665
graph_005498.json,553561762466115584,non-rumour,charliehebdo-all-rnr-threads,non-rumours,6,5,1072.0,36.0,0.0046641791044776,1,5,5.0
graph_005499.json,553562348376850433,non-rumour,charliehebdo-all-rnr-threads,non-rumours,20,19,5852.0,81.0,0.0032467532467532,1,19,19.0
graph_005500.json,553562446456422402,non-rumour,charliehebdo-all-rnr-threads,non-rumours,39,38,82779.0,310.0,0.0004590536247115,13,9,2.0
graph_005501.json,553562569169199104,non-rumour,charliehebdo-all-rnr-threads,non-rumours,12,11,5792.0,16.0,0.0018991712707182,1,11,11.0
graph_005502.json,553562832001048576,non-rumour,charliehebdo-all-rnr-threads,non-rumours,20,19,47669.0,143.0,0.0003985818875999,2,18,9.5
graph_005503.json,553563356339384322,non-rumour,charliehebdo-all-rnr-threads,non-rumours,28,27,9798.0,227.0,0.0027556644213104,4,17,2.4545454545454546
graph_005504.json,553563668169125889,unverified,charliehebdo-all-rnr-threads,rumours,20,19,3481.0,58.0,0.0054582016661878,3,13,3.8
graph_005505.json,553563750230683650,non-rumour,charliehebdo-all-rnr-threads,non-rumours,21,19,6261.0,77.0,0.0031943778949049,3,15,3.8
graph_005506.json,553563780928770048,non-rumour,charliehebdo-all-rnr-threads,non-rumours,29,28,90128.0,26.0,0.000310669270371,15,5,1.3333333333333333
graph_005507.json,553563889104093184,non-rumour,charliehebdo-all-rnr-threads,non-rumours,9,8,1984.0,12.0,0.0040322580645161,1,8,8.0
graph_005508.json,553566026030272512,true,charliehebdo-all-rnr-threads,rumours,12,11,984.0,21.0,0.0111788617886178,3,9,3.6666666666666665
graph_005509.json,553566200098488320,non-rumour,charliehebdo-all-rnr-threads,non-rumours,27,26,308696.0,345.0,8.422525721097779e-05,8,5,1.625
graph_005510.json,553566279953842176,non-rumour,charliehebdo-all-rnr-threads,non-rumours,13,12,2866.0,153.0,0.0041870202372644,3,9,3.0
graph_005511.json,553566644006817792,non-rumour,charliehebdo-all-rnr-threads,non-rumours,21,19,846.0,42.0,0.0236406619385342,5,13,2.7142857142857144
graph_005512.json,553566829273423872,non-rumour,charliehebdo-all-rnr-threads,non-rumours,23,22,12541.0,173.0,0.0017542460728809,9,10,1.8333333333333333
graph_005513.json,553566870750908418,non-rumour,charliehebdo-all-rnr-threads,non-rumours,25,24,27322.0,23.0,0.0008784130005124,8,14,2.6666666666666665
graph_005514.json,553566877956734976,true,charliehebdo-all-rnr-threads,rumours,9,8,2198.0,35.0,0.0036396724294813,1,8,8.0
graph_005515.json,553567076728963073,non-rumour,charliehebdo-all-rnr-threads,non-rumours,37,36,564111.0,61.0,6.381722746055297e-05,5,17,3.6
graph_005516.json,553567184002502656,non-rumour,charliehebdo-all-rnr-threads,non-rumours,11,10,16521.0,80.0,0.0006052902366684,3,7,2.5
graph_005517.json,553567716414484481,non-rumour,charliehebdo-all-rnr-threads,non-rumours,26,25,121446.0,117.0,0.0002058528070088,4,15,3.125
graph_005518.json,553567732126736385,non-rumour,charliehebdo-all-rnr-threads,non-rumours,3,2,8873.0,1656.0,0.0002254029076975,1,2,2.0
graph_005519.json,553567850301231106,non-rumour,charliehebdo-all-rnr-threads,non-rumours,12,11,11282.0,143.0,0.0009750044318383,1,11,11.0
graph_005520.json,553568095978401793,non-rumour,charliehebdo-all-rnr-threads,non-rumours,16,15,42776.0,139.0,0.0003506639236955,3,12,3.75
graph_005521.json,553569060882235392,non-rumour,charliehebdo-all-rnr-threads,non-rumours,1,0,0.0,0.0,0.0,0,0,0.0
graph_005522.json,553569333150896129,non-rumour,charliehebdo-all-rnr-threads,non-rumours,19,17,36971.0,333.0,0.0004868680857969,2,11,3.4
graph_005523.json,553569379674521600,non-rumour,charliehebdo-all-rnr-threads,non-rumours,8,7,2734.0,65.0,0.0025603511338697,2,5,2.3333333333333335
graph_005524.json,553569512269021184,non-rumour,charliehebdo-all-rnr-threads,non-rumours,9,8,19393.0,88.0,0.0004125199814366,2,7,4.0
graph_005525.json,553570203678683136,non-rumour,charliehebdo-all-rnr-threads,non-rumours,3,2,1727.0,158.0,0.0011580775911986,1,2,2.0
graph_005526.json,553570370192949248,non-rumour,charliehebdo-all-rnr-threads,non-rumours,20,19,152751.0,67.0,0.0001243854377385,3,15,3.8
graph_005527.json,553570659805454336,non-rumour,charliehebdo-all-rnr-threads,non-rumours,10,9,20868.0,142.0,0.0004312823461759,1,9,9.0
graph_005528.json,553570681619640320,non-rumour,charliehebdo-all-rnr-threads,non-rumours,37,34,20840.0,82.0,0.0017274472168905,7,15,1.8888888888888888
graph_005529.json,553570818031374336,non-rumour,charliehebdo-all-rnr-threads,non-rumours,10,9,2806.0,85.0,0.003207412687099,1,9,9.0
graph_005530.json,553570914143854592,non-rumour,charliehebdo-all-rnr-threads,non-rumours,6,5,1151.0,30.0,0.0043440486533449,1,5,5.0
graph_005531.json,553570916907511809,non-rumour,charliehebdo-all-rnr-threads,non-rumours,20,19,298257.0,45.0,6.370345038004138e-05,2,16,4.75
graph_005532.json,553571432475951105,non-rumour,charliehebdo-all-rnr-threads,non-rumours,12,11,5062.0,34.0,0.0021730541288028,3,9,3.6666666666666665
graph_005533.json,553571541578174465,non-rumour,charliehebdo-all-rnr-threads,non-rumours,16,15,1675.0,93.0,0.008955223880597,10,6,1.5
graph_005534.json,553572111441465344,non-rumour,charliehebdo-all-rnr-threads,non-rumours,20,19,11246.0,55.0,0.0016894895963009,4,15,3.8
graph_005535.json,553572740125712385,unverified,charliehebdo-all-rnr-threads,rumours,9,8,2741.0,121.0,0.0029186428310835,1,8,8.0
graph_005536.json,553572754746638337,unverified,charliehebdo-all-rnr-threads,rumours,12,11,17063.0,1149.0,0.0006446697532673,1,11,11.0
graph_005537.json,553572914923323392,non-rumour,charliehebdo-all-rnr-threads,non-rumours,8,7,26230.0,2934.0,0.0002668699961875,2,6,3.5
graph_005538.json,553573066455134208,non-rumour,charliehebdo-all-rnr-threads,non-rumours,1,0,0.0,0.0,0.0,0,0,0.0
graph_005539.json,553573166116012032,non-rumour,charliehebdo-all-rnr-threads,non-rumours,25,24,14546.0,154.0,0.0016499381273202,5,10,2.1818181818181817
graph_005540.json,553573365798416385,unverified,charliehebdo-all-rnr-threads,rumours,21,19,429.0,38.0,0.0466200466200466,2,18,9.5
graph_005541.json,553573432554979328,non-rumour,charliehebdo-all-rnr-threads,non-rumours,22,21,4348.0,153.0,0.0048298068077276,6,10,1.75
graph_005542.json,553573633395015680,non-rumour,charliehebdo-all-rnr-threads,non-rumours,1,0,0.0,0.0,0.0,0,0,0.0
graph_005543.json,553573875528007680,non-rumour,charliehebdo-all-rnr-threads,non-rumours,24,23,4113.0,62.0,0.0055920252856795,4,16,3.2857142857142856
graph_005544.json,553574345235103746,true,charliehebdo-all-rnr-threads,rumours,12,11,11918.0,91.0,0.0009229736532975,1,11,11.0
graph_005545.json,553574501964079104,unverified,charliehebdo-all-rnr-threads,rumours,20,19,2480.0,53.0,0.0076612903225806,2,18,9.5
graph_005546.json,553574522972958721,non-rumour,charliehebdo-all-rnr-threads,non-rumours,20,19,4394.0,58.0,0.0043240782885753,9,8,1.9
graph_005547.json,553574650450825216,non-rumour,charliehebdo-all-rnr-threads,non-rumours,20,19,2572.0,79.0,0.0073872472783825,2,18,9.5
graph_005548.json,553574709669814272,non-rumour,charliehebdo-all-rnr-threads,non-rumours,48,47,59683.0,32.0,0.0007874939262436,8,12,1.88
graph_005549.json,553575232867672064,unverified,charliehebdo-all-rnr-threads,rumours,13,12,1943.0,135.0,0.0061760164693772,2,10,4.0
graph_005550.json,553575302392455169,non-rumour,charliehebdo-all-rnr-threads,non-rumours,26,25,230905.0,2198.0,0.0001082696346982,4,13,2.5
graph_005551.json,553575450329378816,non-rumour,charliehebdo-all-rnr-threads,non-rumours,14,13,106258.0,230.0,0.0001223437294133,2,11,4.333333333333333
graph_005552.json,553575803733426176,non-rumour,charliehebdo-all-rnr-threads,non-rumours,11,10,3332.0,248.0,0.003001200480192,2,8,5.0
graph_005553.json,553575984054951936,unverified,charliehebdo-all-rnr-threads,rumours,10,9,4734.0,190.0,0.0019011406844106,1,9,9.0
graph_005554.json,553576010898497536,unverified,charliehebdo-all-rnr-threads,rumours,20,13,14335.0,23.0,0.0013254272758981,2,12,6.5
graph_005555.json,553576648973377537,non-rumour,charliehebdo-all-rnr-threads,non-rumours,13,12,16672.0,81.0,0.0007197696737044,1,12,12.0
graph_005556.json,553576849943826432,unverified,charliehebdo-all-rnr-threads,rumours,24,23,2418.0,52.0,0.0095119933829611,3,19,7.666666666666667
graph_005557.json,553578029751226369,unverified,charliehebdo-all-rnr-threads,rumours,20,19,2124.0,53.0,0.0089453860640301,3,16,4.75
graph_005558.json,553578191391301633,non-rumour,charliehebdo-all-rnr-threads,non-rumours,3,2,21778.0,7528.0,9.18357975939021e-05,1,2,2.0
graph_005559.json,553578243173781505,non-rumour,charliehebdo-all-rnr-threads,non-rumours,23,21,13618.0,652.0,0.0016155088852988,4,14,3.0
graph_005560.json,553578250186665984,non-rumour,charliehebdo-all-rnr-threads,non-rumours,19,18,85228.0,128.0,0.0002111981977753,3,16,6.0
graph_005561.json,553578348111085568,non-rumour,charliehebdo-all-rnr-threads,non-rumours,7,6,52502.0,504.0,0.00011428136071,2,4,2.0
graph_005562.json,553578566563426305,non-rumour,charliehebdo-all-rnr-threads,non-rumours,1,0,0.0,0.0,0.0,0,0,0.0
graph_005563.json,553579224402235393,unverified,charliehebdo-all-rnr-threads,rumours,26,25,4782.0,66.0,0.0052279381012128,4,11,2.7777777777777777
graph_005564.json,553579715014172673,non-rumour,charliehebdo-all-rnr-threads,non-rumours,21,20,122783.0,591.0,0.0001628889992914,3,12,2.857142857142857
graph_005565.json,553579914717577216,non-rumour,charliehebdo-all-rnr-threads,non-rumours,4,3,116941.0,9309.0,2.5653962254470203e-05,1,3,3.0
graph_005566.json,553580499395174400,non-rumour,charliehebdo-all-rnr-threads,non-rumours,18,17,185183.0,197.0,9.180108325278238e-05,2,16,8.5
graph_005567.json,553580959661309952,unverified,charliehebdo-all-rnr-threads,rumours,21,20,1072.0,49.0,0.0186567164179104,3,15,3.3333333333333335
graph_005568.json,553581209193050112,non-rumour,charliehebdo-all-rnr-threads,non-rumours,8,7,12066.0,50.0,0.0005801425493121,2,6,3.5
graph_005569.json,553581227165642752,non-rumour,charliehebdo-all-rnr-threads,non-rumours,13,12,25135.0,64.0,0.0004774219216232,1,12,12.0
graph_005570.json,553581501422788608,non-rumour,charliehebdo-all-rnr-threads,non-rumours,11,10,467.0,15.0,0.0214132762312633,1,10,10.0
graph_005571.json,553581612588605440,non-rumour,charliehebdo-all-rnr-threads,non-rumours,11,9,184866.0,23.0,5.409323510001839e-05,3,6,3.0
graph_005572.json,553581668142153729,non-rumour,charliehebdo-all-rnr-threads,non-rumours,4,3,341.0,82.0,0.0087976539589442,1,3,3.0
graph_005573.json,553581669710831617,non-rumour,charliehebdo-all-rnr-threads,non-rumours,7,6,483.0,104.0,0.0124223602484472,1,6,6.0
graph_005574.json,553581897792913408,non-rumour,charliehebdo-all-rnr-threads,non-rumours,20,19,978.0,71.0,0.0194274028629856,3,17,6.333333333333333
graph_005575.json,553581958455123968,non-rumour,charliehebdo-all-rnr-threads,non-rumours,4,3,790.0,30.0,0.0037974683544303,1,3,3.0
graph_005576.json,553582011324329984,non-rumour,charliehebdo-all-rnr-threads,non-rumours,6,5,1954.0,46.0,0.0025588536335721,1,5,5.0
graph_005577.json,553582039106990080,non-rumour,charliehebdo-all-rnr-threads,non-rumours,24,23,4719.0,27.0,0.004873913964823,4,19,5.75
graph_005578.json,553582049282768897,non-rumour,charliehebdo-all-rnr-threads,non-rumours,3,2,1168.0,334.0,0.0017123287671232,1,2,2.0
graph_005579.json,553582057537146880,non-rumour,charliehebdo-all-rnr-threads,non-rumours,4,3,10442.0,91.0,0.000287301283279,1,3,3.0
graph_005580.json,553582206019723264,non-rumour,charliehebdo-all-rnr-threads,non-rumours,5,4,465.0,184.0,0.0086021505376344,1,4,4.0
graph_005581.json,553582251616010240,non-rumour,charliehebdo-all-rnr-threads,non-rumours,18,17,2114.0,36.0,0.0080416272469252,5,10,2.8333333333333335
graph_005582.json,553582301003931648,non-rumour,charliehebdo-all-rnr-threads,non-rumours,24,23,1094.0,87.0,0.0210237659963436,2,17,4.6
graph_005583.json,553582465734832128,non-rumour,charliehebdo-all-rnr-threads,non-rumours,7,6,1793.0,307.0,0.0033463469046291,2,5,3.0
graph_005584.json,553582801833185280,non-rumour,charliehebdo-all-rnr-threads,non-rumours,3,2,3934.0,139.0,0.0005083884087442,1,2,2.0
graph_005585.json,553582812964876288,non-rumour,charliehebdo-all-rnr-threads,non-rumours,28,25,20383.0,31.0,0.0013246332728253,2,18,3.5714285714285716
graph_005586.json,553583035820802048,non-rumour,charliehebdo-all-rnr-threads,non-rumours,6,5,11114.0,64.0,0.000449883030412,1,5,5.0
graph_005587.json,553583059761897473,non-rumour,charliehebdo-all-rnr-threads,non-rumours,2,1,710.0,710.0,0.0014084507042253,1,1,1.0
graph_005588.json,553583108105441281,non-rumour,charliehebdo-all-rnr-threads,non-rumours,25,23,719588.0,256.0,3.335241832826562e-05,4,12,2.875
graph_005589.json,553583376398319617,non-rumour,charliehebdo-all-rnr-threads,non-rumours,15,14,38553.0,57.0,0.0003631364614945,1,14,14.0
graph_005590.json,553583670343524352,non-rumour,charliehebdo-all-rnr-threads,non-rumours,19,18,1869.0,42.0,0.0096308186195826,1,18,18.0
graph_005591.json,553583809602801665,non-rumour,charliehebdo-all-rnr-threads,non-rumours,8,7,12543.0,26.0,0.0005580802040979,1,7,7.0
graph_005592.json,553583847850663936,non-rumour,charliehebdo-all-rnr-threads,non-rumours,4,3,205.0,83.0,0.0146341463414634,1,3,3.0
graph_005593.json,553583867664535552,non-rumour,charliehebdo-all-rnr-threads,non-rumours,2,1,447.0,447.0,0.0022371364653243,1,1,1.0
graph_005594.json,553584173420920833,non-rumour,charliehebdo-all-rnr-threads,non-rumours,20,19,1214.0,48.0,0.015650741350906,1,19,19.0
graph_005595.json,553584292090359808,non-rumour,charliehebdo-all-rnr-threads,non-rumours,21,20,1388.0,85.0,0.0144092219020172,2,15,5.0
graph_005596.json,553584366803488770,non-rumour,charliehebdo-all-rnr-threads,non-rumours,20,19,2437.0,47.0,0.0077964710709889,2,18,9.5
graph_005597.json,553584683892871168,non-rumour,charliehebdo-all-rnr-threads,non-rumours,10,9,138686.0,2658.0,6.489479832138788e-05,2,8,4.5
graph_005598.json,553584782987497474,non-rumour,charliehebdo-all-rnr-threads,non-rumours,14,11,17782.0,48.0,0.0007310763693622,2,7,4.0
graph_005599.json,553584868685520897,non-rumour,charliehebdo-all-rnr-threads,non-rumours,4,3,65251.0,529.0,4.597630687652297e-05,2,2,1.5
graph_005600.json,553585447235223552,non-rumour,charliehebdo-all-rnr-threads,non-rumours,12,11,8484.0,40.0,0.0012965582272512,1,11,11.0
graph_005601.json,553585504093224962,true,charliehebdo-all-rnr-threads,rumours,20,19,2763.0,16.0,0.0068765834238146,4,14,3.8
graph_005602.json,553585530504749057,non-rumour,charliehebdo-all-rnr-threads,non-rumours,7,6,187.0,90.0,0.0320855614973262,1,6,6.0
graph_005603.json,553585596959318016,non-rumour,charliehebdo-all-rnr-threads,non-rumours,5,4,532.0,169.0,0.0075187969924812,1,4,4.0
graph_005604.json,553585838056280064,non-rumour,charliehebdo-all-rnr-threads,non-rumours,7,6,1890.0,164.0,0.0031746031746031,3,4,2.0
graph_005605.json,553585840270876672,non-rumour,charliehebdo-all-rnr-threads,non-rumours,22,21,2832.0,43.0,0.0074152542372881,2,19,7.0
graph_005606.json,553585862987235328,non-rumour,charliehebdo-all-rnr-threads,non-rumours,10,9,66006.0,40.0,0.0001363512407962,1,9,9.0
graph_005607.json,553586246883475456,non-rumour,charliehebdo-all-rnr-threads,non-rumours,9,8,27675.0,701.0,0.0002890695573622,3,6,2.6666666666666665
graph_005608.json,553586275438301184,non-rumour,charliehebdo-all-rnr-threads,non-rumours,42,41,70362.0,6785.0,0.0005827008896847,19,5,1.5185185185185186
graph_005609.json,553586305272389632,non-rumour,charliehebdo-all-rnr-threads,non-rumours,44,43,1249.0,76.0,0.0344275420336269,12,5,1.2285714285714286
graph_005610.json,553586393189212161,non-rumour,charliehebdo-all-rnr-threads,non-rumours,6,5,626.0,99.0,0.0079872204472843,1,5,5.0
graph_005611.json,553586421626568704,non-rumour,charliehebdo-all-rnr-threads,non-rumours,36,35,3829.0,40.0,0.0091407678244972,14,15,2.1875
graph_005612.json,553586510260629505,non-rumour,charliehebdo-all-rnr-threads,non-rumours,37,16,17945.0,16.0,0.0020061298411813,5,12,3.2
graph_005613.json,553586523338440704,non-rumour,charliehebdo-all-rnr-threads,non-rumours,14,13,6011.0,34.0,0.0021627017135252,2,12,6.5
graph_005614.json,553586538928676864,non-rumour,charliehebdo-all-rnr-threads,non-rumours,7,6,910.0,32.0,0.0065934065934065,1,6,6.0
graph_005615.json,553586781355278336,true,charliehebdo-all-rnr-threads,rumours,12,11,2104.0,118.0,0.0052281368821292,2,10,5.5
graph_005616.json,553586798451257344,non-rumour,charliehebdo-all-rnr-threads,non-rumours,4,3,8885.0,79.0,0.0003376477208778,1,3,3.0
graph_005617.json,553586860334010368,true,charliehebdo-all-rnr-threads,rumours,20,19,181.0,17.0,0.1049723756906077,1,19,19.0
graph_005618.json,553586897168392192,true,charliehebdo-all-rnr-threads,rumours,13,12,40658.0,84.0,0.0002951448669388,2,10,4.0
graph_005619.json,553586940856242178,non-rumour,charliehebdo-all-rnr-threads,non-rumours,19,18,2092.0,40.0,0.008604206500956,3,15,4.5
graph_005620.json,553586959596396544,non-rumour,charliehebdo-all-rnr-threads,non-rumours,2,1,8393.0,8393.0,0.0001191469081377,1,1,1.0
graph_005621.json,553586978017775616,true,charliehebdo-all-rnr-threads,rumours,2,1,375.0,375.0,0.0026666666666666,1,1,1.0
graph_005622.json,553587013409325058,true,charliehebdo-all-rnr-threads,rumours,35,34,14461.0,22.0,0.0023511513726574,5,19,3.7777777777777777
graph_005623.json,553587167394791424,true,charliehebdo-all-rnr-threads,rumours,25,23,3517.0,29.0,0.006823997725334,6,16,2.875
graph_005624.json,553587225901154304,true,charliehebdo-all-rnr-threads,rumours,24,23,1295.0,13.0,0.0177606177606177,4,14,2.875
graph_005625.json,553587278564823041,non-rumour,charliehebdo-all-rnr-threads,non-rumours,3,2,536.0,371.0,0.003731343283582,1,2,2.0
graph_005626.json,553587303172833280,true,charliehebdo-all-rnr-threads,rumours,22,21,2709.0,17.0,0.0077519379844961,2,17,4.2
graph_005627.json,553587329626292224,true,charliehebdo-all-rnr-threads,rumours,8,7,1035.0,43.0,0.0067632850241545,1,7,7.0
graph_005628.json,553587352086384640,non-rumour,charliehebdo-all-rnr-threads,non-rumours,19,18,1022.0,21.0,0.0176125244618395,3,15,4.5
graph_005629.json,553587511839444994,true,charliehebdo-all-rnr-threads,rumours,1,0,0.0,0.0,0.0,0,0,0.0
graph_005630.json,553587511864598529,true,charliehebdo-all-rnr-threads,rumours,1,0,0.0,0.0,0.0,0,0,0.0
graph_005631.json,553587542067773440,non-rumour,charliehebdo-all-rnr-threads,non-rumours,29,28,147286.0,87.0,0.000190106323751,10,13,1.8666666666666667
graph_005632.json,553587546614427649,non-rumour,charliehebdo-all-rnr-threads,non-rumours,20,19,94604.0,544.0,0.0002008371739038,2,16,6.333333333333333
graph_005633.json,553587672137334785,true,charliehebdo-all-rnr-threads,rumours,28,27,2441.0,10.0,0.0110610405571487,8,18,3.0
graph_005634.json,553587708367765504,non-rumour,charliehebdo-all-rnr-threads,non-rumours,7,6,1318.0,32.0,0.0045523520485584,1,6,6.0
graph_005635.json,553587735613952001,true,charliehebdo-all-rnr-threads,rumours,8,7,24271.0,101.0,0.0002884100366692,3,3,1.75
graph_005636.json,553587816048099328,non-rumour,charliehebdo-all-rnr-threads,non-rumours,7,6,932.0,220.0,0.0064377682403433,1,6,6.0
graph_005637.json,553587861837328385,true,charliehebdo-all-rnr-threads,rumours,5,4,1116.0,121.0,0.003584229390681,1,4,4.0
graph_005638.json,553587920398221313,non-rumour,charliehebdo-all-rnr-threads,non-rumours,9,8,85789.0,21.0,9.325204863094336e-05,1,8,8.0
graph_005639.json,553588012752568321,true,charliehebdo-all-rnr-threads,rumours,16,15,8839.0,35.0,0.0016970245502884,2,14,7.5
graph_005640.json,553588053348843520,true,charliehebdo-all-rnr-threads,rumours,15,12,4654.0,136.0,0.0030081650193382,4,7,2.4
graph_005641.json,553588080964558849,true,charliehebdo-all-rnr-threads,rumours,6,5,9643.0,99.0,0.0005185108368764,3,3,1.6666666666666667
graph_005642.json,553588106587545600,true,charliehebdo-all-rnr-threads,rumours,3,2,379.0,364.0,0.0052770448548812,1,2,2.0
graph_005643.json,553588178687655936,true,charliehebdo-all-rnr-threads,rumours,13,12,1370.0,43.0,0.0087591240875912,1,12,12.0
graph_005644.json,553588326578417664,non-rumour,charliehebdo-all-rnr-threads,non-rumours,18,17,1725.0,39.0,0.0098550724637681,5,12,2.8333333333333335
graph_005645.json,553588340432572416,true,charliehebdo-all-rnr-threads,rumours,1,0,0.0,0.0,0.0,0,0,0.0
graph_005646.json,553588374280601600,true,charliehebdo-all-rnr-threads,rumours,22,21,595.0,50.0,0.0352941176470588,2,19,10.5
graph_005647.json,553588494661337089,true,charliehebdo-all-rnr-threads,rumours,44,18,7640.0,74.0,0.0056282722513089,4,15,4.5
graph_005648.json,553588704913416192,non-rumour,charliehebdo-all-rnr-threads,non-rumours,3,2,4683.0,85.0,0.0004270766602605,1,2,2.0
graph_005649.json,553588760060125185,true,charliehebdo-all-rnr-threads,rumours,3,2,697.0,583.0,0.0028694404591104,1,2,2.0
graph_005650.json,553588889084891136,non-rumour,charliehebdo-all-rnr-threads,non-rumours,21,20,150933.0,14.0,0.000132509126566,2,18,10.0
graph_005651.json,553588913747808256,true,charliehebdo-all-rnr-threads,rumours,11,10,941.0,20.0,0.0106269925611052,1,10,10.0
graph_005652.json,553588946039746560,true,charliehebdo-all-rnr-threads,rumours,18,17,777.0,20.0,0.0218790218790218,5,11,3.4
graph_005653.json,553588993993232384,true,charliehebdo-all-rnr-threads,rumours,21,20,425.0,30.0,0.0470588235294117,2,19,10.0
graph_005654.json,553589051044151296,true,charliehebdo-all-rnr-threads,rumours,9,8,3229.0,31.0,0.002477547228244,1,8,8.0
graph_005655.json,553589055116836864,true,charliehebdo-all-rnr-threads,rumours,16,15,31693.0,42.0,0.0004732906320007,1,15,15.0
graph_005656.json,553589121776898048,unverified,charliehebdo-all-rnr-threads,rumours,27,26,1330.0,22.0,0.0195488721804511,4,19,4.333333333333333
graph_005657.json,553589285342175232,unverified,charliehebdo-all-rnr-threads,rumours,10,9,495.0,16.0,0.0181818181818181,1,9,9.0
graph_005658.json,553589295525941248,true,charliehebdo-all-rnr-threads,rumours,2,1,355.0,355.0,0.0028169014084507,1,1,1.0
graph_005659.json,553589330846183425,non-rumour,charliehebdo-all-rnr-threads,non-rumours,9,8,2441.0,25.0,0.0032773453502662,1,8,8.0
graph_005660.json,553589345186111488,non-rumour,charliehebdo-all-rnr-threads,non-rumours,1,0,0.0,0.0,0.0,0,0,0.0
graph_005661.json,553589372084162560,unverified,charliehebdo-all-rnr-threads,rumours,6,5,2323.0,154.0,0.0021523891519586,2,3,2.5
graph_005662.json,553589419933196288,non-rumour,charliehebdo-all-rnr-threads,non-rumours,4,3,962.0,43.0,0.0031185031185031,1,3,3.0
graph_005663.json,553589469849583616,non-rumour,charliehebdo-all-rnr-threads,non-rumours,11,10,1809.0,83.0,0.0055279159756771,1,10,10.0
graph_005664.json,553589606307090432,true,charliehebdo-all-rnr-threads,rumours,20,19,2646.0,36.0,0.0071806500377928,1,19,19.0
graph_005665.json,553589610014867456,non-rumour,charliehebdo-all-rnr-threads,non-rumours,23,19,1688.0,21.0,0.0130331753554502,3,14,3.1666666666666665
graph_005666.json,553589657695715328,non-rumour,charliehebdo-all-rnr-threads,non-rumours,11,10,539063.0,45.0,1.855070743122789e-05,4,7,2.5
graph_005667.json,553589720480235522,true,charliehebdo-all-rnr-threads,rumours,1,0,0.0,0.0,0.0,0,0,0.0
graph_005668.json,553589860880375808,non-rumour,charliehebdo-all-rnr-threads,non-rumours,8,7,87349.0,90.0,8.013829580189814e-05,2,6,3.5
graph_005669.json,553589860892942337,non-rumour,charliehebdo-all-rnr-threads,non-rumours,8,7,6531.0,286.0,0.0010718113612004,1,7,7.0
graph_005670.json,553589869810028544,non-rumour,charliehebdo-all-rnr-threads,non-rumours,12,11,124344.0,348.0,8.846426043878273e-05,1,11,11.0
graph_005671.json,553589880245481472,non-rumour,charliehebdo-all-rnr-threads,non-rumours,3,2,18447.0,3504.0,0.0001084187130698,1,2,2.0
graph_005672.json,553589914684895232,non-rumour,charliehebdo-all-rnr-threads,non-rumours,7,6,2630.0,57.0,0.0022813688212927,1,6,6.0
graph_005673.json,553589970775343104,non-rumour,charliehebdo-all-rnr-threads,non-rumours,22,21,13816.0,34.0,0.0015199768384481,4,18,5.25
graph_005674.json,553590072373968897,non-rumour,charliehebdo-all-rnr-threads,non-rumours,24,22,14947.0,59.0,0.0015387703218037,4,19,5.5
graph_005675.json,553590273952215040,non-rumour,charliehebdo-all-rnr-threads,non-rumours,20,19,10191.0,35.0,0.0018643901481699,6,9,1.7272727272727273
graph_005676.json,553590427216248832,non-rumour,charliehebdo-all-rnr-threads,non-rumours,24,23,45140.0,29.0,0.0005095259193619,3,17,4.6
graph_005677.json,553590459688570880,true,charliehebdo-all-rnr-threads,rumours,20,19,372.0,90.0,0.0510752688172043,1,19,19.0
graph_005678.json,553590463354380288,non-rumour,charliehebdo-all-rnr-threads,non-rumours,15,14,13893.0,71.0,0.0010077017202907,1,14,14.0
graph_005679.json,553590522800275456,unverified,charliehebdo-all-rnr-threads,rumours,7,6,11090.0,283.0,0.0005410279531109,1,6,6.0
graph_005680.json,553590529548886016,true,charliehebdo-all-rnr-threads,rumours,12,11,3169.0,130.0,0.0034711265383401,2,10,5.5
graph_005681.json,553590653784195072,true,charliehebdo-all-rnr-threads,rumours,22,19,1180.0,29.0,0.0177966101694915,4,14,3.1666666666666665
graph_005682.json,553590721207615488,true,charliehebdo-all-rnr-threads,rumours,24,23,2429.0,39.0,0.009468917249897,3,18,3.8333333333333335
graph_005683.json,553590746637668352,non-rumour,charliehebdo-all-rnr-threads,non-rumours,1,0,0.0,0.0,0.0,0,0,0.0
graph_005684.json,553590750701551616,non-rumour,charliehebdo-all-rnr-threads,non-rumours,12,11,10388.0,112.0,0.0010589141316904,2,10,5.5
graph_005685.json,553590751888961536,non-rumour,charliehebdo-all-rnr-threads,non-rumours,19,18,5367.0,349.0,0.0033538289547233,2,15,4.5
graph_005686.json,553590811355795456,non-rumour,charliehebdo-all-rnr-threads,non-rumours,6,5,210603.0,2955.0,2.3741352212456617e-05,4,2,1.25
graph_005687.json,553590835850514433,true,charliehebdo-all-rnr-threads,rumours,21,20,5940.0,19.0,0.0033670033670033,5,16,4.0
graph_005688.json,553590880352088064,non-rumour,charliehebdo-all-rnr-threads,non-rumours,22,21,19799.0,69.0,0.0010606596292742,3,16,3.5
graph_005689.json,553590881371320323,non-rumour,charliehebdo-all-rnr-threads,non-rumours,23,22,9178.0,94.0,0.0023970363913706,3,16,4.4
graph_005690.json,553590891852886019,true,charliehebdo-all-rnr-threads,rumours,4,3,881.0,85.0,0.003405221339387,1,3,3.0
graph_005691.json,553590946970206208,non-rumour,charliehebdo-all-rnr-threads,non-rumours,1,0,0.0,0.0,0.0,0,0,0.0
graph_005692.json,553590961486696448,non-rumour,charliehebdo-all-rnr-threads,non-rumours,39,38,9084.0,13.0,0.0041831792162043,12,17,2.0
graph_005693.json,553591049541914624,non-rumour,charliehebdo-all-rnr-threads,non-rumours,31,30,33033.0,21.0,0.0009081827263645,8,14,2.3076923076923075
graph_005694.json,553591055833382913,non-rumour,charliehebdo-all-rnr-threads,non-rumours,18,17,1052.0,28.0,0.0161596958174904,2,15,5.666666666666667
graph_005695.json,553591084409184256,non-rumour,charliehebdo-all-rnr-threads,non-rumours,5,4,10088.0,384.0,0.000396510705789,1,4,4.0
graph_005696.json,553591093498224640,non-rumour,charliehebdo-all-rnr-threads,non-rumours,22,21,1077.0,70.0,0.0194986072423398,5,17,4.2
graph_005697.json,553591259672379392,true,charliehebdo-all-rnr-threads,rumours,21,20,2916.0,27.0,0.0068587105624142,2,19,10.0
graph_005698.json,553591303582523392,non-rumour,charliehebdo-all-rnr-threads,non-rumours,11,10,3415.0,203.0,0.0029282576866764,1,10,10.0
graph_005699.json,553591315515310081,non-rumour,charliehebdo-all-rnr-threads,non-rumours,21,19,14652.0,20.0,0.0013650013650013,4,12,2.7142857142857144
graph_005700.json,553591317478264832,non-rumour,charliehebdo-all-rnr-threads,non-rumours,10,9,2383.0,21.0,0.0037767519932857,1,9,9.0
graph_005701.json,553591411602640896,non-rumour,charliehebdo-all-rnr-threads,non-rumours,21,20,2186.0,40.0,0.0091491308325709,4,10,2.857142857142857
graph_005702.json,553591475830009857,non-rumour,charliehebdo-all-rnr-threads,non-rumours,9,8,1216.0,82.0,0.006578947368421,1,8,8.0
graph_005703.json,553591494255210497,non-rumour,charliehebdo-all-rnr-threads,non-rumours,21,20,70593.0,35.0,0.0002833142096241,4,15,5.0
graph_005704.json,553591518619893760,non-rumour,charliehebdo-all-rnr-threads,non-rumours,29,28,488617.0,109.0,5.730459644261251e-05,7,8,1.6470588235294117
graph_005705.json,553591526937600001,non-rumour,charliehebdo-all-rnr-threads,non-rumours,20,19,1298.0,89.0,0.0146379044684129,2,18,9.5
graph_005706.json,553591548613386241,non-rumour,charliehebdo-all-rnr-threads,non-rumours,15,14,5824.0,40.0,0.0024038461538461,3,11,3.5
graph_005707.json,553591653647138816,non-rumour,charliehebdo-all-rnr-threads,non-rumours,13,12,235811.0,332.0,5.088821132177888e-05,3,10,4.0
graph_005708.json,553591679341842432,non-rumour,charliehebdo-all-rnr-threads,non-rumours,15,14,1820.0,111.0,0.0076923076923076,1,14,14.0
graph_005709.json,553591736598269952,non-rumour,charliehebdo-all-rnr-threads,non-rumours,26,25,3000.0,53.0,0.0083333333333333,4,12,2.0833333333333335
graph_005710.json,553591758899412993,non-rumour,charliehebdo-all-rnr-threads,non-rumours,20,19,1607.0,57.0,0.0118232731798382,4,16,4.75
graph_005711.json,553591760668991488,non-rumour,charliehebdo-all-rnr-threads,non-rumours,8,7,1336.0,47.0,0.0052395209580838,2,6,3.5
graph_005712.json,553591841996951553,non-rumour,charliehebdo-all-rnr-threads,non-rumours,6,5,73936.0,292.0,6.762605496645747e-05,1,5,5.0
graph_005713.json,553591980748734464,non-rumour,charliehebdo-all-rnr-threads,non-rumours,22,20,1891.0,71.0,0.0111052353252247,5,13,4.0
graph_005714.json,553592023392202752,non-rumour,charliehebdo-all-rnr-threads,non-rumours,10,9,22897.0,192.0,0.0003930645936148,2,8,4.5
graph_005715.json,553592040374947840,non-rumour,charliehebdo-all-rnr-threads,non-rumours,27,21,8234.0,70.0,0.0031576390575661,9,9,1.75
graph_005716.json,553592081483321346,non-rumour,charliehebdo-all-rnr-threads,non-rumours,13,12,83630.0,272.0,0.0001434891785244,3,9,3.0
graph_005717.json,553592108699758592,non-rumour,charliehebdo-all-rnr-threads,non-rumours,20,19,2729.0,63.0,0.0069622572370831,2,18,9.5
graph_005718.json,553592195786506240,non-rumour,charliehebdo-all-rnr-threads,non-rumours,8,7,3594.0,123.0,0.0019476905954368,3,5,2.3333333333333335
graph_005719.json,576171827086520320,non-rumour,putinmissing-all-rnr-threads,non-rumours,2,1,51591.0,51591.0,1.9383225756430383e-05,1,1,1.0
graph_005720.json,576175612336992257,false,putinmissing-all-rnr-threads,rumours,1,0,0.0,0.0,0.0,0,0,0.0
graph_005721.json,576181101577703424,false,putinmissing-all-rnr-threads,rumours,2,1,62104.0,62104.0,1.61020224140152e-05,1,1,1.0
graph_005722.json,576185920094908416,non-rumour,putinmissing-all-rnr-threads,non-rumours,1,0,0.0,0.0,0.0,0,0,0.0
graph_005723.json,576191681827057664,unverified,putinmissing-all-rnr-threads,rumours,2,1,6345.0,6345.0,0.0001576044129235,1,1,1.0
graph_005724.json,576192621351145472,false,putinmissing-all-rnr-threads,rumours,2,1,228.0,228.0,0.0043859649122807,1,1,1.0
graph_005725.json,576204915694964737,unverified,putinmissing-all-rnr-threads,rumours,2,1,1960.0,1960.0,0.0005102040816326,1,1,1.0
graph_005726.json,576225987119198208,unverified,putinmissing-all-rnr-threads,rumours,5,4,22589.0,11059.0,0.0001770773385276,1,4,4.0
graph_005727.json,576231309254721536,unverified,putinmissing-all-rnr-threads,rumours,2,1,1853.0,1853.0,0.0005396654074473,1,1,1.0
graph_005728.json,576238005951811584,unverified,putinmissing-all-rnr-threads,rumours,1,0,0.0,0.0,0.0,0,0,0.0
graph_005729.json,576238790936662017,unverified,putinmissing-all-rnr-threads,rumours,2,1,1386.0,1386.0,0.0007215007215007,1,1,1.0
graph_005730.json,576248645365846016,unverified,putinmissing-all-rnr-threads,rumours,1,0,0.0,0.0,0.0,0,0,0.0
graph_005731.json,576249853979807745,non-rumour,putinmissing-all-rnr-threads,non-rumours,1,0,0.0,0.0,0.0,0,0,0.0
graph_005732.json,576276947648405505,unverified,putinmissing-all-rnr-threads,rumours,4,3,1079.0,466.0,0.0027803521779425,3,1,1.0
graph_005733.json,576316647880839168,non-rumour,putinmissing-all-rnr-threads,non-rumours,3,2,753999.0,19578.0,2.6525234118347636e-06,1,2,2.0
graph_005734.json,576319105965359105,unverified,putinmissing-all-rnr-threads,rumours,6,5,12407.0,50.0,0.0004029983074071,2,4,2.5
graph_005735.json,576319832800555008,unverified,putinmissing-all-rnr-threads,rumours,16,15,375437.0,343.0,3.995344092351047e-05,2,14,7.5
graph_005736.json,576320540983582720,unverified,putinmissing-all-rnr-threads,rumours,2,1,547.0,547.0,0.0018281535648994,1,1,1.0
graph_005737.json,576321776424189954,non-rumour,putinmissing-all-rnr-threads,non-rumours,9,8,15950.0,335.0,0.0005015673981191,3,4,2.6666666666666665
graph_005738.json,576321889276207105,unverified,putinmissing-all-rnr-threads,rumours,4,3,4631.0,506.0,0.0006478082487583,2,2,1.5
graph_005739.json,576321916593659904,unverified,putinmissing-all-rnr-threads,rumours,13,11,26734.0,47.0,0.0004488666118051,2,8,3.6666666666666665
graph_005740.json,576323086888361984,unverified,putinmissing-all-rnr-threads,rumours,7,6,125875.0,216.0,4.766633565044687e-05,1,6,6.0
graph_005741.json,576325381990535169,unverified,putinmissing-all-rnr-threads,rumours,2,1,8304.0,8304.0,0.0001204238921001,1,1,1.0
graph_005742.json,576326555246415872,unverified,putinmissing-all-rnr-threads,rumours,5,4,188416.0,125.0,2.122961956521739e-05,2,3,2.0
graph_005743.json,576327507093360640,unverified,putinmissing-all-rnr-threads,rumours,1,0,0.0,0.0,0.0,0,0,0.0
graph_005744.json,576327863802138624,unverified,putinmissing-all-rnr-threads,rumours,3,2,3414.0,555.0,0.0005858230814294,1,2,2.0
graph_005745.json,576330947588558849,unverified,putinmissing-all-rnr-threads,rumours,1,0,0.0,0.0,0.0,0,0,0.0
graph_005746.json,576336032809005056,non-rumour,putinmissing-all-rnr-threads,non-rumours,1,0,0.0,0.0,0.0,0,0,0.0
graph_005747.json,576338374925164544,unverified,putinmissing-all-rnr-threads,rumours,2,1,140.0,140.0,0.0071428571428571,1,1,1.0
graph_005748.json,576338406088687616,unverified,putinmissing-all-rnr-threads,rumours,2,1,50304.0,50304.0,1.9879134860050892e-05,1,1,1.0
graph_005749.json,576341809812623360,unverified,putinmissing-all-rnr-threads,rumours,4,3,182647.0,45184.0,1.6425126062842534e-05,2,2,1.5
graph_005750.json,576344015458570240,false,putinmissing-all-rnr-threads,rumours,1,0,0.0,0.0,0.0,0,0,0.0
graph_005751.json,576344611519614976,unverified,putinmissing-all-rnr-threads,rumours,10,8,26851.0,149.0,0.0003351830471863,3,5,2.0
graph_005752.json,576346280336756737,unverified,putinmissing-all-rnr-threads,rumours,1,0,0.0,0.0,0.0,0,0,0.0
graph_005753.json,576347888168644609,unverified,putinmissing-all-rnr-threads,rumours,1,0,0.0,0.0,0.0,0,0,0.0
graph_005754.json,576348679231033344,unverified,putinmissing-all-rnr-threads,rumours,2,1,14268.0,14268.0,7.008690776562938e-05,1,1,1.0
graph_005755.json,576349360767807488,unverified,putinmissing-all-rnr-threads,rumours,7,6,2669.0,610.0,0.0022480329711502,3,4,2.0
graph_005756.json,576350258021675009,unverified,putinmissing-all-rnr-threads,rumours,3,2,1142.0,121.0,0.0017513134851138,1,2,2.0
graph_005757.json,576356996145917952,unverified,putinmissing-all-rnr-threads,rumours,2,1,733.0,733.0,0.0013642564802182,1,1,1.0
graph_005758.json,576357849204412416,non-rumour,putinmissing-all-rnr-threads,non-rumours,2,1,41050.0,41050.0,2.43605359317905e-05,1,1,1.0
graph_005759.json,576362213134454785,unverified,putinmissing-all-rnr-threads,rumours,4,3,135213.0,237.0,2.218721572629851e-05,1,3,3.0
graph_005760.json,576376097824198656,false,putinmissing-all-rnr-threads,rumours,1,0,0.0,0.0,0.0,0,0,0.0
graph_005761.json,576378113711558656,unverified,putinmissing-all-rnr-threads,rumours,1,0,0.0,0.0,0.0,0,0,0.0
graph_005762.json,576379928914046976,unverified,putinmissing-all-rnr-threads,rumours,1,0,0.0,0.0,0.0,0,0,0.0
graph_005763.json,576382568586706944,unverified,putinmissing-all-rnr-threads,rumours,9,8,4362.0,115.0,0.0018340210912425,3,6,2.6666666666666665
graph_005764.json,576382704700256256,non-rumour,putinmissing-all-rnr-threads,non-rumours,3,2,23556.0,3739.0,8.490405841399219e-05,1,2,2.0
graph_005765.json,576387464924819456,non-rumour,putinmissing-all-rnr-threads,non-rumours,2,1,2549.0,2549.0,0.0003923107100823,1,1,1.0
graph_005766.json,576388172109750273,non-rumour,putinmissing-all-rnr-threads,non-rumours,3,2,8307.0,842.0,0.000240760804141,2,1,1.0
graph_005767.json,576389113319944193,unverified,putinmissing-all-rnr-threads,rumours,2,1,1605.0,1605.0,0.0006230529595015,1,1,1.0
graph_005768.json,576389199202496512,non-rumour,putinmissing-all-rnr-threads,non-rumours,1,0,0.0,0.0,0.0,0,0,0.0
graph_005769.json,576393784835072001,non-rumour,putinmissing-all-rnr-threads,non-rumours,2,1,856.0,856.0,0.0011682242990654,1,1,1.0
graph_005770.json,576394422813769728,unverified,putinmissing-all-rnr-threads,rumours,1,0,0.0,0.0,0.0,0,0,0.0
graph_005771.json,576394839220178946,unverified,putinmissing-all-rnr-threads,rumours,1,0,0.0,0.0,0.0,0,0,0.0
graph_005772.json,576397815406071808,unverified,putinmissing-all-rnr-threads,rumours,2,1,322.0,322.0,0.0031055900621118,1,1,1.0
graph_005773.json,576402376073965568,non-rumour,putinmissing-all-rnr-threads,non-rumours,1,0,0.0,0.0,0.0,0,0,0.0
graph_005774.json,576406521833086976,non-rumour,putinmissing-all-rnr-threads,non-rumours,12,11,15642.0,361.0,0.00070323488045,4,6,2.2
graph_005775.json,576407819353780224,non-rumour,putinmissing-all-rnr-threads,non-rumours,4,3,77225.0,232.0,3.884752347037876e-05,3,1,1.0
graph_005776.json,576409244968361985,unverified,putinmissing-all-rnr-threads,rumours,4,3,2118.0,397.0,0.0014164305949008,1,3,3.0
graph_005777.json,576412144759136256,non-rumour,putinmissing-all-rnr-threads,non-rumours,2,1,236.0,236.0,0.0042372881355932,1,1,1.0
graph_005778.json,576412997662433280,non-rumour,putinmissing-all-rnr-threads,non-rumours,2,1,2134.0,2134.0,0.000468603561387,1,1,1.0
graph_005779.json,576417507277467648,non-rumour,putinmissing-all-rnr-threads,non-rumours,1,0,0.0,0.0,0.0,0,0,0.0
graph_005780.json,576423157587906560,non-rumour,putinmissing-all-rnr-threads,non-rumours,5,4,3937.0,1857.0,0.001016002032004,3,2,1.3333333333333333
graph_005781.json,576427289111474177,unverified,putinmissing-all-rnr-threads,rumours,3,2,211347.0,210872.0,9.46311042976716e-06,2,1,1.0
graph_005782.json,576427952860045313,non-rumour,putinmissing-all-rnr-threads,non-rumours,5,4,25399.0,5225.0,0.0001574865152171,1,4,4.0
graph_005783.json,576429318701760512,non-rumour,putinmissing-all-rnr-threads,non-rumours,2,1,255.0,255.0,0.0039215686274509,1,1,1.0
graph_005784.json,576435578691956736,non-rumour,putinmissing-all-rnr-threads,non-rumours,1,0,0.0,0.0,0.0,0,0,0.0
graph_005785.json,576443643680178176,non-rumour,putinmissing-all-rnr-threads,non-rumours,4,3,4472.0,93.0,0.0006708407871198,1,3,3.0
graph_005786.json,576448454005813248,unverified,putinmissing-all-rnr-threads,rumours,1,0,0.0,0.0,0.0,0,0,0.0
graph_005787.json,576452724281102336,unverified,putinmissing-all-rnr-threads,rumours,1,0,0.0,0.0,0.0,0,0,0.0
graph_005788.json,576453994484252673,non-rumour,putinmissing-all-rnr-threads,non-rumours,5,4,877.0,479.0,0.0045610034207525,3,2,1.3333333333333333
graph_005789.json,576464933648371712,non-rumour,putinmissing-all-rnr-threads,non-rumours,1,0,0.0,0.0,0.0,0,0,0.0
graph_005790.json,576465693798957058,unverified,putinmissing-all-rnr-threads,rumours,1,0,0.0,0.0,0.0,0,0,0.0
graph_005791.json,576465897637949440,non-rumour,putinmissing-all-rnr-threads,non-rumours,1,0,0.0,0.0,0.0,0,0,0.0
graph_005792.json,576468519598104577,unverified,putinmissing-all-rnr-threads,rumours,1,0,0.0,0.0,0.0,0,0,0.0
graph_005793.json,576470720328392704,unverified,putinmissing-all-rnr-threads,rumours,8,2,5466.0,628.0,0.0012806439809732,2,1,1.0
graph_005794.json,576471501081292800,unverified,putinmissing-all-rnr-threads,rumours,8,7,1129.0,74.0,0.0062001771479185,5,2,1.4
graph_005795.json,576472861528961024,unverified,putinmissing-all-rnr-threads,rumours,2,1,2522.0,2522.0,0.000396510705789,1,1,1.0
graph_005796.json,576475228928385024,unverified,putinmissing-all-rnr-threads,rumours,14,12,89099.0,349.0,0.0001459051167802,4,8,3.0
graph_005797.json,576477089043488769,non-rumour,putinmissing-all-rnr-threads,non-rumours,23,22,24036.0,79.0,0.0009152937260775,5,10,2.0
graph_005798.json,576480269835845632,unverified,putinmissing-all-rnr-threads,rumours,1,0,0.0,0.0,0.0,0,0,0.0
graph_005799.json,576480712699744257,non-rumour,putinmissing-all-rnr-threads,non-rumours,1,0,0.0,0.0,0.0,0,0,0.0
graph_005800.json,576481588004933632,non-rumour,putinmissing-all-rnr-threads,non-rumours,4,3,7591.0,322.0,0.0003952048478461,2,2,1.5
graph_005801.json,576483978363973632,unverified,putinmissing-all-rnr-threads,rumours,11,10,6662.0,42.0,0.0015010507355148,1,10,10.0
graph_005802.json,576485427315535872,unverified,putinmissing-all-rnr-threads,rumours,1,0,0.0,0.0,0.0,0,0,0.0
graph_005803.json,576486732864098304,non-rumour,putinmissing-all-rnr-threads,non-rumours,1,0,0.0,0.0,0.0,0,0,0.0
graph_005804.json,576494415851626496,non-rumour,putinmissing-all-rnr-threads,non-rumours,4,3,52755.0,46790.0,5.686664771111743e-05,1,3,3.0
graph_005805.json,576494602070441984,non-rumour,putinmissing-all-rnr-threads,non-rumours,1,0,0.0,0.0,0.0,0,0,0.0
graph_005806.json,576497758862987265,non-rumour,putinmissing-all-rnr-threads,non-rumours,1,0,0.0,0.0,0.0,0,0,0.0
graph_005807.json,576499275754041344,non-rumour,putinmissing-all-rnr-threads,non-rumours,5,4,196126.0,201.0,2.03950521603459e-05,1,4,4.0
graph_005808.json,576504635738951680,non-rumour,putinmissing-all-rnr-threads,non-rumours,18,17,185344.0,296.0,9.172133977900552e-05,3,13,3.4
graph_005809.json,576507292415320064,false,putinmissing-all-rnr-threads,rumours,1,0,0.0,0.0,0.0,0,0,0.0
graph_005810.json,576508971923693568,unverified,putinmissing-all-rnr-threads,rumours,2,1,131.0,131.0,0.0076335877862595,1,1,1.0
graph_005811.json,576509083152457728,unverified,putinmissing-all-rnr-threads,rumours,6,5,11001.0,127.0,0.0004545041359876,3,3,1.6666666666666667
graph_005812.json,576509905596727296,non-rumour,putinmissing-all-rnr-threads,non-rumours,3,2,3965.0,1207.0,0.0005044136191677,1,2,2.0
graph_005813.json,576510163596795906,non-rumour,putinmissing-all-rnr-threads,non-rumours,1,0,0.0,0.0,0.0,0,0,0.0
graph_005814.json,576513091287945216,unverified,putinmissing-all-rnr-threads,rumours,1,0,0.0,0.0,0.0,0,0,0.0
graph_005815.json,576513463738109954,unverified,putinmissing-all-rnr-threads,rumours,8,7,23433.0,60.0,0.0002987240216788,1,7,7.0
graph_005816.json,576515871876767744,unverified,putinmissing-all-rnr-threads,rumours,1,0,0.0,0.0,0.0,0,0,0.0
graph_005817.json,576516069516525568,unverified,putinmissing-all-rnr-threads,rumours,5,4,4038.0,179.0,0.0009905894006934,3,2,1.3333333333333333
graph_005818.json,576524931409772544,non-rumour,putinmissing-all-rnr-threads,non-rumours,1,0,0.0,0.0,0.0,0,0,0.0
graph_005819.json,576526802056814593,unverified,putinmissing-all-rnr-threads,rumours,5,4,13007.0,124.0,0.0003075267163834,1,4,4.0
graph_005820.json,576528880208637952,unverified,putinmissing-all-rnr-threads,rumours,3,2,150.0,57.0,0.0133333333333333,2,1,1.0
graph_005821.json,576530268351246337,unverified,putinmissing-all-rnr-threads,rumours,1,0,0.0,0.0,0.0,0,0,0.0
graph_005822.json,576530892119793664,non-rumour,putinmissing-all-rnr-threads,non-rumours,2,1,165289.0,165289.0,6.050009377514535e-06,1,1,1.0
graph_005823.json,576531907606892544,unverified,putinmissing-all-rnr-threads,rumours,1,0,0.0,0.0,0.0,0,0,0.0
graph_005824.json,576546827643703296,non-rumour,putinmissing-all-rnr-threads,non-rumours,5,4,42840.0,3006.0,9.337068160597572e-05,1,4,4.0
graph_005825.json,576548875072335872,false,putinmissing-all-rnr-threads,rumours,1,0,0.0,0.0,0.0,0,0,0.0
graph_005826.json,576551024929992705,non-rumour,putinmissing-all-rnr-threads,non-rumours,1,0,0.0,0.0,0.0,0,0,0.0
graph_005827.json,576552070456741888,unverified,putinmissing-all-rnr-threads,rumours,5,3,68993.0,1081.0,5.7976896206861566e-05,1,3,3.0
graph_005828.json,576565012086579200,unverified,putinmissing-all-rnr-threads,rumours,8,7,2126.0,249.0,0.0032925682031984,6,2,1.1666666666666667
graph_005829.json,576573355404431360,non-rumour,putinmissing-all-rnr-threads,non-rumours,1,0,0.0,0.0,0.0,0,0,0.0
graph_005830.json,576592351776346112,non-rumour,putinmissing-all-rnr-threads,non-rumours,1,0,0.0,0.0,0.0,0,0,0.0
graph_005831.json,576597020065996800,unverified,putinmissing-all-rnr-threads,rumours,1,0,0.0,0.0,0.0,0,0,0.0
graph_005832.json,576600087066869760,non-rumour,putinmissing-all-rnr-threads,non-rumours,3,2,120222.0,93262.0,1.6635890269667783e-05,1,2,2.0
graph_005833.json,576617856919465984,non-rumour,putinmissing-all-rnr-threads,non-rumours,2,1,31542.0,31542.0,3.170376006594382e-05,1,1,1.0
graph_005834.json,576639665786249216,non-rumour,putinmissing-all-rnr-threads,non-rumours,3,2,5722.0,173.0,0.000349528137015,1,2,2.0
graph_005835.json,576641067317096448,non-rumour,putinmissing-all-rnr-threads,non-rumours,4,3,6076.0,514.0,0.0004937458854509,1,3,3.0
graph_005836.json,576643337173749760,unverified,putinmissing-all-rnr-threads,rumours,1,0,0.0,0.0,0.0,0,0,0.0
graph_005837.json,576655512462344192,non-rumour,putinmissing-all-rnr-threads,non-rumours,2,1,359.0,359.0,0.0027855153203342,1,1,1.0
graph_005838.json,576656873681731584,non-rumour,putinmissing-all-rnr-threads,non-rumours,1,0,0.0,0.0,0.0,0,0,0.0
graph_005839.json,576657704933990400,non-rumour,putinmissing-all-rnr-threads,non-rumours,7,6,82768.0,614.0,7.249178426445003e-05,1,6,6.0
graph_005840.json,576671947091779584,non-rumour,putinmissing-all-rnr-threads,non-rumours,4,3,3959.0,560.0,0.0007577671129072,2,2,1.5
graph_005841.json,576679386616881152,non-rumour,putinmissing-all-rnr-threads,non-rumours,1,0,0.0,0.0,0.0,0,0,0.0
graph_005842.json,576687226979004416,non-rumour,putinmissing-all-rnr-threads,non-rumours,2,1,31381.0,31381.0,3.186641598419426e-05,1,1,1.0
graph_005843.json,576694748095782912,unverified,putinmissing-all-rnr-threads,rumours,24,23,113179.0,99.0,0.00020321791145,9,11,1.7692307692307692
graph_005844.json,576709199146717185,unverified,putinmissing-all-rnr-threads,rumours,3,2,9419.0,9015.0,0.000212336766111,2,1,1.0
graph_005845.json,576713397196210176,non-rumour,putinmissing-all-rnr-threads,non-rumours,4,3,502.0,218.0,0.0059760956175298,3,1,1.0
graph_005846.json,576715243948118016,non-rumour,putinmissing-all-rnr-threads,non-rumours,1,0,0.0,0.0,0.0,0,0,0.0
graph_005847.json,576716016908136448,false,putinmissing-all-rnr-threads,rumours,3,2,22973.0,4526.0,8.705872110738693e-05,1,2,2.0
graph_005848.json,576723588952276992,non-rumour,putinmissing-all-rnr-threads,non-rumours,1,0,0.0,0.0,0.0,0,0,0.0
graph_005849.json,576732099304095744,non-rumour,putinmissing-all-rnr-threads,non-rumours,1,0,0.0,0.0,0.0,0,0,0.0
graph_005850.json,576736349153288192,non-rumour,putinmissing-all-rnr-threads,non-rumours,1,0,0.0,0.0,0.0,0,0,0.0
graph_005851.json,576746408184676352,non-rumour,putinmissing-all-rnr-threads,non-rumours,1,0,0.0,0.0,0.0,0,0,0.0
graph_005852.json,576749539375235072,unverified,putinmissing-all-rnr-threads,rumours,1,0,0.0,0.0,0.0,0,0,0.0
graph_005853.json,576755174531862529,unverified,putinmissing-all-rnr-threads,rumours,6,5,833.0,188.0,0.0060024009603841,2,3,2.5
graph_005854.json,576757242042703872,non-rumour,putinmissing-all-rnr-threads,non-rumours,3,2,144203.0,5879.0,1.3869336976345843e-05,1,2,2.0
graph_005855.json,576763653329809408,unverified,putinmissing-all-rnr-threads,rumours,1,0,0.0,0.0,0.0,0,0,0.0
graph_005856.json,576767713328144384,non-rumour,putinmissing-all-rnr-threads,non-rumours,8,7,101452.0,24.0,6.899814690691165e-05,1,7,7.0
graph_005857.json,576767882945789953,non-rumour,putinmissing-all-rnr-threads,non-rumours,1,0,0.0,0.0,0.0,0,0,0.0
graph_005858.json,576769677592039424,non-rumour,putinmissing-all-rnr-threads,non-rumours,2,1,154.0,154.0,0.0064935064935064,1,1,1.0
graph_005859.json,576770693683105792,non-rumour,putinmissing-all-rnr-threads,non-rumours,1,0,0.0,0.0,0.0,0,0,0.0
graph_005860.json,576770854803107841,unverified,putinmissing-all-rnr-threads,rumours,1,0,0.0,0.0,0.0,0,0,0.0
graph_005861.json,576771847754268672,non-rumour,putinmissing-all-rnr-threads,non-rumours,1,0,0.0,0.0,0.0,0,0,0.0
graph_005862.json,576772668805935104,non-rumour,putinmissing-all-rnr-threads,non-rumours,1,0,0.0,0.0,0.0,0,0,0.0
graph_005863.json,576772770220113920,non-rumour,putinmissing-all-rnr-threads,non-rumours,2,1,171.0,171.0,0.0058479532163742,1,1,1.0
graph_005864.json,576773359729426432,non-rumour,putinmissing-all-rnr-threads,non-rumours,1,0,0.0,0.0,0.0,0,0,0.0
graph_005865.json,576775762461745152,unverified,putinmissing-all-rnr-threads,rumours,6,5,196581.0,24.0,2.5434808043503695e-05,4,2,1.25
graph_005866.json,576777148217843712,non-rumour,putinmissing-all-rnr-threads,non-rumours,3,2,107352.0,102.0,1.8630300320441167e-05,1,2,2.0
graph_005867.json,576777317474652160,non-rumour,putinmissing-all-rnr-threads,non-rumours,3,0,161401.0,161067.0,1.2391496954789623e-05,0,0,0.0
graph_005868.json,576780691616198656,unverified,putinmissing-all-rnr-threads,rumours,1,0,0.0,0.0,0.0,0,0,0.0
graph_005869.json,576781604821053440,unverified,putinmissing-all-rnr-threads,rumours,1,0,0.0,0.0,0.0,0,0,0.0
graph_005870.json,576789978795155457,unverified,putinmissing-all-rnr-threads,rumours,5,4,2759.0,148.0,0.0014498006524102,2,3,2.0
graph_005871.json,576790814942236672,non-rumour,putinmissing-all-rnr-threads,non-rumours,1,0,0.0,0.0,0.0,0,0,0.0
graph_005872.json,576794158108581888,non-rumour,putinmissing-all-rnr-threads,non-rumours,1,0,0.0,0.0,0.0,0,0,0.0
graph_005873.json,576794571448909824,unverified,putinmissing-all-rnr-threads,rumours,2,1,2945.0,2945.0,0.0003395585738539,1,1,1.0
graph_005874.json,576794571629166592,unverified,putinmissing-all-rnr-threads,rumours,10,9,13781.0,124.0,0.0006530730716203,2,8,4.5
graph_005875.json,576795865433706496,non-rumour,putinmissing-all-rnr-threads,non-rumours,1,0,0.0,0.0,0.0,0,0,0.0
graph_005876.json,576796432730071040,false,putinmissing-all-rnr-threads,rumours,15,14,3222.0,215.0,0.0043451272501551,7,4,1.4
graph_005877.json,576806702454075392,non-rumour,putinmissing-all-rnr-threads,non-rumours,2,1,43350.0,43350.0,2.306805074971165e-05,1,1,1.0
graph_005878.json,576807652145160192,non-rumour,putinmissing-all-rnr-threads,non-rumours,24,23,3027.0,95.0,0.0075982821275189,12,2,1.4375
graph_005879.json,576811711652450304,non-rumour,putinmissing-all-rnr-threads,non-rumours,5,4,13221.0,214.0,0.0003025489751153,2,3,2.0
graph_005880.json,576812336952000512,unverified,putinmissing-all-rnr-threads,rumours,16,15,28743.0,383.0,0.0005218661935079,1,15,15.0
graph_005881.json,576812998418939904,unverified,putinmissing-all-rnr-threads,rumours,3,2,230.0,129.0,0.008695652173913,2,1,1.0
graph_005882.json,576813256905486336,unverified,putinmissing-all-rnr-threads,rumours,10,9,58360.0,430.0,0.0001542152159013,1,9,9.0
graph_005883.json,576814014438703104,non-rumour,putinmissing-all-rnr-threads,non-rumours,2,1,839.0,839.0,0.00119189511323,1,1,1.0
graph_005884.json,576814574873235457,unverified,putinmissing-all-rnr-threads,rumours,1,0,0.0,0.0,0.0,0,0,0.0
graph_005885.json,576815154735775744,non-rumour,putinmissing-all-rnr-threads,non-rumours,3,2,407.0,294.0,0.0049140049140049,1,2,2.0
graph_005886.json,576815329172590592,unverified,putinmissing-all-rnr-threads,rumours,4,3,488.0,205.0,0.0061475409836065,2,2,1.5
graph_005887.json,576815428066009089,unverified,putinmissing-all-rnr-threads,rumours,2,1,244.0,244.0,0.0040983606557377,1,1,1.0
graph_005888.json,576816930272776192,non-rumour,putinmissing-all-rnr-threads,non-rumours,1,0,0.0,0.0,0.0,0,0,0.0
graph_005889.json,576819219876225024,non-rumour,putinmissing-all-rnr-threads,non-rumours,2,1,624.0,624.0,0.0016025641025641,1,1,1.0
graph_005890.json,576819222694744064,non-rumour,putinmissing-all-rnr-threads,non-rumours,1,0,0.0,0.0,0.0,0,0,0.0
graph_005891.json,576819925005680640,unverified,putinmissing-all-rnr-threads,rumours,3,0,29201.0,29079.0,6.849080510941406e-05,0,0,0.0
graph_005892.json,576820722426839040,unverified,putinmissing-all-rnr-threads,rumours,8,7,46909.0,234.0,0.0001492250953974,3,5,2.3333333333333335
graph_005893.json,576821399983026177,unverified,putinmissing-all-rnr-threads,rumours,3,2,50363.0,480.0,3.971169310803566e-05,1,2,2.0
graph_005894.json,576821651490340864,unverified,putinmissing-all-rnr-threads,rumours,3,2,1942.0,972.0,0.0010298661174047,1,2,2.0
graph_005895.json,576821792834232320,non-rumour,putinmissing-all-rnr-threads,non-rumours,4,3,614.0,132.0,0.004885993485342,1,3,3.0
graph_005896.json,576824525339402240,unverified,putinmissing-all-rnr-threads,rumours,1,0,0.0,0.0,0.0,0,0,0.0
graph_005897.json,576825885774467072,non-rumour,putinmissing-all-rnr-threads,non-rumours,1,0,0.0,0.0,0.0,0,0,0.0
graph_005898.json,576829262927413248,unverified,putinmissing-all-rnr-threads,rumours,8,7,15241.0,252.0,0.0004592874483301,3,5,2.3333333333333335
graph_005899.json,576830057496248320,non-rumour,putinmissing-all-rnr-threads,non-rumours,1,0,0.0,0.0,0.0,0,0,0.0
graph_005900.json,576831447299796994,unverified,putinmissing-all-rnr-threads,rumours,19,18,62113.0,260.0,0.0002897944069679,5,13,3.6
graph_005901.json,576832918343032832,unverified,putinmissing-all-rnr-threads,rumours,2,1,2089.0,2089.0,0.0004786979415988,1,1,1.0
graph_005902.json,576833011955679232,unverified,putinmissing-all-rnr-threads,rumours,2,1,151.0,151.0,0.0066225165562913,1,1,1.0
graph_005903.json,576833878981136384,non-rumour,putinmissing-all-rnr-threads,non-rumours,1,0,0.0,0.0,0.0,0,0,0.0
graph_005904.json,576833924736892928,unverified,putinmissing-all-rnr-threads,rumours,19,18,4026.0,421.0,0.0044709388971684,6,9,2.25
graph_005905.json,576833924967493633,unverified,putinmissing-all-rnr-threads,rumours,2,1,856.0,856.0,0.0011682242990654,1,1,1.0
graph_005906.json,576836049151868928,non-rumour,putinmissing-all-rnr-threads,non-rumours,1,0,0.0,0.0,0.0,0,0,0.0
graph_005907.json,576836412051304448,unverified,putinmissing-all-rnr-threads,rumours,1,0,0.0,0.0,0.0,0,0,0.0
graph_005908.json,576840804834144258,unverified,putinmissing-all-rnr-threads,rumours,1,0,0.0,0.0,0.0,0,0,0.0
graph_005909.json,576842803013091329,non-rumour,putinmissing-all-rnr-threads,non-rumours,1,0,0.0,0.0,0.0,0,0,0.0
graph_005910.json,576842966964117504,unverified,putinmissing-all-rnr-threads,rumours,1,0,0.0,0.0,0.0,0,0,0.0
graph_005911.json,576847722055131136,non-rumour,putinmissing-all-rnr-threads,non-rumours,6,5,2698.0,79.0,0.0018532246108228,3,2,1.25
graph_005912.json,576847727918739457,unverified,putinmissing-all-rnr-threads,rumours,1,0,0.0,0.0,0.0,0,0,0.0
graph_005913.json,576848770136174594,non-rumour,putinmissing-all-rnr-threads,non-rumours,6,5,48414.0,36.0,0.0001032759119263,1,5,5.0
graph_005914.json,576850639600357376,unverified,putinmissing-all-rnr-threads,rumours,4,3,9742.0,455.0,0.0003079449804968,1,3,3.0
graph_005915.json,576853097445752832,non-rumour,putinmissing-all-rnr-threads,non-rumours,3,2,77462.0,50746.0,2.5819111306188843e-05,2,1,1.0
graph_005916.json,576855819125432321,unverified,putinmissing-all-rnr-threads,rumours,5,4,7722.0,107.0,0.0005180005180005,2,3,2.0
graph_005917.json,576855835445428225,non-rumour,putinmissing-all-rnr-threads,non-rumours,5,4,4241.0,415.0,0.0009431737797689,3,2,1.3333333333333333
graph_005918.json,576857359533789184,non-rumour,putinmissing-all-rnr-threads,non-rumours,2,1,1561.0,1561.0,0.0006406149903907,1,1,1.0
graph_005919.json,576859807388418050,non-rumour,putinmissing-all-rnr-threads,non-rumours,2,1,26.0,26.0,0.0384615384615384,1,1,1.0
graph_005920.json,576860068316057600,non-rumour,putinmissing-all-rnr-threads,non-rumours,2,1,93896.0,93896.0,1.0650080940615148e-05,1,1,1.0
graph_005921.json,576860610400501760,unverified,putinmissing-all-rnr-threads,rumours,1,0,0.0,0.0,0.0,0,0,0.0
graph_005922.json,576860819322880000,unverified,putinmissing-all-rnr-threads,rumours,1,0,0.0,0.0,0.0,0,0,0.0
graph_005923.json,576863192854462464,unverified,putinmissing-all-rnr-threads,rumours,1,0,0.0,0.0,0.0,0,0,0.0
graph_005924.json,576866204339609602,unverified,putinmissing-all-rnr-threads,rumours,3,2,3667.0,1006.0,0.0005454049631851,1,2,2.0
graph_005925.json,576866204360581120,unverified,putinmissing-all-rnr-threads,rumours,1,0,0.0,0.0,0.0,0,0,0.0
graph_005926.json,576867083331497984,non-rumour,putinmissing-all-rnr-threads,non-rumours,1,0,0.0,0.0,0.0,0,0,0.0
graph_005927.json,576872037089566720,unverified,putinmissing-all-rnr-threads,rumours,1,0,0.0,0.0,0.0,0,0,0.0
graph_005928.json,576874788683005952,unverified,putinmissing-all-rnr-threads,rumours,1,0,0.0,0.0,0.0,0,0,0.0
graph_005929.json,576885758537109505,non-rumour,putinmissing-all-rnr-threads,non-rumours,2,1,249.0,249.0,0.0040160642570281,1,1,1.0
graph_005930.json,576889130258419712,non-rumour,putinmissing-all-rnr-threads,non-rumours,3,2,48244.0,1115.0,4.1455932343918414e-05,1,2,2.0
graph_005931.json,576889864907427840,unverified,putinmissing-all-rnr-threads,rumours,5,4,3394.0,29.0,0.0011785503830288,1,4,4.0
graph_005932.json,576890261382520832,non-rumour,putinmissing-all-rnr-threads,non-rumours,2,1,407.0,407.0,0.0024570024570024,1,1,1.0
graph_005933.json,576892395930955776,non-rumour,putinmissing-all-rnr-threads,non-rumours,1,0,0.0,0.0,0.0,0,0,0.0
graph_005934.json,577258317942149120,unverified,putinmissing-all-rnr-threads,rumours,6,5,6877.0,458.0,0.0007270612185546,1,5,5.0
graph_005935.json,577261281125642241,unverified,putinmissing-all-rnr-threads,rumours,1,0,0.0,0.0,0.0,0,0,0.0
graph_005936.json,577269239779893248,non-rumour,putinmissing-all-rnr-threads,non-rumours,7,0,3510.0,2822.0,0.0017094017094017,0,0,0.0
graph_005937.json,577269846259433472,unverified,putinmissing-all-rnr-threads,rumours,3,2,1158.0,462.0,0.001727115716753,1,2,2.0
graph_005938.json,577273752796282881,unverified,putinmissing-all-rnr-threads,rumours,1,0,0.0,0.0,0.0,0,0,0.0
graph_005939.json,577277669588537344,non-rumour,putinmissing-all-rnr-threads,non-rumours,1,0,0.0,0.0,0.0,0,0,0.0
graph_005940.json,577287149516541952,non-rumour,putinmissing-all-rnr-threads,non-rumours,3,2,2128.0,126.0,0.0009398496240601,1,2,2.0
graph_005941.json,577287176288776192,unverified,putinmissing-all-rnr-threads,rumours,1,0,0.0,0.0,0.0,0,0,0.0
graph_005942.json,577294068851421184,non-rumour,putinmissing-all-rnr-threads,non-rumours,1,0,0.0,0.0,0.0,0,0,0.0
graph_005943.json,577294310573502465,unverified,putinmissing-all-rnr-threads,rumours,9,8,6760.0,1529.0,0.0011834319526627,4,3,2.0
graph_005944.json,577295940278738944,non-rumour,putinmissing-all-rnr-threads,non-rumours,1,0,0.0,0.0,0.0,0,0,0.0
graph_005945.json,577297951325876224,unverified,putinmissing-all-rnr-threads,rumours,1,0,0.0,0.0,0.0,0,0,0.0
graph_005946.json,577298811460128768,non-rumour,putinmissing-all-rnr-threads,non-rumours,1,0,0.0,0.0,0.0,0,0,0.0
graph_005947.json,577300802294804481,non-rumour,putinmissing-all-rnr-threads,non-rumours,24,22,135035.0,60.0,0.0001703262117228,4,15,2.75
graph_005948.json,577301342617673729,unverified,putinmissing-all-rnr-threads,rumours,1,0,0.0,0.0,0.0,0,0,0.0
graph_005949.json,577301582917816321,non-rumour,putinmissing-all-rnr-threads,non-rumours,1,0,0.0,0.0,0.0,0,0,0.0
graph_005950.json,577302850318938113,non-rumour,putinmissing-all-rnr-threads,non-rumours,4,3,308893.0,6281.0,9.71210095405205e-06,2,2,1.5
graph_005951.json,577303162765250560,unverified,putinmissing-all-rnr-threads,rumours,4,3,55672.0,8338.0,5.388705273746228e-05,2,2,1.5
graph_005952.json,577303343728627712,non-rumour,putinmissing-all-rnr-threads,non-rumours,1,0,0.0,0.0,0.0,0,0,0.0
graph_005953.json,577308426902056960,non-rumour,putinmissing-all-rnr-threads,non-rumours,1,0,0.0,0.0,0.0,0,0,0.0
graph_005954.json,577309214663684097,non-rumour,putinmissing-all-rnr-threads,non-rumours,1,0,0.0,0.0,0.0,0,0,0.0
graph_005955.json,577311956048154625,non-rumour,putinmissing-all-rnr-threads,non-rumours,2,1,6986.0,6986.0,0.0001431434297165,1,1,1.0
graph_005956.json,577342598592901120,unverified,putinmissing-all-rnr-threads,rumours,1,0,0.0,0.0,0.0,0,0,0.0
graph_005957.json,580317556516483072,unverified,germanwings-crash-all-rnr-threads,rumours,8,6,590.0,36.0,0.011864406779661,1,6,6.0
graph_005958.json,580317998147325952,false,germanwings-crash-all-rnr-threads,rumours,3,2,181.0,101.0,0.011049723756906,1,2,2.0
graph_005959.json,580318020192571392,true,germanwings-crash-all-rnr-threads,rumours,2,1,4476.0,4476.0,0.0002234137622877,1,1,1.0
graph_005960.json,580318210609696769,true,germanwings-crash-all-rnr-threads,rumours,2,1,193.0,193.0,0.005181347150259,1,1,1.0
graph_005961.json,580318669483413504,true,germanwings-crash-all-rnr-threads,rumours,5,4,24336.0,4258.0,0.0001643655489809,1,4,4.0
graph_005962.json,580318717860532224,unverified,germanwings-crash-all-rnr-threads,rumours,2,1,4227.0,4227.0,0.0002365744026496,1,1,1.0
graph_005963.json,580318938996740096,false,germanwings-crash-all-rnr-threads,rumours,5,4,4131.0,91.0,0.0009682885499878,1,4,4.0
graph_005964.json,580319005703069696,true,germanwings-crash-all-rnr-threads,rumours,3,2,4103.0,297.0,0.0004874482086278,1,2,2.0
graph_005965.json,580319078155468800,true,germanwings-crash-all-rnr-threads,rumours,33,32,21745.0,112.0,0.0014716026672798,6,19,2.6666666666666665
graph_005966.json,580319116302647297,unverified,germanwings-crash-all-rnr-threads,rumours,21,20,3595.0,30.0,0.0055632823365785,5,15,4.0
graph_005967.json,580319184652890113,false,germanwings-crash-all-rnr-threads,rumours,10,9,9285.0,71.0,0.0009693053311793,3,5,3.0
graph_005968.json,580319206400475136,true,germanwings-crash-all-rnr-threads,rumours,5,4,712.0,34.0,0.0056179775280898,1,4,4.0
graph_005969.json,580319458004193280,true,germanwings-crash-all-rnr-threads,rumours,2,1,1166.0,1166.0,0.0008576329331046,1,1,1.0
graph_005970.json,580319651399385088,true,germanwings-crash-all-rnr-threads,rumours,31,30,32236.0,88.0,0.0009306365554038,8,8,1.5789473684210529
graph_005971.json,580319856496644096,true,germanwings-crash-all-rnr-threads,rumours,4,3,4835.0,49.0,0.0006204756980351,1,3,3.0
graph_005972.json,580319968484421633,true,germanwings-crash-all-rnr-threads,rumours,3,2,6764.0,3611.0,0.0002956830277942,1,2,2.0
graph_005973.json,580319983676313601,unknown,germanwings-crash-all-rnr-threads,non-rumours,4,3,1372.0,684.0,0.0021865889212827,3,1,1.0
graph_005974.json,580319999887347712,unverified,germanwings-crash-all-rnr-threads,rumours,33,32,40900.0,66.0,0.0007823960880195,9,13,2.0
graph_005975.json,580320161082830848,false,germanwings-crash-all-rnr-threads,rumours,5,4,4217.0,157.0,0.0009485416172634,1,4,4.0
graph_005976.json,580320242020290560,false,germanwings-crash-all-rnr-threads,rumours,3,2,304.0,90.0,0.006578947368421,1,2,2.0
graph_005977.json,580320267777511425,unverified,germanwings-crash-all-rnr-threads,rumours,24,23,1008.0,64.0,0.0228174603174603,5,16,3.2857142857142856
graph_005978.json,580320329203093504,unverified,germanwings-crash-all-rnr-threads,rumours,4,3,311.0,73.0,0.0096463022508038,1,3,3.0
graph_005979.json,580320563891019776,true,germanwings-crash-all-rnr-threads,rumours,9,8,3751.0,135.0,0.0021327645961077,4,5,2.0
graph_005980.json,580320612155060224,unverified,germanwings-crash-all-rnr-threads,rumours,77,76,193901.0,21.0,0.0003919525943651,19,13,1.7674418604651163
graph_005981.json,580320645906632704,unverified,germanwings-crash-all-rnr-threads,rumours,23,22,88481.0,129.0,0.0002486409511646,3,16,3.6666666666666665
graph_005982.json,580320684305416192,unverified,germanwings-crash-all-rnr-threads,rumours,5,4,17671.0,111.0,0.0002263595721804,1,4,4.0
graph_005983.json,580320745974288384,true,germanwings-crash-all-rnr-threads,rumours,35,34,2966.0,40.0,0.0114632501685772,7,18,4.25
graph_005984.json,580320825351471104,unverified,germanwings-crash-all-rnr-threads,rumours,11,10,36796.0,23.0,0.0002717686705076,2,9,5.0
graph_005985.json,580320856561209344,true,germanwings-crash-all-rnr-threads,rumours,2,1,3429.0,3429.0,0.00029163021289,1,1,1.0
graph_005986.json,580320856905269248,true,germanwings-crash-all-rnr-threads,rumours,3,2,582.0,474.0,0.0034364261168384,1,2,2.0
graph_005987.json,580320890086383616,true,germanwings-crash-all-rnr-threads,rumours,30,27,7874.0,507.0,0.0036830073660147,19,2,1.173913043478261
graph_005988.json,580320893668364288,unverified,germanwings-crash-all-rnr-threads,rumours,6,5,1160.0,202.0,0.0043103448275862,2,4,2.5
graph_005989.json,580320945740480512,true,germanwings-crash-all-rnr-threads,rumours,9,8,8388.0,155.0,0.0009537434430138,1,8,8.0
graph_005990.json,580320964875014145,true,germanwings-crash-all-rnr-threads,rumours,15,14,178477.0,160.0,7.844147985454708e-05,1,14,14.0
graph_005991.json,580320995266936832,true,germanwings-crash-all-rnr-threads,rumours,1,0,0.0,0.0,0.0,0,0,0.0
graph_005992.json,580321156508577792,false,germanwings-crash-all-rnr-threads,rumours,3,2,4238.0,1022.0,0.0004719207173194,1,2,2.0
graph_005993.json,580321169271877632,unverified,germanwings-crash-all-rnr-threads,rumours,2,1,201.0,201.0,0.0049751243781094,1,1,1.0
graph_005994.json,580321203757387776,non-rumour,germanwings-crash-all-rnr-threads,non-rumours,2,1,753.0,753.0,0.0013280212483399,1,1,1.0
graph_005995.json,580321317527879680,false,germanwings-crash-all-rnr-threads,rumours,1,0,0.0,0.0,0.0,0,0,0.0
graph_005996.json,580321327845765120,false,germanwings-crash-all-rnr-threads,rumours,2,1,19623.0,19623.0,5.096060745044081e-05,1,1,1.0
graph_005997.json,580321350750990336,true,germanwings-crash-all-rnr-threads,rumours,2,1,13896.0,13896.0,7.196315486470927e-05,1,1,1.0
graph_005998.json,580321372703985664,unverified,germanwings-crash-all-rnr-threads,rumours,5,4,1536.0,191.0,0.0026041666666666,1,4,4.0
graph_005999.json,580321844089212928,false,germanwings-crash-all-rnr-threads,rumours,19,18,135915.0,65.0,0.0001324357134974,2,15,6.0
graph_006000.json,580321925265788928,false,germanwings-crash-all-rnr-threads,rumours,1,0,0.0,0.0,0.0,0,0,0.0
graph_006001.json,580321948070240256,true,germanwings-crash-all-rnr-threads,rumours,34,33,179379.0,57.0,0.0001839680230127,8,10,1.8333333333333333
graph_006002.json,580322005280493568,true,germanwings-crash-all-rnr-threads,rumours,1,0,0.0,0.0,0.0,0,0,0.0
graph_006003.json,580322026029654018,non-rumour,germanwings-crash-all-rnr-threads,non-rumours,2,1,2507.0,2507.0,0.0003988831272437,1,1,1.0
graph_006004.json,580322066374721537,unverified,germanwings-crash-all-rnr-threads,rumours,8,7,17294.0,727.0,0.0004047646582629,1,7,7.0
graph_006005.json,580322102307373056,non-rumour,germanwings-crash-all-rnr-threads,non-rumours,4,3,7618.0,317.0,0.0003938041480703,1,3,3.0
graph_006006.json,580322332348190720,non-rumour,germanwings-crash-all-rnr-threads,non-rumours,16,15,182985.0,70.0,8.197393228953193e-05,6,4,1.6666666666666667
graph_006007.json,580322346508124160,true,germanwings-crash-all-rnr-threads,rumours,14,13,135921.0,98.0,9.564379308568948e-05,1,13,13.0
graph_006008.json,580322349569994752,true,germanwings-crash-all-rnr-threads,rumours,2,1,2446.0,2446.0,0.0004088307440719,1,1,1.0
graph_006009.json,580322453928431617,false,germanwings-crash-all-rnr-threads,rumours,3,2,213886.0,16298.0,9.350775646839904e-06,1,2,2.0
graph_006010.json,580322653472493569,non-rumour,germanwings-crash-all-rnr-threads,non-rumours,2,1,854.0,854.0,0.0011709601873536,1,1,1.0
graph_006011.json,580322782392762368,false,germanwings-crash-all-rnr-threads,rumours,1,0,0.0,0.0,0.0,0,0,0.0
graph_006012.json,580322927679279105,true,germanwings-crash-all-rnr-threads,rumours,21,20,111541.0,784.0,0.0001793062640643,3,15,5.0
graph_006013.json,580323060533764097,true,germanwings-crash-all-rnr-threads,rumours,3,2,208.0,156.0,0.0096153846153846,2,1,1.0
graph_006014.json,580323152103911424,non-rumour,germanwings-crash-all-rnr-threads,non-rumours,4,3,314.0,173.0,0.0095541401273885,1,3,3.0
graph_006015.json,580323165068509184,false,germanwings-crash-all-rnr-threads,rumours,10,9,4213.0,91.0,0.0021362449560882,3,5,1.8
graph_006016.json,580323315614543873,false,germanwings-crash-all-rnr-threads,rumours,1,0,0.0,0.0,0.0,0,0,0.0
graph_006017.json,580323456996282369,unverified,germanwings-crash-all-rnr-threads,rumours,2,1,69271.0,69271.0,1.4436055492197313e-05,1,1,1.0
graph_006018.json,580323498905702400,non-rumour,germanwings-crash-all-rnr-threads,non-rumours,24,23,5408.0,51.0,0.0042529585798816,4,16,3.8333333333333335
graph_006019.json,580323815261016064,false,germanwings-crash-all-rnr-threads,rumours,4,3,10209.0,82.0,0.0002938583602703,1,3,3.0
graph_006020.json,580323877429112832,non-rumour,germanwings-crash-all-rnr-threads,non-rumours,4,3,41839.0,613.0,7.170343459451707e-05,2,2,1.5
graph_006021.json,580323946899214336,non-rumour,germanwings-crash-all-rnr-threads,non-rumours,1,0,0.0,0.0,0.0,0,0,0.0
graph_006022.json,580323992843718656,non-rumour,germanwings-crash-all-rnr-threads,non-rumours,6,5,7365.0,103.0,0.0006788866259334,1,5,5.0
graph_006023.json,580324027715063808,true,germanwings-crash-all-rnr-threads,rumours,4,3,4987.0,922.0,0.000601564066573,1,3,3.0
graph_006024.json,580324338865430528,non-rumour,germanwings-crash-all-rnr-threads,non-rumours,18,17,14416.0,70.0,0.0011792452830188,2,16,8.5
graph_006025.json,580324697415360512,true,germanwings-crash-all-rnr-threads,rumours,2,1,189.0,189.0,0.0052910052910052,1,1,1.0
graph_006026.json,580324721381740544,false,germanwings-crash-all-rnr-threads,rumours,4,3,4794.0,439.0,0.0006257822277847,2,2,1.5
graph_006027.json,580324804403818496,non-rumour,germanwings-crash-all-rnr-threads,non-rumours,18,17,15077.0,165.0,0.0011275452676261,9,6,1.5454545454545454
graph_006028.json,580324933525467136,non-rumour,germanwings-crash-all-rnr-threads,non-rumours,2,1,2342.0,2342.0,0.0004269854824935,1,1,1.0
graph_006029.json,580324985148932097,false,germanwings-crash-all-rnr-threads,rumours,1,0,0.0,0.0,0.0,0,0,0.0
graph_006030.json,580325043705667586,false,germanwings-crash-all-rnr-threads,rumours,5,4,3307.0,121.0,0.001209555488358,1,4,4.0
graph_006031.json,580325090367315968,unverified,germanwings-crash-all-rnr-threads,rumours,53,42,208516.0,38.0,0.0002493813424389,19,6,1.826086956521739
graph_006032.json,580325235653799936,unverified,germanwings-crash-all-rnr-threads,rumours,7,6,9707.0,74.0,0.0006181106418048,1,6,6.0
graph_006033.json,580325243631321088,non-rumour,germanwings-crash-all-rnr-threads,non-rumours,4,3,299.0,90.0,0.0100334448160535,1,3,3.0
graph_006034.json,580325458870460416,true,germanwings-crash-all-rnr-threads,rumours,9,8,1469.0,26.0,0.0054458815520762,1,8,8.0
graph_006035.json,580325486477357056,non-rumour,germanwings-crash-all-rnr-threads,non-rumours,18,17,12796.0,131.0,0.0013285401688027,2,16,8.5
graph_006036.json,580325714567806976,true,germanwings-crash-all-rnr-threads,rumours,4,3,3594.0,198.0,0.0008347245409015,1,3,3.0
graph_006037.json,580325799078793216,true,germanwings-crash-all-rnr-threads,rumours,38,37,29477.0,34.0,0.0012552159310648,8,10,1.85
graph_006038.json,580326012749221890,true,germanwings-crash-all-rnr-threads,rumours,13,12,134591.0,108.0,8.915900766024474e-05,1,12,12.0
graph_006039.json,580326045238333441,true,germanwings-crash-all-rnr-threads,rumours,3,2,258.0,178.0,0.0077519379844961,1,2,2.0
graph_006040.json,580326073776357376,true,germanwings-crash-all-rnr-threads,rumours,6,4,1636.0,275.0,0.0030562347188264,2,3,2.0
graph_006041.json,580326111311171584,true,germanwings-crash-all-rnr-threads,rumours,9,8,15336.0,55.0,0.0005216484089723,2,7,4.0
graph_006042.json,580326222107951104,false,germanwings-crash-all-rnr-threads,rumours,12,11,723608.0,366.0,1.5201600866767645e-05,1,11,11.0
graph_006043.json,580326370640818176,non-rumour,germanwings-crash-all-rnr-threads,non-rumours,35,34,3662.0,48.0,0.0092845439650464,7,11,2.2666666666666666
graph_006044.json,580326398620934144,true,germanwings-crash-all-rnr-threads,rumours,23,22,16473.0,242.0,0.0013355187276148,6,9,1.6923076923076923
graph_006045.json,580326473803767808,false,germanwings-crash-all-rnr-threads,rumours,2,1,17364.0,17364.0,5.759041695461875e-05,1,1,1.0
graph_006046.json,580326744357515264,non-rumour,germanwings-crash-all-rnr-threads,non-rumours,29,28,7711.0,130.0,0.0036311762417325,9,5,1.5555555555555556
graph_006047.json,580326762673901568,false,germanwings-crash-all-rnr-threads,rumours,1,0,0.0,0.0,0.0,0,0,0.0
graph_006048.json,580326807704088576,unverified,germanwings-crash-all-rnr-threads,rumours,22,21,24472.0,43.0,0.000858123569794,2,17,10.5
graph_006049.json,580326871302316033,true,germanwings-crash-all-rnr-threads,rumours,3,2,3997.0,1339.0,0.000500375281461,1,2,2.0
graph_006050.json,580326978546495488,non-rumour,germanwings-crash-all-rnr-threads,non-rumours,21,20,2588.0,40.0,0.0077279752704791,4,16,5.0
graph_006051.json,580327058158551041,non-rumour,germanwings-crash-all-rnr-threads,non-rumours,13,12,30905.0,182.0,0.0003882866850024,4,7,2.4
graph_006052.json,580327197921120256,false,germanwings-crash-all-rnr-threads,rumours,3,2,1563.0,1125.0,0.00127959053103,1,2,2.0
graph_006053.json,580327336505176064,true,germanwings-crash-all-rnr-threads,rumours,16,15,12342.0,27.0,0.001215362177929,1,15,15.0
graph_006054.json,580327418084364288,non-rumour,germanwings-crash-all-rnr-threads,non-rumours,2,0,93373.0,93373.0,1.070973407730286e-05,0,0,0.0
graph_006055.json,580327576218046464,non-rumour,germanwings-crash-all-rnr-threads,non-rumours,16,15,19097.0,627.0,0.0007854636853956,6,5,1.6666666666666667
graph_006056.json,580327611760545792,non-rumour,germanwings-crash-all-rnr-threads,non-rumours,13,12,37316.0,28.0,0.0003215778754421,3,9,4.0
graph_006057.json,580327625626927104,non-rumour,germanwings-crash-all-rnr-threads,non-rumours,9,8,92224.0,322.0,8.674531575294934e-05,1,8,8.0
graph_006058.json,580327626419482624,false,germanwings-crash-all-rnr-threads,rumours,1,0,0.0,0.0,0.0,0,0,0.0
graph_006059.json,580327692765151232,unverified,germanwings-crash-all-rnr-threads,rumours,4,3,22137.0,85.0,0.0001355197181189,1,3,3.0
graph_006060.json,580327924978569216,false,germanwings-crash-all-rnr-threads,rumours,1,0,0.0,0.0,0.0,0,0,0.0
graph_006061.json,580327960638521344,non-rumour,germanwings-crash-all-rnr-threads,non-rumours,4,3,37038.0,519.0,8.099789405475457e-05,1,3,3.0
graph_006062.json,580328000400564225,non-rumour,germanwings-crash-all-rnr-threads,non-rumours,7,6,2561.0,87.0,0.0023428348301444,1,6,6.0
graph_006063.json,580328029852856320,non-rumour,germanwings-crash-all-rnr-threads,non-rumours,9,8,155195.0,72.0,5.1548052450143365e-05,2,6,2.6666666666666665
graph_006064.json,580328132932022272,non-rumour,germanwings-crash-all-rnr-threads,non-rumours,5,4,987.0,32.0,0.0040526849037487,3,2,1.3333333333333333
graph_006065.json,580328198564651008,non-rumour,germanwings-crash-all-rnr-threads,non-rumours,1,0,0.0,0.0,0.0,0,0,0.0
graph_006066.json,580328297462140928,non-rumour,germanwings-crash-all-rnr-threads,non-rumours,3,2,839.0,228.0,0.00238379022646,1,2,2.0
graph_006067.json,580328302939889664,non-rumour,germanwings-crash-all-rnr-threads,non-rumours,3,2,163437.0,125.0,1.223713112697859e-05,1,2,2.0
graph_006068.json,580328463585841153,non-rumour,germanwings-crash-all-rnr-threads,non-rumours,4,3,2163.0,104.0,0.001386962552011,1,3,3.0
graph_006069.json,580328535790907392,non-rumour,germanwings-crash-all-rnr-threads,non-rumours,1,0,0.0,0.0,0.0,0,0,0.0
graph_006070.json,580328565255852032,non-rumour,germanwings-crash-all-rnr-threads,non-rumours,1,0,0.0,0.0,0.0,0,0,0.0
graph_006071.json,580328582993616896,non-rumour,germanwings-crash-all-rnr-threads,non-rumours,1,0,0.0,0.0,0.0,0,0,0.0
graph_006072.json,580328617713897472,true,germanwings-crash-all-rnr-threads,rumours,1,0,0.0,0.0,0.0,0,0,0.0
graph_006073.json,580328708675887104,non-rumour,germanwings-crash-all-rnr-threads,non-rumours,3,2,15609.0,1172.0,0.0001281312063553,1,2,2.0
graph_006074.json,580328783619579904,false,germanwings-crash-all-rnr-threads,rumours,1,0,0.0,0.0,0.0,0,0,0.0
graph_006075.json,580328848774045696,non-rumour,germanwings-crash-all-rnr-threads,non-rumours,2,1,220.0,220.0,0.0045454545454545,1,1,1.0
graph_006076.json,580329096024047616,non-rumour,germanwings-crash-all-rnr-threads,non-rumours,14,13,17131.0,31.0,0.000758858210262,1,13,13.0
graph_006077.json,580329111064686592,non-rumour,germanwings-crash-all-rnr-threads,non-rumours,10,9,15519.0,66.0,0.0005799342741156,1,9,9.0
graph_006078.json,580329153553141760,non-rumour,germanwings-crash-all-rnr-threads,non-rumours,4,3,807.0,83.0,0.0037174721189591,2,2,1.5
graph_006079.json,580329206158127104,non-rumour,germanwings-crash-all-rnr-threads,non-rumours,5,4,1211.0,47.0,0.0033030553261767,1,4,4.0
graph_006080.json,580329219646988289,non-rumour,germanwings-crash-all-rnr-threads,non-rumours,5,4,2248.0,82.0,0.0017793594306049,1,4,4.0
graph_006081.json,580329265251536896,non-rumour,germanwings-crash-all-rnr-threads,non-rumours,1,0,0.0,0.0,0.0,0,0,0.0
graph_006082.json,580329455173967872,false,germanwings-crash-all-rnr-threads,rumours,3,2,428487.0,428419.0,4.667586181144352e-06,1,2,2.0
graph_006083.json,580329560350183424,false,germanwings-crash-all-rnr-threads,rumours,1,0,0.0,0.0,0.0,0,0,0.0
graph_006084.json,580329747416113152,non-rumour,germanwings-crash-all-rnr-threads,non-rumours,2,1,114.0,114.0,0.0087719298245614,1,1,1.0
graph_006085.json,580329796527366144,non-rumour,germanwings-crash-all-rnr-threads,non-rumours,1,0,0.0,0.0,0.0,0,0,0.0
graph_006086.json,580329875891974145,true,germanwings-crash-all-rnr-threads,rumours,2,1,1019.0,1019.0,0.000981354268891,1,1,1.0
graph_006087.json,580329886532968448,false,germanwings-crash-all-rnr-threads,rumours,2,1,4087.0,4087.0,0.0002446782481037,1,1,1.0
graph_006088.json,580329935601958912,non-rumour,germanwings-crash-all-rnr-threads,non-rumours,1,0,0.0,0.0,0.0,0,0,0.0
graph_006089.json,580329937573302272,non-rumour,germanwings-crash-all-rnr-threads,non-rumours,3,2,95.0,93.0,0.0210526315789473,1,2,2.0
graph_006090.json,580330064384028673,non-rumour,germanwings-crash-all-rnr-threads,non-rumours,5,4,107921.0,96.0,3.706414877549318e-05,1,4,4.0
graph_006091.json,580330078682353665,non-rumour,germanwings-crash-all-rnr-threads,non-rumours,3,1,439.0,136.0,0.0045558086560364,1,1,1.0
graph_006092.json,580330104846475264,non-rumour,germanwings-crash-all-rnr-threads,non-rumours,7,6,47540.0,150.0,0.0001262095077829,1,6,6.0
graph_006093.json,580330161725255681,non-rumour,germanwings-crash-all-rnr-threads,non-rumours,1,0,0.0,0.0,0.0,0,0,0.0
graph_006094.json,580330302251393024,false,germanwings-crash-all-rnr-threads,rumours,2,1,412.0,412.0,0.0024271844660194,1,1,1.0
graph_006095.json,580330362070540288,non-rumour,germanwings-crash-all-rnr-threads,non-rumours,2,1,773.0,773.0,0.001293661060802,1,1,1.0
graph_006096.json,580330369603366913,false,germanwings-crash-all-rnr-threads,rumours,2,1,767.0,767.0,0.0013037809647979,1,1,1.0
graph_006097.json,580330441854435328,non-rumour,germanwings-crash-all-rnr-threads,non-rumours,11,10,3585.0,56.0,0.00278940027894,1,10,10.0
graph_006098.json,580330454869512192,non-rumour,germanwings-crash-all-rnr-threads,non-rumours,3,2,740.0,645.0,0.0027027027027027,1,2,2.0
graph_006099.json,580330560331091968,non-rumour,germanwings-crash-all-rnr-threads,non-rumours,6,5,852.0,116.0,0.0058685446009389,1,5,5.0
graph_006100.json,580330591826128896,non-rumour,germanwings-crash-all-rnr-threads,non-rumours,19,18,4879.0,20.0,0.0036892805902848,1,18,18.0
graph_006101.json,580330660537192448,non-rumour,germanwings-crash-all-rnr-threads,non-rumours,4,2,2945.0,113.0,0.0010186757215619,1,2,2.0
graph_006102.json,580330690807394304,non-rumour,germanwings-crash-all-rnr-threads,non-rumours,1,0,0.0,0.0,0.0,0,0,0.0
graph_006103.json,580330721719508992,false,germanwings-crash-all-rnr-threads,rumours,4,3,16751.0,296.0,0.0001790937854456,2,2,1.5
graph_006104.json,580330740086243328,true,germanwings-crash-all-rnr-threads,rumours,6,5,5020.0,625.0,0.0009960159362549,1,5,5.0
graph_006105.json,580330986220687360,non-rumour,germanwings-crash-all-rnr-threads,non-rumours,2,1,228.0,228.0,0.0043859649122807,1,1,1.0
graph_006106.json,580331000573476865,false,germanwings-crash-all-rnr-threads,rumours,3,2,7684.0,551.0,0.0002602811035918,1,2,2.0
graph_006107.json,580331071457333248,non-rumour,germanwings-crash-all-rnr-threads,non-rumours,7,6,539871.0,172.0,1.111376606633807e-05,1,6,6.0
graph_006108.json,580331121180844032,non-rumour,germanwings-crash-all-rnr-threads,non-rumours,9,8,953.0,51.0,0.0083945435466946,3,6,2.6666666666666665
graph_006109.json,580331132878618624,non-rumour,germanwings-crash-all-rnr-threads,non-rumours,1,0,0.0,0.0,0.0,0,0,0.0
graph_006110.json,580331192316198912,non-rumour,germanwings-crash-all-rnr-threads,non-rumours,7,6,54390.0,591.0,0.0001103143960286,1,6,6.0
graph_006111.json,580331255570530304,non-rumour,germanwings-crash-all-rnr-threads,non-rumours,2,1,12689.0,12689.0,7.880841673890771e-05,1,1,1.0
graph_006112.json,580331308146118656,non-rumour,germanwings-crash-all-rnr-threads,non-rumours,1,0,0.0,0.0,0.0,0,0,0.0
graph_006113.json,580331347752914944,non-rumour,germanwings-crash-all-rnr-threads,non-rumours,2,1,6314.0,6314.0,0.0001583782071586,1,1,1.0
graph_006114.json,580331453889708032,unverified,germanwings-crash-all-rnr-threads,rumours,1,0,0.0,0.0,0.0,0,0,0.0
graph_006115.json,580331527675998208,non-rumour,germanwings-crash-all-rnr-threads,non-rumours,11,10,4504.0,70.0,0.0022202486678507,2,7,3.3333333333333335
graph_006116.json,580331561398108160,false,germanwings-crash-all-rnr-threads,rumours,15,14,9293.0,106.0,0.0015065102765522,4,9,2.3333333333333335
graph_006117.json,580331677899202560,non-rumour,germanwings-crash-all-rnr-threads,non-rumours,2,1,1361.0,1361.0,0.0007347538574577,1,1,1.0
graph_006118.json,580331706860871680,non-rumour,germanwings-crash-all-rnr-threads,non-rumours,6,5,13100.0,181.0,0.0003816793893129,1,5,5.0
graph_006119.json,580331843616133120,non-rumour,germanwings-crash-all-rnr-threads,non-rumours,2,1,212.0,212.0,0.0047169811320754,1,1,1.0
graph_006120.json,580331913052852224,non-rumour,germanwings-crash-all-rnr-threads,non-rumours,1,0,0.0,0.0,0.0,0,0,0.0
graph_006121.json,580331981130498048,non-rumour,germanwings-crash-all-rnr-threads,non-rumours,1,0,0.0,0.0,0.0,0,0,0.0
graph_006122.json,580332109782466561,true,germanwings-crash-all-rnr-threads,rumours,10,9,6160.0,55.0,0.0014610389610389,1,9,9.0
graph_006123.json,580332189155459072,non-rumour,germanwings-crash-all-rnr-threads,non-rumours,1,0,0.0,0.0,0.0,0,0,0.0
graph_006124.json,580332232121933824,non-rumour,germanwings-crash-all-rnr-threads,non-rumours,3,2,2203.0,867.0,0.0009078529278256,1,2,2.0
graph_006125.json,580332255693942784,non-rumour,germanwings-crash-all-rnr-threads,non-rumours,1,0,0.0,0.0,0.0,0,0,0.0
graph_006126.json,580332296336732160,non-rumour,germanwings-crash-all-rnr-threads,non-rumours,7,6,427860.0,512.0,1.4023278642546629e-05,2,5,3.0
graph_006127.json,580332312354693120,non-rumour,germanwings-crash-all-rnr-threads,non-rumours,2,1,303.0,303.0,0.0033003300330033,1,1,1.0
graph_006128.json,580332380436709377,non-rumour,germanwings-crash-all-rnr-threads,non-rumours,2,1,793.0,793.0,0.0012610340479192,1,1,1.0
graph_006129.json,580332410853789696,non-rumour,germanwings-crash-all-rnr-threads,non-rumours,7,6,11180.0,2095.0,0.0005366726296958,1,6,6.0
graph_006130.json,580332451353985025,non-rumour,germanwings-crash-all-rnr-threads,non-rumours,8,7,367.0,90.0,0.0190735694822888,2,5,3.5
graph_006131.json,580332485030125568,false,germanwings-crash-all-rnr-threads,rumours,2,1,909.0,909.0,0.0011001100110011,1,1,1.0
graph_006132.json,580332532694122497,non-rumour,germanwings-crash-all-rnr-threads,non-rumours,3,2,27052.0,6733.0,7.39316871211001e-05,1,2,2.0
graph_006133.json,580332684905431040,non-rumour,germanwings-crash-all-rnr-threads,non-rumours,1,0,0.0,0.0,0.0,0,0,0.0
graph_006134.json,580332832544976896,non-rumour,germanwings-crash-all-rnr-threads,non-rumours,5,3,1578.0,36.0,0.0025348542458808,1,3,3.0
graph_006135.json,580332876081811456,non-rumour,germanwings-crash-all-rnr-threads,non-rumours,30,29,38339.0,177.0,0.0007564099220115,7,13,2.0714285714285716
graph_006136.json,580332903986524160,non-rumour,germanwings-crash-all-rnr-threads,non-rumours,4,3,2366.0,146.0,0.0012679628064243,1,3,3.0
graph_006137.json,580332990867349504,non-rumour,germanwings-crash-all-rnr-threads,non-rumours,2,1,6336.0,6336.0,0.0001578282828282,1,1,1.0
graph_006138.json,580333028624457728,false,germanwings-crash-all-rnr-threads,rumours,1,0,0.0,0.0,0.0,0,0,0.0
graph_006139.json,580333314415919104,non-rumour,germanwings-crash-all-rnr-threads,non-rumours,7,6,11231.0,92.0,0.0005342355978986,3,4,2.0
graph_006140.json,580333728762896384,non-rumour,germanwings-crash-all-rnr-threads,non-rumours,26,25,8712.0,133.0,0.0028696051423324,5,14,2.5
graph_006141.json,580333759125458944,non-rumour,germanwings-crash-all-rnr-threads,non-rumours,5,4,12579.0,143.0,0.0003179903012958,1,4,4.0
graph_006142.json,580333763512705025,false,germanwings-crash-all-rnr-threads,rumours,25,24,112428.0,26.0,0.0002134699541039,2,14,8.0
graph_006143.json,580333827425439745,non-rumour,germanwings-crash-all-rnr-threads,non-rumours,19,18,37366.0,412.0,0.0004817213509607,2,17,9.0
graph_006144.json,580333881687195648,non-rumour,germanwings-crash-all-rnr-threads,non-rumours,11,10,13097.0,143.0,0.0007635336336565,3,6,2.0
graph_006145.json,580333904126742528,false,germanwings-crash-all-rnr-threads,rumours,19,18,3135.0,115.0,0.0057416267942583,2,17,9.0
graph_006146.json,580333906597167104,false,germanwings-crash-all-rnr-threads,rumours,2,1,374.0,374.0,0.0026737967914438,1,1,1.0
graph_006147.json,580333909008871424,true,germanwings-crash-all-rnr-threads,rumours,5,4,36294.0,813.0,0.0001102110541687,1,4,4.0
graph_006148.json,580333915275165696,non-rumour,germanwings-crash-all-rnr-threads,non-rumours,1,0,0.0,0.0,0.0,0,0,0.0
graph_006149.json,580333946271113216,non-rumour,germanwings-crash-all-rnr-threads,non-rumours,5,4,4152.0,565.0,0.0009633911368015,1,4,4.0
graph_006150.json,580334199187644416,non-rumour,germanwings-crash-all-rnr-threads,non-rumours,5,4,54387.0,209.0,7.354698733153144e-05,1,4,4.0
graph_006151.json,580334309422161920,non-rumour,germanwings-crash-all-rnr-threads,non-rumours,25,24,45677.0,4.0,0.0005254285526632,7,18,3.4285714285714284
graph_006152.json,580334563932549120,non-rumour,germanwings-crash-all-rnr-threads,non-rumours,2,1,269.0,269.0,0.0037174721189591,1,1,1.0
graph_006153.json,580334678340558849,true,germanwings-crash-all-rnr-threads,rumours,26,25,62794.0,704.0,0.000398127209606,5,11,1.7857142857142858
graph_006154.json,580334729678966784,non-rumour,germanwings-crash-all-rnr-threads,non-rumours,22,21,47833.0,60.0,0.0004390274496686,3,16,4.2
graph_006155.json,580335102313500673,non-rumour,germanwings-crash-all-rnr-threads,non-rumours,4,3,41391.0,1161.0,7.247952453431905e-05,1,3,3.0
graph_006156.json,580335398683058176,true,germanwings-crash-all-rnr-threads,rumours,7,6,5470.0,176.0,0.0010968921389396,1,6,6.0
graph_006157.json,580335409202348032,non-rumour,germanwings-crash-all-rnr-threads,non-rumours,20,19,124391.0,284.0,0.0001527441695942,3,12,2.7142857142857144
graph_006158.json,580335420703170561,non-rumour,germanwings-crash-all-rnr-threads,non-rumours,21,20,530016.0,2374.0,3.7734709895550325e-05,3,16,6.666666666666667
graph_006159.json,580335510280892416,non-rumour,germanwings-crash-all-rnr-threads,non-rumours,1,0,0.0,0.0,0.0,0,0,0.0
graph_006160.json,580335545265627136,false,germanwings-crash-all-rnr-threads,rumours,2,1,48.0,48.0,0.0208333333333333,1,1,1.0
graph_006161.json,580335578069209091,non-rumour,germanwings-crash-all-rnr-threads,non-rumours,7,6,78723.0,130.0,7.621660759879578e-05,1,6,6.0
graph_006162.json,580335608477982720,non-rumour,germanwings-crash-all-rnr-threads,non-rumours,5,4,2549.0,328.0,0.0015692428403295,2,3,2.0
graph_006163.json,580336069192843264,non-rumour,germanwings-crash-all-rnr-threads,non-rumours,19,18,75942.0,1119.0,0.0002370229912301,4,8,4.5
graph_006164.json,580336127699087360,non-rumour,germanwings-crash-all-rnr-threads,non-rumours,1,0,0.0,0.0,0.0,0,0,0.0
graph_006165.json,580336204186521600,non-rumour,germanwings-crash-all-rnr-threads,non-rumours,1,0,0.0,0.0,0.0,0,0,0.0
graph_006166.json,580336326634962944,non-rumour,germanwings-crash-all-rnr-threads,non-rumours,17,16,1944.0,95.0,0.0082304526748971,2,15,8.0
graph_006167.json,580336341080260608,non-rumour,germanwings-crash-all-rnr-threads,non-rumours,3,2,273.0,170.0,0.0073260073260073,1,2,2.0
graph_006168.json,580336348764065793,non-rumour,germanwings-crash-all-rnr-threads,non-rumours,2,1,3022.0,3022.0,0.000330906684315,1,1,1.0
graph_006169.json,580336394184323072,non-rumour,germanwings-crash-all-rnr-threads,non-rumours,2,1,146.0,146.0,0.0068493150684931,1,1,1.0
graph_006170.json,580336528955691008,non-rumour,germanwings-crash-all-rnr-threads,non-rumours,3,2,970.0,557.0,0.002061855670103,1,2,2.0
graph_006171.json,580336554406711297,non-rumour,germanwings-crash-all-rnr-threads,non-rumours,3,2,1526.0,789.0,0.001310615989515,1,2,2.0
graph_006172.json,580336568419921920,non-rumour,germanwings-crash-all-rnr-threads,non-rumours,11,3,11187.0,372.0,0.0008938946992044,1,3,3.0
graph_006173.json,580336661206331392,non-rumour,germanwings-crash-all-rnr-threads,non-rumours,2,1,784.0,784.0,0.0012755102040816,1,1,1.0
graph_006174.json,580336766663540736,false,germanwings-crash-all-rnr-threads,rumours,1,0,0.0,0.0,0.0,0,0,0.0
graph_006175.json,580336772128870400,non-rumour,germanwings-crash-all-rnr-threads,non-rumours,12,11,16902.0,29.0,0.0006508105549639,3,6,2.2
graph_006176.json,580336782782382081,non-rumour,germanwings-crash-all-rnr-threads,non-rumours,7,6,3548.0,295.0,0.0016910935738444,2,5,3.0
graph_006177.json,580336849534648320,false,germanwings-crash-all-rnr-threads,rumours,2,1,2930.0,2930.0,0.0003412969283276,1,1,1.0
graph_006178.json,580337178506584064,non-rumour,germanwings-crash-all-rnr-threads,non-rumours,3,2,21136.0,77.0,9.462528387585164e-05,1,2,2.0
graph_006179.json,580337292838981633,non-rumour,germanwings-crash-all-rnr-threads,non-rumours,4,3,13757.0,350.0,0.0002180708003198,1,3,3.0
graph_006180.json,580337320508919808,non-rumour,germanwings-crash-all-rnr-threads,non-rumours,3,2,482.0,128.0,0.0041493775933609,1,2,2.0
graph_006181.json,580337327677026304,non-rumour,germanwings-crash-all-rnr-threads,non-rumours,6,5,63430.0,70.0,7.882705344474224e-05,1,5,5.0
graph_006182.json,580337418550775808,non-rumour,germanwings-crash-all-rnr-threads,non-rumours,10,9,4017.0,80.0,0.0022404779686333,3,6,2.25
graph_006183.json,580337440738713600,non-rumour,germanwings-crash-all-rnr-threads,non-rumours,8,7,38437.0,176.0,0.0001821161901293,1,7,7.0
graph_006184.json,580337446170320896,non-rumour,germanwings-crash-all-rnr-threads,non-rumours,4,3,5048.0,2072.0,0.000594294770206,1,3,3.0
graph_006185.json,580337583508570112,non-rumour,germanwings-crash-all-rnr-threads,non-rumours,2,1,221.0,221.0,0.004524886877828,1,1,1.0
graph_006186.json,580337826279124992,non-rumour,germanwings-crash-all-rnr-threads,non-rumours,9,8,80155.0,463.0,9.980662466471211e-05,2,7,4.0
graph_006187.json,580337831253581824,non-rumour,germanwings-crash-all-rnr-threads,non-rumours,1,0,0.0,0.0,0.0,0,0,0.0
graph_006188.json,580337873691533313,non-rumour,germanwings-crash-all-rnr-threads,non-rumours,4,3,89832.0,946.0,3.339567192091905e-05,1,3,3.0
graph_006189.json,580338165824667649,false,germanwings-crash-all-rnr-threads,rumours,2,1,833.0,833.0,0.0012004801920768,1,1,1.0
graph_006190.json,580338189904285697,non-rumour,germanwings-crash-all-rnr-threads,non-rumours,6,5,6763.0,256.0,0.000739316871211,3,3,1.6666666666666667
graph_006191.json,580338194731962368,non-rumour,germanwings-crash-all-rnr-threads,non-rumours,5,4,42112.0,1678.0,9.498480243161094e-05,1,4,4.0
graph_006192.json,580338392782757888,non-rumour,germanwings-crash-all-rnr-threads,non-rumours,3,2,1267.0,143.0,0.0015785319652722,1,2,2.0
graph_006193.json,580338546856235009,false,germanwings-crash-all-rnr-threads,rumours,1,0,0.0,0.0,0.0,0,0,0.0
graph_006194.json,580339310299340800,non-rumour,germanwings-crash-all-rnr-threads,non-rumours,23,22,9996.0,71.0,0.0022008803521408,2,18,4.4
graph_006195.json,580339510883561472,non-rumour,germanwings-crash-all-rnr-threads,non-rumours,17,15,72008.0,244.0,0.0002221975336073,3,12,3.75
graph_006196.json,580339547269144576,false,germanwings-crash-all-rnr-threads,rumours,15,14,12700.0,113.0,0.0011023622047244,1,14,14.0
graph_006197.json,580339662096605184,non-rumour,germanwings-crash-all-rnr-threads,non-rumours,11,9,5309.0,129.0,0.0018835938971557,2,7,4.5
graph_006198.json,580339793122447361,non-rumour,germanwings-crash-all-rnr-threads,non-rumours,2,1,59003.0,59003.0,1.6948290764876363e-05,1,1,1.0
graph_006199.json,580339825649291264,false,germanwings-crash-all-rnr-threads,rumours,11,10,18628.0,68.0,0.0005368262830148,2,9,5.0
graph_006200.json,580340024736116736,non-rumour,germanwings-crash-all-rnr-threads,non-rumours,36,35,10141.0,15.0,0.0034513361601419,13,14,2.3333333333333335
graph_006201.json,580340423044018176,non-rumour,germanwings-crash-all-rnr-threads,non-rumours,11,10,5688.0,39.0,0.0017580872011251,1,10,10.0
graph_006202.json,580340476949086208,false,germanwings-crash-all-rnr-threads,rumours,20,19,79882.0,211.0,0.0002378508299742,2,17,6.333333333333333
graph_006203.json,580341214098137089,non-rumour,germanwings-crash-all-rnr-threads,non-rumours,20,19,17848.0,72.0,0.001064545047064,1,19,19.0
graph_006204.json,580342401392312321,non-rumour,germanwings-crash-all-rnr-threads,non-rumours,5,4,3000.0,46.0,0.0013333333333333,1,4,4.0
graph_006205.json,580342519516512256,true,germanwings-crash-all-rnr-threads,rumours,28,27,78520.0,198.0,0.0003438614365766,7,15,2.4545454545454546
graph_006206.json,580342670511472640,non-rumour,germanwings-crash-all-rnr-threads,non-rumours,4,3,3932.0,973.0,0.000762970498474,1,3,3.0
graph_006207.json,580342917291708416,non-rumour,germanwings-crash-all-rnr-threads,non-rumours,18,17,19486.0,132.0,0.0008724212254952,2,15,5.666666666666667
graph_006208.json,580343329096904704,non-rumour,germanwings-crash-all-rnr-threads,non-rumours,10,9,7576.0,31.0,0.0011879619852164,1,9,9.0
graph_006209.json,580343473607438336,non-rumour,germanwings-crash-all-rnr-threads,non-rumours,12,11,4050.0,79.0,0.002716049382716,2,10,5.5
graph_006210.json,580343941825953792,non-rumour,germanwings-crash-all-rnr-threads,non-rumours,2,0,540.0,540.0,0.0018518518518518,0,0,0.0
graph_006211.json,580344006682505216,non-rumour,germanwings-crash-all-rnr-threads,non-rumours,3,2,795.0,747.0,0.0025157232704402,1,2,2.0
graph_006212.json,580344171019542528,false,germanwings-crash-all-rnr-threads,rumours,1,0,0.0,0.0,0.0,0,0,0.0
graph_006213.json,580345253179342848,non-rumour,germanwings-crash-all-rnr-threads,non-rumours,3,2,420.0,231.0,0.0047619047619047,1,2,2.0
graph_006214.json,580346142183002113,false,germanwings-crash-all-rnr-threads,rumours,1,0,0.0,0.0,0.0,0,0,0.0
graph_006215.json,580346392431968257,false,germanwings-crash-all-rnr-threads,rumours,1,0,0.0,0.0,0.0,0,0,0.0
graph_006216.json,580346824269103105,non-rumour,germanwings-crash-all-rnr-threads,non-rumours,3,2,10686.0,10592.0,0.0001871607711023,2,1,1.0
graph_006217.json,580346835295997952,non-rumour,germanwings-crash-all-rnr-threads,non-rumours,1,0,0.0,0.0,0.0,0,0,0.0
graph_006218.json,580346858846822400,non-rumour,germanwings-crash-all-rnr-threads,non-rumours,14,13,34173.0,444.0,0.0003804172885026,3,7,4.333333333333333
graph_006219.json,580346992074842112,true,germanwings-crash-all-rnr-threads,rumours,11,10,19689.0,150.0,0.0005078978109604,4,7,2.5
graph_006220.json,580347051927597056,non-rumour,germanwings-crash-all-rnr-threads,non-rumours,11,10,7274.0,106.0,0.001374759417102,5,6,2.0
graph_006221.json,580347068457308160,true,germanwings-crash-all-rnr-threads,rumours,3,2,4139.0,417.0,0.0004832085044696,1,2,2.0
graph_006222.json,580347290633838592,false,germanwings-crash-all-rnr-threads,rumours,3,2,96763.0,791.0,2.0669057387637836e-05,1,2,2.0
graph_006223.json,580347360959717376,true,germanwings-crash-all-rnr-threads,rumours,3,2,10241.0,2060.0,0.0001952934283761,1,2,2.0
graph_006224.json,580347361039413248,false,germanwings-crash-all-rnr-threads,rumours,1,0,0.0,0.0,0.0,0,0,0.0
graph_006225.json,580347364562587649,false,germanwings-crash-all-rnr-threads,rumours,1,0,0.0,0.0,0.0,0,0,0.0
graph_006226.json,580347464907153408,true,germanwings-crash-all-rnr-threads,rumours,1,0,0.0,0.0,0.0,0,0,0.0
graph_006227.json,580347646465949696,non-rumour,germanwings-crash-all-rnr-threads,non-rumours,4,3,178974.0,155.0,1.6762211270910858e-05,1,3,3.0
graph_006228.json,580347961256837120,true,germanwings-crash-all-rnr-threads,rumours,4,3,11748.0,247.0,0.0002553626149131,1,3,3.0
graph_006229.json,580348081100734464,true,germanwings-crash-all-rnr-threads,rumours,24,23,17689.0,38.0,0.0013002430889253,5,8,3.2857142857142856
graph_006230.json,580348878370828288,false,germanwings-crash-all-rnr-threads,rumours,12,11,35087.0,142.0,0.0003135064268817,3,7,2.75
graph_006231.json,580349159569539072,non-rumour,germanwings-crash-all-rnr-threads,non-rumours,4,3,125384.0,1388.0,2.3926497798762204e-05,1,3,3.0
graph_006232.json,580349419360526336,non-rumour,germanwings-crash-all-rnr-threads,non-rumours,3,2,8877.0,985.0,0.0002253013405429,1,2,2.0
graph_006233.json,580349424058175489,true,germanwings-crash-all-rnr-threads,rumours,12,11,8045.0,29.0,0.0013673088875077,1,11,11.0
graph_006234.json,580350000074457088,true,germanwings-crash-all-rnr-threads,rumours,6,5,30582.0,319.0,0.0001634948662611,1,5,5.0
graph_006235.json,580350166005248000,true,germanwings-crash-all-rnr-threads,rumours,1,0,0.0,0.0,0.0,0,0,0.0
graph_006236.json,580350403734310912,non-rumour,germanwings-crash-all-rnr-threads,non-rumours,6,5,5920.0,204.0,0.0008445945945945,1,5,5.0
graph_006237.json,580350426278719488,unverified,germanwings-crash-all-rnr-threads,rumours,19,18,9982.0,19.0,0.0018032458425165,4,15,4.5
graph_006238.json,580350587289604097,non-rumour,germanwings-crash-all-rnr-threads,non-rumours,3,2,54895.0,14338.0,3.6433190636670006e-05,1,2,2.0
graph_006239.json,580350698774241280,non-rumour,germanwings-crash-all-rnr-threads,non-rumours,2,1,710.0,710.0,0.0014084507042253,1,1,1.0
graph_006240.json,580351083383517185,non-rumour,germanwings-crash-all-rnr-threads,non-rumours,11,10,63159.0,165.0,0.0001583305625484,3,8,3.3333333333333335
graph_006241.json,580351149619953664,non-rumour,germanwings-crash-all-rnr-threads,non-rumours,19,18,6643.0,199.0,0.0027096191479753,2,16,6.0
graph_006242.json,580351367719591936,non-rumour,germanwings-crash-all-rnr-threads,non-rumours,3,2,4883.0,167.0,0.0004095842719639,1,2,2.0
graph_006243.json,580351390570135552,non-rumour,germanwings-crash-all-rnr-threads,non-rumours,5,4,3924.0,2687.0,0.001019367991845,1,4,4.0
graph_006244.json,580351604831846400,non-rumour,germanwings-crash-all-rnr-threads,non-rumours,25,24,11619.0,97.0,0.0020655822359927,3,16,3.4285714285714284
graph_006245.json,580351758213447680,non-rumour,germanwings-crash-all-rnr-threads,non-rumours,23,22,10546.0,42.0,0.0020860989948795,4,14,3.142857142857143
graph_006246.json,580352273001410560,false,germanwings-crash-all-rnr-threads,rumours,33,31,4820.0,61.0,0.0066390041493775,13,6,1.7222222222222223
graph_006247.json,580352417541287936,non-rumour,germanwings-crash-all-rnr-threads,non-rumours,5,4,1523.0,78.0,0.0026263952724885,1,4,4.0
graph_006248.json,580352455952732160,non-rumour,germanwings-crash-all-rnr-threads,non-rumours,9,8,7406.0,895.0,0.0010802052389954,1,8,8.0
graph_006249.json,580352532167311362,false,germanwings-crash-all-rnr-threads,rumours,10,7,24799.0,94.0,0.0003629178595911,1,7,7.0
graph_006250.json,580352540316946432,false,germanwings-crash-all-rnr-threads,rumours,5,1,838.0,37.0,0.0047732696897374,1,1,1.0
graph_006251.json,580352792700821504,non-rumour,germanwings-crash-all-rnr-threads,non-rumours,4,3,228.0,60.0,0.0131578947368421,2,2,1.5
graph_006252.json,580353449721655296,false,germanwings-crash-all-rnr-threads,rumours,1,0,0.0,0.0,0.0,0,0,0.0
graph_006253.json,580353540725452800,true,germanwings-crash-all-rnr-threads,rumours,8,7,26955.0,45.0,0.0002596920793915,3,5,2.3333333333333335
graph_006254.json,580353697865187328,non-rumour,germanwings-crash-all-rnr-threads,non-rumours,13,9,25464.0,50.0,0.0004712535344015,1,9,9.0
graph_006255.json,580353737769820160,non-rumour,germanwings-crash-all-rnr-threads,non-rumours,29,28,3606.0,197.0,0.0077648363838047,10,11,2.0
graph_006256.json,580353986991112192,non-rumour,germanwings-crash-all-rnr-threads,non-rumours,6,5,88560.0,3666.0,5.6458897922312554e-05,1,5,5.0
graph_006257.json,580354367796166656,non-rumour,germanwings-crash-all-rnr-threads,non-rumours,6,5,10277.0,666.0,0.0004865233044662,2,4,2.5
graph_006258.json,580355037504909312,non-rumour,germanwings-crash-all-rnr-threads,non-rumours,5,4,6342.0,5300.0,0.0006307158625039,1,4,4.0
graph_006259.json,580355192908095488,non-rumour,germanwings-crash-all-rnr-threads,non-rumours,18,17,11598.0,298.0,0.0014657699603379,8,9,2.125
graph_006260.json,580355581254471680,non-rumour,germanwings-crash-all-rnr-threads,non-rumours,1,0,0.0,0.0,0.0,0,0,0.0
graph_006261.json,580356429615337472,false,germanwings-crash-all-rnr-threads,rumours,4,3,951.0,121.0,0.0031545741324921,1,3,3.0
graph_006262.json,580357537083576321,true,germanwings-crash-all-rnr-threads,rumours,6,5,15949.0,190.0,0.0003134992789516,1,5,5.0
graph_006263.json,580357700791468032,false,germanwings-crash-all-rnr-threads,rumours,1,0,0.0,0.0,0.0,0,0,0.0
graph_006264.json,580357920984051712,non-rumour,germanwings-crash-all-rnr-threads,non-rumours,12,11,13232.0,155.0,0.0008313180169286,2,10,5.5
graph_006265.json,580358227713458176,non-rumour,germanwings-crash-all-rnr-threads,non-rumours,16,15,2257.0,733.0,0.0066459902525476,5,6,2.142857142857143
graph_006266.json,580359057825009664,non-rumour,germanwings-crash-all-rnr-threads,non-rumours,8,7,3568.0,210.0,0.0019618834080717,1,7,7.0
graph_006267.json,580359081296293888,non-rumour,germanwings-crash-all-rnr-threads,non-rumours,6,5,6646.0,56.0,0.0007523322299127,2,4,2.5
graph_006268.json,580359405620858880,non-rumour,germanwings-crash-all-rnr-threads,non-rumours,10,9,7948.0,125.0,0.0011323603422244,1,9,9.0
graph_006269.json,580359480782786560,non-rumour,germanwings-crash-all-rnr-threads,non-rumours,22,21,8227.0,206.0,0.002552570803452,4,14,3.0
graph_006270.json,580359809041604608,non-rumour,germanwings-crash-all-rnr-threads,non-rumours,7,6,6746.0,136.0,0.0008894159501927,1,6,6.0
graph_006271.json,580360165540642816,false,germanwings-crash-all-rnr-threads,rumours,3,2,427.0,295.0,0.0046838407494145,1,2,2.0
graph_006272.json,580361142666563584,non-rumour,germanwings-crash-all-rnr-threads,non-rumours,9,8,4798.0,105.0,0.0016673614005835,1,8,8.0
graph_006273.json,580362104110071808,non-rumour,germanwings-crash-all-rnr-threads,non-rumours,19,18,11641.0,48.0,0.0015462589124645,8,7,2.0
graph_006274.json,580362323283615745,non-rumour,germanwings-crash-all-rnr-threads,non-rumours,9,8,3097.0,153.0,0.0025831449790119,1,8,8.0
graph_006275.json,580363156721131521,non-rumour,germanwings-crash-all-rnr-threads,non-rumours,6,5,17786.0,326.0,0.0002811199820083,1,5,5.0
graph_006276.json,580364138020507649,false,germanwings-crash-all-rnr-threads,rumours,12,11,7374.0,60.0,0.0014917276918904,1,11,11.0
graph_006277.json,580364236330762240,false,germanwings-crash-all-rnr-threads,rumours,2,1,181.0,181.0,0.005524861878453,1,1,1.0
graph_006278.json,580364493928181760,non-rumour,germanwings-crash-all-rnr-threads,non-rumours,21,20,3336.0,129.0,0.0059952038369304,2,14,3.3333333333333335
graph_006279.json,580364576560177154,non-rumour,germanwings-crash-all-rnr-threads,non-rumours,10,9,3024.0,451.0,0.0029761904761904,1,9,9.0
graph_006280.json,580364656608428032,false,germanwings-crash-all-rnr-threads,rumours,9,8,11719.0,61.0,0.0006826521034217,4,5,2.0
graph_006281.json,580364889736232960,non-rumour,germanwings-crash-all-rnr-threads,non-rumours,1,0,0.0,0.0,0.0,0,0,0.0
graph_006282.json,580364934011334656,non-rumour,germanwings-crash-all-rnr-threads,non-rumours,8,7,2694.0,80.0,0.0025983667409057,3,5,2.3333333333333335
graph_006283.json,580364973664309248,false,germanwings-crash-all-rnr-threads,rumours,11,10,1567.0,54.0,0.0063816209317166,3,5,2.5
graph_006284.json,580365368805486592,false,germanwings-crash-all-rnr-threads,rumours,21,20,2788.0,33.0,0.0071736011477761,3,17,5.0
graph_006285.json,580365755750871041,non-rumour,germanwings-crash-all-rnr-threads,non-rumours,27,26,485541.0,10.0,5.354851598526181e-05,6,17,2.888888888888889
graph_006286.json,580365806720122880,non-rumour,germanwings-crash-all-rnr-threads,non-rumours,14,13,21979.0,32.0,0.0005914736794212,1,13,13.0
graph_006287.json,580365989780520960,non-rumour,germanwings-crash-all-rnr-threads,non-rumours,25,24,4388.0,44.0,0.0054694621695533,11,11,1.7142857142857142
graph_006288.json,580366761398239232,true,germanwings-crash-all-rnr-threads,rumours,4,3,29683.0,216.0,0.0001010679513526,1,3,3.0
graph_006289.json,580368137796743168,true,germanwings-crash-all-rnr-threads,rumours,1,0,0.0,0.0,0.0,0,0,0.0
graph_006290.json,580368417556992000,false,germanwings-crash-all-rnr-threads,rumours,12,11,50894.0,43.0,0.0002161354973081,2,10,5.5
graph_006291.json,580369978546917376,true,germanwings-crash-all-rnr-threads,rumours,7,6,8856.0,482.0,0.0006775067750677,2,5,3.0
graph_006292.json,580370249712697344,true,germanwings-crash-all-rnr-threads,rumours,7,6,2130.0,90.0,0.0028169014084507,1,6,6.0
graph_006293.json,580370275121938432,true,germanwings-crash-all-rnr-threads,rumours,19,18,21799.0,30.0,0.0008257259507316,2,15,9.0
graph_006294.json,580370309884182529,non-rumour,germanwings-crash-all-rnr-threads,non-rumours,17,16,123663.0,55.0,0.0001293838900883,1,16,16.0
graph_006295.json,580371776619839488,non-rumour,germanwings-crash-all-rnr-threads,non-rumours,18,17,10516.0,123.0,0.0016165842525675,7,8,1.8888888888888888
graph_006296.json,580371845997682688,true,germanwings-crash-all-rnr-threads,rumours,3,2,775.0,178.0,0.0025806451612903,1,2,2.0
graph_006297.json,580371847335821312,true,germanwings-crash-all-rnr-threads,rumours,21,20,787.0,54.0,0.025412960609911,2,19,10.0
graph_006298.json,580372127125131264,false,germanwings-crash-all-rnr-threads,rumours,4,3,1084.0,648.0,0.0027675276752767,1,3,3.0
graph_006299.json,580372806178881537,false,germanwings-crash-all-rnr-threads,rumours,1,0,0.0,0.0,0.0,0,0,0.0
graph_006300.json,580377378226049024,non-rumour,germanwings-crash-all-rnr-threads,non-rumours,9,8,122472.0,55.0,6.532105297537396e-05,1,8,8.0
graph_006301.json,580377478184755201,false,germanwings-crash-all-rnr-threads,rumours,5,3,4807.0,361.0,0.0008321198252548,2,2,1.5
graph_006302.json,580377986941206528,non-rumour,germanwings-crash-all-rnr-threads,non-rumours,2,1,120.0,120.0,0.0083333333333333,1,1,1.0
graph_006303.json,580379486732066817,false,germanwings-crash-all-rnr-threads,rumours,6,5,195859.0,61.0,2.5528569021592062e-05,1,5,5.0
graph_006304.json,580380219921580032,non-rumour,germanwings-crash-all-rnr-threads,non-rumours,8,7,264267.0,25.0,2.64883621488873e-05,1,7,7.0
graph_006305.json,580387098039046145,true,germanwings-crash-all-rnr-threads,rumours,7,6,14929.0,77.0,0.0004019023377319,1,6,6.0
graph_006306.json,580388756043083777,non-rumour,germanwings-crash-all-rnr-threads,non-rumours,20,19,2879.0,77.0,0.0065995137200416,4,13,2.7142857142857144
graph_006307.json,580398796124876800,non-rumour,germanwings-crash-all-rnr-threads,non-rumours,13,12,12527.0,170.0,0.0009579308693222,3,7,2.4
graph_006308.json,580399487740297216,non-rumour,germanwings-crash-all-rnr-threads,non-rumours,5,4,32899.0,555.0,0.0001215842426821,1,4,4.0
graph_006309.json,580697361799876608,false,germanwings-crash-all-rnr-threads,rumours,20,19,926.0,67.0,0.0205183585313174,2,18,9.5
graph_006310.json,580699430690656256,false,germanwings-crash-all-rnr-threads,rumours,2,1,248.0,248.0,0.0040322580645161,1,1,1.0
graph_006311.json,580699825030754304,false,germanwings-crash-all-rnr-threads,rumours,8,7,8731.0,144.0,0.0008017409231474,1,7,7.0
graph_006312.json,580706841769820160,false,germanwings-crash-all-rnr-threads,rumours,3,2,8068.0,520.0,0.0002478929102627,1,2,2.0
graph_006313.json,580882121222434816,true,germanwings-crash-all-rnr-threads,rumours,17,16,28086.0,163.0,0.0005696788435519,2,15,8.0
graph_006314.json,580882302621843456,true,germanwings-crash-all-rnr-threads,rumours,5,4,3888.0,152.0,0.0010288065843621,1,4,4.0
graph_006315.json,580882341880446977,true,germanwings-crash-all-rnr-threads,rumours,6,5,17238.0,158.0,0.0002900568511428,2,4,2.5
graph_006316.json,580882417117958144,true,germanwings-crash-all-rnr-threads,rumours,15,14,7301.0,91.0,0.0019175455417066,3,11,3.5
graph_006317.json,580882674413375488,true,germanwings-crash-all-rnr-threads,rumours,15,14,1741.0,153.0,0.0080413555427915,5,9,2.3333333333333335
graph_006318.json,580882701063979008,true,germanwings-crash-all-rnr-threads,rumours,23,22,7093.0,36.0,0.0031016495136049,3,10,3.142857142857143
graph_006319.json,580882906014474240,non-rumour,germanwings-crash-all-rnr-threads,non-rumours,1,0,0.0,0.0,0.0,0,0,0.0
graph_006320.json,580883100533690368,non-rumour,germanwings-crash-all-rnr-threads,non-rumours,22,21,14740.0,159.0,0.0014246947082767,3,18,5.25
graph_006321.json,580883510103281665,true,germanwings-crash-all-rnr-threads,rumours,3,2,4118.0,542.0,0.0004856726566294,1,2,2.0
graph_006322.json,580883727624065024,true,germanwings-crash-all-rnr-threads,rumours,8,7,7684.0,112.0,0.0009109838625715,2,6,3.5
graph_006323.json,580883793709547521,true,germanwings-crash-all-rnr-threads,rumours,18,17,28490.0,184.0,0.0005967005967005,2,16,8.5
graph_006324.json,580883864521818112,true,germanwings-crash-all-rnr-threads,rumours,3,2,787.0,325.0,0.0025412960609911,1,2,2.0
graph_006325.json,580884417343815680,true,germanwings-crash-all-rnr-threads,rumours,5,4,6594.0,196.0,0.0006066120715802,1,4,4.0
graph_006326.json,580884605097664512,true,germanwings-crash-all-rnr-threads,rumours,5,3,6059.0,147.0,0.0006601749463607,2,2,1.5
graph_006327.json,580885187837325312,true,germanwings-crash-all-rnr-threads,rumours,1,0,0.0,0.0,0.0,0,0,0.0
graph_006328.json,580885455257882624,true,germanwings-crash-all-rnr-threads,rumours,1,0,0.0,0.0,0.0,0,0,0.0
graph_006329.json,580885624883904512,true,germanwings-crash-all-rnr-threads,rumours,5,4,41753.0,999.0,9.580149929346394e-05,1,4,4.0
graph_006330.json,580886010575257601,non-rumour,germanwings-crash-all-rnr-threads,non-rumours,27,26,43105.0,36.0,0.0006031782855817,5,9,2.0
graph_006331.json,581047170637381632,true,germanwings-crash-all-rnr-threads,rumours,4,3,1681.0,630.0,0.0017846519928613,1,3,3.0
graph_006332.json,581061237783556096,true,germanwings-crash-all-rnr-threads,rumours,3,2,352.0,167.0,0.0056818181818181,1,2,2.0
graph_006333.json,581061272856326145,true,germanwings-crash-all-rnr-threads,rumours,8,7,5174.0,110.0,0.0013529184383455,4,4,1.75
graph_006334.json,581061914001821696,true,germanwings-crash-all-rnr-threads,rumours,2,1,274.0,274.0,0.0036496350364963,1,1,1.0
graph_006335.json,581062604988162048,true,germanwings-crash-all-rnr-threads,rumours,2,1,1592.0,1592.0,0.0006281407035175,1,1,1.0
graph_006336.json,581063145256538112,true,germanwings-crash-all-rnr-threads,rumours,16,15,248644.0,56.0,6.0327214813146505e-05,3,12,3.75
graph_006337.json,581063377226637312,true,germanwings-crash-all-rnr-threads,rumours,3,2,1670.0,109.0,0.0011976047904191,1,2,2.0
graph_006338.json,581063730319925248,true,germanwings-crash-all-rnr-threads,rumours,19,18,6583.0,106.0,0.0027343156615524,2,17,9.0
graph_006339.json,581063753837481984,true,germanwings-crash-all-rnr-threads,rumours,29,28,182976.0,75.0,0.0001530255334032,10,14,2.1538461538461537
graph_006340.json,581063816882065408,true,germanwings-crash-all-rnr-threads,rumours,3,2,2020.0,1863.0,0.0009900990099009,2,1,1.0
graph_006341.json,581063906682114048,true,germanwings-crash-all-rnr-threads,rumours,24,23,13066.0,238.0,0.0017602938925455,5,7,2.3
graph_006342.json,581063928953876480,true,germanwings-crash-all-rnr-threads,rumours,22,21,1183.0,30.0,0.0177514792899408,2,17,4.2
graph_006343.json,581063957684850688,true,germanwings-crash-all-rnr-threads,rumours,2,1,56.0,56.0,0.0178571428571428,1,1,1.0
graph_006344.json,581064144394285056,true,germanwings-crash-all-rnr-threads,rumours,7,6,375.0,21.0,0.016,2,5,3.0
graph_006345.json,581064157870555136,true,germanwings-crash-all-rnr-threads,rumours,1,0,0.0,0.0,0.0,0,0,0.0
graph_006346.json,581066887200694272,false,germanwings-crash-all-rnr-threads,rumours,1,0,0.0,0.0,0.0,0,0,0.0
graph_006347.json,581107798932631552,unverified,germanwings-crash-all-rnr-threads,rumours,19,18,63242.0,1401.0,0.0002846209797286,4,9,2.25
graph_006348.json,581132461960249344,unverified,germanwings-crash-all-rnr-threads,rumours,37,36,20612.0,789.0,0.0017465554046186,15,6,1.3846153846153846
graph_006349.json,581153923987206146,unverified,germanwings-crash-all-rnr-threads,rumours,24,23,181576.0,164.0,0.0001266687227386,6,17,3.2857142857142856
graph_006350.json,581183387848859648,unverified,germanwings-crash-all-rnr-threads,rumours,9,8,2110.0,141.0,0.0037914691943127,1,8,8.0
graph_006351.json,581245152158728192,non-rumour,germanwings-crash-all-rnr-threads,non-rumours,8,7,27492.0,119.0,0.0002546195256801,1,7,7.0
graph_006352.json,581246782765719552,non-rumour,germanwings-crash-all-rnr-threads,non-rumours,25,24,6492.0,95.0,0.0036968576709796,12,12,2.0
graph_006353.json,581247332282306561,non-rumour,germanwings-crash-all-rnr-threads,non-rumours,19,18,20214.0,150.0,0.0008904719501335,4,11,3.0
graph_006354.json,581247335998431232,non-rumour,germanwings-crash-all-rnr-threads,non-rumours,16,14,95047.0,43.0,0.0001578166591265,2,13,7.0
graph_006355.json,581248346309922816,non-rumour,germanwings-crash-all-rnr-threads,non-rumours,1,0,0.0,0.0,0.0,0,0,0.0
graph_006356.json,581248880098086912,non-rumour,germanwings-crash-all-rnr-threads,non-rumours,4,3,3592.0,2259.0,0.0008351893095768,1,3,3.0
graph_006357.json,581249720376553472,non-rumour,germanwings-crash-all-rnr-threads,non-rumours,25,24,46069.0,701.0,0.0005209576938939,8,5,1.411764705882353
graph_006358.json,581252958446329857,false,germanwings-crash-all-rnr-threads,rumours,27,26,3009.0,250.0,0.0086407444333665,8,7,2.363636363636364
graph_006359.json,581253085508534272,non-rumour,germanwings-crash-all-rnr-threads,non-rumours,9,8,338843.0,70.0,2.3609754370017977e-05,1,8,8.0
graph_006360.json,581254429996920832,non-rumour,germanwings-crash-all-rnr-threads,non-rumours,5,4,192365.0,1489.0,2.0793803446572923e-05,2,3,2.0
graph_006361.json,581255457022570497,non-rumour,germanwings-crash-all-rnr-threads,non-rumours,3,2,1139.0,472.0,0.0017559262510974,1,2,2.0
graph_006362.json,581256046448111616,non-rumour,germanwings-crash-all-rnr-threads,non-rumours,3,2,356.0,299.0,0.0056179775280898,1,2,2.0
graph_006363.json,581256908251758592,non-rumour,germanwings-crash-all-rnr-threads,non-rumours,18,17,54502.0,1696.0,0.0003119151590767,9,7,1.8888888888888888
graph_006364.json,581257660118491136,non-rumour,germanwings-crash-all-rnr-threads,non-rumours,10,9,51335.0,169.0,0.0001753189831498,1,9,9.0
graph_006365.json,581258486861983745,non-rumour,germanwings-crash-all-rnr-threads,non-rumours,13,12,316133.0,310.0,3.795870725295999e-05,3,6,3.0
graph_006366.json,581258923065389056,non-rumour,germanwings-crash-all-rnr-threads,non-rumours,8,7,2076.0,814.0,0.0033718689788053,2,6,3.5
graph_006367.json,581259253429702656,non-rumour,germanwings-crash-all-rnr-threads,non-rumours,12,11,155613.0,64.0,7.068818157865988e-05,1,11,11.0
graph_006368.json,581260171688718336,non-rumour,germanwings-crash-all-rnr-threads,non-rumours,14,13,343969.0,230.0,3.779410353840026e-05,2,10,4.333333333333333
graph_006369.json,581261457725210624,non-rumour,germanwings-crash-all-rnr-threads,non-rumours,3,2,190422.0,6074.0,1.0502988100114485e-05,1,2,2.0
graph_006370.json,581262528107384832,non-rumour,germanwings-crash-all-rnr-threads,non-rumours,19,18,1408.0,21.0,0.0127840909090909,2,17,9.0
graph_006371.json,581264214809022464,false,germanwings-crash-all-rnr-threads,rumours,21,20,7846.0,105.0,0.0025490695895997,4,14,4.0
graph_006372.json,581266400192307200,non-rumour,germanwings-crash-all-rnr-threads,non-rumours,3,2,5278.0,1898.0,0.0003789314134141,1,2,2.0
graph_006373.json,581273151612575746,non-rumour,germanwings-crash-all-rnr-threads,non-rumours,15,14,71906.0,51.0,0.0001946986343281,2,12,7.0
graph_006374.json,581274406804025344,false,germanwings-crash-all-rnr-threads,rumours,11,10,34231.0,898.0,0.0002921328620256,4,5,2.5
graph_006375.json,581274572823130112,non-rumour,germanwings-crash-all-rnr-threads,non-rumours,2,1,32754.0,32754.0,3.053062221408072e-05,1,1,1.0
graph_006376.json,581280784155353088,non-rumour,germanwings-crash-all-rnr-threads,non-rumours,22,21,42158.0,85.0,0.0004981260970634,2,18,7.0
graph_006377.json,581286157151039488,non-rumour,germanwings-crash-all-rnr-threads,non-rumours,17,16,4140.0,96.0,0.0038647342995169,1,16,16.0
graph_006378.json,581287108607811584,false,germanwings-crash-all-rnr-threads,rumours,27,26,126399.0,204.0,0.0002056978298878,4,12,3.7142857142857144
graph_006379.json,581287562947395584,false,germanwings-crash-all-rnr-threads,rumours,28,27,21296.0,50.0,0.0012678437265214,4,14,4.5
graph_006380.json,581287723841032192,non-rumour,germanwings-crash-all-rnr-threads,non-rumours,14,13,345780.0,39.0,3.7596159407715886e-05,1,13,13.0
graph_006381.json,581287795991302144,false,germanwings-crash-all-rnr-threads,rumours,17,16,16001.0,74.0,0.000999937503906,1,16,16.0
graph_006382.json,581288928646340608,false,germanwings-crash-all-rnr-threads,rumours,22,21,147245.0,316.0,0.0001426194437841,5,4,2.3333333333333335
graph_006383.json,581290271997968384,false,germanwings-crash-all-rnr-threads,rumours,26,25,221606.0,64.0,0.0001128128299775,3,10,2.7777777777777777
graph_006384.json,581291208506376192,false,germanwings-crash-all-rnr-threads,rumours,1,0,0.0,0.0,0.0,0,0,0.0
graph_006385.json,581293286268129280,false,germanwings-crash-all-rnr-threads,rumours,21,20,38502.0,286.0,0.0005194535348813,5,9,2.857142857142857
graph_006386.json,581293685041557504,false,germanwings-crash-all-rnr-threads,rumours,1,0,0.0,0.0,0.0,0,0,0.0
graph_006387.json,581295422414680065,non-rumour,germanwings-crash-all-rnr-threads,non-rumours,4,3,252.0,43.0,0.0119047619047619,1,3,3.0
graph_006388.json,581295858898989056,false,germanwings-crash-all-rnr-threads,rumours,24,23,22987.0,473.0,0.0010005655370426,11,8,1.4375
graph_006389.json,581296960830881792,false,germanwings-crash-all-rnr-threads,rumours,25,24,17117.0,130.0,0.0014021148565753,5,7,2.0
graph_006390.json,581299253743501312,false,germanwings-crash-all-rnr-threads,rumours,9,8,92447.0,1320.0,8.653606931539152e-05,4,5,2.0
graph_006391.json,581299354431987712,false,germanwings-crash-all-rnr-threads,rumours,3,2,6888.0,770.0,0.0002903600464576,1,2,2.0
graph_006392.json,581300992194572288,false,germanwings-crash-all-rnr-threads,rumours,7,6,226957.0,273.0,2.6436725899619753e-05,1,6,6.0
graph_006393.json,581301262269829120,false,germanwings-crash-all-rnr-threads,rumours,24,23,62626.0,1470.0,0.000367259604637,6,4,1.6428571428571428
graph_006394.json,581301336085553152,false,germanwings-crash-all-rnr-threads,rumours,17,16,276955.0,78.0,5.7771118051669046e-05,3,10,3.2
graph_006395.json,581302297579425793,non-rumour,germanwings-crash-all-rnr-threads,non-rumours,7,6,19555.0,55.0,0.0003068268984914,1,6,6.0
graph_006396.json,581302544116379648,false,germanwings-crash-all-rnr-threads,rumours,22,21,79749.0,92.0,0.0002633261859082,3,17,4.2
graph_006397.json,581303832895885312,false,germanwings-crash-all-rnr-threads,rumours,5,4,39635.0,310.0,0.000100920903242,2,2,2.0
graph_006398.json,581303989406314496,false,germanwings-crash-all-rnr-threads,rumours,14,13,245239.0,332.0,5.300951316878637e-05,2,12,6.5
graph_006399.json,581305416795103232,non-rumour,germanwings-crash-all-rnr-threads,non-rumours,1,0,0.0,0.0,0.0,0,0,0.0
graph_006400.json,581307361857392642,false,germanwings-crash-all-rnr-threads,rumours,29,28,114282.0,39119.0,0.0002450079627587,7,12,2.3333333333333335
graph_006401.json,581314363644121088,false,germanwings-crash-all-rnr-threads,rumours,20,19,3089.0,260.0,0.0061508578828099,4,14,3.8
graph_006402.json,581315281630318593,false,germanwings-crash-all-rnr-threads,rumours,21,20,31405.0,1049.0,0.0006368412673141,12,3,1.5384615384615383
graph_006403.json,581317224096387072,false,germanwings-crash-all-rnr-threads,rumours,1,0,0.0,0.0,0.0,0,0,0.0
graph_006404.json,581318271321931776,non-rumour,germanwings-crash-all-rnr-threads,non-rumours,4,3,2797.0,531.0,0.0010725777618877,1,3,3.0
graph_006405.json,581325025569030145,non-rumour,germanwings-crash-all-rnr-threads,non-rumours,8,7,8000.0,928.0,0.000875,1,7,7.0
graph_006406.json,581325197661376512,non-rumour,germanwings-crash-all-rnr-threads,non-rumours,15,14,173575.0,73.0,8.065677660953479e-05,3,12,4.666666666666667
graph_006407.json,581335535832039424,false,germanwings-crash-all-rnr-threads,rumours,11,7,5460.0,485.0,0.0018315018315018,3,3,1.75
graph_006408.json,581357303405813760,unverified,germanwings-crash-all-rnr-threads,rumours,1,0,0.0,0.0,0.0,0,0,0.0
graph_006409.json,581359544682614784,unverified,germanwings-crash-all-rnr-threads,rumours,20,19,3171.0,126.0,0.0059918006937874,4,15,3.8
graph_006410.json,581377529124130816,unverified,germanwings-crash-all-rnr-threads,rumours,4,3,160390.0,224.0,1.8704408005486627e-05,1,3,3.0
graph_006411.json,581386094337474560,unverified,germanwings-crash-all-rnr-threads,rumours,12,11,195361.0,222.0,5.630601808958799e-05,3,8,3.6666666666666665
graph_006412.json,581386155083620352,unverified,germanwings-crash-all-rnr-threads,rumours,10,9,4408.0,133.0,0.0020417422867513,2,8,4.5
graph_006413.json,581387966125248512,unverified,germanwings-crash-all-rnr-threads,rumours,7,6,21605.0,135.0,0.0002777134922471,2,5,3.0
graph_006414.json,581394092648710144,unverified,germanwings-crash-all-rnr-threads,rumours,13,12,14736.0,170.0,0.000814332247557,2,10,4.0
graph_006415.json,581404604677660673,false,germanwings-crash-all-rnr-threads,rumours,23,22,51444.0,65.0,0.0004276494829328,3,15,3.142857142857143
graph_006416.json,581405344288608256,false,germanwings-crash-all-rnr-threads,rumours,6,5,41993.0,13584.0,0.0001190674636248,1,5,5.0
graph_006417.json,581409613913804800,unverified,germanwings-crash-all-rnr-threads,rumours,26,25,81823.0,76.0,0.0003055375627879,6,16,3.125
graph_006418.json,581411131547320321,false,germanwings-crash-all-rnr-threads,rumours,18,17,45796.0,442.0,0.0003712114595161,5,10,2.125
graph_006419.json,581437061363675136,false,germanwings-crash-all-rnr-threads,rumours,12,11,126663.0,66.0,8.684461918634487e-05,3,8,2.75
graph_006420.json,581450117972144128,false,germanwings-crash-all-rnr-threads,rumours,33,32,41158.0,114.0,0.0007774916176684,11,7,1.4545454545454546
graph_006421.json,581460720900050945,false,germanwings-crash-all-rnr-threads,rumours,23,8,19219.0,106.0,0.0011447005567407,3,3,1.6
graph_006422.json,581473088249958400,false,germanwings-crash-all-rnr-threads,rumours,8,7,7893.0,109.0,0.0008868617762574,1,7,7.0
graph_006423.json,581479017770979329,false,germanwings-crash-all-rnr-threads,rumours,21,20,19073.0,222.0,0.0010486027368531,7,13,2.857142857142857
graph_006424.json,581546828954411008,false,germanwings-crash-all-rnr-threads,rumours,27,26,66210.0,77.0,0.000392689925993,6,10,1.8571428571428572
graph_006425.json,581550667753504768,false,germanwings-crash-all-rnr-threads,rumours,30,28,102964.0,25389.0,0.0002816518394778,7,8,1.8666666666666667
